account,rank,rcept_no,report,doc_basis,table_no,row_label,kind,lender_raw,lender,role,lender_account,lender_class,includes_others,amount_won,unit,foreign_table
오씨아이주식회사,화학,20260313000943,사업보고서 (2025.12),별도 감사보고서 · 색인(금융부채): 13. 금융부채 · 수동 입력(replace),-1,수동 입력,단기+장기,산업은행 외,산업은행,,한국산업은행,명단 금융회사,True,294712703000.0,억원,False
오씨아이주식회사,화학,20260313000943,사업보고서 (2025.12),별도 감사보고서 · 색인(금융부채): 13. 금융부채 · 수동 입력(replace),-1,수동 입력,유동성장기부채,OCI Enterprises Inc. 외,OCIEnterprisesInc.,,,기타(확인 필요),True,245276210000.0,억원,False
오씨아이주식회사,화학,20260313000943,사업보고서 (2025.12),별도 감사보고서 · 색인(금융부채): 13. 금융부채 · 수동 입력(replace),-1,수동 입력,사채,사채,사채,,,사채(직접금융),False,199522503000.0,억원,False
오씨아이주식회사,화학,20260313000943,사업보고서 (2025.12),별도 감사보고서 · 색인(금융부채): 13. 금융부채 · 수동 입력(replace),-1,수동 입력,조정,현재가치 할인·할증차금(조정),현재가치할인·할증차금(조정),,,기타(확인 필요),False,581866000.0,억원,False
한솔제지,제지,20260313001261,사업보고서 (2025.12),별도 감사보고서 · 색인: 18. 차입금 및 사채,71,일반대출,단기,KDB산업은행,KDB산업은행,,한국산업은행,명단 금융회사,False,180000000000.0,백만원,False
한솔제지,제지,20260313001261,사업보고서 (2025.12),별도 감사보고서 · 색인: 18. 차입금 및 사채,71,일반대출,단기,우리은행,우리은행,,㈜우리은행,명단 금융회사,False,0.0,백만원,False
한솔제지,제지,20260313001261,사업보고서 (2025.12),별도 감사보고서 · 색인: 18. 차입금 및 사채,71,일반대출,단기,중국은행,중국은행,,,외국 금융회사,False,30000000000.0,백만원,False
한솔제지,제지,20260313001261,사업보고서 (2025.12),별도 감사보고서 · 색인: 18. 차입금 및 사채,71,일반대출,단기,수협은행,수협은행,,수협은행,명단 금융회사,False,20000000000.0,백만원,False
한솔제지,제지,20260313001261,사업보고서 (2025.12),별도 감사보고서 · 색인: 18. 차입금 및 사채,71,Usance,단기,신한은행 외,신한은행,,신한은행,명단 금융회사,True,6446000000.0,백만원,False
한솔제지,제지,20260313001261,사업보고서 (2025.12),별도 감사보고서 · 색인: 18. 차입금 및 사채,71,매출채권양도(*),단기,KDB산업은행,KDB산업은행,,한국산업은행,명단 금융회사,False,0.0,백만원,False
한솔제지,제지,20260313001261,사업보고서 (2025.12),별도 감사보고서 · 색인: 18. 차입금 및 사채,72,운영자금,장기,중국건설은행,중국건설은행,,,외국 금융회사,False,21524000000.0,백만원,False
한솔제지,제지,20260313001261,사업보고서 (2025.12),별도 감사보고서 · 색인: 18. 차입금 및 사채,72,운영자금,장기,하나은행,하나은행,,하나은행,명단 금융회사,False,9176000000.0,백만원,False
한솔제지,제지,20260313001261,사업보고서 (2025.12),별도 감사보고서 · 색인: 18. 차입금 및 사채,72,운영자금,장기,우리은행,우리은행,,㈜우리은행,명단 금융회사,False,25286000000.0,백만원,False
한솔제지,제지,20260313001261,사업보고서 (2025.12),별도 감사보고서 · 색인: 18. 차입금 및 사채,72,운영자금,장기,농협중앙회,농협중앙회,,,기타(확인 필요),False,20000000000.0,백만원,False
한솔제지,제지,20260313001261,사업보고서 (2025.12),별도 감사보고서 · 색인: 18. 차입금 및 사채,72,운영자금,장기,신한은행,신한은행,,신한은행,명단 금융회사,False,40000000000.0,백만원,False
한솔제지,제지,20260313001261,사업보고서 (2025.12),별도 감사보고서 · 색인: 18. 차입금 및 사채,72,시설자금,장기,KDB산업은행,KDB산업은행,,한국산업은행,명단 금융회사,False,65000000000.0,백만원,False
한솔제지,제지,20260313001261,사업보고서 (2025.12),별도 감사보고서 · 색인: 18. 차입금 및 사채,73,제256-2회공모사채,사채,제256-2회 공모사채,제256-2회공모사채,,,사채(직접금융),False,0.0,백만원,False
한솔제지,제지,20260313001261,사업보고서 (2025.12),별도 감사보고서 · 색인: 18. 차입금 및 사채,73,외화사모사채,사채,외화사모사채,외화사모사채,,,사채(직접금융),False,33714000000.0,백만원,False
한솔제지,제지,20260313001261,사업보고서 (2025.12),별도 감사보고서 · 색인: 18. 차입금 및 사채,73,제258-1회공모사채,사채,제258-1회 공모사채,제258-1회공모사채,,,사채(직접금융),False,0.0,백만원,False
한솔제지,제지,20260313001261,사업보고서 (2025.12),별도 감사보고서 · 색인: 18. 차입금 및 사채,73,제258-2회공모사채,사채,제258-2회 공모사채,제258-2회공모사채,,,사채(직접금융),False,44000000000.0,백만원,False
한솔제지,제지,20260313001261,사업보고서 (2025.12),별도 감사보고서 · 색인: 18. 차입금 및 사채,73,"제259회사모사채(*1),(*2)",사채,"제259회 사모사채(*1),(*2)","제259회사모사채,",,,사채(직접금융),False,0.0,백만원,False
한솔제지,제지,20260313001261,사업보고서 (2025.12),별도 감사보고서 · 색인: 18. 차입금 및 사채,73,외화사모사채,사채,외화사모사채,외화사모사채,,,사채(직접금융),False,28698000000.0,백만원,False
한솔제지,제지,20260313001261,사업보고서 (2025.12),별도 감사보고서 · 색인: 18. 차입금 및 사채,73,외화사모사채,사채,외화사모사채,외화사모사채,,,사채(직접금융),False,21524000000.0,백만원,False
한솔제지,제지,20260313001261,사업보고서 (2025.12),별도 감사보고서 · 색인: 18. 차입금 및 사채,73,"제260회사모사채(*1),(*2)",사채,"제260회 사모사채(*1),(*2)","제260회사모사채,",,,사채(직접금융),False,0.0,백만원,False
한솔제지,제지,20260313001261,사업보고서 (2025.12),별도 감사보고서 · 색인: 18. 차입금 및 사채,73,제261회사모사채,사채,제261회 사모사채,제261회사모사채,,,사채(직접금융),False,10000000000.0,백만원,False
한솔제지,제지,20260313001261,사업보고서 (2025.12),별도 감사보고서 · 색인: 18. 차입금 및 사채,73,제262회사모사채,사채,제262회 사모사채,제262회사모사채,,,사채(직접금융),False,20000000000.0,백만원,False
한솔제지,제지,20260313001261,사업보고서 (2025.12),별도 감사보고서 · 색인: 18. 차입금 및 사채,73,제263-1회공모사채,사채,제263-1회 공모사채,제263-1회공모사채,,,사채(직접금융),False,40000000000.0,백만원,False
한솔제지,제지,20260313001261,사업보고서 (2025.12),별도 감사보고서 · 색인: 18. 차입금 및 사채,73,제263-2회공모사채,사채,제263-2회 공모사채,제263-2회공모사채,,,사채(직접금융),False,80000000000.0,백만원,False
한솔제지,제지,20260313001261,사업보고서 (2025.12),별도 감사보고서 · 색인: 18. 차입금 및 사채,73,제264회사모사채(*1),사채,제264회 사모사채(*1),제264회사모사채,,,사채(직접금융),False,30000000000.0,백만원,False
한솔제지,제지,20260313001261,사업보고서 (2025.12),별도 감사보고서 · 색인: 18. 차입금 및 사채,73,제265회사모사채(*1),사채,제265회 사모사채(*1),제265회사모사채,,,사채(직접금융),False,30000000000.0,백만원,False
지에스칼텍스 주식회사,정유,20260331004120,사업보고서 (2025.12),별도 감사보고서 · 목차: 27. 사채 및 차입금 · 기준값 원문 확인,107,"'20해외사채(USD300,000)",사채,"'20해외사채 (USD 300,000)","'20해외사채(USD300,000)",,,사채(직접금융),False,0.0,백만원,False
지에스칼텍스 주식회사,정유,20260331004120,사업보고서 (2025.12),별도 감사보고서 · 목차: 27. 사채 및 차입금 · 기준값 원문 확인,107,"'22해외사채(USD300,000)",사채,"'22해외사채 (USD 300,000)","'22해외사채(USD300,000)",,,사채(직접금융),False,430470000000.0,백만원,False
지에스칼텍스 주식회사,정유,20260331004120,사업보고서 (2025.12),별도 감사보고서 · 목차: 27. 사채 및 차입금 · 기준값 원문 확인,107,"'23해외사채(USD300,000)",사채,"'23해외사채 (USD 300,000)","'23해외사채(USD300,000)",,,사채(직접금융),False,430470000000.0,백만원,False
지에스칼텍스 주식회사,정유,20260331004120,사업보고서 (2025.12),별도 감사보고서 · 목차: 27. 사채 및 차입금 · 기준값 원문 확인,107,"'25해외사채(USD300,000)",사채,"'25해외사채 (USD 300,000)","'25해외사채(USD300,000)",,,사채(직접금융),False,430470000000.0,백만원,False
지에스칼텍스 주식회사,정유,20260331004120,사업보고서 (2025.12),별도 감사보고서 · 목차: 27. 사채 및 차입금 · 기준값 원문 확인,107,"'15국내회사채(KRW50,000)",사채,"'15국내회사채 (KRW 50,000)","'15국내회사채(KRW50,000)",,,사채(직접금융),False,0.0,백만원,False
지에스칼텍스 주식회사,정유,20260331004120,사업보고서 (2025.12),별도 감사보고서 · 목차: 27. 사채 및 차입금 · 기준값 원문 확인,107,"'16국내회사채(KRW50,000)",사채,"'16국내회사채 (KRW 50,000)","'16국내회사채(KRW50,000)",,,사채(직접금융),False,50000000000.0,백만원,False
지에스칼텍스 주식회사,정유,20260331004120,사업보고서 (2025.12),별도 감사보고서 · 목차: 27. 사채 및 차입금 · 기준값 원문 확인,107,"'18국내회사채(KRW50,000)",사채,"'18국내회사채 (KRW 50,000)","'18국내회사채(KRW50,000)",,,사채(직접금융),False,50000000000.0,백만원,False
지에스칼텍스 주식회사,정유,20260331004120,사업보고서 (2025.12),별도 감사보고서 · 목차: 27. 사채 및 차입금 · 기준값 원문 확인,107,"'19국내회사채(KRW80,000)",사채,"'19국내회사채 (KRW 80,000)","'19국내회사채(KRW80,000)",,,사채(직접금융),False,80000000000.0,백만원,False
지에스칼텍스 주식회사,정유,20260331004120,사업보고서 (2025.12),별도 감사보고서 · 목차: 27. 사채 및 차입금 · 기준값 원문 확인,107,"'19국내회사채(KRW230,000)",사채,"'19국내회사채 (KRW 230,000)","'19국내회사채(KRW230,000)",,,사채(직접금융),False,230000000000.0,백만원,False
지에스칼텍스 주식회사,정유,20260331004120,사업보고서 (2025.12),별도 감사보고서 · 목차: 27. 사채 및 차입금 · 기준값 원문 확인,107,"'19국내회사채(KRW70,000)",사채,"'19국내회사채 (KRW 70,000)","'19국내회사채(KRW70,000)",,,사채(직접금융),False,70000000000.0,백만원,False
지에스칼텍스 주식회사,정유,20260331004120,사업보고서 (2025.12),별도 감사보고서 · 목차: 27. 사채 및 차입금 · 기준값 원문 확인,107,"'20국내회사채(KRW140,000)",사채,"'20국내회사채 (KRW 140,000)","'20국내회사채(KRW140,000)",,,사채(직접금융),False,0.0,백만원,False
지에스칼텍스 주식회사,정유,20260331004120,사업보고서 (2025.12),별도 감사보고서 · 목차: 27. 사채 및 차입금 · 기준값 원문 확인,107,"'20국내회사채(KRW80,000)",사채,"'20국내회사채 (KRW 80,000)","'20국내회사채(KRW80,000)",,,사채(직접금융),False,80000000000.0,백만원,False
지에스칼텍스 주식회사,정유,20260331004120,사업보고서 (2025.12),별도 감사보고서 · 목차: 27. 사채 및 차입금 · 기준값 원문 확인,107,"'20국내회사채(KRW130,000)",사채,"'20국내회사채 (KRW 130,000)","'20국내회사채(KRW130,000)",,,사채(직접금융),False,130000000000.0,백만원,False
지에스칼텍스 주식회사,정유,20260331004120,사업보고서 (2025.12),별도 감사보고서 · 목차: 27. 사채 및 차입금 · 기준값 원문 확인,107,"'21국내회사채(KRW260,000)",사채,"'21국내회사채 (KRW 260,000)","'21국내회사채(KRW260,000)",,,사채(직접금융),False,260000000000.0,백만원,False
지에스칼텍스 주식회사,정유,20260331004120,사업보고서 (2025.12),별도 감사보고서 · 목차: 27. 사채 및 차입금 · 기준값 원문 확인,107,"'21국내회사채(KRW60,000)",사채,"'21국내회사채 (KRW 60,000)","'21국내회사채(KRW60,000)",,,사채(직접금융),False,60000000000.0,백만원,False
지에스칼텍스 주식회사,정유,20260331004120,사업보고서 (2025.12),별도 감사보고서 · 목차: 27. 사채 및 차입금 · 기준값 원문 확인,107,"'21국내회사채(KRW50,000)",사채,"'21국내회사채 (KRW 50,000)","'21국내회사채(KRW50,000)",,,사채(직접금융),False,50000000000.0,백만원,False
지에스칼텍스 주식회사,정유,20260331004120,사업보고서 (2025.12),별도 감사보고서 · 목차: 27. 사채 및 차입금 · 기준값 원문 확인,107,"'23국내회사채(KRW80,000)",사채,"'23국내회사채 (KRW 80,000)","'23국내회사채(KRW80,000)",,,사채(직접금융),False,0.0,백만원,False
지에스칼텍스 주식회사,정유,20260331004120,사업보고서 (2025.12),별도 감사보고서 · 목차: 27. 사채 및 차입금 · 기준값 원문 확인,107,"'23국내회사채(KRW70,000)",사채,"'23국내회사채 (KRW 70,000)","'23국내회사채(KRW70,000)",,,사채(직접금융),False,70000000000.0,백만원,False
지에스칼텍스 주식회사,정유,20260331004120,사업보고서 (2025.12),별도 감사보고서 · 목차: 27. 사채 및 차입금 · 기준값 원문 확인,107,"'24국내회사채(KRW150,000)",사채,"'24국내회사채 (KRW 150,000)","'24국내회사채(KRW150,000)",,,사채(직접금융),False,150000000000.0,백만원,False
지에스칼텍스 주식회사,정유,20260331004120,사업보고서 (2025.12),별도 감사보고서 · 목차: 27. 사채 및 차입금 · 기준값 원문 확인,107,"'24국내회사채(KRW50,000)",사채,"'24국내회사채 (KRW 50,000)","'24국내회사채(KRW50,000)",,,사채(직접금융),False,50000000000.0,백만원,False
지에스칼텍스 주식회사,정유,20260331004120,사업보고서 (2025.12),별도 감사보고서 · 목차: 27. 사채 및 차입금 · 기준값 원문 확인,107,"'25국내회사채(KRW100,000)",사채,"'25국내회사채 (KRW 100,000)","'25국내회사채(KRW100,000)",,,사채(직접금융),False,100000000000.0,백만원,False
지에스칼텍스 주식회사,정유,20260331004120,사업보고서 (2025.12),별도 감사보고서 · 목차: 27. 사채 및 차입금 · 기준값 원문 확인,107,"'25국내회사채(KRW60,000)",사채,"'25국내회사채 (KRW 60,000)","'25국내회사채(KRW60,000)",,,사채(직접금융),False,60000000000.0,백만원,False
지에스칼텍스 주식회사,정유,20260331004120,사업보고서 (2025.12),별도 감사보고서 · 목차: 27. 사채 및 차입금 · 기준값 원문 확인,108,농협은행(주),단기,농협은행(주),농협은행,,농협은행(주),명단 금융회사,False,73682000000.0,백만원,False
지에스칼텍스 주식회사,정유,20260331004120,사업보고서 (2025.12),별도 감사보고서 · 목차: 27. 사채 및 차입금 · 기준값 원문 확인,108,MUFG은행,단기,MUFG은행,MUFG은행,,,외국 금융회사,False,41612000000.0,백만원,False
지에스칼텍스 주식회사,정유,20260331004120,사업보고서 (2025.12),별도 감사보고서 · 목차: 27. 사채 및 차입금 · 기준값 원문 확인,108,한국산업은행,단기,한국산업은행,한국산업은행,,한국산업은행,명단 금융회사,False,0.0,백만원,False
지에스칼텍스 주식회사,정유,20260331004120,사업보고서 (2025.12),별도 감사보고서 · 목차: 27. 사채 및 차입금 · 기준값 원문 확인,108,-,단기,한국산업은행,한국산업은행,,한국산업은행,명단 금융회사,False,0.0,백만원,False
지에스칼텍스 주식회사,정유,20260331004120,사업보고서 (2025.12),별도 감사보고서 · 목차: 27. 사채 및 차입금 · 기준값 원문 확인,108,(주)국민은행,단기,(주)국민은행,국민은행,,국민은행,명단 금융회사,False,0.0,백만원,False
지에스칼텍스 주식회사,정유,20260331004120,사업보고서 (2025.12),별도 감사보고서 · 목차: 27. 사채 및 차입금 · 기준값 원문 확인,109,한국산업은행,장기,한국산업은행,한국산업은행,,한국산업은행,명단 금융회사,False,82142000000.0,백만원,False
지에스칼텍스 주식회사,정유,20260331004120,사업보고서 (2025.12),별도 감사보고서 · 목차: 27. 사채 및 차입금 · 기준값 원문 확인,109,2.42%,장기,한국산업은행,한국산업은행,,한국산업은행,명단 금융회사,False,49286000000.0,백만원,False
지에스칼텍스 주식회사,정유,20260331004120,사업보고서 (2025.12),별도 감사보고서 · 목차: 27. 사채 및 차입금 · 기준값 원문 확인,109,2.96%,장기,한국산업은행,한국산업은행,,한국산업은행,명단 금융회사,False,34286000000.0,백만원,False
지에스칼텍스 주식회사,정유,20260331004120,사업보고서 (2025.12),별도 감사보고서 · 목차: 27. 사채 및 차입금 · 기준값 원문 확인,109,산업통상자원부,장기,산업통상자원부,산업통상자원부,,,기타(확인 필요),False,5225000000.0,백만원,False
에스케이에너지 주식회사,정유,20260316001108,사업보고서 (2025.12),별도 감사보고서 · 색인: 12. 사채당기말 및 전기말 현재 발행된,140,40회,사채,40회,40회,,,사채(직접금융),False,100000000000.0,백만원,False
에스케이에너지 주식회사,정유,20260316001108,사업보고서 (2025.12),별도 감사보고서 · 색인: 12. 사채당기말 및 전기말 현재 발행된,140,41-3회,사채,41-3회,41-3회,,,사채(직접금융),False,0.0,백만원,False
에스케이에너지 주식회사,정유,20260316001108,사업보고서 (2025.12),별도 감사보고서 · 색인: 12. 사채당기말 및 전기말 현재 발행된,140,43-3회,사채,43-3회,43-3회,,,사채(직접금융),False,160000000000.0,백만원,False
에스케이에너지 주식회사,정유,20260316001108,사업보고서 (2025.12),별도 감사보고서 · 색인: 12. 사채당기말 및 전기말 현재 발행된,140,44-3회,사채,44-3회,44-3회,,,사채(직접금융),False,150000000000.0,백만원,False
에스케이에너지 주식회사,정유,20260316001108,사업보고서 (2025.12),별도 감사보고서 · 색인: 12. 사채당기말 및 전기말 현재 발행된,140,45-3회,사채,45-3회,45-3회,,,사채(직접금융),False,180000000000.0,백만원,False
에스케이에너지 주식회사,정유,20260316001108,사업보고서 (2025.12),별도 감사보고서 · 색인: 12. 사채당기말 및 전기말 현재 발행된,140,46-3회,사채,46-3회,46-3회,,,사채(직접금융),False,70000000000.0,백만원,False
에스케이에너지 주식회사,정유,20260316001108,사업보고서 (2025.12),별도 감사보고서 · 색인: 12. 사채당기말 및 전기말 현재 발행된,140,46-4회,사채,46-4회,46-4회,,,사채(직접금융),False,120000000000.0,백만원,False
에스케이에너지 주식회사,정유,20260316001108,사업보고서 (2025.12),별도 감사보고서 · 색인: 12. 사채당기말 및 전기말 현재 발행된,140,47-2회,사채,47-2회,47-2회,,,사채(직접금융),False,0.0,백만원,False
에스케이에너지 주식회사,정유,20260316001108,사업보고서 (2025.12),별도 감사보고서 · 색인: 12. 사채당기말 및 전기말 현재 발행된,140,47-3회,사채,47-3회,47-3회,,,사채(직접금융),False,110000000000.0,백만원,False
에스케이에너지 주식회사,정유,20260316001108,사업보고서 (2025.12),별도 감사보고서 · 색인: 12. 사채당기말 및 전기말 현재 발행된,140,48-2회,사채,48-2회,48-2회,,,사채(직접금융),False,240000000000.0,백만원,False
에스케이에너지 주식회사,정유,20260316001108,사업보고서 (2025.12),별도 감사보고서 · 색인: 12. 사채당기말 및 전기말 현재 발행된,140,48-3회,사채,48-3회,48-3회,,,사채(직접금융),False,30000000000.0,백만원,False
에스케이에너지 주식회사,정유,20260316001108,사업보고서 (2025.12),별도 감사보고서 · 색인: 12. 사채당기말 및 전기말 현재 발행된,140,48-4회,사채,48-4회,48-4회,,,사채(직접금융),False,60000000000.0,백만원,False
에스케이에너지 주식회사,정유,20260316001108,사업보고서 (2025.12),별도 감사보고서 · 색인: 12. 사채당기말 및 전기말 현재 발행된,140,49-1회,사채,49-1회,49-1회,,,사채(직접금융),False,0.0,백만원,False
에스케이에너지 주식회사,정유,20260316001108,사업보고서 (2025.12),별도 감사보고서 · 색인: 12. 사채당기말 및 전기말 현재 발행된,140,49-2회,사채,49-2회,49-2회,,,사채(직접금융),False,180000000000.0,백만원,False
에스케이에너지 주식회사,정유,20260316001108,사업보고서 (2025.12),별도 감사보고서 · 색인: 12. 사채당기말 및 전기말 현재 발행된,140,49-3회,사채,49-3회,49-3회,,,사채(직접금융),False,60000000000.0,백만원,False
에스케이에너지 주식회사,정유,20260316001108,사업보고서 (2025.12),별도 감사보고서 · 색인: 12. 사채당기말 및 전기말 현재 발행된,140,50-1회,사채,50-1회,50-1회,,,사채(직접금융),False,0.0,백만원,False
에스케이에너지 주식회사,정유,20260316001108,사업보고서 (2025.12),별도 감사보고서 · 색인: 12. 사채당기말 및 전기말 현재 발행된,140,50-2회,사채,50-2회,50-2회,,,사채(직접금융),False,230000000000.0,백만원,False
에스케이에너지 주식회사,정유,20260316001108,사업보고서 (2025.12),별도 감사보고서 · 색인: 12. 사채당기말 및 전기말 현재 발행된,140,50-3회,사채,50-3회,50-3회,,,사채(직접금융),False,210000000000.0,백만원,False
S-Oil(주),정유,20260320000559,사업보고서 (2025.12),별도 감사보고서 · 색인: 20. 차입금,173,원화단기차입금,단기,수출입은행,수출입은행,,한국수출입은행,명단 금융회사,False,500000000000.0,백만원,False
S-Oil(주),정유,20260320000559,사업보고서 (2025.12),별도 감사보고서 · 색인: 20. 차입금,173,유산스차입금,단기,KDB산업은행 외,KDB산업은행,,한국산업은행,명단 금융회사,True,1673105000000.0,백만원,False
S-Oil(주),정유,20260320000559,사업보고서 (2025.12),별도 감사보고서 · 색인: 20. 차입금,175,원화시설자금,장기,신한은행 외,신한은행,,신한은행,명단 금융회사,True,974777000000.0,백만원,False
S-Oil(주),정유,20260320000559,사업보고서 (2025.12),별도 감사보고서 · 색인: 20. 차입금,175,외화시설자금,장기,"Aramco Overseas Co., B.V","AramcoOverseasCo.,B.V",,,기타(확인 필요),False,573960000000.0,백만원,False
S-Oil(주),정유,20260320000559,사업보고서 (2025.12),별도 감사보고서 · 색인: 20. 차입금,177,제48-3회공모,사채,제48-3회 공모,제48-3회공모,,,사채(직접금융),False,0.0,백만원,False
S-Oil(주),정유,20260320000559,사업보고서 (2025.12),별도 감사보고서 · 색인: 20. 차입금,177,제49-3회공모,사채,제49-3회 공모,제49-3회공모,,,사채(직접금융),False,60000000000.0,백만원,False
S-Oil(주),정유,20260320000559,사업보고서 (2025.12),별도 감사보고서 · 색인: 20. 차입금,177,제50-3회공모,사채,제50-3회 공모,제50-3회공모,,,사채(직접금융),False,60000000000.0,백만원,False
S-Oil(주),정유,20260320000559,사업보고서 (2025.12),별도 감사보고서 · 색인: 20. 차입금,177,제51-3회공모,사채,제51-3회 공모,제51-3회공모,,,사채(직접금융),False,60000000000.0,백만원,False
S-Oil(주),정유,20260320000559,사업보고서 (2025.12),별도 감사보고서 · 색인: 20. 차입금,177,제53-3회공모,사채,제53-3회 공모,제53-3회공모,,,사채(직접금융),False,0.0,백만원,False
S-Oil(주),정유,20260320000559,사업보고서 (2025.12),별도 감사보고서 · 색인: 20. 차입금,177,제54-2회공모,사채,제54-2회 공모,제54-2회공모,,,사채(직접금융),False,100000000000.0,백만원,False
S-Oil(주),정유,20260320000559,사업보고서 (2025.12),별도 감사보고서 · 색인: 20. 차입금,177,제54-3회공모,사채,제54-3회 공모,제54-3회공모,,,사채(직접금융),False,190000000000.0,백만원,False
S-Oil(주),정유,20260320000559,사업보고서 (2025.12),별도 감사보고서 · 색인: 20. 차입금,177,제55-2회공모,사채,제55-2회 공모,제55-2회공모,,,사채(직접금융),False,40000000000.0,백만원,False
S-Oil(주),정유,20260320000559,사업보고서 (2025.12),별도 감사보고서 · 색인: 20. 차입금,177,제55-3회공모,사채,제55-3회 공모,제55-3회공모,,,사채(직접금융),False,60000000000.0,백만원,False
S-Oil(주),정유,20260320000559,사업보고서 (2025.12),별도 감사보고서 · 색인: 20. 차입금,177,제56-1회공모,사채,제56-1회 공모,제56-1회공모,,,사채(직접금융),False,0.0,백만원,False
S-Oil(주),정유,20260320000559,사업보고서 (2025.12),별도 감사보고서 · 색인: 20. 차입금,177,제56-2회공모,사채,제56-2회 공모,제56-2회공모,,,사채(직접금융),False,70000000000.0,백만원,False
S-Oil(주),정유,20260320000559,사업보고서 (2025.12),별도 감사보고서 · 색인: 20. 차입금,177,제56-3회공모,사채,제56-3회 공모,제56-3회공모,,,사채(직접금융),False,170000000000.0,백만원,False
S-Oil(주),정유,20260320000559,사업보고서 (2025.12),별도 감사보고서 · 색인: 20. 차입금,177,제57-2회공모,사채,제57-2회 공모,제57-2회공모,,,사채(직접금융),False,0.0,백만원,False
S-Oil(주),정유,20260320000559,사업보고서 (2025.12),별도 감사보고서 · 색인: 20. 차입금,177,제57-3회공모,사채,제57-3회 공모,제57-3회공모,,,사채(직접금융),False,40000000000.0,백만원,False
S-Oil(주),정유,20260320000559,사업보고서 (2025.12),별도 감사보고서 · 색인: 20. 차입금,177,제58-1회공모,사채,제58-1회 공모,제58-1회공모,,,사채(직접금융),False,160000000000.0,백만원,False
S-Oil(주),정유,20260320000559,사업보고서 (2025.12),별도 감사보고서 · 색인: 20. 차입금,177,제58-2회공모,사채,제58-2회 공모,제58-2회공모,,,사채(직접금융),False,60000000000.0,백만원,False
S-Oil(주),정유,20260320000559,사업보고서 (2025.12),별도 감사보고서 · 색인: 20. 차입금,177,제58-3회공모,사채,제58-3회 공모,제58-3회공모,,,사채(직접금융),False,60000000000.0,백만원,False
S-Oil(주),정유,20260320000559,사업보고서 (2025.12),별도 감사보고서 · 색인: 20. 차입금,177,제59-1회공모,사채,제59-1회 공모,제59-1회공모,,,사채(직접금융),False,200000000000.0,백만원,False
S-Oil(주),정유,20260320000559,사업보고서 (2025.12),별도 감사보고서 · 색인: 20. 차입금,177,제59-2회공모,사채,제59-2회 공모,제59-2회공모,,,사채(직접금융),False,40000000000.0,백만원,False
S-Oil(주),정유,20260320000559,사업보고서 (2025.12),별도 감사보고서 · 색인: 20. 차입금,177,제59-3회공모,사채,제59-3회 공모,제59-3회공모,,,사채(직접금융),False,110000000000.0,백만원,False
S-Oil(주),정유,20260320000559,사업보고서 (2025.12),별도 감사보고서 · 색인: 20. 차입금,177,제60-1회공모,사채,제60-1회 공모,제60-1회공모,,,사채(직접금융),False,190000000000.0,백만원,False
S-Oil(주),정유,20260320000559,사업보고서 (2025.12),별도 감사보고서 · 색인: 20. 차입금,177,제60-2회공모,사채,제60-2회 공모,제60-2회공모,,,사채(직접금융),False,100000000000.0,백만원,False
S-Oil(주),정유,20260320000559,사업보고서 (2025.12),별도 감사보고서 · 색인: 20. 차입금,177,제60-3회공모,사채,제60-3회 공모,제60-3회공모,,,사채(직접금융),False,110000000000.0,백만원,False
S-Oil(주),정유,20260320000559,사업보고서 (2025.12),별도 감사보고서 · 색인: 20. 차입금,177,제61-1회공모,사채,제61-1회 공모,제61-1회공모,,,사채(직접금융),False,150000000000.0,백만원,False
S-Oil(주),정유,20260320000559,사업보고서 (2025.12),별도 감사보고서 · 색인: 20. 차입금,177,제61-2회공모,사채,제61-2회 공모,제61-2회공모,,,사채(직접금융),False,40000000000.0,백만원,False
S-Oil(주),정유,20260320000559,사업보고서 (2025.12),별도 감사보고서 · 색인: 20. 차입금,177,제61-3회공모,사채,제61-3회 공모,제61-3회공모,,,사채(직접금융),False,110000000000.0,백만원,False
S-Oil(주),정유,20260320000559,사업보고서 (2025.12),별도 감사보고서 · 색인: 20. 차입금,177,제62-1회공모,사채,제62-1회 공모,제62-1회공모,,,사채(직접금융),False,150000000000.0,백만원,False
S-Oil(주),정유,20260320000559,사업보고서 (2025.12),별도 감사보고서 · 색인: 20. 차입금,177,제62-2회공모,사채,제62-2회 공모,제62-2회공모,,,사채(직접금융),False,80000000000.0,백만원,False
S-Oil(주),정유,20260320000559,사업보고서 (2025.12),별도 감사보고서 · 색인: 20. 차입금,177,제62-3회공모,사채,제62-3회 공모,제62-3회공모,,,사채(직접금융),False,70000000000.0,백만원,False
S-Oil(주),정유,20260320000559,사업보고서 (2025.12),별도 감사보고서 · 색인: 20. 차입금,177,제63-1회공모,사채,제63-1회 공모,제63-1회공모,,,사채(직접금융),False,250000000000.0,백만원,False
S-Oil(주),정유,20260320000559,사업보고서 (2025.12),별도 감사보고서 · 색인: 20. 차입금,177,제63-2회공모,사채,제63-2회 공모,제63-2회공모,,,사채(직접금융),False,110000000000.0,백만원,False
S-Oil(주),정유,20260320000559,사업보고서 (2025.12),별도 감사보고서 · 색인: 20. 차입금,177,제63-3회공모,사채,제63-3회 공모,제63-3회공모,,,사채(직접금융),False,30000000000.0,백만원,False
S-Oil(주),정유,20260320000559,사업보고서 (2025.12),별도 감사보고서 · 색인: 20. 차입금,177,제63-4회공모,사채,제63-4회 공모,제63-4회공모,,,사채(직접금융),False,50000000000.0,백만원,False
S-Oil(주),정유,20260320000559,사업보고서 (2025.12),별도 감사보고서 · 색인: 20. 차입금,177,제64-1회공모,사채,제64-1회 공모,제64-1회공모,,,사채(직접금융),False,260000000000.0,백만원,False
S-Oil(주),정유,20260320000559,사업보고서 (2025.12),별도 감사보고서 · 색인: 20. 차입금,177,제64-2회공모,사채,제64-2회 공모,제64-2회공모,,,사채(직접금융),False,80000000000.0,백만원,False
S-Oil(주),정유,20260320000559,사업보고서 (2025.12),별도 감사보고서 · 색인: 20. 차입금,177,제64-3회공모,사채,제64-3회 공모,제64-3회공모,,,사채(직접금융),False,60000000000.0,백만원,False
S-Oil(주),정유,20260320000559,사업보고서 (2025.12),별도 감사보고서 · 색인: 20. 차입금,177,제65-1회공모,사채,제65-1회 공모,제65-1회공모,,,사채(직접금융),False,320000000000.0,백만원,False
S-Oil(주),정유,20260320000559,사업보고서 (2025.12),별도 감사보고서 · 색인: 20. 차입금,177,제65-2회공모,사채,제65-2회 공모,제65-2회공모,,,사채(직접금융),False,130000000000.0,백만원,False
S-Oil(주),정유,20260320000559,사업보고서 (2025.12),별도 감사보고서 · 색인: 20. 차입금,177,제65-3회공모,사채,제65-3회 공모,제65-3회공모,,,사채(직접금융),False,50000000000.0,백만원,False
SK인천석유화학(주),정유,20260316000998,사업보고서 (2025.12),별도 감사보고서 · 색인: 11. 사채 및 차입금,107,USANCE,단기,Credit Agricole 등,CreditAgricole,,,외국 금융회사,True,238685867000.0,천원,False
SK인천석유화학(주),정유,20260316000998,사업보고서 (2025.12),별도 감사보고서 · 색인: 11. 사채 및 차입금,109,시설자금,장기,국민은행,국민은행,,국민은행,명단 금융회사,False,16251800000.0,천원,False
SK인천석유화학(주),정유,20260316000998,사업보고서 (2025.12),별도 감사보고서 · 색인: 11. 사채 및 차입금,111,16-3회,사채,16-3회,16-3회,,,사채(직접금융),False,0.0,천원,False
SK인천석유화학(주),정유,20260316000998,사업보고서 (2025.12),별도 감사보고서 · 색인: 11. 사채 및 차입금,111,17회,사채,17회,17회,,,사채(직접금융),False,100000000000.0,천원,False
SK인천석유화학(주),정유,20260316000998,사업보고서 (2025.12),별도 감사보고서 · 색인: 11. 사채 및 차입금,111,18-3회,사채,18-3회,18-3회,,,사채(직접금융),False,150000000000.0,천원,False
SK인천석유화학(주),정유,20260316000998,사업보고서 (2025.12),별도 감사보고서 · 색인: 11. 사채 및 차입금,111,18-4회,사채,18-4회,18-4회,,,사채(직접금융),False,120000000000.0,천원,False
SK인천석유화학(주),정유,20260316000998,사업보고서 (2025.12),별도 감사보고서 · 색인: 11. 사채 및 차입금,111,19-2회,사채,19-2회,19-2회,,,사채(직접금융),False,0.0,천원,False
SK인천석유화학(주),정유,20260316000998,사업보고서 (2025.12),별도 감사보고서 · 색인: 11. 사채 및 차입금,111,19-3회,사채,19-3회,19-3회,,,사채(직접금융),False,60000000000.0,천원,False
SK인천석유화학(주),정유,20260316000998,사업보고서 (2025.12),별도 감사보고서 · 색인: 11. 사채 및 차입금,111,20-1회,사채,20-1회,20-1회,,,사채(직접금융),False,90000000000.0,천원,False
SK인천석유화학(주),정유,20260316000998,사업보고서 (2025.12),별도 감사보고서 · 색인: 11. 사채 및 차입금,111,20-2회,사채,20-2회,20-2회,,,사채(직접금융),False,10000000000.0,천원,False
SK인천석유화학(주),정유,20260316000998,사업보고서 (2025.12),별도 감사보고서 · 색인: 11. 사채 및 차입금,111,21-2회,사채,21-2회,21-2회,,,사채(직접금융),False,205000000000.0,천원,False
SK인천석유화학(주),정유,20260316000998,사업보고서 (2025.12),별도 감사보고서 · 색인: 11. 사채 및 차입금,111,22-2회,사채,22-2회,22-2회,,,사채(직접금융),False,55000000000.0,천원,False
SK인천석유화학(주),정유,20260316000998,사업보고서 (2025.12),별도 감사보고서 · 색인: 11. 사채 및 차입금,111,23-1회,사채,23-1회,23-1회,,,사채(직접금융),False,0.0,천원,False
SK인천석유화학(주),정유,20260316000998,사업보고서 (2025.12),별도 감사보고서 · 색인: 11. 사채 및 차입금,111,23-2회,사채,23-2회,23-2회,,,사채(직접금융),False,92000000000.0,천원,False
SK인천석유화학(주),정유,20260316000998,사업보고서 (2025.12),별도 감사보고서 · 색인: 11. 사채 및 차입금,111,24-1회,사채,24-1회,24-1회,,,사채(직접금융),False,0.0,천원,False
SK인천석유화학(주),정유,20260316000998,사업보고서 (2025.12),별도 감사보고서 · 색인: 11. 사채 및 차입금,111,24-2회,사채,24-2회,24-2회,,,사채(직접금융),False,145000000000.0,천원,False
SK인천석유화학(주),정유,20260316000998,사업보고서 (2025.12),별도 감사보고서 · 색인: 11. 사채 및 차입금,111,25-1회,사채,25-1회,25-1회,,,사채(직접금융),False,30000000000.0,천원,False
SK인천석유화학(주),정유,20260316000998,사업보고서 (2025.12),별도 감사보고서 · 색인: 11. 사채 및 차입금,111,25-2회,사채,25-2회,25-2회,,,사채(직접금융),False,130000000000.0,천원,False
SK인천석유화학(주),정유,20260316000998,사업보고서 (2025.12),별도 감사보고서 · 색인: 11. 사채 및 차입금,111,25-3회,사채,25-3회,25-3회,,,사채(직접금융),False,140000000000.0,천원,False
SK인천석유화학(주),정유,20260316000998,사업보고서 (2025.12),별도 감사보고서 · 색인: 11. 사채 및 차입금,111,26-1회,사채,26-1회,26-1회,,,사채(직접금융),False,110000000000.0,천원,False
SK인천석유화학(주),정유,20260316000998,사업보고서 (2025.12),별도 감사보고서 · 색인: 11. 사채 및 차입금,111,26-2회,사채,26-2회,26-2회,,,사채(직접금융),False,100000000000.0,천원,False
SK인천석유화학(주),정유,20260316000998,사업보고서 (2025.12),별도 감사보고서 · 색인: 11. 사채 및 차입금,111,27-1회,사채,27-1회,27-1회,,,사채(직접금융),False,120000000000.0,천원,False
SK인천석유화학(주),정유,20260316000998,사업보고서 (2025.12),별도 감사보고서 · 색인: 11. 사채 및 차입금,111,27-2회,사채,27-2회,27-2회,,,사채(직접금융),False,80000000000.0,천원,False
SK인천석유화학(주),정유,20260316000998,사업보고서 (2025.12),별도 감사보고서 · 색인: 11. 사채 및 차입금,111,1-1회(아이피씨제일차유동화전문(유))(주1),사채,1-1회(아이피씨제일차유동화전문(유))(주1),1-1회(아이피씨제일차유동화전문(유)),,,사채(직접금융),False,0.0,천원,False
SK인천석유화학(주),정유,20260316000998,사업보고서 (2025.12),별도 감사보고서 · 색인: 11. 사채 및 차입금,111,1-2회(아이피씨제일차유동화전문(유))(주1),사채,1-2회(아이피씨제일차유동화전문(유))(주1),1-2회(아이피씨제일차유동화전문(유)),,,사채(직접금융),False,0.0,천원,False
SK인천석유화학(주),정유,20260316000998,사업보고서 (2025.12),별도 감사보고서 · 색인: 11. 사채 및 차입금,111,1-3회(아이피씨제일차유동화전문(유))(주1),사채,1-3회(아이피씨제일차유동화전문(유))(주1),1-3회(아이피씨제일차유동화전문(유)),,,사채(직접금융),False,0.0,천원,False
대한유화 주식회사,화학,20260305001191,사업보고서 (2025.12),별도 감사보고서 · 색인: 18. 차입금 및 담보제공자산,119,일반자금대출,단기,국민은행,국민은행,,국민은행,명단 금융회사,False,0.0,천원,False
대한유화 주식회사,화학,20260305001191,사업보고서 (2025.12),별도 감사보고서 · 색인: 18. 차입금 및 담보제공자산,119,하나은행,단기,하나은행,하나은행,,하나은행,명단 금융회사,False,30000000000.0,천원,False
대한유화 주식회사,화학,20260305001191,사업보고서 (2025.12),별도 감사보고서 · 색인: 18. 차입금 및 담보제공자산,119,회전자금대출,단기,우리은행,우리은행,,㈜우리은행,명단 금융회사,False,20000000000.0,천원,False
대한유화 주식회사,화학,20260305001191,사업보고서 (2025.12),별도 감사보고서 · 색인: 18. 차입금 및 담보제공자산,119,한국수출입은행,단기,한국수출입은행,한국수출입은행,,한국수출입은행,명단 금융회사,False,30000000000.0,천원,False
대한유화 주식회사,화학,20260305001191,사업보고서 (2025.12),별도 감사보고서 · 색인: 18. 차입금 및 담보제공자산,119,일반자금대출,단기,우리은행,우리은행,,㈜우리은행,명단 금융회사,False,10000000000.0,천원,False
대한유화 주식회사,화학,20260305001191,사업보고서 (2025.12),별도 감사보고서 · 색인: 18. 차입금 및 담보제공자산,119,농협은행,단기,농협은행,농협은행,,농협은행(주),명단 금융회사,False,8000000000.0,천원,False
대한유화 주식회사,화학,20260305001191,사업보고서 (2025.12),별도 감사보고서 · 색인: 18. 차입금 및 담보제공자산,119,시설자금대출,단기,산업은행,산업은행,,한국산업은행,명단 금융회사,False,14286500000.0,천원,False
대한유화 주식회사,화학,20260305001191,사업보고서 (2025.12),별도 감사보고서 · 색인: 18. 차입금 및 담보제공자산,121,일반자금대출,장기,우리은행,우리은행,,㈜우리은행,명단 금융회사,False,10000000000.0,천원,False
대한유화 주식회사,화학,20260305001191,사업보고서 (2025.12),별도 감사보고서 · 색인: 18. 차입금 및 담보제공자산,121,농협은행,장기,농협은행,농협은행,,농협은행(주),명단 금융회사,False,18000000000.0,천원,False
대한유화 주식회사,화학,20260305001191,사업보고서 (2025.12),별도 감사보고서 · 색인: 18. 차입금 및 담보제공자산,121,시설자금대출,장기,산업은행,산업은행,,한국산업은행,명단 금융회사,False,35713500000.0,천원,False
한화토탈에너지스 주식회사,화학,20260331004100,사업보고서 (2025.12),별도 감사보고서 · 색인: 14. 차입금 및 사채 · 수동 입력(replace),-1,수동 입력,단기(매출채권할인),우리은행 외,우리은행,,㈜우리은행,명단 금융회사,True,32381814000.000004,억원,False
한화토탈에너지스 주식회사,화학,20260331004100,사업보고서 (2025.12),별도 감사보고서 · 색인: 14. 차입금 및 사채 · 수동 입력(replace),-1,수동 입력,장기,Credit Agricole CIB,CreditAgricoleCIB,,,외국 금융회사,False,190000000000.0,억원,False
한화토탈에너지스 주식회사,화학,20260331004100,사업보고서 (2025.12),별도 감사보고서 · 색인: 14. 차입금 및 사채 · 수동 입력(replace),-1,수동 입력,장기,Mizuho Bank,MizuhoBank,,,외국 금융회사,False,250000000000.0,억원,False
한화토탈에너지스 주식회사,화학,20260331004100,사업보고서 (2025.12),별도 감사보고서 · 색인: 14. 차입금 및 사채 · 수동 입력(replace),-1,수동 입력,장기,신한은행,신한은행,,신한은행,명단 금융회사,False,100000000000.0,억원,False
한화토탈에너지스 주식회사,화학,20260331004100,사업보고서 (2025.12),별도 감사보고서 · 색인: 14. 차입금 및 사채 · 수동 입력(replace),-1,수동 입력,장기,한국산업은행,한국산업은행,,한국산업은행,명단 금융회사,False,100000000000.0,억원,False
한화토탈에너지스 주식회사,화학,20260331004100,사업보고서 (2025.12),별도 감사보고서 · 색인: 14. 차입금 및 사채 · 수동 입력(replace),-1,수동 입력,사채,사채,사채,,,사채(직접금융),False,1299798835000.0,억원,False
주식회사 엘지화학,화학,20260313001195,사업보고서 (2025.12),별도 감사보고서 · 색인: 14. 차입금 · 수동 입력(replace),-1,수동 입력,장기(원화·외화),KDB 산업은행 등,KDB산업은행,,한국산업은행,명단 금융회사,True,755468000000.0,억원,False
주식회사 엘지화학,화학,20260313001195,사업보고서 (2025.12),별도 감사보고서 · 색인: 14. 차입금 · 수동 입력(replace),-1,수동 입력,사채,사채(공모·사모·외화·교환사채),사채(공모·사모·외화·교환사채),,,사채(직접금융),False,8024447000000.0,억원,False
여천엔씨씨 주식회사,화학,20260331002872,사업보고서 (2025.12),별도 감사보고서 · 색인: 16. 차입금 · 수동 입력(replace),-1,수동 입력,단기(원화),한국수출입은행 외,한국수출입은행,,한국수출입은행,명단 금융회사,True,415332903000.0,억원,False
여천엔씨씨 주식회사,화학,20260331002872,사업보고서 (2025.12),별도 감사보고서 · 색인: 16. 차입금 · 수동 입력(replace),-1,수동 입력,단기(외화),한국산업은행,한국산업은행,,한국산업은행,명단 금융회사,False,217178812000.00003,억원,False
여천엔씨씨 주식회사,화학,20260331002872,사업보고서 (2025.12),별도 감사보고서 · 색인: 16. 차입금 · 수동 입력(replace),-1,수동 입력,단기(Usance),(주)우리은행 외,우리은행,,㈜우리은행,명단 금융회사,True,414768404000.0,억원,False
여천엔씨씨 주식회사,화학,20260331002872,사업보고서 (2025.12),별도 감사보고서 · 색인: 16. 차입금 · 수동 입력(replace),-1,수동 입력,장기,한국산업은행 외,한국산업은행,,한국산업은행,명단 금융회사,True,242323798000.0,억원,False
여천엔씨씨 주식회사,화학,20260331002872,사업보고서 (2025.12),별도 감사보고서 · 색인: 16. 차입금 · 수동 입력(replace),-1,수동 입력,사채,사채,사채,,,사채(직접금융),False,444582809000.0,억원,False
한화솔루션 주식회사,화학,,, · 수동 입력(replace),-1,수동 입력,시설자금(원화 3건·외화 3건 — 2026년 만기분만 확인),한국산업은행,한국산업은행,,한국산업은행,명단 금융회사,False,263400000000.0,억원,False
한화솔루션 주식회사,화학,,, · 수동 입력(replace),-1,수동 입력,기타,차입처 미확인(잔여),차입처미확인(잔여),,,기타(확인 필요),False,4592600000000.0,억원,False
롯데케미칼 주식회사,화학,20260312001296,사업보고서 (2025.12),별도 감사보고서 · 색인: 16. 차입금및사채 · 수동 입력(replace),-1,수동 입력,단기,차입처 미기재(단기 원화·외화),차입처미기재(단기원화·외화),,,기타(확인 필요),False,1995560119000.0002,억원,False
롯데케미칼 주식회사,화학,20260312001296,사업보고서 (2025.12),별도 감사보고서 · 색인: 16. 차입금및사채 · 수동 입력(replace),-1,수동 입력,장기,산업은행 등,산업은행,,한국산업은행,명단 금융회사,True,1180257836000.0,억원,False
롯데케미칼 주식회사,화학,20260312001296,사업보고서 (2025.12),별도 감사보고서 · 색인: 16. 차입금및사채 · 수동 입력(replace),-1,수동 입력,사채,사채,사채,,,사채(직접금융),False,1329185795000.0,억원,False
롯데케미칼 주식회사,화학,20260312001296,사업보고서 (2025.12),별도 감사보고서 · 색인: 16. 차입금및사채 · 수동 입력(replace),-1,수동 입력,사채 지급보증(금액 미배분),(주)신한은행,신한은행,,신한은행,명단 금융회사,False,0.0,억원,False
롯데케미칼 주식회사,화학,20260312001296,사업보고서 (2025.12),별도 감사보고서 · 색인: 16. 차입금및사채 · 수동 입력(replace),-1,수동 입력,사채 지급보증(금액 미배분),(주)국민은행,국민은행,,국민은행,명단 금융회사,False,0.0,억원,False
롯데케미칼 주식회사,화학,20260312001296,사업보고서 (2025.12),별도 감사보고서 · 색인: 16. 차입금및사채 · 수동 입력(replace),-1,수동 입력,사채 지급보증(금액 미배분),(주)우리은행,우리은행,,㈜우리은행,명단 금융회사,False,0.0,억원,False
롯데케미칼 주식회사,화학,20260312001296,사업보고서 (2025.12),별도 감사보고서 · 색인: 16. 차입금및사채 · 수동 입력(replace),-1,수동 입력,사채 지급보증(금액 미배분),(주)하나은행,하나은행,,하나은행,명단 금융회사,False,0.0,억원,False
에스케이지오센트릭 주식회사,화학,20260316000965,사업보고서 (2025.12),별도 감사보고서 · 색인: 13. 사채 및 차입금,134,일반차입금,단기,(주)국민은행 외,국민은행,,국민은행,명단 금융회사,True,300000000000.0,백만원,False
에스케이지오센트릭 주식회사,화학,20260316000965,사업보고서 (2025.12),별도 감사보고서 · 색인: 13. 사채 및 차입금,136,14-3회,사채,14-3회,14-3회,,,사채(직접금융),False,160000000000.0,백만원,False
에스케이지오센트릭 주식회사,화학,20260316000965,사업보고서 (2025.12),별도 감사보고서 · 색인: 13. 사채 및 차입금,136,15-3회,사채,15-3회,15-3회,,,사채(직접금융),False,150000000000.0,백만원,False
에스케이지오센트릭 주식회사,화학,20260316000965,사업보고서 (2025.12),별도 감사보고서 · 색인: 13. 사채 및 차입금,136,15-4회,사채,15-4회,15-4회,,,사채(직접금융),False,190000000000.0,백만원,False
에스케이지오센트릭 주식회사,화학,20260316000965,사업보고서 (2025.12),별도 감사보고서 · 색인: 13. 사채 및 차입금,136,16-2회,사채,16-2회,16-2회,,,사채(직접금융),False,0.0,백만원,False
에스케이지오센트릭 주식회사,화학,20260316000965,사업보고서 (2025.12),별도 감사보고서 · 색인: 13. 사채 및 차입금,136,17-1회,사채,17-1회,17-1회,,,사채(직접금융),False,0.0,백만원,False
에스케이지오센트릭 주식회사,화학,20260316000965,사업보고서 (2025.12),별도 감사보고서 · 색인: 13. 사채 및 차입금,136,17-2회,사채,17-2회,17-2회,,,사채(직접금융),False,30000000000.0,백만원,False
에스케이지오센트릭 주식회사,화학,20260316000965,사업보고서 (2025.12),별도 감사보고서 · 색인: 13. 사채 및 차입금,136,18-2회,사채,18-2회,18-2회,,,사채(직접금융),False,90000000000.0,백만원,False
에스케이지오센트릭 주식회사,화학,20260316000965,사업보고서 (2025.12),별도 감사보고서 · 색인: 13. 사채 및 차입금,136,18-3회,사채,18-3회,18-3회,,,사채(직접금융),False,30000000000.0,백만원,False
에스케이지오센트릭 주식회사,화학,20260316000965,사업보고서 (2025.12),별도 감사보고서 · 색인: 13. 사채 및 차입금,136,19-1회,사채,19-1회,19-1회,,,사채(직접금융),False,0.0,백만원,False
에스케이지오센트릭 주식회사,화학,20260316000965,사업보고서 (2025.12),별도 감사보고서 · 색인: 13. 사채 및 차입금,136,19-2회,사채,19-2회,19-2회,,,사채(직접금융),False,50000000000.0,백만원,False
에스케이지오센트릭 주식회사,화학,20260316000965,사업보고서 (2025.12),별도 감사보고서 · 색인: 13. 사채 및 차입금,136,20-1회,사채,20-1회,20-1회,,,사채(직접금융),False,0.0,백만원,False
에스케이지오센트릭 주식회사,화학,20260316000965,사업보고서 (2025.12),별도 감사보고서 · 색인: 13. 사채 및 차입금,136,20-2회,사채,20-2회,20-2회,,,사채(직접금융),False,190000000000.0,백만원,False
에스케이지오센트릭 주식회사,화학,20260316000965,사업보고서 (2025.12),별도 감사보고서 · 색인: 13. 사채 및 차입금,136,20-3회,사채,20-3회,20-3회,,,사채(직접금융),False,40000000000.0,백만원,False
에스케이지오센트릭 주식회사,화학,20260316000965,사업보고서 (2025.12),별도 감사보고서 · 색인: 13. 사채 및 차입금,136,21-1회,사채,21-1회,21-1회,,,사채(직접금융),False,250000000000.0,백만원,False
에스케이지오센트릭 주식회사,화학,20260316000965,사업보고서 (2025.12),별도 감사보고서 · 색인: 13. 사채 및 차입금,136,21-2회,사채,21-2회,21-2회,,,사채(직접금융),False,50000000000.0,백만원,False
에스케이지오센트릭 주식회사,화학,20260316000965,사업보고서 (2025.12),별도 감사보고서 · 색인: 13. 사채 및 차입금,136,22회,사채,22회,22회,,,사채(직접금융),False,150000000000.0,백만원,False
에스케이지오센트릭 주식회사,화학,20260316000965,사업보고서 (2025.12),별도 감사보고서 · 색인: 13. 사채 및 차입금,136,23-1회,사채,23-1회,23-1회,,,사채(직접금융),False,90000000000.0,백만원,False
에스케이지오센트릭 주식회사,화학,20260316000965,사업보고서 (2025.12),별도 감사보고서 · 색인: 13. 사채 및 차입금,136,23-2회,사채,23-2회,23-2회,,,사채(직접금융),False,210000000000.0,백만원,False
에스케이지오센트릭 주식회사,화학,20260316000965,사업보고서 (2025.12),별도 감사보고서 · 색인: 13. 사채 및 차입금,138,시설차입금,장기,비엔피파리바은행 외,비엔피파리바은행,,,외국 금융회사,True,0.0,백만원,False
에스케이지오센트릭 주식회사,화학,20260316000965,사업보고서 (2025.12),별도 감사보고서 · 색인: 13. 사채 및 차입금,138,일반및시설차입금,장기,(주)신한은행 외,신한은행,,신한은행,명단 금융회사,True,300000000000.0,백만원,False
금호석유화학 주식회사,화학,20260318001268,사업보고서 (2025.12),별도 감사보고서 · 색인: 16. 차입금 · 수동 입력(replace),-1,수동 입력,사채,사채(공모사채),사채(공모사채),,,사채(직접금융),False,199495000000.0,억원,False
금호석유화학 주식회사,화학,20260318001268,사업보고서 (2025.12),별도 감사보고서 · 색인: 16. 차입금 · 수동 입력(replace),-1,수동 입력,장기,한국산업은행,한국산업은행,,한국산업은행,명단 금융회사,False,190000000000.0,억원,False
금호석유화학 주식회사,화학,20260318001268,사업보고서 (2025.12),별도 감사보고서 · 색인: 16. 차입금 · 수동 입력(replace),-1,수동 입력,장기,신한은행,신한은행,,신한은행,명단 금융회사,False,38000000000.0,억원,False
금호석유화학 주식회사,화학,20260318001268,사업보고서 (2025.12),별도 감사보고서 · 색인: 16. 차입금 · 수동 입력(replace),-1,수동 입력,장기,중국건설은행,중국건설은행,,,외국 금융회사,False,30000000000.0,억원,False
금호석유화학 주식회사,화학,20260318001268,사업보고서 (2025.12),별도 감사보고서 · 색인: 16. 차입금 · 수동 입력(replace),-1,수동 입력,단기(원화),우리은행 등,우리은행,,㈜우리은행,명단 금융회사,True,187000000000.0,억원,False
금호석유화학 주식회사,화학,20260318001268,사업보고서 (2025.12),별도 감사보고서 · 색인: 16. 차입금 · 수동 입력(replace),-1,수동 입력,단기(수출채권할인),국민은행 등,국민은행,,국민은행,명단 금융회사,True,24360000000.0,억원,False
에스지씨에너지 주식회사,발전·에너지,20260312001227,사업보고서 (2025.12),별도 감사보고서 · 색인: 17. 차입금및사채,152,일반자금대출,단기,한국산업은행 외,한국산업은행,,한국산업은행,명단 금융회사,True,539600000000.0,천원,False
에스지씨에너지 주식회사,발전·에너지,20260312001227,사업보고서 (2025.12),별도 감사보고서 · 색인: 17. 차입금및사채,152,신용장개설,단기,한국산업은행,한국산업은행,,한국산업은행,명단 금융회사,False,10290661000.0,천원,False
에스지씨에너지 주식회사,발전·에너지,20260312001227,사업보고서 (2025.12),별도 감사보고서 · 색인: 17. 차입금및사채,154,시설자금대출,장기,한국산업은행,한국산업은행,,한국산업은행,명단 금융회사,False,65994080000.0,천원,False
에스지씨에너지 주식회사,발전·에너지,20260312001227,사업보고서 (2025.12),별도 감사보고서 · 색인: 17. 차입금및사채,154,매출채권유동화,장기,슈퍼그린에너지제일차㈜,슈퍼그린에너지제일차,,,기타(확인 필요),False,0.0,천원,False
에스지씨에너지 주식회사,발전·에너지,20260312001227,사업보고서 (2025.12),별도 감사보고서 · 색인: 17. 차입금및사채,156,제11회회사채(사모사채),사채,제11회 회사채(사모사채),제11회회사채(사모사채),,,사채(직접금융),False,0.0,천원,False
에스지씨에너지 주식회사,발전·에너지,20260312001227,사업보고서 (2025.12),별도 감사보고서 · 색인: 17. 차입금및사채,156,제12회회사채(사모사채),사채,제12회 회사채(사모사채),제12회회사채(사모사채),,,사채(직접금융),False,50000000000.0,천원,False
에스지씨에너지 주식회사,발전·에너지,20260312001227,사업보고서 (2025.12),별도 감사보고서 · 색인: 17. 차입금및사채,156,제13-1회회사채(사모사채),사채,제13-1회 회사채(사모사채),제13-1회회사채(사모사채),,,사채(직접금융),False,0.0,천원,False
에스지씨에너지 주식회사,발전·에너지,20260312001227,사업보고서 (2025.12),별도 감사보고서 · 색인: 17. 차입금및사채,156,제13-2회회사채(사모사채),사채,제13-2회 회사채(사모사채),제13-2회회사채(사모사채),,,사채(직접금융),False,50000000000.0,천원,False
에스지씨에너지 주식회사,발전·에너지,20260312001227,사업보고서 (2025.12),별도 감사보고서 · 색인: 17. 차입금및사채,156,제14회회사채(사모사채),사채,제14회 회사채(사모사채),제14회회사채(사모사채),,,사채(직접금융),False,0.0,천원,False
에스지씨에너지 주식회사,발전·에너지,20260312001227,사업보고서 (2025.12),별도 감사보고서 · 색인: 17. 차입금및사채,156,제15회회사채(사모사채),사채,제15회 회사채(사모사채),제15회회사채(사모사채),,,사채(직접금융),False,30000000000.0,천원,False
에스지씨에너지 주식회사,발전·에너지,20260312001227,사업보고서 (2025.12),별도 감사보고서 · 색인: 17. 차입금및사채,156,제16회회사채(사모사채),사채,제16회 회사채(사모사채),제16회회사채(사모사채),,,사채(직접금융),False,30000000000.0,천원,False
주식회사 포스코퓨처엠,시멘트·비금속,20260312000826,사업보고서 (2025.12),별도 감사보고서 · 색인: 20. 차입금 및 사채 · 수동 입력(replace),-1,수동 입력,단기+유동성장기,한국수출입은행 등,한국수출입은행,,한국수출입은행,명단 금융회사,True,297725155000.0,억원,False
주식회사 포스코퓨처엠,시멘트·비금속,20260312000826,사업보고서 (2025.12),별도 감사보고서 · 색인: 20. 차입금 및 사채 · 수동 입력(replace),-1,수동 입력,장기,신한은행 등,신한은행,,신한은행,명단 금융회사,True,1504689020000.0,억원,False
주식회사 포스코퓨처엠,시멘트·비금속,20260312000826,사업보고서 (2025.12),별도 감사보고서 · 색인: 20. 차입금 및 사채 · 수동 입력(replace),-1,수동 입력,사채,사채(공모사채 등),사채(공모사채등),,,사채(직접금융),False,1708266771000.0002,억원,False
고려아연 주식회사,철강·금속,20260316000929,사업보고서 (2025.12),별도 감사보고서 · 목차: 22. 장단기차입금 · 수동 입력(replace),-1,수동 입력,단기,SC제일은행,SC제일은행,,한국스탠다드차타드은행,명단 금융회사,False,140000000000.0,억원,False
고려아연 주식회사,철강·금속,20260316000929,사업보고서 (2025.12),별도 감사보고서 · 목차: 22. 장단기차입금 · 수동 입력(replace),-1,수동 입력,단기,한국산업은행,한국산업은행,,한국산업은행,명단 금융회사,False,30000000000.0,억원,False
고려아연 주식회사,철강·금속,20260316000929,사업보고서 (2025.12),별도 감사보고서 · 목차: 22. 장단기차입금 · 수동 입력(replace),-1,수동 입력,단기(기업어음),삼성증권 등,삼성증권,증권사(CP·전단채 중개 추정),삼성증권(주),명단 금융회사,True,700000000000.0,억원,False
고려아연 주식회사,철강·금속,20260316000929,사업보고서 (2025.12),별도 감사보고서 · 목차: 22. 장단기차입금 · 수동 입력(replace),-1,수동 입력,단기(매출채권할인),KEB하나은행 등,KEB하나은행,,하나은행,명단 금융회사,True,4144462000.0,억원,False
고려아연 주식회사,철강·금속,20260316000929,사업보고서 (2025.12),별도 감사보고서 · 목차: 22. 장단기차입금 · 수동 입력(replace),-1,수동 입력,단기(공급자금융약정),크레디아그리콜 등,크레디아그리콜,,,외국 금융회사,True,1617864689000.0,억원,False
고려아연 주식회사,철강·금속,20260316000929,사업보고서 (2025.12),별도 감사보고서 · 목차: 22. 장단기차입금 · 수동 입력(replace),-1,수동 입력,장기(해외자원개발 정책자금),한국에너지공단,한국에너지공단,,,공공기관·정책기금(명단 밖),False,1123311000.0,억원,False
고려아연 주식회사,철강·금속,20260316000929,사업보고서 (2025.12),별도 감사보고서 · 목차: 22. 장단기차입금 · 수동 입력(replace),-1,수동 입력,사채,사채(공모·사모),사채(공모·사모),,,사채(직접금융),False,1596165188000.0,억원,False
주식회사 포스코인터내셔널,발전·에너지,20260318001030,사업보고서 (2025.12),별도 감사보고서 · 색인: 15. 차입금 및 사채,95,단기차입금,장기,우리은행 외,우리은행,,㈜우리은행,명단 금융회사,True,0.0,백만원,False
주식회사 포스코인터내셔널,발전·에너지,20260318001030,사업보고서 (2025.12),별도 감사보고서 · 색인: 15. 차입금 및 사채,95,NEGO차입금,장기,우리은행 외,우리은행,,㈜우리은행,명단 금융회사,True,704293000000.0,백만원,False
주식회사 포스코인터내셔널,발전·에너지,20260318001030,사업보고서 (2025.12),별도 감사보고서 · 색인: 15. 차입금 및 사채,95,일반대출(한도),장기,우리은행 외,우리은행,,㈜우리은행,명단 금융회사,True,598105000000.0,백만원,False
주식회사 포스코인터내셔널,발전·에너지,20260318001030,사업보고서 (2025.12),별도 감사보고서 · 색인: 15. 차입금 및 사채,95,유동성장기차입금,장기,한국에너지공단,한국에너지공단,,,공공기관·정책기금(명단 밖),False,1064000000.0,백만원,False
주식회사 포스코인터내셔널,발전·에너지,20260318001030,사업보고서 (2025.12),별도 감사보고서 · 색인: 15. 차입금 및 사채,95,성공불외화차입금,장기,한국에너지공단,한국에너지공단,,,공공기관·정책기금(명단 밖),False,7045000000.0,백만원,False
주식회사 포스코인터내셔널,발전·에너지,20260318001030,사업보고서 (2025.12),별도 감사보고서 · 색인: 15. 차입금 및 사채,95,기타차입금(주1),장기,한국수출입은행 외,한국수출입은행,,한국수출입은행,명단 금융회사,True,119224000000.0,백만원,False
주식회사 포스코인터내셔널,발전·에너지,20260318001030,사업보고서 (2025.12),별도 감사보고서 · 색인: 15. 차입금 및 사채,95,원화장기차입금,장기,한국에너지공단,한국에너지공단,,,공공기관·정책기금(명단 밖),False,133000000.0,백만원,False
주식회사 포스코인터내셔널,발전·에너지,20260318001030,사업보고서 (2025.12),별도 감사보고서 · 색인: 15. 차입금 및 사채,95,기타차입금(주1),장기,한국농어촌공사 외,한국농어촌공사,,,공공기관·정책기금(명단 밖),True,466317000000.0,백만원,False
주식회사 포스코인터내셔널,발전·에너지,20260318001030,사업보고서 (2025.12),별도 감사보고서 · 색인: 15. 차입금 및 사채,95,외화장기차입금,장기,한국에너지공단,한국에너지공단,,,공공기관·정책기금(명단 밖),False,231000000.0,백만원,False
주식회사 포스코인터내셔널,발전·에너지,20260318001030,사업보고서 (2025.12),별도 감사보고서 · 색인: 15. 차입금 및 사채,95,성공불장기외화차입금(주2),장기,한국에너지공단,한국에너지공단,,,공공기관·정책기금(명단 밖),False,90367000000.0,백만원,False
주식회사 포스코인터내셔널,발전·에너지,20260318001030,사업보고서 (2025.12),별도 감사보고서 · 색인: 15. 차입금 및 사채,95,기타차입금(주1),장기,한국수출입은행 외,한국수출입은행,,한국수출입은행,명단 금융회사,True,322852000000.0,백만원,False
주식회사 포스코인터내셔널,발전·에너지,20260318001030,사업보고서 (2025.12),별도 감사보고서 · 색인: 15. 차입금 및 사채,97,제17-1회무보증사채,사채,제17-1회 무보증사채,제17-1회무보증사채,,,사채(직접금융),False,0.0,백만원,False
주식회사 포스코인터내셔널,발전·에너지,20260318001030,사업보고서 (2025.12),별도 감사보고서 · 색인: 15. 차입금 및 사채,97,제24-2회무보증사채,사채,제24-2회 무보증사채,제24-2회무보증사채,,,사채(직접금융),False,0.0,백만원,False
주식회사 포스코인터내셔널,발전·에너지,20260318001030,사업보고서 (2025.12),별도 감사보고서 · 색인: 15. 차입금 및 사채,97,제24-6회무보증사채,사채,제24-6회 무보증사채,제24-6회무보증사채,,,사채(직접금융),False,0.0,백만원,False
주식회사 포스코인터내셔널,발전·에너지,20260318001030,사업보고서 (2025.12),별도 감사보고서 · 색인: 15. 차입금 및 사채,97,제27회무보증사채,사채,제27회 무보증사채,제27회무보증사채,,,사채(직접금융),False,0.0,백만원,False
주식회사 포스코인터내셔널,발전·에너지,20260318001030,사업보고서 (2025.12),별도 감사보고서 · 색인: 15. 차입금 및 사채,97,제28회무보증사채,사채,제28회 무보증사채,제28회무보증사채,,,사채(직접금융),False,0.0,백만원,False
주식회사 포스코인터내셔널,발전·에너지,20260318001030,사업보고서 (2025.12),별도 감사보고서 · 색인: 15. 차입금 및 사채,97,제29회무보증사채,사채,제29회 무보증사채,제29회무보증사채,,,사채(직접금융),False,0.0,백만원,False
주식회사 포스코인터내셔널,발전·에너지,20260318001030,사업보고서 (2025.12),별도 감사보고서 · 색인: 15. 차입금 및 사채,97,제30-1회무보증사채,사채,제30-1회 무보증사채,제30-1회무보증사채,,,사채(직접금융),False,0.0,백만원,False
주식회사 포스코인터내셔널,발전·에너지,20260318001030,사업보고서 (2025.12),별도 감사보고서 · 색인: 15. 차입금 및 사채,97,제32-1회무보증사채,사채,제32-1회 무보증사채,제32-1회무보증사채,,,사채(직접금융),False,0.0,백만원,False
주식회사 포스코인터내셔널,발전·에너지,20260318001030,사업보고서 (2025.12),별도 감사보고서 · 색인: 15. 차입금 및 사채,97,제25-2회무보증사채,사채,제25-2회 무보증사채,제25-2회무보증사채,,,사채(직접금융),False,80000000000.0,백만원,False
주식회사 포스코인터내셔널,발전·에너지,20260318001030,사업보고서 (2025.12),별도 감사보고서 · 색인: 15. 차입금 및 사채,97,제31회무보증사채,사채,제31회 무보증사채,제31회무보증사채,,,사채(직접금융),False,200000000000.0,백만원,False
주식회사 포스코인터내셔널,발전·에너지,20260318001030,사업보고서 (2025.12),별도 감사보고서 · 색인: 15. 차입금 및 사채,97,제22-3회무보증사채,사채,제22-3회 무보증사채,제22-3회무보증사채,,,사채(직접금융),False,50000000000.0,백만원,False
주식회사 포스코인터내셔널,발전·에너지,20260318001030,사업보고서 (2025.12),별도 감사보고서 · 색인: 15. 차입금 및 사채,97,제22-6회사모사채,사채,제22-6회 사모사채,제22-6회사모사채,,,사채(직접금융),False,50000000000.0,백만원,False
주식회사 포스코인터내셔널,발전·에너지,20260318001030,사업보고서 (2025.12),별도 감사보고서 · 색인: 15. 차입금 및 사채,97,제32-2회무보증사채,사채,제32-2회 무보증사채,제32-2회무보증사채,,,사채(직접금융),False,120000000000.0,백만원,False
주식회사 포스코인터내셔널,발전·에너지,20260318001030,사업보고서 (2025.12),별도 감사보고서 · 색인: 15. 차입금 및 사채,97,제33-1회무보증사채,사채,제33-1회 무보증사채,제33-1회무보증사채,,,사채(직접금융),False,80000000000.0,백만원,False
주식회사 포스코인터내셔널,발전·에너지,20260318001030,사업보고서 (2025.12),별도 감사보고서 · 색인: 15. 차입금 및 사채,97,제22-3회무보증사채,사채,제22-3회 무보증사채,제22-3회무보증사채,,,사채(직접금융),False,0.0,백만원,False
주식회사 포스코인터내셔널,발전·에너지,20260318001030,사업보고서 (2025.12),별도 감사보고서 · 색인: 15. 차입금 및 사채,97,제22-6회사모사채,사채,제22-6회 사모사채,제22-6회사모사채,,,사채(직접금융),False,0.0,백만원,False
주식회사 포스코인터내셔널,발전·에너지,20260318001030,사업보고서 (2025.12),별도 감사보고서 · 색인: 15. 차입금 및 사채,97,제24-4회무보증사채,사채,제24-4회 무보증사채,제24-4회무보증사채,,,사채(직접금융),False,50000000000.0,백만원,False
주식회사 포스코인터내셔널,발전·에너지,20260318001030,사업보고서 (2025.12),별도 감사보고서 · 색인: 15. 차입금 및 사채,97,제24-7회무보증사채,사채,제24-7회 무보증사채,제24-7회무보증사채,,,사채(직접금융),False,40000000000.0,백만원,False
주식회사 포스코인터내셔널,발전·에너지,20260318001030,사업보고서 (2025.12),별도 감사보고서 · 색인: 15. 차입금 및 사채,97,제25-2회무보증사채,사채,제25-2회 무보증사채,제25-2회무보증사채,,,사채(직접금융),False,0.0,백만원,False
주식회사 포스코인터내셔널,발전·에너지,20260318001030,사업보고서 (2025.12),별도 감사보고서 · 색인: 15. 차입금 및 사채,97,제25-3회무보증사채,사채,제25-3회 무보증사채,제25-3회무보증사채,,,사채(직접금융),False,50000000000.0,백만원,False
주식회사 포스코인터내셔널,발전·에너지,20260318001030,사업보고서 (2025.12),별도 감사보고서 · 색인: 15. 차입금 및 사채,97,제30-2회무보증사채,사채,제30-2회 무보증사채,제30-2회무보증사채,,,사채(직접금융),False,40000000000.0,백만원,False
주식회사 포스코인터내셔널,발전·에너지,20260318001030,사업보고서 (2025.12),별도 감사보고서 · 색인: 15. 차입금 및 사채,97,제30-3회사모사채,사채,제30-3회 사모사채,제30-3회사모사채,,,사채(직접금융),False,100000000000.0,백만원,False
주식회사 포스코인터내셔널,발전·에너지,20260318001030,사업보고서 (2025.12),별도 감사보고서 · 색인: 15. 차입금 및 사채,97,제31회무보증사채,사채,제31회 무보증사채,제31회무보증사채,,,사채(직접금융),False,0.0,백만원,False
주식회사 포스코인터내셔널,발전·에너지,20260318001030,사업보고서 (2025.12),별도 감사보고서 · 색인: 15. 차입금 및 사채,97,제32-2회무보증사채,사채,제32-2회 무보증사채,제32-2회무보증사채,,,사채(직접금융),False,0.0,백만원,False
주식회사 포스코인터내셔널,발전·에너지,20260318001030,사업보고서 (2025.12),별도 감사보고서 · 색인: 15. 차입금 및 사채,97,제32-3회무보증사채,사채,제32-3회 무보증사채,제32-3회무보증사채,,,사채(직접금융),False,50000000000.0,백만원,False
주식회사 포스코인터내셔널,발전·에너지,20260318001030,사업보고서 (2025.12),별도 감사보고서 · 색인: 15. 차입금 및 사채,97,제33-1회무보증사채,사채,제33-1회 무보증사채,제33-1회무보증사채,,,사채(직접금융),False,0.0,백만원,False
주식회사 포스코인터내셔널,발전·에너지,20260318001030,사업보고서 (2025.12),별도 감사보고서 · 색인: 15. 차입금 및 사채,97,제33-2회무보증사채,사채,제33-2회 무보증사채,제33-2회무보증사채,,,사채(직접금융),False,190000000000.0,백만원,False
주식회사 포스코인터내셔널,발전·에너지,20260318001030,사업보고서 (2025.12),별도 감사보고서 · 색인: 15. 차입금 및 사채,97,제33-3회무보증사채,사채,제33-3회 무보증사채,제33-3회무보증사채,,,사채(직접금융),False,30000000000.0,백만원,False
주식회사 포스코인터내셔널,발전·에너지,20260318001030,사업보고서 (2025.12),별도 감사보고서 · 색인: 15. 차입금 및 사채,97,제34회사모사채,사채,제34회 사모사채,제34회사모사채,,,사채(직접금융),False,430470000000.0,백만원,False
주식회사 포스코인터내셔널,발전·에너지,20260318001030,사업보고서 (2025.12),별도 감사보고서 · 색인: 15. 차입금 및 사채,97,제35-1회무보증사채,사채,제35-1회 무보증사채,제35-1회무보증사채,,,사채(직접금융),False,100000000000.0,백만원,False
주식회사 포스코인터내셔널,발전·에너지,20260318001030,사업보고서 (2025.12),별도 감사보고서 · 색인: 15. 차입금 및 사채,97,제35-2회무보증사채,사채,제35-2회 무보증사채,제35-2회무보증사채,,,사채(직접금융),False,100000000000.0,백만원,False
주식회사 포스코인터내셔널,발전·에너지,20260318001030,사업보고서 (2025.12),별도 감사보고서 · 색인: 15. 차입금 및 사채,97,제35-3회무보증사채,사채,제35-3회 무보증사채,제35-3회무보증사채,,,사채(직접금융),False,100000000000.0,백만원,False
주식회사 포스코인터내셔널,발전·에너지,20260318001030,사업보고서 (2025.12),별도 감사보고서 · 색인: 15. 차입금 및 사채,97,제36회사모사채,사채,제36회 사모사채,제36회사모사채,,,사채(직접금융),False,430470000000.0,백만원,False
삼성디스플레이 주식회사,전자·반도체,20260318000377,감사보고서 (2025.12),별도 감사보고서 · 색인: 13. 차입금,61,농협은행외5(*1),차입금,농협은행 외 5(*1),농협은행,,농협은행(주),명단 금융회사,True,2011598000000.0,백만원,True
삼성디스플레이 주식회사,전자·반도체,20260318000377,감사보고서 (2025.12),별도 감사보고서 · 색인: 13. 차입금,61,리스부채(삼성전자외)(*2),차입금,리스부채(삼성전자 외)(*2),리스부채(삼성전자외),,,기타(확인 필요),False,28559000000.0,백만원,True
삼성디스플레이 주식회사,전자·반도체,20260318000377,감사보고서 (2025.12),별도 감사보고서 · 색인: 13. 차입금,61,리스부채(삼성전자외)(*2),차입금,리스부채(삼성전자 외)(*2),리스부채(삼성전자외),,,기타(확인 필요),False,55456000000.0,백만원,True
삼성전자 주식회사,전자·반도체,20260310002820,사업보고서 (2025.12),"별도 감사보고서 · 색인: 12. 차입금, 13. 사채",108,담보부차입금(*1),차입금,우리은행 등,우리은행,,㈜우리은행,명단 금융회사,True,15375658000000.0,백만원,False
삼성전자 주식회사,전자·반도체,20260310002820,사업보고서 (2025.12),"별도 감사보고서 · 색인: 12. 차입금, 13. 사채",108,무담보차입금,차입금,삼성디스플레이㈜,삼성디스플레이,,,기타(확인 필요),False,0.0,백만원,False
삼성전자 주식회사,전자·반도체,20260310002820,사업보고서 (2025.12),"별도 감사보고서 · 색인: 12. 차입금, 13. 사채",108,무담보차입금(*3),차입금,삼성디스플레이㈜,삼성디스플레이,,,기타(확인 필요),False,20000000000000.0,백만원,False
삼성전자 주식회사,전자·반도체,20260310002820,사업보고서 (2025.12),"별도 감사보고서 · 색인: 12. 차입금, 13. 사채",108,은행차입금,차입금,한국산업은행,한국산업은행,,한국산업은행,명단 금융회사,False,2000000000000.0,백만원,False
삼성전자 주식회사,전자·반도체,20260310002820,사업보고서 (2025.12),"별도 감사보고서 · 색인: 12. 차입금, 13. 사채",108,은행차입금,차입금,한국산업은행,한국산업은행,,한국산업은행,명단 금융회사,False,800000000000.0,백만원,False
에스케이하이닉스 주식회사,전자·반도체,20260317000635,사업보고서 (2025.12),별도 감사보고서 · 색인: 15. 차입금,70,기업어음,차입금,신한은행,신한은행,,신한은행,명단 금융회사,False,300000000000.0,백만원,False
에스케이하이닉스 주식회사,전자·반도체,20260317000635,사업보고서 (2025.12),별도 감사보고서 · 색인: 15. 차입금,70,일반대출,차입금,농협은행,농협은행,,농협은행(주),명단 금융회사,False,350000000000.0,백만원,False
에스케이하이닉스 주식회사,전자·반도체,20260317000635,사업보고서 (2025.12),별도 감사보고서 · 색인: 15. 차입금,70,시설자금대출,차입금,산업은행 등,산업은행,,한국산업은행,명단 금융회사,True,3164910000000.0,백만원,False
에스케이하이닉스 주식회사,전자·반도체,20260317000635,사업보고서 (2025.12),별도 감사보고서 · 색인: 15. 차입금,70,일반자금대출,차입금,한국수출입은행,한국수출입은행,,한국수출입은행,명단 금융회사,False,850000000000.0,백만원,False
에스케이하이닉스 주식회사,전자·반도체,20260317000635,사업보고서 (2025.12),별도 감사보고서 · 색인: 15. 차입금,71,무보증공모사채,사채,무보증공모사채,무보증공모사채,,,사채(직접금융),False,0.0,백만원,False
에스케이하이닉스 주식회사,전자·반도체,20260317000635,사업보고서 (2025.12),별도 감사보고서 · 색인: 15. 차입금,71,무보증공모사채,사채,무보증공모사채,무보증공모사채,,,사채(직접금융),False,120000000000.0,백만원,False
에스케이하이닉스 주식회사,전자·반도체,20260317000635,사업보고서 (2025.12),별도 감사보고서 · 색인: 15. 차입금,71,무보증공모사채,사채,무보증공모사채,무보증공모사채,,,사채(직접금융),False,250000000000.0,백만원,False
에스케이하이닉스 주식회사,전자·반도체,20260317000635,사업보고서 (2025.12),별도 감사보고서 · 색인: 15. 차입금,71,무보증공모사채,사채,무보증공모사채,무보증공모사채,,,사채(직접금융),False,0.0,백만원,False
에스케이하이닉스 주식회사,전자·반도체,20260317000635,사업보고서 (2025.12),별도 감사보고서 · 색인: 15. 차입금,71,무보증공모사채,사채,무보증공모사채,무보증공모사채,,,사채(직접금융),False,130000000000.0,백만원,False
에스케이하이닉스 주식회사,전자·반도체,20260317000635,사업보고서 (2025.12),별도 감사보고서 · 색인: 15. 차입금,71,무보증공모사채,사채,무보증공모사채,무보증공모사채,,,사채(직접금융),False,230000000000.0,백만원,False
에스케이하이닉스 주식회사,전자·반도체,20260317000635,사업보고서 (2025.12),별도 감사보고서 · 색인: 15. 차입금,71,무보증사모사채,사채,무보증사모사채,무보증사모사채,,,사채(직접금융),False,70000000000.0,백만원,False
에스케이하이닉스 주식회사,전자·반도체,20260317000635,사업보고서 (2025.12),별도 감사보고서 · 색인: 15. 차입금,71,무보증사모사채,사채,무보증사모사채,무보증사모사채,,,사채(직접금융),False,100000000000.0,백만원,False
에스케이하이닉스 주식회사,전자·반도체,20260317000635,사업보고서 (2025.12),별도 감사보고서 · 색인: 15. 차입금,71,무보증공모사채,사채,무보증공모사채,무보증공모사채,,,사채(직접금융),False,360000000000.0,백만원,False
에스케이하이닉스 주식회사,전자·반도체,20260317000635,사업보고서 (2025.12),별도 감사보고서 · 색인: 15. 차입금,71,무보증공모사채,사채,무보증공모사채,무보증공모사채,,,사채(직접금융),False,80000000000.0,백만원,False
에스케이하이닉스 주식회사,전자·반도체,20260317000635,사업보고서 (2025.12),별도 감사보고서 · 색인: 15. 차입금,71,무보증공모사채,사채,무보증공모사채,무보증공모사채,,,사채(직접금융),False,190000000000.0,백만원,False
에스케이하이닉스 주식회사,전자·반도체,20260317000635,사업보고서 (2025.12),별도 감사보고서 · 색인: 15. 차입금,71,무보증공모사채,사채,무보증공모사채,무보증공모사채,,,사채(직접금융),False,430000000000.0,백만원,False
에스케이하이닉스 주식회사,전자·반도체,20260317000635,사업보고서 (2025.12),별도 감사보고서 · 색인: 15. 차입금,71,무보증공모사채,사채,무보증공모사채,무보증공모사채,,,사채(직접금융),False,780000000000.0,백만원,False
에스케이하이닉스 주식회사,전자·반도체,20260317000635,사업보고서 (2025.12),별도 감사보고서 · 색인: 15. 차입금,71,무보증공모사채,사채,무보증공모사채,무보증공모사채,,,사채(직접금융),False,100000000000.0,백만원,False
에스케이하이닉스 주식회사,전자·반도체,20260317000635,사업보고서 (2025.12),별도 감사보고서 · 색인: 15. 차입금,71,무보증공모사채,사채,무보증공모사채,무보증공모사채,,,사채(직접금융),False,80000000000.0,백만원,False
에스케이하이닉스 주식회사,전자·반도체,20260317000635,사업보고서 (2025.12),별도 감사보고서 · 색인: 15. 차입금,71,무보증공모사채,사채,무보증공모사채,무보증공모사채,,,사채(직접금융),False,350000000000.0,백만원,False
에스케이하이닉스 주식회사,전자·반도체,20260317000635,사업보고서 (2025.12),별도 감사보고서 · 색인: 15. 차입금,71,무보증공모사채,사채,무보증공모사채,무보증공모사채,,,사채(직접금융),False,300000000000.0,백만원,False
에스케이하이닉스 주식회사,전자·반도체,20260317000635,사업보고서 (2025.12),별도 감사보고서 · 색인: 15. 차입금,71,무보증공모사채,사채,무보증공모사채,무보증공모사채,,,사채(직접금융),False,100000000000.0,백만원,False
에스케이하이닉스 주식회사,전자·반도체,20260317000635,사업보고서 (2025.12),별도 감사보고서 · 색인: 15. 차입금,71,무보증공모사채,사채,무보증공모사채,무보증공모사채,,,사채(직접금융),False,440000000000.0,백만원,False
에스케이하이닉스 주식회사,전자·반도체,20260317000635,사업보고서 (2025.12),별도 감사보고서 · 색인: 15. 차입금,71,무보증공모사채,사채,무보증공모사채,무보증공모사채,,,사채(직접금융),False,190000000000.0,백만원,False
에스케이하이닉스 주식회사,전자·반도체,20260317000635,사업보고서 (2025.12),별도 감사보고서 · 색인: 15. 차입금,71,무보증공모사채,사채,무보증공모사채,무보증공모사채,,,사채(직접금융),False,70000000000.0,백만원,False
에스케이하이닉스 주식회사,전자·반도체,20260317000635,사업보고서 (2025.12),별도 감사보고서 · 색인: 15. 차입금,71,해외무보증사채,사채,해외무보증사채,해외무보증사채,,,사채(직접금융),False,1434900000000.0,백만원,False
에스케이하이닉스 주식회사,전자·반도체,20260317000635,사업보고서 (2025.12),별도 감사보고서 · 색인: 15. 차입금,71,해외무보증사채,사채,해외무보증사채,해외무보증사채,,,사채(직접금융),False,1434900000000.0,백만원,False
에스케이하이닉스 주식회사,전자·반도체,20260317000635,사업보고서 (2025.12),별도 감사보고서 · 색인: 15. 차입금,71,해외무보증사채,사채,해외무보증사채,해외무보증사채,,,사채(직접금융),False,1076175000000.0,백만원,False
에스케이하이닉스 주식회사,전자·반도체,20260317000635,사업보고서 (2025.12),별도 감사보고서 · 색인: 15. 차입금,71,해외무보증사채,사채,해외무보증사채,해외무보증사채,,,사채(직접금융),False,1434900000000.0,백만원,False
에스케이하이닉스 주식회사,전자·반도체,20260317000635,사업보고서 (2025.12),별도 감사보고서 · 색인: 15. 차입금,71,해외무보증사채,사채,해외무보증사채,해외무보증사채,,,사채(직접금융),False,1076175000000.0,백만원,False
에스케이하이닉스 주식회사,전자·반도체,20260317000635,사업보고서 (2025.12),별도 감사보고서 · 색인: 15. 차입금,71,해외무보증사채,사채,해외무보증사채,해외무보증사채,,,사채(직접금융),False,0.0,백만원,False
에스케이하이닉스 주식회사,전자·반도체,20260317000635,사업보고서 (2025.12),별도 감사보고서 · 색인: 15. 차입금,71,해외무보증사채,사채,해외무보증사채,해외무보증사채,,,사채(직접금융),False,717450000000.0,백만원,False
에스케이하이닉스 주식회사,전자·반도체,20260317000635,사업보고서 (2025.12),별도 감사보고서 · 색인: 15. 차입금,71,해외무보증사채,사채,해외무보증사채,해외무보증사채,,,사채(직접금융),False,1434900000000.0,백만원,False
에스케이하이닉스 주식회사,전자·반도체,20260317000635,사업보고서 (2025.12),별도 감사보고서 · 색인: 15. 차입금,71,해외무보증사채,사채,해외무보증사채,해외무보증사채,,,사채(직접금융),False,860940000000.0,백만원,False
에스케이하이닉스 주식회사,전자·반도체,20260317000635,사업보고서 (2025.12),별도 감사보고서 · 색인: 15. 차입금,71,해외무보증사채,사채,해외무보증사채,해외무보증사채,,,사채(직접금융),False,860940000000.0,백만원,False
에스케이하이닉스 주식회사,전자·반도체,20260317000635,사업보고서 (2025.12),별도 감사보고서 · 색인: 15. 차입금,71,해외무보증사채,사채,해외무보증사채,해외무보증사채,,,사채(직접금융),False,1059530000000.0,백만원,False
SK이노베이션(주),발전·에너지,20260316000827,사업보고서 (2025.12),별도 감사보고서 · 색인: 15. 사채 및 차입금,242,기업어음,단기,신한은행 외,신한은행,,신한은행,명단 금융회사,True,548469000000.0,백만원,False
SK이노베이션(주),발전·에너지,20260316000827,사업보고서 (2025.12),별도 감사보고서 · 색인: 15. 사채 및 차입금,242,일반차입금,단기,우리은행 외,우리은행,,㈜우리은행,명단 금융회사,True,1414858000000.0,백만원,False
SK이노베이션(주),발전·에너지,20260316000827,사업보고서 (2025.12),별도 감사보고서 · 색인: 15. 사채 및 차입금,244,5-3회,사채,5-3회,5-3회,,,사채(직접금융),False,10000000000.0,백만원,False
SK이노베이션(주),발전·에너지,20260316000827,사업보고서 (2025.12),별도 감사보고서 · 색인: 15. 사채 및 차입금,244,7-1회,사채,7-1회,7-1회,,,사채(직접금융),False,240000000000.0,백만원,False
SK이노베이션(주),발전·에너지,20260316000827,사업보고서 (2025.12),별도 감사보고서 · 색인: 15. 사채 및 차입금,244,7-2회,사채,7-2회,7-2회,,,사채(직접금융),False,200000000000.0,백만원,False
SK이노베이션(주),발전·에너지,20260316000827,사업보고서 (2025.12),별도 감사보고서 · 색인: 15. 사채 및 차입금,244,7-3회,사채,7-3회,7-3회,,,사채(직접금융),False,100000000000.0,백만원,False
SK이노베이션(주),발전·에너지,20260316000827,사업보고서 (2025.12),별도 감사보고서 · 색인: 15. 사채 및 차입금,244,7-4회,사채,7-4회,7-4회,,,사채(직접금융),False,60000000000.0,백만원,False
SK이노베이션(주),발전·에너지,20260316000827,사업보고서 (2025.12),별도 감사보고서 · 색인: 15. 사채 및 차입금,244,8-3회,사채,8-3회,8-3회,,,사채(직접금융),False,10000000000.0,백만원,False
SK이노베이션(주),발전·에너지,20260316000827,사업보고서 (2025.12),별도 감사보고서 · 색인: 15. 사채 및 차입금,244,9-2회,사채,9-2회,9-2회,,,사채(직접금융),False,0.0,백만원,False
SK이노베이션(주),발전·에너지,20260316000827,사업보고서 (2025.12),별도 감사보고서 · 색인: 15. 사채 및 차입금,244,9-3회,사채,9-3회,9-3회,,,사채(직접금융),False,42000000000.0,백만원,False
SK이노베이션(주),발전·에너지,20260316000827,사업보고서 (2025.12),별도 감사보고서 · 색인: 15. 사채 및 차입금,244,10-2회,사채,10-2회,10-2회,,,사채(직접금융),False,20000000000.0,백만원,False
SK이노베이션(주),발전·에너지,20260316000827,사업보고서 (2025.12),별도 감사보고서 · 색인: 15. 사채 및 차입금,244,10-3회,사채,10-3회,10-3회,,,사채(직접금융),False,40000000000.0,백만원,False
SK이노베이션(주),발전·에너지,20260316000827,사업보고서 (2025.12),별도 감사보고서 · 색인: 15. 사채 및 차입금,244,10-4회,사채,10-4회,10-4회,,,사채(직접금융),False,10000000000.0,백만원,False
SK이노베이션(주),발전·에너지,20260316000827,사업보고서 (2025.12),별도 감사보고서 · 색인: 15. 사채 및 차입금,244,11-1회,사채,11-1회,11-1회,,,사채(직접금융),False,0.0,백만원,False
SK이노베이션(주),발전·에너지,20260316000827,사업보고서 (2025.12),별도 감사보고서 · 색인: 15. 사채 및 차입금,244,11-2회,사채,11-2회,11-2회,,,사채(직접금융),False,90000000000.0,백만원,False
SK이노베이션(주),발전·에너지,20260316000827,사업보고서 (2025.12),별도 감사보고서 · 색인: 15. 사채 및 차입금,244,12-1회,사채,12-1회,12-1회,,,사채(직접금융),False,150000000000.0,백만원,False
SK이노베이션(주),발전·에너지,20260316000827,사업보고서 (2025.12),별도 감사보고서 · 색인: 15. 사채 및 차입금,244,12-2회,사채,12-2회,12-2회,,,사채(직접금융),False,250000000000.0,백만원,False
SK이노베이션(주),발전·에너지,20260316000827,사업보고서 (2025.12),별도 감사보고서 · 색인: 15. 사채 및 차입금,244,13-1회,사채,13-1회,13-1회,,,사채(직접금융),False,220000000000.0,백만원,False
SK이노베이션(주),발전·에너지,20260316000827,사업보고서 (2025.12),별도 감사보고서 · 색인: 15. 사채 및 차입금,244,13-2회,사채,13-2회,13-2회,,,사채(직접금융),False,130000000000.0,백만원,False
SK이노베이션(주),발전·에너지,20260316000827,사업보고서 (2025.12),별도 감사보고서 · 색인: 15. 사채 및 차입금,244,13-3회,사채,13-3회,13-3회,,,사채(직접금융),False,50000000000.0,백만원,False
SK이노베이션(주),발전·에너지,20260316000827,사업보고서 (2025.12),별도 감사보고서 · 색인: 15. 사채 및 차입금,244,14-1회,사채,14-1회,14-1회,,,사채(직접금융),False,320000000000.0,백만원,False
SK이노베이션(주),발전·에너지,20260316000827,사업보고서 (2025.12),별도 감사보고서 · 색인: 15. 사채 및 차입금,244,14-2회,사채,14-2회,14-2회,,,사채(직접금융),False,180000000000.0,백만원,False
SK이노베이션(주),발전·에너지,20260316000827,사업보고서 (2025.12),별도 감사보고서 · 색인: 15. 사채 및 차입금,244,15회,사채,15회,15회,,,사채(직접금융),False,50000000000.0,백만원,False
SK이노베이션(주),발전·에너지,20260316000827,사업보고서 (2025.12),별도 감사보고서 · 색인: 15. 사채 및 차입금,244,23-1회,사채,23-1회,23-1회,,,사채(직접금융),False,350000000000.0,백만원,False
SK이노베이션(주),발전·에너지,20260316000827,사업보고서 (2025.12),별도 감사보고서 · 색인: 15. 사채 및 차입금,244,23-2회,사채,23-2회,23-2회,,,사채(직접금융),False,290000000000.0,백만원,False
SK이노베이션(주),발전·에너지,20260316000827,사업보고서 (2025.12),별도 감사보고서 · 색인: 15. 사채 및 차입금,244,23-3회,사채,23-3회,23-3회,,,사채(직접금융),False,160000000000.0,백만원,False
SK이노베이션(주),발전·에너지,20260316000827,사업보고서 (2025.12),별도 감사보고서 · 색인: 15. 사채 및 차입금,244,24-1회,사채,24-1회,24-1회,,,사채(직접금융),False,170000000000.0,백만원,False
SK이노베이션(주),발전·에너지,20260316000827,사업보고서 (2025.12),별도 감사보고서 · 색인: 15. 사채 및 차입금,244,24-2회,사채,24-2회,24-2회,,,사채(직접금융),False,290000000000.0,백만원,False
SK이노베이션(주),발전·에너지,20260316000827,사업보고서 (2025.12),별도 감사보고서 · 색인: 15. 사채 및 차입금,244,24-3회,사채,24-3회,24-3회,,,사채(직접금융),False,140000000000.0,백만원,False
SK이노베이션(주),발전·에너지,20260316000827,사업보고서 (2025.12),별도 감사보고서 · 색인: 15. 사채 및 차입금,244,제1회교환사채,사채,제1회 교환사채,제1회교환사채,,,사채(직접금융),False,259263000000.0,백만원,False
SK이노베이션(주),발전·에너지,20260316000827,사업보고서 (2025.12),별도 감사보고서 · 색인: 15. 사채 및 차입금,244,제1회전환사채,사채,제1회 전환사채,제1회전환사채,,,사채(직접금융),False,600009000000.0,백만원,False
SK이노베이션(주),발전·에너지,20260316000827,사업보고서 (2025.12),별도 감사보고서 · 색인: 15. 사채 및 차입금,248,일반차입금,장기,국민은행,국민은행,,국민은행,명단 금융회사,False,0.0,백만원,False
SK이노베이션(주),발전·에너지,20260316000827,사업보고서 (2025.12),별도 감사보고서 · 색인: 15. 사채 및 차입금,248,일반차입금,장기,우리은행,우리은행,,㈜우리은행,명단 금융회사,False,0.0,백만원,False
SK이노베이션(주),발전·에너지,20260316000827,사업보고서 (2025.12),별도 감사보고서 · 색인: 15. 사채 및 차입금,248,특수관계자차입금,장기,이엔에스시티가스 외,이엔에스시티가스,,,기타(확인 필요),True,3647848000000.0,백만원,False
SK이노베이션(주),발전·에너지,20260316000827,사업보고서 (2025.12),별도 감사보고서 · 색인: 15. 사채 및 차입금,248,일반차입금,장기,농협은행 외,농협은행,,농협은행(주),명단 금융회사,True,560903000000.0,백만원,False
SK이노베이션(주),발전·에너지,20260316000827,사업보고서 (2025.12),별도 감사보고서 · 색인: 15. 사채 및 차입금,250,정책자금(주1),장기,한국에너지공단,한국에너지공단,,,공공기관·정책기금(명단 밖),False,118253000000.0,백만원,False
SK이노베이션(주),발전·에너지,20260316000827,사업보고서 (2025.12),별도 감사보고서 · 색인: 15. 사채 및 차입금,250,일반차입금,장기,한국수출입은행 외,한국수출입은행,,한국수출입은행,명단 금융회사,True,796513000000.0,백만원,False
현대자동차 주식회사,자동차,20260318001394,사업보고서 (2025.12),별도 감사보고서 · 색인: 14. 차입금 및 사채,122,매출채권담보차입,단기,신한은행 외,신한은행,,신한은행,명단 금융회사,True,1002501000000.0,백만원,False
현대자동차 주식회사,자동차,20260318001394,사업보고서 (2025.12),별도 감사보고서 · 색인: 14. 차입금 및 사채,122,Banker'sUsance,단기,하나은행 외,하나은행,,하나은행,명단 금융회사,True,26000000.0,백만원,False
현대자동차 주식회사,자동차,20260318001394,사업보고서 (2025.12),별도 감사보고서 · 색인: 14. 차입금 및 사채,124,외화일반차입,장기,HYUNDAI MOTORAMERICA,HYUNDAIMOTORAMERICA,,,기타(확인 필요),False,1542518000000.0,백만원,False
현대자동차 주식회사,자동차,20260318001394,사업보고서 (2025.12),별도 감사보고서 · 색인: 14. 차입금 및 사채,126,무보증공모사채,사채,무보증공모사채,무보증공모사채,,,사채(직접금융),False,0.0,백만원,False
현대자동차 주식회사,자동차,20260318001394,사업보고서 (2025.12),별도 감사보고서 · 색인: 14. 차입금 및 사채,126,무보증공모사채,사채,무보증공모사채,무보증공모사채,,,사채(직접금융),False,80000000000.0,백만원,False
현대자동차 주식회사,자동차,20260318001394,사업보고서 (2025.12),별도 감사보고서 · 색인: 14. 차입금 및 사채,126,무보증공모사채,사채,무보증공모사채,무보증공모사채,,,사채(직접금융),False,180000000000.0,백만원,False
현대자동차 주식회사,자동차,20260318001394,사업보고서 (2025.12),별도 감사보고서 · 색인: 14. 차입금 및 사채,126,무보증공모사채,사채,무보증공모사채,무보증공모사채,,,사채(직접금융),False,70000000000.0,백만원,False
씨지앤율촌전력 주식회사,발전·에너지,20260401001077,감사보고서 (2025.12),별도 감사보고서 · 목차: 7. 장기차입금보고기간종료일 현재의 당사,42,(주)신한은행,장기,(주)신한은행,신한은행,,신한은행,명단 금융회사,False,6388800000.0,천원,False
씨지앤율촌전력 주식회사,발전·에너지,20260401001077,감사보고서 (2025.12),별도 감사보고서 · 목차: 7. 장기차입금보고기간종료일 현재의 당사,42,산업시설자금FC3,장기,(주)신한은행,신한은행,,신한은행,명단 금융회사,False,7080270000.0,천원,False
씨지앤율촌전력 주식회사,발전·에너지,20260401001077,감사보고서 (2025.12),별도 감사보고서 · 목차: 7. 장기차입금보고기간종료일 현재의 당사,42,산업시설자금FC4,장기,(주)신한은행,신한은행,,신한은행,명단 금융회사,False,19000000000.0,천원,False
씨지앤율촌전력 주식회사,발전·에너지,20260401001077,감사보고서 (2025.12),별도 감사보고서 · 목차: 7. 장기차입금보고기간종료일 현재의 당사,42,(주)신한은행등,장기,(주)신한은행 등,신한은행,,신한은행,명단 금융회사,True,221066810000.0,천원,False
씨지앤율촌전력 주식회사,발전·에너지,20260401001077,감사보고서 (2025.12),별도 감사보고서 · 목차: 7. 장기차입금보고기간종료일 현재의 당사,42,(주)신한은행,장기,(주)신한은행,신한은행,,신한은행,명단 금융회사,False,75000000.0,천원,False
지에스이피에스,발전·에너지,20260318000150,사업보고서 (2025.12),별도 감사보고서 · 색인: 20. 차입금 및 사채 · 수동 입력(replace),-1,수동 입력,단기,한국수출입은행,한국수출입은행,,한국수출입은행,명단 금융회사,False,80000000000.0,억원,False
지에스이피에스,발전·에너지,20260318000150,사업보고서 (2025.12),별도 감사보고서 · 색인: 20. 차입금 및 사채 · 수동 입력(replace),-1,수동 입력,장기(유동성),한국산업은행,한국산업은행,,한국산업은행,명단 금융회사,False,50000000000.0,억원,False
지에스이피에스,발전·에너지,20260318000150,사업보고서 (2025.12),별도 감사보고서 · 색인: 20. 차입금 및 사채 · 수동 입력(replace),-1,수동 입력,사채,사채,사채,,,사채(직접금융),False,549338000000.0,억원,False
한국남동발전,발전·에너지,20260331002847,사업보고서 (2025.12),"별도 감사보고서 · 목차: 19. 차입금, 사채 및 유동화채무",74,원화단기차입금,단기,농협은행,농협은행,,농협은행(주),명단 금융회사,False,0.0,원,False
한국남동발전,발전·에너지,20260331002847,사업보고서 (2025.12),"별도 감사보고서 · 목차: 19. 차입금, 사채 및 유동화채무",74,원화단기차입금,단기,농협은행,농협은행,,농협은행(주),명단 금융회사,False,122400000000.0,원,False
한국남동발전,발전·에너지,20260331002847,사업보고서 (2025.12),"별도 감사보고서 · 목차: 19. 차입금, 사채 및 유동화채무",74,원화단기차입금,단기,아이엠증권 등,아이엠증권,증권사(CP·전단채 중개 추정),,금융회사(명단 밖),True,40000000000.0,원,False
한국남동발전,발전·에너지,20260331002847,사업보고서 (2025.12),"별도 감사보고서 · 목차: 19. 차입금, 사채 및 유동화채무",74,원화단기차입금,단기,SK증권,SK증권,증권사(CP·전단채 중개 추정),SK증권(주),명단 금융회사,False,130000000000.0,원,False
한국남동발전,발전·에너지,20260331002847,사업보고서 (2025.12),"별도 감사보고서 · 목차: 19. 차입금, 사채 및 유동화채무",74,원화단기차입금,단기,유진투자증권 등,유진투자증권,증권사(CP·전단채 중개 추정),유진투자증권(주),명단 금융회사,True,100000000000.0,원,False
한국남동발전,발전·에너지,20260331002847,사업보고서 (2025.12),"별도 감사보고서 · 목차: 19. 차입금, 사채 및 유동화채무",75,원화장기차입금,장기,하나은행,하나은행,,하나은행,명단 금융회사,False,1827320000.0,원,True
한국남동발전,발전·에너지,20260331002847,사업보고서 (2025.12),"별도 감사보고서 · 목차: 19. 차입금, 사채 및 유동화채무",76,29-1회공모채,사채,29-1회 공모채,29-1회공모채,,,사채(직접금융),False,100000000000.0,원,True
한국남동발전,발전·에너지,20260331002847,사업보고서 (2025.12),"별도 감사보고서 · 목차: 19. 차입금, 사채 및 유동화채무",76,29-2회공모채,사채,29-2회 공모채,29-2회공모채,,,사채(직접금융),False,100000000000.0,원,True
한국남동발전,발전·에너지,20260331002847,사업보고서 (2025.12),"별도 감사보고서 · 목차: 19. 차입금, 사채 및 유동화채무",76,42회공모채,사채,42회 공모채,42회공모채,,,사채(직접금융),False,100000000000.0,원,True
한국남동발전,발전·에너지,20260331002847,사업보고서 (2025.12),"별도 감사보고서 · 목차: 19. 차입금, 사채 및 유동화채무",76,43-2회차사채,사채,43-2회차 사채,43-2회차사채,,,사채(직접금융),False,50000000000.0,원,True
한국남동발전,발전·에너지,20260331002847,사업보고서 (2025.12),"별도 감사보고서 · 목차: 19. 차입금, 사채 및 유동화채무",76,43-3회차사채,사채,43-3회차 사채,43-3회차사채,,,사채(직접금융),False,100000000000.0,원,True
한국남동발전,발전·에너지,20260331002847,사업보고서 (2025.12),"별도 감사보고서 · 목차: 19. 차입금, 사채 및 유동화채무",76,43-4회차사채,사채,43-4회차 사채,43-4회차사채,,,사채(직접금융),False,30000000000.0,원,True
한국남동발전,발전·에너지,20260331002847,사업보고서 (2025.12),"별도 감사보고서 · 목차: 19. 차입금, 사채 및 유동화채무",76,44-2회차사채,사채,44-2회차 사채,44-2회차사채,,,사채(직접금융),False,70000000000.0,원,True
한국남동발전,발전·에너지,20260331002847,사업보고서 (2025.12),"별도 감사보고서 · 목차: 19. 차입금, 사채 및 유동화채무",76,44-3회차사채,사채,44-3회차 사채,44-3회차사채,,,사채(직접금융),False,120000000000.0,원,True
한국남동발전,발전·에너지,20260331002847,사업보고서 (2025.12),"별도 감사보고서 · 목차: 19. 차입금, 사채 및 유동화채무",76,45-2회차사채,사채,45-2회차 사채,45-2회차사채,,,사채(직접금융),False,50000000000.0,원,True
한국남동발전,발전·에너지,20260331002847,사업보고서 (2025.12),"별도 감사보고서 · 목차: 19. 차입금, 사채 및 유동화채무",76,45-3회차사채,사채,45-3회차 사채,45-3회차사채,,,사채(직접금융),False,30000000000.0,원,True
한국남동발전,발전·에너지,20260331002847,사업보고서 (2025.12),"별도 감사보고서 · 목차: 19. 차입금, 사채 및 유동화채무",76,46-1회차사채,사채,46-1회차 사채,46-1회차사채,,,사채(직접금융),False,30000000000.0,원,True
한국남동발전,발전·에너지,20260331002847,사업보고서 (2025.12),"별도 감사보고서 · 목차: 19. 차입금, 사채 및 유동화채무",76,46-2회차사채,사채,46-2회차 사채,46-2회차사채,,,사채(직접금융),False,20000000000.0,원,True
한국남동발전,발전·에너지,20260331002847,사업보고서 (2025.12),"별도 감사보고서 · 목차: 19. 차입금, 사채 및 유동화채무",76,46-3회차사채,사채,46-3회차 사채,46-3회차사채,,,사채(직접금융),False,80000000000.0,원,True
한국남동발전,발전·에너지,20260331002847,사업보고서 (2025.12),"별도 감사보고서 · 목차: 19. 차입금, 사채 및 유동화채무",76,47-1회차사채,사채,47-1회차 사채,47-1회차사채,,,사채(직접금융),False,30000000000.0,원,True
한국남동발전,발전·에너지,20260331002847,사업보고서 (2025.12),"별도 감사보고서 · 목차: 19. 차입금, 사채 및 유동화채무",76,47-2회차사채,사채,47-2회차 사채,47-2회차사채,,,사채(직접금융),False,140000000000.0,원,True
한국남동발전,발전·에너지,20260331002847,사업보고서 (2025.12),"별도 감사보고서 · 목차: 19. 차입금, 사채 및 유동화채무",76,48-1회차사채,사채,48-1회차 사채,48-1회차사채,,,사채(직접금융),False,180000000000.0,원,True
한국남동발전,발전·에너지,20260331002847,사업보고서 (2025.12),"별도 감사보고서 · 목차: 19. 차입금, 사채 및 유동화채무",76,48-2회차사채,사채,48-2회차 사채,48-2회차사채,,,사채(직접금융),False,90000000000.0,원,True
한국남동발전,발전·에너지,20260331002847,사업보고서 (2025.12),"별도 감사보고서 · 목차: 19. 차입금, 사채 및 유동화채무",76,48-3회차사채,사채,48-3회차 사채,48-3회차사채,,,사채(직접금융),False,30000000000.0,원,True
한국남동발전,발전·에너지,20260331002847,사업보고서 (2025.12),"별도 감사보고서 · 목차: 19. 차입금, 사채 및 유동화채무",76,49-1회차사채,사채,49-1회차 사채,49-1회차사채,,,사채(직접금융),False,140000000000.0,원,True
한국남동발전,발전·에너지,20260331002847,사업보고서 (2025.12),"별도 감사보고서 · 목차: 19. 차입금, 사채 및 유동화채무",76,49-2회차사채,사채,49-2회차 사채,49-2회차사채,,,사채(직접금융),False,50000000000.0,원,True
한국남동발전,발전·에너지,20260331002847,사업보고서 (2025.12),"별도 감사보고서 · 목차: 19. 차입금, 사채 및 유동화채무",76,50-2회차사채,사채,50-2회차 사채,50-2회차사채,,,사채(직접금융),False,100000000000.0,원,True
한국남동발전,발전·에너지,20260331002847,사업보고서 (2025.12),"별도 감사보고서 · 목차: 19. 차입금, 사채 및 유동화채무",76,51-2회차사채,사채,51-2회차 사채,51-2회차사채,,,사채(직접금융),False,70000000000.0,원,True
한국남동발전,발전·에너지,20260331002847,사업보고서 (2025.12),"별도 감사보고서 · 목차: 19. 차입금, 사채 및 유동화채무",76,52-2회차사채,사채,52-2회차 사채,52-2회차사채,,,사채(직접금융),False,10000000000.0,원,True
한국남동발전,발전·에너지,20260331002847,사업보고서 (2025.12),"별도 감사보고서 · 목차: 19. 차입금, 사채 및 유동화채무",76,53-1회차사채,사채,53-1회차 사채,53-1회차사채,,,사채(직접금융),False,0.0,원,True
한국남동발전,발전·에너지,20260331002847,사업보고서 (2025.12),"별도 감사보고서 · 목차: 19. 차입금, 사채 및 유동화채무",76,53-2회차사채,사채,53-2회차 사채,53-2회차사채,,,사채(직접금융),False,10000000000.0,원,True
한국남동발전,발전·에너지,20260331002847,사업보고서 (2025.12),"별도 감사보고서 · 목차: 19. 차입금, 사채 및 유동화채무",76,53-3회차사채,사채,53-3회차 사채,53-3회차사채,,,사채(직접금융),False,40000000000.0,원,True
한국남동발전,발전·에너지,20260331002847,사업보고서 (2025.12),"별도 감사보고서 · 목차: 19. 차입금, 사채 및 유동화채무",76,54-2회차사채,사채,54-2회차 사채,54-2회차사채,,,사채(직접금융),False,0.0,원,True
한국남동발전,발전·에너지,20260331002847,사업보고서 (2025.12),"별도 감사보고서 · 목차: 19. 차입금, 사채 및 유동화채무",76,54-3회차사채,사채,54-3회차 사채,54-3회차사채,,,사채(직접금융),False,50000000000.0,원,True
한국남동발전,발전·에너지,20260331002847,사업보고서 (2025.12),"별도 감사보고서 · 목차: 19. 차입금, 사채 및 유동화채무",76,54-4회차사채,사채,54-4회차 사채,54-4회차사채,,,사채(직접금융),False,10000000000.0,원,True
한국남동발전,발전·에너지,20260331002847,사업보고서 (2025.12),"별도 감사보고서 · 목차: 19. 차입금, 사채 및 유동화채무",76,55-2회차사채,사채,55-2회차 사채,55-2회차사채,,,사채(직접금융),False,0.0,원,True
한국남동발전,발전·에너지,20260331002847,사업보고서 (2025.12),"별도 감사보고서 · 목차: 19. 차입금, 사채 및 유동화채무",76,56-3회차사채,사채,56-3회차 사채,56-3회차사채,,,사채(직접금융),False,0.0,원,True
한국남동발전,발전·에너지,20260331002847,사업보고서 (2025.12),"별도 감사보고서 · 목차: 19. 차입금, 사채 및 유동화채무",76,56-4회차사채,사채,56-4회차 사채,56-4회차사채,,,사채(직접금융),False,50000000000.0,원,True
한국남동발전,발전·에너지,20260331002847,사업보고서 (2025.12),"별도 감사보고서 · 목차: 19. 차입금, 사채 및 유동화채무",76,57-2회차사채,사채,57-2회차 사채,57-2회차사채,,,사채(직접금융),False,50000000000.0,원,True
한국남동발전,발전·에너지,20260331002847,사업보고서 (2025.12),"별도 감사보고서 · 목차: 19. 차입금, 사채 및 유동화채무",76,58-1회차사채,사채,58-1회차 사채,58-1회차사채,,,사채(직접금융),False,0.0,원,True
한국남동발전,발전·에너지,20260331002847,사업보고서 (2025.12),"별도 감사보고서 · 목차: 19. 차입금, 사채 및 유동화채무",76,58-2회차사채,사채,58-2회차 사채,58-2회차사채,,,사채(직접금융),False,30000000000.0,원,True
한국남동발전,발전·에너지,20260331002847,사업보고서 (2025.12),"별도 감사보고서 · 목차: 19. 차입금, 사채 및 유동화채무",76,해외6회채,사채,해외 6회채,해외6회채,,,사채(직접금융),False,0.0,원,True
한국남동발전,발전·에너지,20260331002847,사업보고서 (2025.12),"별도 감사보고서 · 목차: 19. 차입금, 사채 및 유동화채무",76,해외7회채,사채,해외 7회채,해외7회채,,,사채(직접금융),False,430470000000.0,원,True
한국남동발전,발전·에너지,20260331002847,사업보고서 (2025.12),"별도 감사보고서 · 목차: 19. 차입금, 사채 및 유동화채무",76,59-1회차사채,사채,59-1회차 사채,59-1회차사채,,,사채(직접금융),False,70000000000.0,원,True
한국남동발전,발전·에너지,20260331002847,사업보고서 (2025.12),"별도 감사보고서 · 목차: 19. 차입금, 사채 및 유동화채무",76,59-2회차사채,사채,59-2회차 사채,59-2회차사채,,,사채(직접금융),False,50000000000.0,원,True
한국남동발전,발전·에너지,20260331002847,사업보고서 (2025.12),"별도 감사보고서 · 목차: 19. 차입금, 사채 및 유동화채무",76,59-3회차사채,사채,59-3회차 사채,59-3회차사채,,,사채(직접금융),False,30000000000.0,원,True
한국남동발전,발전·에너지,20260331002847,사업보고서 (2025.12),"별도 감사보고서 · 목차: 19. 차입금, 사채 및 유동화채무",76,60-1회차사채,사채,60-1회차 사채,60-1회차사채,,,사채(직접금융),False,30000000000.0,원,True
한국남동발전,발전·에너지,20260331002847,사업보고서 (2025.12),"별도 감사보고서 · 목차: 19. 차입금, 사채 및 유동화채무",76,60-2회차사채,사채,60-2회차 사채,60-2회차사채,,,사채(직접금융),False,70000000000.0,원,True
한국남동발전,발전·에너지,20260331002847,사업보고서 (2025.12),"별도 감사보고서 · 목차: 19. 차입금, 사채 및 유동화채무",76,60-3회차사채,사채,60-3회차 사채,60-3회차사채,,,사채(직접금융),False,50000000000.0,원,True
한국남동발전,발전·에너지,20260331002847,사업보고서 (2025.12),"별도 감사보고서 · 목차: 19. 차입금, 사채 및 유동화채무",76,61-1회차사채,사채,61-1회차 사채,61-1회차사채,,,사채(직접금융),False,50000000000.0,원,True
한국남동발전,발전·에너지,20260331002847,사업보고서 (2025.12),"별도 감사보고서 · 목차: 19. 차입금, 사채 및 유동화채무",76,61-2회차사채,사채,61-2회차 사채,61-2회차사채,,,사채(직접금융),False,60000000000.0,원,True
한국남동발전,발전·에너지,20260331002847,사업보고서 (2025.12),"별도 감사보고서 · 목차: 19. 차입금, 사채 및 유동화채무",76,62-1회차사채,사채,62-1회차 사채,62-1회차사채,,,사채(직접금융),False,40000000000.0,원,True
한국남동발전,발전·에너지,20260331002847,사업보고서 (2025.12),"별도 감사보고서 · 목차: 19. 차입금, 사채 및 유동화채무",76,62-2회차사채,사채,62-2회차 사채,62-2회차사채,,,사채(직접금융),False,70000000000.0,원,True
한국남동발전,발전·에너지,20260331002847,사업보고서 (2025.12),"별도 감사보고서 · 목차: 19. 차입금, 사채 및 유동화채무",76,63-1회차사채,사채,63-1회차 사채,63-1회차사채,,,사채(직접금융),False,140000000000.0,원,True
한국남동발전,발전·에너지,20260331002847,사업보고서 (2025.12),"별도 감사보고서 · 목차: 19. 차입금, 사채 및 유동화채무",76,63-2회차사채,사채,63-2회차 사채,63-2회차사채,,,사채(직접금융),False,110000000000.0,원,True
한국남동발전,발전·에너지,20260331002847,사업보고서 (2025.12),"별도 감사보고서 · 목차: 19. 차입금, 사채 및 유동화채무",76,63-3회차사채,사채,63-3회차 사채,63-3회차사채,,,사채(직접금융),False,40000000000.0,원,True
한국남동발전,발전·에너지,20260331002847,사업보고서 (2025.12),"별도 감사보고서 · 목차: 19. 차입금, 사채 및 유동화채무",76,64-1회차사채,사채,64-1회차 사채,64-1회차사채,,,사채(직접금융),False,70000000000.0,원,True
한국남동발전,발전·에너지,20260331002847,사업보고서 (2025.12),"별도 감사보고서 · 목차: 19. 차입금, 사채 및 유동화채무",76,64-2회차사채,사채,64-2회차 사채,64-2회차사채,,,사채(직접금융),False,60000000000.0,원,True
한국남동발전,발전·에너지,20260331002847,사업보고서 (2025.12),"별도 감사보고서 · 목차: 19. 차입금, 사채 및 유동화채무",76,65회차사채,사채,65회차 사채,65회차사채,,,사채(직접금융),False,150000000000.0,원,True
한국남동발전,발전·에너지,20260331002847,사업보고서 (2025.12),"별도 감사보고서 · 목차: 19. 차입금, 사채 및 유동화채무",76,66-1회차사채,사채,66-1회차 사채,66-1회차사채,,,사채(직접금융),False,60000000000.0,원,True
한국남동발전,발전·에너지,20260331002847,사업보고서 (2025.12),"별도 감사보고서 · 목차: 19. 차입금, 사채 및 유동화채무",76,66-2회차사채,사채,66-2회차 사채,66-2회차사채,,,사채(직접금융),False,50000000000.0,원,True
한국남동발전,발전·에너지,20260331002847,사업보고서 (2025.12),"별도 감사보고서 · 목차: 19. 차입금, 사채 및 유동화채무",76,67회차사채,사채,67회차 사채,67회차사채,,,사채(직접금융),False,60000000000.0,원,True
한국남동발전,발전·에너지,20260331002847,사업보고서 (2025.12),"별도 감사보고서 · 목차: 19. 차입금, 사채 및 유동화채무",76,68회차사채,사채,68회차 사채,68회차사채,,,사채(직접금융),False,110000000000.0,원,True
한국남부발전 주식회사,발전·에너지,20260330000716,사업보고서 (2025.12),별도 감사보고서 · 색인: 21. 차입금 및 사채,162,원화단기차입금,단기,(주)아이엠증권,아이엠증권,증권사(CP·전단채 중개 추정),,금융회사(명단 밖),False,50000000000.0,원,False
한국남부발전 주식회사,발전·에너지,20260330000716,사업보고서 (2025.12),별도 감사보고서 · 색인: 21. 차입금 및 사채,162,리딩투자증권(주),단기,리딩투자증권(주),리딩투자증권,증권사(CP·전단채 중개 추정),,투자조합 등,False,20000000000.0,원,False
한국남부발전 주식회사,발전·에너지,20260330000716,사업보고서 (2025.12),별도 감사보고서 · 색인: 21. 차입금 및 사채,162,(주)비엔케이투자증권,단기,(주)비엔케이투자증권,비엔케이투자증권,증권사(CP·전단채 중개 추정),(주)BNK투자증권,명단 금융회사,False,20000000000.0,원,False
한국남부발전 주식회사,발전·에너지,20260330000716,사업보고서 (2025.12),별도 감사보고서 · 색인: 21. 차입금 및 사채,162,농협은행(주),단기,농협은행(주),농협은행,,농협은행(주),명단 금융회사,False,0.0,원,False
한국남부발전 주식회사,발전·에너지,20260330000716,사업보고서 (2025.12),별도 감사보고서 · 색인: 21. 차입금 및 사채,162,흥국증권(주),단기,흥국증권(주),흥국증권,증권사(CP·전단채 중개 추정),,금융회사(명단 밖),False,0.0,원,False
한국남부발전 주식회사,발전·에너지,20260330000716,사업보고서 (2025.12),별도 감사보고서 · 색인: 21. 차입금 및 사채,162,한양증권(주),단기,한양증권(주),한양증권,증권사(CP·전단채 중개 추정),,금융회사(명단 밖),False,0.0,원,False
한국남부발전 주식회사,발전·에너지,20260330000716,사업보고서 (2025.12),별도 감사보고서 · 색인: 21. 차입금 및 사채,162,KB증권(주),단기,KB증권(주),KB증권,증권사(CP·전단채 중개 추정),KB증권,명단 금융회사,False,0.0,원,False
한국남부발전 주식회사,발전·에너지,20260330000716,사업보고서 (2025.12),별도 감사보고서 · 색인: 21. 차입금 및 사채,162,부국증권(주),단기,부국증권(주),부국증권,증권사(CP·전단채 중개 추정),,금융회사(명단 밖),False,0.0,원,False
한국남부발전 주식회사,발전·에너지,20260330000716,사업보고서 (2025.12),별도 감사보고서 · 색인: 21. 차입금 및 사채,163,공모사채(18-3차),사채,공모사채(18-3차),공모사채(18-3차),,,사채(직접금융),False,110000000000.0,원,False
한국남부발전 주식회사,발전·에너지,20260330000716,사업보고서 (2025.12),별도 감사보고서 · 색인: 21. 차입금 및 사채,163,공모사채(26-3차),사채,공모사채(26-3차),공모사채(26-3차),,,사채(직접금융),False,90000000000.0,원,False
한국남부발전 주식회사,발전·에너지,20260330000716,사업보고서 (2025.12),별도 감사보고서 · 색인: 21. 차입금 및 사채,163,공모사채(27-3차),사채,공모사채(27-3차),공모사채(27-3차),,,사채(직접금융),False,60000000000.0,원,False
한국남부발전 주식회사,발전·에너지,20260330000716,사업보고서 (2025.12),별도 감사보고서 · 색인: 21. 차입금 및 사채,163,공모사채(34-3차),사채,공모사채(34-3차),공모사채(34-3차),,,사채(직접금융),False,0.0,원,False
한국남부발전 주식회사,발전·에너지,20260330000716,사업보고서 (2025.12),별도 감사보고서 · 색인: 21. 차입금 및 사채,163,공모사채(36-2차),사채,공모사채(36-2차),공모사채(36-2차),,,사채(직접금융),False,60000000000.0,원,False
한국남부발전 주식회사,발전·에너지,20260330000716,사업보고서 (2025.12),별도 감사보고서 · 색인: 21. 차입금 및 사채,163,공모사채(37-2차),사채,공모사채(37-2차),공모사채(37-2차),,,사채(직접금융),False,30000000000.0,원,False
한국남부발전 주식회사,발전·에너지,20260330000716,사업보고서 (2025.12),별도 감사보고서 · 색인: 21. 차입금 및 사채,163,공모사채(38-2차),사채,공모사채(38-2차),공모사채(38-2차),,,사채(직접금융),False,20000000000.0,원,False
한국남부발전 주식회사,발전·에너지,20260330000716,사업보고서 (2025.12),별도 감사보고서 · 색인: 21. 차입금 및 사채,163,공모사채(39차),사채,공모사채(39차),공모사채(39차),,,사채(직접금융),False,20000000000.0,원,False
한국남부발전 주식회사,발전·에너지,20260330000716,사업보고서 (2025.12),별도 감사보고서 · 색인: 21. 차입금 및 사채,163,공모사채(40-2차),사채,공모사채(40-2차),공모사채(40-2차),,,사채(직접금융),False,50000000000.0,원,False
한국남부발전 주식회사,발전·에너지,20260330000716,사업보고서 (2025.12),별도 감사보고서 · 색인: 21. 차입금 및 사채,163,공모사채(40-3차),사채,공모사채(40-3차),공모사채(40-3차),,,사채(직접금융),False,110000000000.0,원,False
한국남부발전 주식회사,발전·에너지,20260330000716,사업보고서 (2025.12),별도 감사보고서 · 색인: 21. 차입금 및 사채,163,공모사채(41-2차),사채,공모사채(41-2차),공모사채(41-2차),,,사채(직접금융),False,50000000000.0,원,False
한국남부발전 주식회사,발전·에너지,20260330000716,사업보고서 (2025.12),별도 감사보고서 · 색인: 21. 차입금 및 사채,163,공모사채(41-3차),사채,공모사채(41-3차),공모사채(41-3차),,,사채(직접금융),False,100000000000.0,원,False
한국남부발전 주식회사,발전·에너지,20260330000716,사업보고서 (2025.12),별도 감사보고서 · 색인: 21. 차입금 및 사채,163,공모사채(43-3차),사채,공모사채(43-3차),공모사채(43-3차),,,사채(직접금융),False,60000000000.0,원,False
한국남부발전 주식회사,발전·에너지,20260330000716,사업보고서 (2025.12),별도 감사보고서 · 색인: 21. 차입금 및 사채,163,공모사채(45(녹)차),사채,공모사채(45(녹)차),공모사채(45(녹)차),,,사채(직접금융),False,100000000000.0,원,False
한국남부발전 주식회사,발전·에너지,20260330000716,사업보고서 (2025.12),별도 감사보고서 · 색인: 21. 차입금 및 사채,163,공모사채(49-1차),사채,공모사채(49-1차),공모사채(49-1차),,,사채(직접금융),False,150000000000.0,원,False
한국남부발전 주식회사,발전·에너지,20260330000716,사업보고서 (2025.12),별도 감사보고서 · 색인: 21. 차입금 및 사채,163,공모사채(49-2차),사채,공모사채(49-2차),공모사채(49-2차),,,사채(직접금융),False,50000000000.0,원,False
한국남부발전 주식회사,발전·에너지,20260330000716,사업보고서 (2025.12),별도 감사보고서 · 색인: 21. 차입금 및 사채,163,공모사채(50-1차),사채,공모사채(50-1차),공모사채(50-1차),,,사채(직접금융),False,50000000000.0,원,False
한국남부발전 주식회사,발전·에너지,20260330000716,사업보고서 (2025.12),별도 감사보고서 · 색인: 21. 차입금 및 사채,163,공모사채(50-2차),사채,공모사채(50-2차),공모사채(50-2차),,,사채(직접금융),False,50000000000.0,원,False
한국남부발전 주식회사,발전·에너지,20260330000716,사업보고서 (2025.12),별도 감사보고서 · 색인: 21. 차입금 및 사채,163,공모사채(51-1차),사채,공모사채(51-1차),공모사채(51-1차),,,사채(직접금융),False,50000000000.0,원,False
한국남부발전 주식회사,발전·에너지,20260330000716,사업보고서 (2025.12),별도 감사보고서 · 색인: 21. 차입금 및 사채,163,공모사채(51-2차),사채,공모사채(51-2차),공모사채(51-2차),,,사채(직접금융),False,50000000000.0,원,False
한국남부발전 주식회사,발전·에너지,20260330000716,사업보고서 (2025.12),별도 감사보고서 · 색인: 21. 차입금 및 사채,163,공모사채(52-1차),사채,공모사채(52-1차),공모사채(52-1차),,,사채(직접금융),False,0.0,원,False
한국남부발전 주식회사,발전·에너지,20260330000716,사업보고서 (2025.12),별도 감사보고서 · 색인: 21. 차입금 및 사채,163,공모사채(52-2차),사채,공모사채(52-2차),공모사채(52-2차),,,사채(직접금융),False,30000000000.0,원,False
한국남부발전 주식회사,발전·에너지,20260330000716,사업보고서 (2025.12),별도 감사보고서 · 색인: 21. 차입금 및 사채,163,공모사채(53-1차),사채,공모사채(53-1차),공모사채(53-1차),,,사채(직접금융),False,0.0,원,False
한국남부발전 주식회사,발전·에너지,20260330000716,사업보고서 (2025.12),별도 감사보고서 · 색인: 21. 차입금 및 사채,163,공모사채(53-2차),사채,공모사채(53-2차),공모사채(53-2차),,,사채(직접금융),False,80000000000.0,원,False
한국남부발전 주식회사,발전·에너지,20260330000716,사업보고서 (2025.12),별도 감사보고서 · 색인: 21. 차입금 및 사채,163,공모사채(54-1차),사채,공모사채(54-1차),공모사채(54-1차),,,사채(직접금융),False,0.0,원,False
한국남부발전 주식회사,발전·에너지,20260330000716,사업보고서 (2025.12),별도 감사보고서 · 색인: 21. 차입금 및 사채,163,공모사채(54-2차),사채,공모사채(54-2차),공모사채(54-2차),,,사채(직접금융),False,100000000000.0,원,False
한국남부발전 주식회사,발전·에너지,20260330000716,사업보고서 (2025.12),별도 감사보고서 · 색인: 21. 차입금 및 사채,163,공모사채(54-3차),사채,공모사채(54-3차),공모사채(54-3차),,,사채(직접금융),False,80000000000.0,원,False
한국남부발전 주식회사,발전·에너지,20260330000716,사업보고서 (2025.12),별도 감사보고서 · 색인: 21. 차입금 및 사채,163,사모사채(57차),사채,사모사채(57차),사모사채(57차),,,사채(직접금융),False,272000000.0,원,False
한국남부발전 주식회사,발전·에너지,20260330000716,사업보고서 (2025.12),별도 감사보고서 · 색인: 21. 차입금 및 사채,163,공모사채(59-2차),사채,공모사채(59-2차),공모사채(59-2차),,,사채(직접금융),False,100000000000.0,원,False
한국남부발전 주식회사,발전·에너지,20260330000716,사업보고서 (2025.12),별도 감사보고서 · 색인: 21. 차입금 및 사채,163,공모사채(60차),사채,공모사채(60차),공모사채(60차),,,사채(직접금융),False,30000000000.0,원,False
한국남부발전 주식회사,발전·에너지,20260330000716,사업보고서 (2025.12),별도 감사보고서 · 색인: 21. 차입금 및 사채,163,공모사채(61차),사채,공모사채(61차),공모사채(61차),,,사채(직접금융),False,50000000000.0,원,False
한국남부발전 주식회사,발전·에너지,20260330000716,사업보고서 (2025.12),별도 감사보고서 · 색인: 21. 차입금 및 사채,163,공모사채(62(녹)-4차),사채,공모사채(62(녹)-4차),공모사채(62(녹)-4차),,,사채(직접금융),False,110000000000.0,원,False
한국남부발전 주식회사,발전·에너지,20260330000716,사업보고서 (2025.12),별도 감사보고서 · 색인: 21. 차입금 및 사채,163,공모사채(63(녹)-1차),사채,공모사채(63(녹)-1차),공모사채(63(녹)-1차),,,사채(직접금융),False,60000000000.0,원,False
한국남부발전 주식회사,발전·에너지,20260330000716,사업보고서 (2025.12),별도 감사보고서 · 색인: 21. 차입금 및 사채,163,공모사채(63(녹)-2차),사채,공모사채(63(녹)-2차),공모사채(63(녹)-2차),,,사채(직접금융),False,60000000000.0,원,False
한국남부발전 주식회사,발전·에너지,20260330000716,사업보고서 (2025.12),별도 감사보고서 · 색인: 21. 차입금 및 사채,163,공모사채(64-1차),사채,공모사채(64-1차),공모사채(64-1차),,,사채(직접금융),False,0.0,원,False
한국남부발전 주식회사,발전·에너지,20260330000716,사업보고서 (2025.12),별도 감사보고서 · 색인: 21. 차입금 및 사채,163,공모사채(64(녹)-2차),사채,공모사채(64(녹)-2차),공모사채(64(녹)-2차),,,사채(직접금융),False,60000000000.0,원,False
한국남부발전 주식회사,발전·에너지,20260330000716,사업보고서 (2025.12),별도 감사보고서 · 색인: 21. 차입금 및 사채,163,공모사채(65(녹)-1차),사채,공모사채(65(녹)-1차),공모사채(65(녹)-1차),,,사채(직접금융),False,0.0,원,False
한국남부발전 주식회사,발전·에너지,20260330000716,사업보고서 (2025.12),별도 감사보고서 · 색인: 21. 차입금 및 사채,163,공모사채(65(녹)-2차),사채,공모사채(65(녹)-2차),공모사채(65(녹)-2차),,,사채(직접금융),False,0.0,원,False
한국남부발전 주식회사,발전·에너지,20260330000716,사업보고서 (2025.12),별도 감사보고서 · 색인: 21. 차입금 및 사채,163,공모사채(65(녹)-3차),사채,공모사채(65(녹)-3차),공모사채(65(녹)-3차),,,사채(직접금융),False,20000000000.0,원,False
한국남부발전 주식회사,발전·에너지,20260330000716,사업보고서 (2025.12),별도 감사보고서 · 색인: 21. 차입금 및 사채,163,공모사채(66(녹)-2차),사채,공모사채(66(녹)-2차),공모사채(66(녹)-2차),,,사채(직접금융),False,0.0,원,False
한국남부발전 주식회사,발전·에너지,20260330000716,사업보고서 (2025.12),별도 감사보고서 · 색인: 21. 차입금 및 사채,163,공모사채(66(녹)-3차),사채,공모사채(66(녹)-3차),공모사채(66(녹)-3차),,,사채(직접금융),False,20000000000.0,원,False
한국남부발전 주식회사,발전·에너지,20260330000716,사업보고서 (2025.12),별도 감사보고서 · 색인: 21. 차입금 및 사채,163,공모사채(67-2차),사채,공모사채(67-2차),공모사채(67-2차),,,사채(직접금융),False,0.0,원,False
한국남부발전 주식회사,발전·에너지,20260330000716,사업보고서 (2025.12),별도 감사보고서 · 색인: 21. 차입금 및 사채,163,공모사채(68(녹)-2차),사채,공모사채(68(녹)-2차),공모사채(68(녹)-2차),,,사채(직접금융),False,50000000000.0,원,False
한국남부발전 주식회사,발전·에너지,20260330000716,사업보고서 (2025.12),별도 감사보고서 · 색인: 21. 차입금 및 사채,163,공모사채(69-2차),사채,공모사채(69-2차),공모사채(69-2차),,,사채(직접금융),False,0.0,원,False
한국남부발전 주식회사,발전·에너지,20260330000716,사업보고서 (2025.12),별도 감사보고서 · 색인: 21. 차입금 및 사채,163,공모사채(69(녹)-3차),사채,공모사채(69(녹)-3차),공모사채(69(녹)-3차),,,사채(직접금융),False,50000000000.0,원,False
한국남부발전 주식회사,발전·에너지,20260330000716,사업보고서 (2025.12),별도 감사보고서 · 색인: 21. 차입금 및 사채,163,공모사채(70-2차),사채,공모사채(70-2차),공모사채(70-2차),,,사채(직접금융),False,50000000000.0,원,False
한국남부발전 주식회사,발전·에너지,20260330000716,사업보고서 (2025.12),별도 감사보고서 · 색인: 21. 차입금 및 사채,163,공모사채(71-1차),사채,공모사채(71-1차),공모사채(71-1차),,,사채(직접금융),False,0.0,원,False
한국남부발전 주식회사,발전·에너지,20260330000716,사업보고서 (2025.12),별도 감사보고서 · 색인: 21. 차입금 및 사채,163,공모사채(71-2차),사채,공모사채(71-2차),공모사채(71-2차),,,사채(직접금융),False,50000000000.0,원,False
한국남부발전 주식회사,발전·에너지,20260330000716,사업보고서 (2025.12),별도 감사보고서 · 색인: 21. 차입금 및 사채,163,공모사채(72-1차),사채,공모사채(72-1차),공모사채(72-1차),,,사채(직접금융),False,70000000000.0,원,False
한국남부발전 주식회사,발전·에너지,20260330000716,사업보고서 (2025.12),별도 감사보고서 · 색인: 21. 차입금 및 사채,163,공모사채(72-2차),사채,공모사채(72-2차),공모사채(72-2차),,,사채(직접금융),False,30000000000.0,원,False
한국남부발전 주식회사,발전·에너지,20260330000716,사업보고서 (2025.12),별도 감사보고서 · 색인: 21. 차입금 및 사채,163,공모사채(73-1차),사채,공모사채(73-1차),공모사채(73-1차),,,사채(직접금융),False,100000000000.0,원,False
한국남부발전 주식회사,발전·에너지,20260330000716,사업보고서 (2025.12),별도 감사보고서 · 색인: 21. 차입금 및 사채,163,공모사채(73-2차),사채,공모사채(73-2차),공모사채(73-2차),,,사채(직접금융),False,60000000000.0,원,False
한국남부발전 주식회사,발전·에너지,20260330000716,사업보고서 (2025.12),별도 감사보고서 · 색인: 21. 차입금 및 사채,163,공모사채(73(녹)-3차),사채,공모사채(73(녹)-3차),공모사채(73(녹)-3차),,,사채(직접금융),False,50000000000.0,원,False
한국남부발전 주식회사,발전·에너지,20260330000716,사업보고서 (2025.12),별도 감사보고서 · 색인: 21. 차입금 및 사채,163,공모사채(74-1차),사채,공모사채(74-1차),공모사채(74-1차),,,사채(직접금융),False,50000000000.0,원,False
한국남부발전 주식회사,발전·에너지,20260330000716,사업보고서 (2025.12),별도 감사보고서 · 색인: 21. 차입금 및 사채,163,공모사채(74(녹)-2차),사채,공모사채(74(녹)-2차),공모사채(74(녹)-2차),,,사채(직접금융),False,50000000000.0,원,False
한국남부발전 주식회사,발전·에너지,20260330000716,사업보고서 (2025.12),별도 감사보고서 · 색인: 21. 차입금 및 사채,163,공모사채(75-1차),사채,공모사채(75-1차),공모사채(75-1차),,,사채(직접금융),False,100000000000.0,원,False
한국남부발전 주식회사,발전·에너지,20260330000716,사업보고서 (2025.12),별도 감사보고서 · 색인: 21. 차입금 및 사채,163,공모사채(75-2차),사채,공모사채(75-2차),공모사채(75-2차),,,사채(직접금융),False,30000000000.0,원,False
한국남부발전 주식회사,발전·에너지,20260330000716,사업보고서 (2025.12),별도 감사보고서 · 색인: 21. 차입금 및 사채,163,공모사채(76-1차),사채,공모사채(76-1차),공모사채(76-1차),,,사채(직접금융),False,90000000000.0,원,False
한국남부발전 주식회사,발전·에너지,20260330000716,사업보고서 (2025.12),별도 감사보고서 · 색인: 21. 차입금 및 사채,163,공모사채(76-2차),사채,공모사채(76-2차),공모사채(76-2차),,,사채(직접금융),False,60000000000.0,원,False
한국남부발전 주식회사,발전·에너지,20260330000716,사업보고서 (2025.12),별도 감사보고서 · 색인: 21. 차입금 및 사채,163,공모사채(77차),사채,공모사채(77차),공모사채(77차),,,사채(직접금융),False,60000000000.0,원,False
한국남부발전 주식회사,발전·에너지,20260330000716,사업보고서 (2025.12),별도 감사보고서 · 색인: 21. 차입금 및 사채,163,공모사채(78-1차),사채,공모사채(78-1차),공모사채(78-1차),,,사채(직접금융),False,140000000000.0,원,False
한국남부발전 주식회사,발전·에너지,20260330000716,사업보고서 (2025.12),별도 감사보고서 · 색인: 21. 차입금 및 사채,163,공모사채(78-2차),사채,공모사채(78-2차),공모사채(78-2차),,,사채(직접금융),False,70000000000.0,원,False
한국남부발전 주식회사,발전·에너지,20260330000716,사업보고서 (2025.12),별도 감사보고서 · 색인: 21. 차입금 및 사채,163,공모사채(78-3차),사채,공모사채(78-3차),공모사채(78-3차),,,사채(직접금융),False,10000000000.0,원,False
한국남부발전 주식회사,발전·에너지,20260330000716,사업보고서 (2025.12),별도 감사보고서 · 색인: 21. 차입금 및 사채,163,공모사채(79-1차),사채,공모사채(79-1차),공모사채(79-1차),,,사채(직접금융),False,110000000000.0,원,False
한국남부발전 주식회사,발전·에너지,20260330000716,사업보고서 (2025.12),별도 감사보고서 · 색인: 21. 차입금 및 사채,163,공모사채(79-2차),사채,공모사채(79-2차),공모사채(79-2차),,,사채(직접금융),False,120000000000.0,원,False
한국남부발전 주식회사,발전·에너지,20260330000716,사업보고서 (2025.12),별도 감사보고서 · 색인: 21. 차입금 및 사채,163,공모사채(80-1차),사채,공모사채(80-1차),공모사채(80-1차),,,사채(직접금융),False,160000000000.0,원,False
한국남부발전 주식회사,발전·에너지,20260330000716,사업보고서 (2025.12),별도 감사보고서 · 색인: 21. 차입금 및 사채,163,공모사채(80-2차),사채,공모사채(80-2차),공모사채(80-2차),,,사채(직접금융),False,60000000000.0,원,False
한국남부발전 주식회사,발전·에너지,20260330000716,사업보고서 (2025.12),별도 감사보고서 · 색인: 21. 차입금 및 사채,163,공모사채(81-1차),사채,공모사채(81-1차),공모사채(81-1차),,,사채(직접금융),False,80000000000.0,원,False
한국남부발전 주식회사,발전·에너지,20260330000716,사업보고서 (2025.12),별도 감사보고서 · 색인: 21. 차입금 및 사채,163,공모사채(81-2차),사채,공모사채(81-2차),공모사채(81-2차),,,사채(직접금융),False,50000000000.0,원,False
한국남부발전 주식회사,발전·에너지,20260330000716,사업보고서 (2025.12),별도 감사보고서 · 색인: 21. 차입금 및 사채,164,글로벌본드-21,사채,글로벌본드-21,글로벌본드-21,,,사채(직접금융),False,645705000000.0,원,True
한국남부발전 주식회사,발전·에너지,20260330000716,사업보고서 (2025.12),별도 감사보고서 · 색인: 21. 차입금 및 사채,164,글로벌본드-23,사채,글로벌본드-23,글로벌본드-23,,,사채(직접금융),False,430470000000.0,원,True
한국동서발전 주식회사,발전·에너지,20260331003494,사업보고서 (2025.12),별도 감사보고서 · 색인: 19. 차입금 및 사채,106,원화단기차입금,단기,아이엠증권,아이엠증권,증권사(CP·전단채 중개 추정),,금융회사(명단 밖),False,0.0,원,False
한국동서발전 주식회사,발전·에너지,20260331003494,사업보고서 (2025.12),별도 감사보고서 · 색인: 19. 차입금 및 사채,106,KB증권,단기,KB증권,KB증권,증권사(CP·전단채 중개 추정),KB증권,명단 금융회사,False,0.0,원,False
한국동서발전 주식회사,발전·에너지,20260331003494,사업보고서 (2025.12),별도 감사보고서 · 색인: 19. 차입금 및 사채,106,한양증권,단기,한양증권,한양증권,증권사(CP·전단채 중개 추정),,금융회사(명단 밖),False,0.0,원,False
한국동서발전 주식회사,발전·에너지,20260331003494,사업보고서 (2025.12),별도 감사보고서 · 색인: 19. 차입금 및 사채,106,SK증권,단기,SK증권,SK증권,증권사(CP·전단채 중개 추정),SK증권(주),명단 금융회사,False,0.0,원,False
한국동서발전 주식회사,발전·에너지,20260331003494,사업보고서 (2025.12),별도 감사보고서 · 색인: 19. 차입금 및 사채,107,원화장기차입금,장기,한국에너지공단,한국에너지공단,,,공공기관·정책기금(명단 밖),False,1416470000.0,원,False
한국동서발전 주식회사,발전·에너지,20260331003494,사업보고서 (2025.12),별도 감사보고서 · 색인: 19. 차입금 및 사채,107,한국에너지공단,장기,한국에너지공단,한국에너지공단,,,공공기관·정책기금(명단 밖),False,577170000.0,원,False
한국동서발전 주식회사,발전·에너지,20260331003494,사업보고서 (2025.12),별도 감사보고서 · 색인: 19. 차입금 및 사채,108,회사채(11-4),사채,회사채(11-4),회사채(11-4),,,사채(직접금융),False,110000000000.0,원,True
한국동서발전 주식회사,발전·에너지,20260331003494,사업보고서 (2025.12),별도 감사보고서 · 색인: 19. 차입금 및 사채,108,회사채(17-3),사채,회사채(17-3),회사채(17-3),,,사채(직접금융),False,50000000000.0,원,True
한국동서발전 주식회사,발전·에너지,20260331003494,사업보고서 (2025.12),별도 감사보고서 · 색인: 19. 차입금 및 사채,108,회사채(17-5),사채,회사채(17-5),회사채(17-5),,,사채(직접금융),False,80000000000.0,원,True
한국동서발전 주식회사,발전·에너지,20260331003494,사업보고서 (2025.12),별도 감사보고서 · 색인: 19. 차입금 및 사채,108,회사채(18-2),사채,회사채(18-2),회사채(18-2),,,사채(직접금융),False,30000000000.0,원,True
한국동서발전 주식회사,발전·에너지,20260331003494,사업보고서 (2025.12),별도 감사보고서 · 색인: 19. 차입금 및 사채,108,회사채(18-3),사채,회사채(18-3),회사채(18-3),,,사채(직접금융),False,40000000000.0,원,True
한국동서발전 주식회사,발전·에너지,20260331003494,사업보고서 (2025.12),별도 감사보고서 · 색인: 19. 차입금 및 사채,108,회사채(19-1),사채,회사채(19-1),회사채(19-1),,,사채(직접금융),False,40000000000.0,원,True
한국동서발전 주식회사,발전·에너지,20260331003494,사업보고서 (2025.12),별도 감사보고서 · 색인: 19. 차입금 및 사채,108,회사채(19-2),사채,회사채(19-2),회사채(19-2),,,사채(직접금융),False,40000000000.0,원,True
한국동서발전 주식회사,발전·에너지,20260331003494,사업보고서 (2025.12),별도 감사보고서 · 색인: 19. 차입금 및 사채,108,회사채(19-3),사채,회사채(19-3),회사채(19-3),,,사채(직접금융),False,70000000000.0,원,True
한국동서발전 주식회사,발전·에너지,20260331003494,사업보고서 (2025.12),별도 감사보고서 · 색인: 19. 차입금 및 사채,108,회사채(19-4),사채,회사채(19-4),회사채(19-4),,,사채(직접금융),False,80000000000.0,원,True
한국동서발전 주식회사,발전·에너지,20260331003494,사업보고서 (2025.12),별도 감사보고서 · 색인: 19. 차입금 및 사채,108,회사채(20-1),사채,회사채(20-1),회사채(20-1),,,사채(직접금융),False,0.0,원,True
한국동서발전 주식회사,발전·에너지,20260331003494,사업보고서 (2025.12),별도 감사보고서 · 색인: 19. 차입금 및 사채,108,회사채(20-2),사채,회사채(20-2),회사채(20-2),,,사채(직접금융),False,90000000000.0,원,True
한국동서발전 주식회사,발전·에너지,20260331003494,사업보고서 (2025.12),별도 감사보고서 · 색인: 19. 차입금 및 사채,108,회사채(20-3),사채,회사채(20-3),회사채(20-3),,,사채(직접금융),False,80000000000.0,원,True
한국동서발전 주식회사,발전·에너지,20260331003494,사업보고서 (2025.12),별도 감사보고서 · 색인: 19. 차입금 및 사채,108,회사채(20-5),사채,회사채(20-5),회사채(20-5),,,사채(직접금융),False,40000000000.0,원,True
한국동서발전 주식회사,발전·에너지,20260331003494,사업보고서 (2025.12),별도 감사보고서 · 색인: 19. 차입금 및 사채,108,회사채(21-3),사채,회사채(21-3),회사채(21-3),,,사채(직접금융),False,130000000000.0,원,True
한국동서발전 주식회사,발전·에너지,20260331003494,사업보고서 (2025.12),별도 감사보고서 · 색인: 19. 차입금 및 사채,108,회사채(21-4),사채,회사채(21-4),회사채(21-4),,,사채(직접금융),False,30000000000.0,원,True
한국동서발전 주식회사,발전·에너지,20260331003494,사업보고서 (2025.12),별도 감사보고서 · 색인: 19. 차입금 및 사채,108,회사채(21-5),사채,회사채(21-5),회사채(21-5),,,사채(직접금융),False,90000000000.0,원,True
한국동서발전 주식회사,발전·에너지,20260331003494,사업보고서 (2025.12),별도 감사보고서 · 색인: 19. 차입금 및 사채,108,회사채(21-6),사채,회사채(21-6),회사채(21-6),,,사채(직접금융),False,10000000000.0,원,True
한국동서발전 주식회사,발전·에너지,20260331003494,사업보고서 (2025.12),별도 감사보고서 · 색인: 19. 차입금 및 사채,108,회사채(21-8),사채,회사채(21-8),회사채(21-8),,,사채(직접금융),False,100000000000.0,원,True
한국동서발전 주식회사,발전·에너지,20260331003494,사업보고서 (2025.12),별도 감사보고서 · 색인: 19. 차입금 및 사채,108,회사채(21-9),사채,회사채(21-9),회사채(21-9),,,사채(직접금융),False,10000000000.0,원,True
한국동서발전 주식회사,발전·에너지,20260331003494,사업보고서 (2025.12),별도 감사보고서 · 색인: 19. 차입금 및 사채,108,회사채(21-11),사채,회사채(21-11),회사채(21-11),,,사채(직접금융),False,10000000000.0,원,True
한국동서발전 주식회사,발전·에너지,20260331003494,사업보고서 (2025.12),별도 감사보고서 · 색인: 19. 차입금 및 사채,108,회사채(21-12),사채,회사채(21-12),회사채(21-12),,,사채(직접금융),False,40000000000.0,원,True
한국동서발전 주식회사,발전·에너지,20260331003494,사업보고서 (2025.12),별도 감사보고서 · 색인: 19. 차입금 및 사채,108,회사채(21-13),사채,회사채(21-13),회사채(21-13),,,사채(직접금융),False,40000000000.0,원,True
한국동서발전 주식회사,발전·에너지,20260331003494,사업보고서 (2025.12),별도 감사보고서 · 색인: 19. 차입금 및 사채,108,회사채(22-1),사채,회사채(22-1),회사채(22-1),,,사채(직접금융),False,0.0,원,True
한국동서발전 주식회사,발전·에너지,20260331003494,사업보고서 (2025.12),별도 감사보고서 · 색인: 19. 차입금 및 사채,108,회사채(22-2),사채,회사채(22-2),회사채(22-2),,,사채(직접금융),False,0.0,원,True
한국동서발전 주식회사,발전·에너지,20260331003494,사업보고서 (2025.12),별도 감사보고서 · 색인: 19. 차입금 및 사채,108,회사채(22-3),사채,회사채(22-3),회사채(22-3),,,사채(직접금융),False,30000000000.0,원,True
한국동서발전 주식회사,발전·에너지,20260331003494,사업보고서 (2025.12),별도 감사보고서 · 색인: 19. 차입금 및 사채,108,회사채(23-2),사채,회사채(23-2),회사채(23-2),,,사채(직접금융),False,60000000000.0,원,True
한국동서발전 주식회사,발전·에너지,20260331003494,사업보고서 (2025.12),별도 감사보고서 · 색인: 19. 차입금 및 사채,108,회사채(24-1),사채,회사채(24-1),회사채(24-1),,,사채(직접금융),False,30000000000.0,원,True
한국동서발전 주식회사,발전·에너지,20260331003494,사업보고서 (2025.12),별도 감사보고서 · 색인: 19. 차입금 및 사채,108,회사채(24-2),사채,회사채(24-2),회사채(24-2),,,사채(직접금융),False,50000000000.0,원,True
한국동서발전 주식회사,발전·에너지,20260331003494,사업보고서 (2025.12),별도 감사보고서 · 색인: 19. 차입금 및 사채,108,회사채(24-3),사채,회사채(24-3),회사채(24-3),,,사채(직접금융),False,70000000000.0,원,True
한국동서발전 주식회사,발전·에너지,20260331003494,사업보고서 (2025.12),별도 감사보고서 · 색인: 19. 차입금 및 사채,108,회사채(24-4),사채,회사채(24-4),회사채(24-4),,,사채(직접금융),False,70000000000.0,원,True
한국동서발전 주식회사,발전·에너지,20260331003494,사업보고서 (2025.12),별도 감사보고서 · 색인: 19. 차입금 및 사채,108,회사채(24-5),사채,회사채(24-5),회사채(24-5),,,사채(직접금융),False,30000000000.0,원,True
한국동서발전 주식회사,발전·에너지,20260331003494,사업보고서 (2025.12),별도 감사보고서 · 색인: 19. 차입금 및 사채,108,회사채(25-1),사채,회사채(25-1),회사채(25-1),,,사채(직접금융),False,170000000000.0,원,True
한국동서발전 주식회사,발전·에너지,20260331003494,사업보고서 (2025.12),별도 감사보고서 · 색인: 19. 차입금 및 사채,108,회사채(25-2),사채,회사채(25-2),회사채(25-2),,,사채(직접금융),False,60000000000.0,원,True
한국동서발전 주식회사,발전·에너지,20260331003494,사업보고서 (2025.12),별도 감사보고서 · 색인: 19. 차입금 및 사채,108,회사채(25-3),사채,회사채(25-3),회사채(25-3),,,사채(직접금융),False,40000000000.0,원,True
한국동서발전 주식회사,발전·에너지,20260331003494,사업보고서 (2025.12),별도 감사보고서 · 색인: 19. 차입금 및 사채,108,회사채(25-4),사채,회사채(25-4),회사채(25-4),,,사채(직접금융),False,170000000000.0,원,True
한국동서발전 주식회사,발전·에너지,20260331003494,사업보고서 (2025.12),별도 감사보고서 · 색인: 19. 차입금 및 사채,108,회사채(25-5),사채,회사채(25-5),회사채(25-5),,,사채(직접금융),False,50000000000.0,원,True
한국동서발전 주식회사,발전·에너지,20260331003494,사업보고서 (2025.12),별도 감사보고서 · 색인: 19. 차입금 및 사채,108,회사채(25-6),사채,회사채(25-6),회사채(25-6),,,사채(직접금융),False,10000000000.0,원,True
한국동서발전 주식회사,발전·에너지,20260331003494,사업보고서 (2025.12),별도 감사보고서 · 색인: 19. 차입금 및 사채,108,회사채(25-7),사채,회사채(25-7),회사채(25-7),,,사채(직접금융),False,180000000000.0,원,True
한국동서발전 주식회사,발전·에너지,20260331003494,사업보고서 (2025.12),별도 감사보고서 · 색인: 19. 차입금 및 사채,108,회사채(25-8),사채,회사채(25-8),회사채(25-8),,,사채(직접금융),False,100000000000.0,원,True
한국동서발전 주식회사,발전·에너지,20260331003494,사업보고서 (2025.12),별도 감사보고서 · 색인: 19. 차입금 및 사채,108,회사채(25-9),사채,회사채(25-9),회사채(25-9),,,사채(직접금융),False,70000000000.0,원,True
한국동서발전 주식회사,발전·에너지,20260331003494,사업보고서 (2025.12),별도 감사보고서 · 색인: 19. 차입금 및 사채,108,회사채(25-10),사채,회사채(25-10),회사채(25-10),,,사채(직접금융),False,160000000000.0,원,True
한국동서발전 주식회사,발전·에너지,20260331003494,사업보고서 (2025.12),별도 감사보고서 · 색인: 19. 차입금 및 사채,108,회사채(25-11),사채,회사채(25-11),회사채(25-11),,,사채(직접금융),False,100000000000.0,원,True
한국동서발전 주식회사,발전·에너지,20260331003494,사업보고서 (2025.12),별도 감사보고서 · 색인: 19. 차입금 및 사채,108,회사채(25-12),사채,회사채(25-12),회사채(25-12),,,사채(직접금융),False,90000000000.0,원,True
한국동서발전 주식회사,발전·에너지,20260331003494,사업보고서 (2025.12),별도 감사보고서 · 색인: 19. 차입금 및 사채,108,회사채(25-13),사채,회사채(25-13),회사채(25-13),,,사채(직접금융),False,40000000000.0,원,True
한국동서발전 주식회사,발전·에너지,20260331003494,사업보고서 (2025.12),별도 감사보고서 · 색인: 19. 차입금 및 사채,108,회사채(25-14),사채,회사채(25-14),회사채(25-14),,,사채(직접금융),False,40000000000.0,원,True
한국동서발전 주식회사,발전·에너지,20260331003494,사업보고서 (2025.12),별도 감사보고서 · 색인: 19. 차입금 및 사채,108,외화회사채(20-1),사채,외화회사채(20-1),외화회사채(20-1),,,사채(직접금융),False,0.0,원,True
한국동서발전 주식회사,발전·에너지,20260331003494,사업보고서 (2025.12),별도 감사보고서 · 색인: 19. 차입금 및 사채,108,외화회사채(22-1),사채,외화회사채(22-1),외화회사채(22-1),,,사채(직접금융),False,0.0,원,True
한국동서발전 주식회사,발전·에너지,20260331003494,사업보고서 (2025.12),별도 감사보고서 · 색인: 19. 차입금 및 사채,108,외화회사채(23-1),사채,외화회사채(23-1),외화회사채(23-1),,,사채(직접금융),False,502215000000.0,원,True
한국동서발전 주식회사,발전·에너지,20260331003494,사업보고서 (2025.12),별도 감사보고서 · 색인: 19. 차입금 및 사채,108,외화회사채(25-1),사채,외화회사채(25-1),외화회사채(25-1),,,사채(직접금융),False,430470000000.0,원,True
한국서부발전,발전·에너지,20260331003348,사업보고서 (2025.12),별도 감사보고서 · 목차: 20. 차입금및사채,96,원화단기차입금,단기,유안타증권 등,유안타증권,증권사(CP·전단채 중개 추정),유안타증권(주),명단 금융회사,True,110000000000.0,원,False
한국서부발전,발전·에너지,20260331003348,사업보고서 (2025.12),별도 감사보고서 · 목차: 20. 차입금및사채,96,케이프투자증권등,단기,케이프투자증권 등,케이프투자증권,증권사(CP·전단채 중개 추정),케이프투자증권,명단 금융회사,True,90000000000.0,원,False
한국서부발전,발전·에너지,20260331003348,사업보고서 (2025.12),별도 감사보고서 · 목차: 20. 차입금및사채,96,아이엠증권등,단기,아이엠증권 등,아이엠증권,증권사(CP·전단채 중개 추정),,금융회사(명단 밖),True,40000000000.0,원,False
한국서부발전,발전·에너지,20260331003348,사업보고서 (2025.12),별도 감사보고서 · 목차: 20. 차입금및사채,96,한국투자증권등,단기,한국투자증권 등,한국투자증권,증권사(CP·전단채 중개 추정),한국투자증권,명단 금융회사,True,0.0,원,False
한국서부발전,발전·에너지,20260331003348,사업보고서 (2025.12),별도 감사보고서 · 목차: 20. 차입금및사채,96,SK증권등,단기,SK증권 등,SK증권,증권사(CP·전단채 중개 추정),SK증권(주),명단 금융회사,True,0.0,원,False
한국서부발전,발전·에너지,20260331003348,사업보고서 (2025.12),별도 감사보고서 · 목차: 20. 차입금및사채,96,원화한도차월,단기,한국산업은행,한국산업은행,,한국산업은행,명단 금융회사,False,100000000000.0,원,False
한국서부발전,발전·에너지,20260331003348,사업보고서 (2025.12),별도 감사보고서 · 목차: 20. 차입금및사채,96,한국산업은행,단기,한국산업은행,한국산업은행,,한국산업은행,명단 금융회사,False,0.0,원,False
한국서부발전,발전·에너지,20260331003348,사업보고서 (2025.12),별도 감사보고서 · 목차: 20. 차입금및사채,96,원화당좌차월,단기,NH농협은행,NH농협은행,,농협은행(주),명단 금융회사,False,36033000000.0,원,False
한국서부발전,발전·에너지,20260331003348,사업보고서 (2025.12),별도 감사보고서 · 목차: 20. 차입금및사채,96,NH농협은행,단기,NH농협은행,NH농협은행,,농협은행(주),명단 금융회사,False,0.0,원,False
한국서부발전,발전·에너지,20260331003348,사업보고서 (2025.12),별도 감사보고서 · 목차: 20. 차입금및사채,97,원화장기차입금,장기,주택도시보증공사,주택도시보증공사,,,공공기관·정책기금(명단 밖),False,49778500000.0,원,False
한국서부발전,발전·에너지,20260331003348,사업보고서 (2025.12),별도 감사보고서 · 목차: 20. 차입금및사채,101,회사채#17-2,사채,회사채#17-2,회사채#17-2,,,사채(직접금융),False,100000000000.0,원,False
한국서부발전,발전·에너지,20260331003348,사업보고서 (2025.12),별도 감사보고서 · 목차: 20. 차입금및사채,101,회사채#18-2,사채,회사채#18-2,회사채#18-2,,,사채(직접금융),False,80000000000.0,원,False
한국서부발전,발전·에너지,20260331003348,사업보고서 (2025.12),별도 감사보고서 · 목차: 20. 차입금및사채,101,회사채#26-2,사채,회사채#26-2,회사채#26-2,,,사채(직접금융),False,0.0,원,False
한국서부발전,발전·에너지,20260331003348,사업보고서 (2025.12),별도 감사보고서 · 목차: 20. 차입금및사채,101,회사채#27-2,사채,회사채#27-2,회사채#27-2,,,사채(직접금융),False,0.0,원,False
한국서부발전,발전·에너지,20260331003348,사업보고서 (2025.12),별도 감사보고서 · 목차: 20. 차입금및사채,101,회사채#30-2,사채,회사채#30-2,회사채#30-2,,,사채(직접금융),False,110000000000.0,원,False
한국서부발전,발전·에너지,20260331003348,사업보고서 (2025.12),별도 감사보고서 · 목차: 20. 차입금및사채,101,회사채#32-2,사채,회사채#32-2,회사채#32-2,,,사채(직접금융),False,110000000000.0,원,False
한국서부발전,발전·에너지,20260331003348,사업보고서 (2025.12),별도 감사보고서 · 목차: 20. 차입금및사채,101,회사채#33-2,사채,회사채#33-2,회사채#33-2,,,사채(직접금융),False,130000000000.0,원,False
한국서부발전,발전·에너지,20260331003348,사업보고서 (2025.12),별도 감사보고서 · 목차: 20. 차입금및사채,101,회사채#35-2,사채,회사채#35-2,회사채#35-2,,,사채(직접금융),False,40000000000.0,원,False
한국서부발전,발전·에너지,20260331003348,사업보고서 (2025.12),별도 감사보고서 · 목차: 20. 차입금및사채,101,회사채#35-3,사채,회사채#35-3,회사채#35-3,,,사채(직접금융),False,110000000000.0,원,False
한국서부발전,발전·에너지,20260331003348,사업보고서 (2025.12),별도 감사보고서 · 목차: 20. 차입금및사채,101,회사채#36-2,사채,회사채#36-2,회사채#36-2,,,사채(직접금융),False,70000000000.0,원,False
한국서부발전,발전·에너지,20260331003348,사업보고서 (2025.12),별도 감사보고서 · 목차: 20. 차입금및사채,101,회사채#36-3,사채,회사채#36-3,회사채#36-3,,,사채(직접금융),False,90000000000.0,원,False
한국서부발전,발전·에너지,20260331003348,사업보고서 (2025.12),별도 감사보고서 · 목차: 20. 차입금및사채,101,회사채#37-2,사채,회사채#37-2,회사채#37-2,,,사채(직접금융),False,50000000000.0,원,False
한국서부발전,발전·에너지,20260331003348,사업보고서 (2025.12),별도 감사보고서 · 목차: 20. 차입금및사채,101,회사채#37-3,사채,회사채#37-3,회사채#37-3,,,사채(직접금융),False,110000000000.0,원,False
한국서부발전,발전·에너지,20260331003348,사업보고서 (2025.12),별도 감사보고서 · 목차: 20. 차입금및사채,101,회사채#38-1,사채,회사채#38-1,회사채#38-1,,,사채(직접금융),False,50000000000.0,원,False
한국서부발전,발전·에너지,20260331003348,사업보고서 (2025.12),별도 감사보고서 · 목차: 20. 차입금및사채,101,회사채#38-2,사채,회사채#38-2,회사채#38-2,,,사채(직접금융),False,100000000000.0,원,False
한국서부발전,발전·에너지,20260331003348,사업보고서 (2025.12),별도 감사보고서 · 목차: 20. 차입금및사채,101,회사채#39-2,사채,회사채#39-2,회사채#39-2,,,사채(직접금융),False,120000000000.0,원,False
한국서부발전,발전·에너지,20260331003348,사업보고서 (2025.12),별도 감사보고서 · 목차: 20. 차입금및사채,101,회사채#40-2,사채,회사채#40-2,회사채#40-2,,,사채(직접금융),False,60000000000.0,원,False
한국서부발전,발전·에너지,20260331003348,사업보고서 (2025.12),별도 감사보고서 · 목차: 20. 차입금및사채,101,회사채#40-3,사채,회사채#40-3,회사채#40-3,,,사채(직접금융),False,70000000000.0,원,False
한국서부발전,발전·에너지,20260331003348,사업보고서 (2025.12),별도 감사보고서 · 목차: 20. 차입금및사채,101,회사채#41-2,사채,회사채#41-2,회사채#41-2,,,사채(직접금융),False,100000000000.0,원,False
한국서부발전,발전·에너지,20260331003348,사업보고서 (2025.12),별도 감사보고서 · 목차: 20. 차입금및사채,101,회사채#41-3,사채,회사채#41-3,회사채#41-3,,,사채(직접금융),False,90000000000.0,원,False
한국서부발전,발전·에너지,20260331003348,사업보고서 (2025.12),별도 감사보고서 · 목차: 20. 차입금및사채,101,회사채#42-2,사채,회사채#42-2,회사채#42-2,,,사채(직접금융),False,60000000000.0,원,False
한국서부발전,발전·에너지,20260331003348,사업보고서 (2025.12),별도 감사보고서 · 목차: 20. 차입금및사채,101,회사채#42-3,사채,회사채#42-3,회사채#42-3,,,사채(직접금융),False,20000000000.0,원,False
한국서부발전,발전·에너지,20260331003348,사업보고서 (2025.12),별도 감사보고서 · 목차: 20. 차입금및사채,101,회사채#43-1,사채,회사채#43-1,회사채#43-1,,,사채(직접금융),False,0.0,원,False
한국서부발전,발전·에너지,20260331003348,사업보고서 (2025.12),별도 감사보고서 · 목차: 20. 차입금및사채,101,회사채#43-2,사채,회사채#43-2,회사채#43-2,,,사채(직접금융),False,100000000000.0,원,False
한국서부발전,발전·에너지,20260331003348,사업보고서 (2025.12),별도 감사보고서 · 목차: 20. 차입금및사채,101,회사채#43-3,사채,회사채#43-3,회사채#43-3,,,사채(직접금융),False,90000000000.0,원,False
한국서부발전,발전·에너지,20260331003348,사업보고서 (2025.12),별도 감사보고서 · 목차: 20. 차입금및사채,101,회사채#44-1,사채,회사채#44-1,회사채#44-1,,,사채(직접금융),False,0.0,원,False
한국서부발전,발전·에너지,20260331003348,사업보고서 (2025.12),별도 감사보고서 · 목차: 20. 차입금및사채,101,회사채#44-2,사채,회사채#44-2,회사채#44-2,,,사채(직접금융),False,60000000000.0,원,False
한국서부발전,발전·에너지,20260331003348,사업보고서 (2025.12),별도 감사보고서 · 목차: 20. 차입금및사채,101,회사채#45-1,사채,회사채#45-1,회사채#45-1,,,사채(직접금융),False,0.0,원,False
한국서부발전,발전·에너지,20260331003348,사업보고서 (2025.12),별도 감사보고서 · 목차: 20. 차입금및사채,101,회사채#45-2,사채,회사채#45-2,회사채#45-2,,,사채(직접금융),False,80000000000.0,원,False
한국서부발전,발전·에너지,20260331003348,사업보고서 (2025.12),별도 감사보고서 · 목차: 20. 차입금및사채,101,회사채#45-3,사채,회사채#45-3,회사채#45-3,,,사채(직접금융),False,80000000000.0,원,False
한국서부발전,발전·에너지,20260331003348,사업보고서 (2025.12),별도 감사보고서 · 목차: 20. 차입금및사채,101,회사채#46-2,사채,회사채#46-2,회사채#46-2,,,사채(직접금융),False,0.0,원,False
한국서부발전,발전·에너지,20260331003348,사업보고서 (2025.12),별도 감사보고서 · 목차: 20. 차입금및사채,101,회사채#46-3,사채,회사채#46-3,회사채#46-3,,,사채(직접금융),False,80000000000.0,원,False
한국서부발전,발전·에너지,20260331003348,사업보고서 (2025.12),별도 감사보고서 · 목차: 20. 차입금및사채,101,회사채#47-1,사채,회사채#47-1,회사채#47-1,,,사채(직접금융),False,0.0,원,False
한국서부발전,발전·에너지,20260331003348,사업보고서 (2025.12),별도 감사보고서 · 목차: 20. 차입금및사채,101,회사채#47-2,사채,회사채#47-2,회사채#47-2,,,사채(직접금융),False,50000000000.0,원,False
한국서부발전,발전·에너지,20260331003348,사업보고서 (2025.12),별도 감사보고서 · 목차: 20. 차입금및사채,101,회사채#47-3,사채,회사채#47-3,회사채#47-3,,,사채(직접금융),False,80000000000.0,원,False
한국서부발전,발전·에너지,20260331003348,사업보고서 (2025.12),별도 감사보고서 · 목차: 20. 차입금및사채,101,회사채#48-2,사채,회사채#48-2,회사채#48-2,,,사채(직접금융),False,150000000000.0,원,False
한국서부발전,발전·에너지,20260331003348,사업보고서 (2025.12),별도 감사보고서 · 목차: 20. 차입금및사채,101,회사채#48-3,사채,회사채#48-3,회사채#48-3,,,사채(직접금융),False,20000000000.0,원,False
한국서부발전,발전·에너지,20260331003348,사업보고서 (2025.12),별도 감사보고서 · 목차: 20. 차입금및사채,101,회사채#49-2,사채,회사채#49-2,회사채#49-2,,,사채(직접금융),False,130000000000.0,원,False
한국서부발전,발전·에너지,20260331003348,사업보고서 (2025.12),별도 감사보고서 · 목차: 20. 차입금및사채,101,회사채#49-3,사채,회사채#49-3,회사채#49-3,,,사채(직접금융),False,30000000000.0,원,False
한국서부발전,발전·에너지,20260331003348,사업보고서 (2025.12),별도 감사보고서 · 목차: 20. 차입금및사채,101,회사채#50-2,사채,회사채#50-2,회사채#50-2,,,사채(직접금융),False,60000000000.0,원,False
한국서부발전,발전·에너지,20260331003348,사업보고서 (2025.12),별도 감사보고서 · 목차: 20. 차입금및사채,101,회사채#50-3,사채,회사채#50-3,회사채#50-3,,,사채(직접금융),False,10000000000.0,원,False
한국서부발전,발전·에너지,20260331003348,사업보고서 (2025.12),별도 감사보고서 · 목차: 20. 차입금및사채,101,회사채#51-1,사채,회사채#51-1,회사채#51-1,,,사채(직접금융),False,0.0,원,False
한국서부발전,발전·에너지,20260331003348,사업보고서 (2025.12),별도 감사보고서 · 목차: 20. 차입금및사채,101,회사채#51-2,사채,회사채#51-2,회사채#51-2,,,사채(직접금융),False,20000000000.0,원,False
한국서부발전,발전·에너지,20260331003348,사업보고서 (2025.12),별도 감사보고서 · 목차: 20. 차입금및사채,101,회사채#52-1,사채,회사채#52-1,회사채#52-1,,,사채(직접금융),False,0.0,원,False
한국서부발전,발전·에너지,20260331003348,사업보고서 (2025.12),별도 감사보고서 · 목차: 20. 차입금및사채,101,회사채#52-2,사채,회사채#52-2,회사채#52-2,,,사채(직접금융),False,30000000000.0,원,False
한국서부발전,발전·에너지,20260331003348,사업보고서 (2025.12),별도 감사보고서 · 목차: 20. 차입금및사채,101,회사채#52-3,사채,회사채#52-3,회사채#52-3,,,사채(직접금융),False,10000000000.0,원,False
한국서부발전,발전·에너지,20260331003348,사업보고서 (2025.12),별도 감사보고서 · 목차: 20. 차입금및사채,101,회사채#53-2,사채,회사채#53-2,회사채#53-2,,,사채(직접금융),False,0.0,원,False
한국서부발전,발전·에너지,20260331003348,사업보고서 (2025.12),별도 감사보고서 · 목차: 20. 차입금및사채,101,회사채#53-3,사채,회사채#53-3,회사채#53-3,,,사채(직접금융),False,30000000000.0,원,False
한국서부발전,발전·에너지,20260331003348,사업보고서 (2025.12),별도 감사보고서 · 목차: 20. 차입금및사채,101,회사채#54-2,사채,회사채#54-2,회사채#54-2,,,사채(직접금융),False,0.0,원,False
한국서부발전,발전·에너지,20260331003348,사업보고서 (2025.12),별도 감사보고서 · 목차: 20. 차입금및사채,101,회사채#55-2,사채,회사채#55-2,회사채#55-2,,,사채(직접금융),False,0.0,원,False
한국서부발전,발전·에너지,20260331003348,사업보고서 (2025.12),별도 감사보고서 · 목차: 20. 차입금및사채,101,회사채#56-2,사채,회사채#56-2,회사채#56-2,,,사채(직접금융),False,0.0,원,False
한국서부발전,발전·에너지,20260331003348,사업보고서 (2025.12),별도 감사보고서 · 목차: 20. 차입금및사채,101,회사채#57-1,사채,회사채#57-1,회사채#57-1,,,사채(직접금융),False,0.0,원,False
한국서부발전,발전·에너지,20260331003348,사업보고서 (2025.12),별도 감사보고서 · 목차: 20. 차입금및사채,101,회사채#57-2,사채,회사채#57-2,회사채#57-2,,,사채(직접금융),False,30000000000.0,원,False
한국서부발전,발전·에너지,20260331003348,사업보고서 (2025.12),별도 감사보고서 · 목차: 20. 차입금및사채,101,회사채#58-1,사채,회사채#58-1,회사채#58-1,,,사채(직접금융),False,200000000000.0,원,False
한국서부발전,발전·에너지,20260331003348,사업보고서 (2025.12),별도 감사보고서 · 목차: 20. 차입금및사채,101,회사채#58-2,사채,회사채#58-2,회사채#58-2,,,사채(직접금융),False,40000000000.0,원,False
한국서부발전,발전·에너지,20260331003348,사업보고서 (2025.12),별도 감사보고서 · 목차: 20. 차입금및사채,101,회사채#58-3,사채,회사채#58-3,회사채#58-3,,,사채(직접금융),False,20000000000.0,원,False
한국서부발전,발전·에너지,20260331003348,사업보고서 (2025.12),별도 감사보고서 · 목차: 20. 차입금및사채,101,회사채#59-2,사채,회사채#59-2,회사채#59-2,,,사채(직접금융),False,20000000000.0,원,False
한국서부발전,발전·에너지,20260331003348,사업보고서 (2025.12),별도 감사보고서 · 목차: 20. 차입금및사채,101,회사채#59-3,사채,회사채#59-3,회사채#59-3,,,사채(직접금융),False,40000000000.0,원,False
한국서부발전,발전·에너지,20260331003348,사업보고서 (2025.12),별도 감사보고서 · 목차: 20. 차입금및사채,101,회사채#60-1,사채,회사채#60-1,회사채#60-1,,,사채(직접금융),False,150000000000.0,원,False
한국서부발전,발전·에너지,20260331003348,사업보고서 (2025.12),별도 감사보고서 · 목차: 20. 차입금및사채,101,회사채#60-2,사채,회사채#60-2,회사채#60-2,,,사채(직접금융),False,50000000000.0,원,False
한국서부발전,발전·에너지,20260331003348,사업보고서 (2025.12),별도 감사보고서 · 목차: 20. 차입금및사채,101,회사채#60-3,사채,회사채#60-3,회사채#60-3,,,사채(직접금융),False,20000000000.0,원,False
한국서부발전,발전·에너지,20260331003348,사업보고서 (2025.12),별도 감사보고서 · 목차: 20. 차입금및사채,101,회사채#61-1,사채,회사채#61-1,회사채#61-1,,,사채(직접금융),False,0.0,원,False
한국서부발전,발전·에너지,20260331003348,사업보고서 (2025.12),별도 감사보고서 · 목차: 20. 차입금및사채,101,회사채#61-2,사채,회사채#61-2,회사채#61-2,,,사채(직접금융),False,40000000000.0,원,False
한국서부발전,발전·에너지,20260331003348,사업보고서 (2025.12),별도 감사보고서 · 목차: 20. 차입금및사채,101,회사채#61-3,사채,회사채#61-3,회사채#61-3,,,사채(직접금융),False,10000000000.0,원,False
한국서부발전,발전·에너지,20260331003348,사업보고서 (2025.12),별도 감사보고서 · 목차: 20. 차입금및사채,101,회사채#62-1,사채,회사채#62-1,회사채#62-1,,,사채(직접금융),False,80000000000.0,원,False
한국서부발전,발전·에너지,20260331003348,사업보고서 (2025.12),별도 감사보고서 · 목차: 20. 차입금및사채,101,회사채#62-2,사채,회사채#62-2,회사채#62-2,,,사채(직접금융),False,40000000000.0,원,False
한국서부발전,발전·에너지,20260331003348,사업보고서 (2025.12),별도 감사보고서 · 목차: 20. 차입금및사채,101,회사채#63-1,사채,회사채#63-1,회사채#63-1,,,사채(직접금융),False,80000000000.0,원,False
한국서부발전,발전·에너지,20260331003348,사업보고서 (2025.12),별도 감사보고서 · 목차: 20. 차입금및사채,101,회사채#63-2,사채,회사채#63-2,회사채#63-2,,,사채(직접금융),False,30000000000.0,원,False
한국서부발전,발전·에너지,20260331003348,사업보고서 (2025.12),별도 감사보고서 · 목차: 20. 차입금및사채,101,회사채#64-1,사채,회사채#64-1,회사채#64-1,,,사채(직접금융),False,140000000000.0,원,False
한국서부발전,발전·에너지,20260331003348,사업보고서 (2025.12),별도 감사보고서 · 목차: 20. 차입금및사채,101,회사채#64-2,사채,회사채#64-2,회사채#64-2,,,사채(직접금융),False,100000000000.0,원,False
한국서부발전,발전·에너지,20260331003348,사업보고서 (2025.12),별도 감사보고서 · 목차: 20. 차입금및사채,101,회사채#64-3,사채,회사채#64-3,회사채#64-3,,,사채(직접금융),False,20000000000.0,원,False
한국서부발전,발전·에너지,20260331003348,사업보고서 (2025.12),별도 감사보고서 · 목차: 20. 차입금및사채,101,회사채#65-1,사채,회사채#65-1,회사채#65-1,,,사채(직접금융),False,180000000000.0,원,False
한국서부발전,발전·에너지,20260331003348,사업보고서 (2025.12),별도 감사보고서 · 목차: 20. 차입금및사채,101,회사채#65-2,사채,회사채#65-2,회사채#65-2,,,사채(직접금융),False,60000000000.0,원,False
한국서부발전,발전·에너지,20260331003348,사업보고서 (2025.12),별도 감사보고서 · 목차: 20. 차입금및사채,101,회사채#65-3,사채,회사채#65-3,회사채#65-3,,,사채(직접금융),False,10000000000.0,원,False
한국서부발전,발전·에너지,20260331003348,사업보고서 (2025.12),별도 감사보고서 · 목차: 20. 차입금및사채,101,회사채#66-1,사채,회사채#66-1,회사채#66-1,,,사채(직접금융),False,110000000000.0,원,False
한국서부발전,발전·에너지,20260331003348,사업보고서 (2025.12),별도 감사보고서 · 목차: 20. 차입금및사채,101,회사채#66-2,사채,회사채#66-2,회사채#66-2,,,사채(직접금융),False,70000000000.0,원,False
한국서부발전,발전·에너지,20260331003348,사업보고서 (2025.12),별도 감사보고서 · 목차: 20. 차입금및사채,101,회사채#66-3,사채,회사채#66-3,회사채#66-3,,,사채(직접금융),False,30000000000.0,원,False
한국서부발전,발전·에너지,20260331003348,사업보고서 (2025.12),별도 감사보고서 · 목차: 20. 차입금및사채,101,회사채#67-1,사채,회사채#67-1,회사채#67-1,,,사채(직접금융),False,150000000000.0,원,False
한국서부발전,발전·에너지,20260331003348,사업보고서 (2025.12),별도 감사보고서 · 목차: 20. 차입금및사채,101,회사채#67-2,사채,회사채#67-2,회사채#67-2,,,사채(직접금융),False,10000000000.0,원,False
한국서부발전,발전·에너지,20260331003348,사업보고서 (2025.12),별도 감사보고서 · 목차: 20. 차입금및사채,101,회사채#68-1,사채,회사채#68-1,회사채#68-1,,,사채(직접금융),False,170000000000.0,원,False
한국서부발전,발전·에너지,20260331003348,사업보고서 (2025.12),별도 감사보고서 · 목차: 20. 차입금및사채,101,회사채#68-2,사채,회사채#68-2,회사채#68-2,,,사채(직접금융),False,10000000000.0,원,False
한국서부발전,발전·에너지,20260331003348,사업보고서 (2025.12),별도 감사보고서 · 목차: 20. 차입금및사채,101,회사채#69-1,사채,회사채#69-1,회사채#69-1,,,사채(직접금융),False,60000000000.0,원,False
한국서부발전,발전·에너지,20260331003348,사업보고서 (2025.12),별도 감사보고서 · 목차: 20. 차입금및사채,101,회사채#69-2,사채,회사채#69-2,회사채#69-2,,,사채(직접금융),False,100000000000.0,원,False
한국서부발전,발전·에너지,20260331003348,사업보고서 (2025.12),별도 감사보고서 · 목차: 20. 차입금및사채,101,회사채#69-3,사채,회사채#69-3,회사채#69-3,,,사채(직접금융),False,90000000000.0,원,False
한국서부발전,발전·에너지,20260331003348,사업보고서 (2025.12),별도 감사보고서 · 목차: 20. 차입금및사채,101,회사채#70-1,사채,회사채#70-1,회사채#70-1,,,사채(직접금융),False,40000000000.0,원,False
한국서부발전,발전·에너지,20260331003348,사업보고서 (2025.12),별도 감사보고서 · 목차: 20. 차입금및사채,101,회사채#70-2,사채,회사채#70-2,회사채#70-2,,,사채(직접금융),False,160000000000.0,원,False
한국서부발전,발전·에너지,20260331003348,사업보고서 (2025.12),별도 감사보고서 · 목차: 20. 차입금및사채,101,회사채#71-1,사채,회사채#71-1,회사채#71-1,,,사채(직접금융),False,20000000000.0,원,False
한국서부발전,발전·에너지,20260331003348,사업보고서 (2025.12),별도 감사보고서 · 목차: 20. 차입금및사채,101,회사채#71-2,사채,회사채#71-2,회사채#71-2,,,사채(직접금융),False,80000000000.0,원,False
한국서부발전,발전·에너지,20260331003348,사업보고서 (2025.12),별도 감사보고서 · 목차: 20. 차입금및사채,101,회사채#72-1,사채,회사채#72-1,회사채#72-1,,,사채(직접금융),False,90000000000.0,원,False
한국서부발전,발전·에너지,20260331003348,사업보고서 (2025.12),별도 감사보고서 · 목차: 20. 차입금및사채,101,회사채#72-2,사채,회사채#72-2,회사채#72-2,,,사채(직접금융),False,110000000000.0,원,False
한국서부발전,발전·에너지,20260331003348,사업보고서 (2025.12),별도 감사보고서 · 목차: 20. 차입금및사채,101,회사채#73-1,사채,회사채#73-1,회사채#73-1,,,사채(직접금융),False,60000000000.0,원,False
한국서부발전,발전·에너지,20260331003348,사업보고서 (2025.12),별도 감사보고서 · 목차: 20. 차입금및사채,101,회사채#73-2,사채,회사채#73-2,회사채#73-2,,,사채(직접금융),False,90000000000.0,원,False
한국서부발전,발전·에너지,20260331003348,사업보고서 (2025.12),별도 감사보고서 · 목차: 20. 차입금및사채,101,회사채#74-1,사채,회사채#74-1,회사채#74-1,,,사채(직접금융),False,70000000000.0,원,False
한국서부발전,발전·에너지,20260331003348,사업보고서 (2025.12),별도 감사보고서 · 목차: 20. 차입금및사채,101,회사채#74-2,사채,회사채#74-2,회사채#74-2,,,사채(직접금융),False,80000000000.0,원,False
한국서부발전,발전·에너지,20260331003348,사업보고서 (2025.12),별도 감사보고서 · 목차: 20. 차입금및사채,102,유로본드#6,사채,유로본드#6,유로본드#6,,,사채(직접금융),False,0.0,원,True
한국수력원자력,발전·에너지,20260331003643,사업보고서 (2025.12),별도 감사보고서 · 목차: 18. 차입금 및 사채,95,회사채#9-2,사채,회사채 #9-2,회사채#9-2,,,사채(직접금융),False,70000000000.0,백만원,False
한국수력원자력,발전·에너지,20260331003643,사업보고서 (2025.12),별도 감사보고서 · 목차: 18. 차입금 및 사채,95,회사채#11,사채,회사채 #11,회사채#11,,,사채(직접금융),False,100000000000.0,백만원,False
한국수력원자력,발전·에너지,20260331003643,사업보고서 (2025.12),별도 감사보고서 · 목차: 18. 차입금 및 사채,95,회사채#17-2,사채,회사채 #17-2,회사채#17-2,,,사채(직접금융),False,100000000000.0,백만원,False
한국수력원자력,발전·에너지,20260331003643,사업보고서 (2025.12),별도 감사보고서 · 목차: 18. 차입금 및 사채,95,회사채#26-2,사채,회사채 #26-2,회사채#26-2,,,사채(직접금융),False,100000000000.0,백만원,False
한국수력원자력,발전·에너지,20260331003643,사업보고서 (2025.12),별도 감사보고서 · 목차: 18. 차입금 및 사채,95,회사채#27-3,사채,회사채 #27-3,회사채#27-3,,,사채(직접금융),False,100000000000.0,백만원,False
한국수력원자력,발전·에너지,20260331003643,사업보고서 (2025.12),별도 감사보고서 · 목차: 18. 차입금 및 사채,95,회사채#28,사채,회사채 #28,회사채#28,,,사채(직접금융),False,100000000000.0,백만원,False
한국수력원자력,발전·에너지,20260331003643,사업보고서 (2025.12),별도 감사보고서 · 목차: 18. 차입금 및 사채,95,회사채#29-3,사채,회사채 #29-3,회사채#29-3,,,사채(직접금융),False,100000000000.0,백만원,False
한국수력원자력,발전·에너지,20260331003643,사업보고서 (2025.12),별도 감사보고서 · 목차: 18. 차입금 및 사채,95,회사채#30-3,사채,회사채 #30-3,회사채#30-3,,,사채(직접금융),False,50000000000.0,백만원,False
한국수력원자력,발전·에너지,20260331003643,사업보고서 (2025.12),별도 감사보고서 · 목차: 18. 차입금 및 사채,95,회사채#31-3,사채,회사채 #31-3,회사채#31-3,,,사채(직접금융),False,150000000000.0,백만원,False
한국수력원자력,발전·에너지,20260331003643,사업보고서 (2025.12),별도 감사보고서 · 목차: 18. 차입금 및 사채,95,회사채#32-3,사채,회사채 #32-3,회사채#32-3,,,사채(직접금융),False,130000000000.0,백만원,False
한국수력원자력,발전·에너지,20260331003643,사업보고서 (2025.12),별도 감사보고서 · 목차: 18. 차입금 및 사채,95,회사채#33-2,사채,회사채 #33-2,회사채#33-2,,,사채(직접금융),False,100000000000.0,백만원,False
한국수력원자력,발전·에너지,20260331003643,사업보고서 (2025.12),별도 감사보고서 · 목차: 18. 차입금 및 사채,95,회사채#34-2,사채,회사채 #34-2,회사채#34-2,,,사채(직접금융),False,100000000000.0,백만원,False
한국수력원자력,발전·에너지,20260331003643,사업보고서 (2025.12),별도 감사보고서 · 목차: 18. 차입금 및 사채,95,회사채#35-3,사채,회사채 #35-3,회사채#35-3,,,사채(직접금융),False,100000000000.0,백만원,False
한국수력원자력,발전·에너지,20260331003643,사업보고서 (2025.12),별도 감사보고서 · 목차: 18. 차입금 및 사채,95,회사채#36-3,사채,회사채 #36-3,회사채#36-3,,,사채(직접금융),False,100000000000.0,백만원,False
한국수력원자력,발전·에너지,20260331003643,사업보고서 (2025.12),별도 감사보고서 · 목차: 18. 차입금 및 사채,95,회사채#37-3,사채,회사채 #37-3,회사채#37-3,,,사채(직접금융),False,120000000000.0,백만원,False
한국수력원자력,발전·에너지,20260331003643,사업보고서 (2025.12),별도 감사보고서 · 목차: 18. 차입금 및 사채,95,회사채#38-3,사채,회사채 #38-3,회사채#38-3,,,사채(직접금융),False,90000000000.0,백만원,False
한국수력원자력,발전·에너지,20260331003643,사업보고서 (2025.12),별도 감사보고서 · 목차: 18. 차입금 및 사채,95,회사채#42-3,사채,회사채 #42-3,회사채#42-3,,,사채(직접금융),False,100000000000.0,백만원,False
한국수력원자력,발전·에너지,20260331003643,사업보고서 (2025.12),별도 감사보고서 · 목차: 18. 차입금 및 사채,95,회사채#43-3,사채,회사채 #43-3,회사채#43-3,,,사채(직접금융),False,90000000000.0,백만원,False
한국수력원자력,발전·에너지,20260331003643,사업보고서 (2025.12),별도 감사보고서 · 목차: 18. 차입금 및 사채,95,회사채#44-2,사채,회사채 #44-2,회사채#44-2,,,사채(직접금융),False,0.0,백만원,False
한국수력원자력,발전·에너지,20260331003643,사업보고서 (2025.12),별도 감사보고서 · 목차: 18. 차입금 및 사채,95,회사채#44-3,사채,회사채 #44-3,회사채#44-3,,,사채(직접금융),False,150000000000.0,백만원,False
한국수력원자력,발전·에너지,20260331003643,사업보고서 (2025.12),별도 감사보고서 · 목차: 18. 차입금 및 사채,95,회사채#45-2,사채,회사채 #45-2,회사채#45-2,,,사채(직접금융),False,50000000000.0,백만원,False
한국수력원자력,발전·에너지,20260331003643,사업보고서 (2025.12),별도 감사보고서 · 목차: 18. 차입금 및 사채,95,회사채#45-3,사채,회사채 #45-3,회사채#45-3,,,사채(직접금융),False,110000000000.0,백만원,False
한국수력원자력,발전·에너지,20260331003643,사업보고서 (2025.12),별도 감사보고서 · 목차: 18. 차입금 및 사채,95,회사채#46-2,사채,회사채 #46-2,회사채#46-2,,,사채(직접금융),False,80000000000.0,백만원,False
한국수력원자력,발전·에너지,20260331003643,사업보고서 (2025.12),별도 감사보고서 · 목차: 18. 차입금 및 사채,95,회사채#46-3,사채,회사채 #46-3,회사채#46-3,,,사채(직접금융),False,150000000000.0,백만원,False
한국수력원자력,발전·에너지,20260331003643,사업보고서 (2025.12),별도 감사보고서 · 목차: 18. 차입금 및 사채,95,회사채#47-2,사채,회사채 #47-2,회사채#47-2,,,사채(직접금융),False,70000000000.0,백만원,False
한국수력원자력,발전·에너지,20260331003643,사업보고서 (2025.12),별도 감사보고서 · 목차: 18. 차입금 및 사채,95,회사채#47-3,사채,회사채 #47-3,회사채#47-3,,,사채(직접금융),False,80000000000.0,백만원,False
한국수력원자력,발전·에너지,20260331003643,사업보고서 (2025.12),별도 감사보고서 · 목차: 18. 차입금 및 사채,95,회사채#48-3,사채,회사채 #48-3,회사채#48-3,,,사채(직접금융),False,30000000000.0,백만원,False
한국수력원자력,발전·에너지,20260331003643,사업보고서 (2025.12),별도 감사보고서 · 목차: 18. 차입금 및 사채,95,회사채#48-4,사채,회사채 #48-4,회사채#48-4,,,사채(직접금융),False,90000000000.0,백만원,False
한국수력원자력,발전·에너지,20260331003643,사업보고서 (2025.12),별도 감사보고서 · 목차: 18. 차입금 및 사채,95,회사채#49-2,사채,회사채 #49-2,회사채#49-2,,,사채(직접금융),False,170000000000.0,백만원,False
한국수력원자력,발전·에너지,20260331003643,사업보고서 (2025.12),별도 감사보고서 · 목차: 18. 차입금 및 사채,95,회사채#49-3,사채,회사채 #49-3,회사채#49-3,,,사채(직접금융),False,60000000000.0,백만원,False
한국수력원자력,발전·에너지,20260331003643,사업보고서 (2025.12),별도 감사보고서 · 목차: 18. 차입금 및 사채,95,회사채#50-2,사채,회사채 #50-2,회사채#50-2,,,사채(직접금융),False,200000000000.0,백만원,False
한국수력원자력,발전·에너지,20260331003643,사업보고서 (2025.12),별도 감사보고서 · 목차: 18. 차입금 및 사채,95,회사채#50-3,사채,회사채 #50-3,회사채#50-3,,,사채(직접금융),False,70000000000.0,백만원,False
한국수력원자력,발전·에너지,20260331003643,사업보고서 (2025.12),별도 감사보고서 · 목차: 18. 차입금 및 사채,95,회사채#51-2,사채,회사채 #51-2,회사채#51-2,,,사채(직접금융),False,50000000000.0,백만원,False
한국수력원자력,발전·에너지,20260331003643,사업보고서 (2025.12),별도 감사보고서 · 목차: 18. 차입금 및 사채,95,회사채#52-2,사채,회사채 #52-2,회사채#52-2,,,사채(직접금융),False,120000000000.0,백만원,False
한국수력원자력,발전·에너지,20260331003643,사업보고서 (2025.12),별도 감사보고서 · 목차: 18. 차입금 및 사채,95,회사채#52-3,사채,회사채 #52-3,회사채#52-3,,,사채(직접금융),False,140000000000.0,백만원,False
한국수력원자력,발전·에너지,20260331003643,사업보고서 (2025.12),별도 감사보고서 · 목차: 18. 차입금 및 사채,95,회사채#53-2,사채,회사채 #53-2,회사채#53-2,,,사채(직접금융),False,100000000000.0,백만원,False
한국수력원자력,발전·에너지,20260331003643,사업보고서 (2025.12),별도 감사보고서 · 목차: 18. 차입금 및 사채,95,회사채#53-3,사채,회사채 #53-3,회사채#53-3,,,사채(직접금융),False,90000000000.0,백만원,False
한국수력원자력,발전·에너지,20260331003643,사업보고서 (2025.12),별도 감사보고서 · 목차: 18. 차입금 및 사채,95,회사채#54-2,사채,회사채 #54-2,회사채#54-2,,,사채(직접금융),False,70000000000.0,백만원,False
한국수력원자력,발전·에너지,20260331003643,사업보고서 (2025.12),별도 감사보고서 · 목차: 18. 차입금 및 사채,95,회사채#54-3,사채,회사채 #54-3,회사채#54-3,,,사채(직접금융),False,70000000000.0,백만원,False
한국수력원자력,발전·에너지,20260331003643,사업보고서 (2025.12),별도 감사보고서 · 목차: 18. 차입금 및 사채,95,회사채#55-1,사채,회사채 #55-1,회사채#55-1,,,사채(직접금융),False,50000000000.0,백만원,False
한국수력원자력,발전·에너지,20260331003643,사업보고서 (2025.12),별도 감사보고서 · 목차: 18. 차입금 및 사채,95,회사채#55-2,사채,회사채 #55-2,회사채#55-2,,,사채(직접금융),False,50000000000.0,백만원,False
한국수력원자력,발전·에너지,20260331003643,사업보고서 (2025.12),별도 감사보고서 · 목차: 18. 차입금 및 사채,95,회사채#56-1,사채,회사채 #56-1,회사채#56-1,,,사채(직접금융),False,0.0,백만원,False
한국수력원자력,발전·에너지,20260331003643,사업보고서 (2025.12),별도 감사보고서 · 목차: 18. 차입금 및 사채,95,회사채#56-2,사채,회사채 #56-2,회사채#56-2,,,사채(직접금융),False,90000000000.0,백만원,False
한국수력원자력,발전·에너지,20260331003643,사업보고서 (2025.12),별도 감사보고서 · 목차: 18. 차입금 및 사채,95,회사채#56-3,사채,회사채 #56-3,회사채#56-3,,,사채(직접금융),False,150000000000.0,백만원,False
한국수력원자력,발전·에너지,20260331003643,사업보고서 (2025.12),별도 감사보고서 · 목차: 18. 차입금 및 사채,95,회사채#57-1,사채,회사채 #57-1,회사채#57-1,,,사채(직접금융),False,0.0,백만원,False
한국수력원자력,발전·에너지,20260331003643,사업보고서 (2025.12),별도 감사보고서 · 목차: 18. 차입금 및 사채,95,회사채#57-2,사채,회사채 #57-2,회사채#57-2,,,사채(직접금융),False,70000000000.0,백만원,False
한국수력원자력,발전·에너지,20260331003643,사업보고서 (2025.12),별도 감사보고서 · 목차: 18. 차입금 및 사채,95,회사채#57-3,사채,회사채 #57-3,회사채#57-3,,,사채(직접금융),False,80000000000.0,백만원,False
한국수력원자력,발전·에너지,20260331003643,사업보고서 (2025.12),별도 감사보고서 · 목차: 18. 차입금 및 사채,95,회사채#58-1,사채,회사채 #58-1,회사채#58-1,,,사채(직접금융),False,0.0,백만원,False
한국수력원자력,발전·에너지,20260331003643,사업보고서 (2025.12),별도 감사보고서 · 목차: 18. 차입금 및 사채,95,회사채#58-2,사채,회사채 #58-2,회사채#58-2,,,사채(직접금융),False,70000000000.0,백만원,False
한국수력원자력,발전·에너지,20260331003643,사업보고서 (2025.12),별도 감사보고서 · 목차: 18. 차입금 및 사채,95,회사채#58-3,사채,회사채 #58-3,회사채#58-3,,,사채(직접금융),False,100000000000.0,백만원,False
한국수력원자력,발전·에너지,20260331003643,사업보고서 (2025.12),별도 감사보고서 · 목차: 18. 차입금 및 사채,95,회사채#59-1,사채,회사채 #59-1,회사채#59-1,,,사채(직접금융),False,0.0,백만원,False
한국수력원자력,발전·에너지,20260331003643,사업보고서 (2025.12),별도 감사보고서 · 목차: 18. 차입금 및 사채,95,회사채#59-2,사채,회사채 #59-2,회사채#59-2,,,사채(직접금융),False,70000000000.0,백만원,False
한국수력원자력,발전·에너지,20260331003643,사업보고서 (2025.12),별도 감사보고서 · 목차: 18. 차입금 및 사채,95,회사채#59-3,사채,회사채 #59-3,회사채#59-3,,,사채(직접금융),False,90000000000.0,백만원,False
한국수력원자력,발전·에너지,20260331003643,사업보고서 (2025.12),별도 감사보고서 · 목차: 18. 차입금 및 사채,95,회사채#60-1,사채,회사채 #60-1,회사채#60-1,,,사채(직접금융),False,30000000000.0,백만원,False
한국수력원자력,발전·에너지,20260331003643,사업보고서 (2025.12),별도 감사보고서 · 목차: 18. 차입금 및 사채,95,회사채#60-2,사채,회사채 #60-2,회사채#60-2,,,사채(직접금융),False,70000000000.0,백만원,False
한국수력원자력,발전·에너지,20260331003643,사업보고서 (2025.12),별도 감사보고서 · 목차: 18. 차입금 및 사채,95,회사채#60-3,사채,회사채 #60-3,회사채#60-3,,,사채(직접금융),False,160000000000.0,백만원,False
한국수력원자력,발전·에너지,20260331003643,사업보고서 (2025.12),별도 감사보고서 · 목차: 18. 차입금 및 사채,95,회사채#61-1,사채,회사채 #61-1,회사채#61-1,,,사채(직접금융),False,50000000000.0,백만원,False
한국수력원자력,발전·에너지,20260331003643,사업보고서 (2025.12),별도 감사보고서 · 목차: 18. 차입금 및 사채,95,회사채#61-2,사채,회사채 #61-2,회사채#61-2,,,사채(직접금융),False,90000000000.0,백만원,False
한국수력원자력,발전·에너지,20260331003643,사업보고서 (2025.12),별도 감사보고서 · 목차: 18. 차입금 및 사채,95,회사채#61-3,사채,회사채 #61-3,회사채#61-3,,,사채(직접금융),False,160000000000.0,백만원,False
한국수력원자력,발전·에너지,20260331003643,사업보고서 (2025.12),별도 감사보고서 · 목차: 18. 차입금 및 사채,95,회사채#62-1,사채,회사채 #62-1,회사채#62-1,,,사채(직접금융),False,100000000000.0,백만원,False
한국수력원자력,발전·에너지,20260331003643,사업보고서 (2025.12),별도 감사보고서 · 목차: 18. 차입금 및 사채,95,회사채#62-2,사채,회사채 #62-2,회사채#62-2,,,사채(직접금융),False,50000000000.0,백만원,False
한국수력원자력,발전·에너지,20260331003643,사업보고서 (2025.12),별도 감사보고서 · 목차: 18. 차입금 및 사채,95,회사채#62-3,사채,회사채 #62-3,회사채#62-3,,,사채(직접금융),False,90000000000.0,백만원,False
한국수력원자력,발전·에너지,20260331003643,사업보고서 (2025.12),별도 감사보고서 · 목차: 18. 차입금 및 사채,95,회사채#63-1,사채,회사채 #63-1,회사채#63-1,,,사채(직접금융),False,40000000000.0,백만원,False
한국수력원자력,발전·에너지,20260331003643,사업보고서 (2025.12),별도 감사보고서 · 목차: 18. 차입금 및 사채,95,회사채#63-2,사채,회사채 #63-2,회사채#63-2,,,사채(직접금융),False,60000000000.0,백만원,False
한국수력원자력,발전·에너지,20260331003643,사업보고서 (2025.12),별도 감사보고서 · 목차: 18. 차입금 및 사채,95,회사채#63-3,사채,회사채 #63-3,회사채#63-3,,,사채(직접금융),False,50000000000.0,백만원,False
한국수력원자력,발전·에너지,20260331003643,사업보고서 (2025.12),별도 감사보고서 · 목차: 18. 차입금 및 사채,95,회사채#64-1,사채,회사채 #64-1,회사채#64-1,,,사채(직접금융),False,70000000000.0,백만원,False
한국수력원자력,발전·에너지,20260331003643,사업보고서 (2025.12),별도 감사보고서 · 목차: 18. 차입금 및 사채,95,회사채#64-2,사채,회사채 #64-2,회사채#64-2,,,사채(직접금융),False,80000000000.0,백만원,False
한국수력원자력,발전·에너지,20260331003643,사업보고서 (2025.12),별도 감사보고서 · 목차: 18. 차입금 및 사채,95,회사채#65-1,사채,회사채 #65-1,회사채#65-1,,,사채(직접금융),False,30000000000.0,백만원,False
한국수력원자력,발전·에너지,20260331003643,사업보고서 (2025.12),별도 감사보고서 · 목차: 18. 차입금 및 사채,95,회사채#65-2,사채,회사채 #65-2,회사채#65-2,,,사채(직접금융),False,60000000000.0,백만원,False
한국수력원자력,발전·에너지,20260331003643,사업보고서 (2025.12),별도 감사보고서 · 목차: 18. 차입금 및 사채,95,회사채#65-3,사채,회사채 #65-3,회사채#65-3,,,사채(직접금융),False,20000000000.0,백만원,False
한국수력원자력,발전·에너지,20260331003643,사업보고서 (2025.12),별도 감사보고서 · 목차: 18. 차입금 및 사채,95,회사채#66-1,사채,회사채 #66-1,회사채#66-1,,,사채(직접금융),False,80000000000.0,백만원,False
한국수력원자력,발전·에너지,20260331003643,사업보고서 (2025.12),별도 감사보고서 · 목차: 18. 차입금 및 사채,95,회사채#66-2,사채,회사채 #66-2,회사채#66-2,,,사채(직접금융),False,10000000000.0,백만원,False
한국수력원자력,발전·에너지,20260331003643,사업보고서 (2025.12),별도 감사보고서 · 목차: 18. 차입금 및 사채,95,회사채#66-3,사채,회사채 #66-3,회사채#66-3,,,사채(직접금융),False,10000000000.0,백만원,False
한국수력원자력,발전·에너지,20260331003643,사업보고서 (2025.12),별도 감사보고서 · 목차: 18. 차입금 및 사채,95,회사채#67-1,사채,회사채 #67-1,회사채#67-1,,,사채(직접금융),False,20000000000.0,백만원,False
한국수력원자력,발전·에너지,20260331003643,사업보고서 (2025.12),별도 감사보고서 · 목차: 18. 차입금 및 사채,95,회사채#67-2,사채,회사채 #67-2,회사채#67-2,,,사채(직접금융),False,20000000000.0,백만원,False
한국수력원자력,발전·에너지,20260331003643,사업보고서 (2025.12),별도 감사보고서 · 목차: 18. 차입금 및 사채,95,회사채#67-3,사채,회사채 #67-3,회사채#67-3,,,사채(직접금융),False,30000000000.0,백만원,False
한국수력원자력,발전·에너지,20260331003643,사업보고서 (2025.12),별도 감사보고서 · 목차: 18. 차입금 및 사채,95,회사채#68-1,사채,회사채 #68-1,회사채#68-1,,,사채(직접금융),False,0.0,백만원,False
한국수력원자력,발전·에너지,20260331003643,사업보고서 (2025.12),별도 감사보고서 · 목차: 18. 차입금 및 사채,95,회사채#68-2,사채,회사채 #68-2,회사채#68-2,,,사채(직접금융),False,50000000000.0,백만원,False
한국수력원자력,발전·에너지,20260331003643,사업보고서 (2025.12),별도 감사보고서 · 목차: 18. 차입금 및 사채,95,회사채#69-1,사채,회사채 #69-1,회사채#69-1,,,사채(직접금융),False,0.0,백만원,False
한국수력원자력,발전·에너지,20260331003643,사업보고서 (2025.12),별도 감사보고서 · 목차: 18. 차입금 및 사채,95,회사채#69-2,사채,회사채 #69-2,회사채#69-2,,,사채(직접금융),False,180000000000.0,백만원,False
한국수력원자력,발전·에너지,20260331003643,사업보고서 (2025.12),별도 감사보고서 · 목차: 18. 차입금 및 사채,95,회사채#69-3,사채,회사채 #69-3,회사채#69-3,,,사채(직접금융),False,30000000000.0,백만원,False
한국수력원자력,발전·에너지,20260331003643,사업보고서 (2025.12),별도 감사보고서 · 목차: 18. 차입금 및 사채,95,회사채#70-1,사채,회사채 #70-1,회사채#70-1,,,사채(직접금융),False,90000000000.0,백만원,False
한국수력원자력,발전·에너지,20260331003643,사업보고서 (2025.12),별도 감사보고서 · 목차: 18. 차입금 및 사채,95,회사채#70-2,사채,회사채 #70-2,회사채#70-2,,,사채(직접금융),False,40000000000.0,백만원,False
한국수력원자력,발전·에너지,20260331003643,사업보고서 (2025.12),별도 감사보고서 · 목차: 18. 차입금 및 사채,95,회사채#70-3,사채,회사채 #70-3,회사채#70-3,,,사채(직접금융),False,20000000000.0,백만원,False
한국수력원자력,발전·에너지,20260331003643,사업보고서 (2025.12),별도 감사보고서 · 목차: 18. 차입금 및 사채,95,회사채#71-1,사채,회사채 #71-1,회사채#71-1,,,사채(직접금융),False,50000000000.0,백만원,False
한국수력원자력,발전·에너지,20260331003643,사업보고서 (2025.12),별도 감사보고서 · 목차: 18. 차입금 및 사채,95,회사채#71-2,사채,회사채 #71-2,회사채#71-2,,,사채(직접금융),False,30000000000.0,백만원,False
한국수력원자력,발전·에너지,20260331003643,사업보고서 (2025.12),별도 감사보고서 · 목차: 18. 차입금 및 사채,95,회사채#72-1,사채,회사채 #72-1,회사채#72-1,,,사채(직접금융),False,130000000000.0,백만원,False
한국수력원자력,발전·에너지,20260331003643,사업보고서 (2025.12),별도 감사보고서 · 목차: 18. 차입금 및 사채,95,회사채#72-2,사채,회사채 #72-2,회사채#72-2,,,사채(직접금융),False,90000000000.0,백만원,False
한국수력원자력,발전·에너지,20260331003643,사업보고서 (2025.12),별도 감사보고서 · 목차: 18. 차입금 및 사채,95,회사채#73-1,사채,회사채 #73-1,회사채#73-1,,,사채(직접금융),False,120000000000.0,백만원,False
한국수력원자력,발전·에너지,20260331003643,사업보고서 (2025.12),별도 감사보고서 · 목차: 18. 차입금 및 사채,95,회사채#73-2,사채,회사채 #73-2,회사채#73-2,,,사채(직접금융),False,10000000000.0,백만원,False
한국수력원자력,발전·에너지,20260331003643,사업보고서 (2025.12),별도 감사보고서 · 목차: 18. 차입금 및 사채,95,회사채#73-3,사채,회사채 #73-3,회사채#73-3,,,사채(직접금융),False,140000000000.0,백만원,False
한국수력원자력,발전·에너지,20260331003643,사업보고서 (2025.12),별도 감사보고서 · 목차: 18. 차입금 및 사채,95,회사채#74-1,사채,회사채 #74-1,회사채#74-1,,,사채(직접금융),False,160000000000.0,백만원,False
한국수력원자력,발전·에너지,20260331003643,사업보고서 (2025.12),별도 감사보고서 · 목차: 18. 차입금 및 사채,95,회사채#74-2,사채,회사채 #74-2,회사채#74-2,,,사채(직접금융),False,50000000000.0,백만원,False
한국수력원자력,발전·에너지,20260331003643,사업보고서 (2025.12),별도 감사보고서 · 목차: 18. 차입금 및 사채,95,회사채#74-3,사채,회사채 #74-3,회사채#74-3,,,사채(직접금융),False,100000000000.0,백만원,False
한국수력원자력,발전·에너지,20260331003643,사업보고서 (2025.12),별도 감사보고서 · 목차: 18. 차입금 및 사채,95,회사채#75-1,사채,회사채 #75-1,회사채#75-1,,,사채(직접금융),False,70000000000.0,백만원,False
한국수력원자력,발전·에너지,20260331003643,사업보고서 (2025.12),별도 감사보고서 · 목차: 18. 차입금 및 사채,95,회사채#75-2,사채,회사채 #75-2,회사채#75-2,,,사채(직접금융),False,40000000000.0,백만원,False
한국수력원자력,발전·에너지,20260331003643,사업보고서 (2025.12),별도 감사보고서 · 목차: 18. 차입금 및 사채,95,회사채#75-3,사채,회사채 #75-3,회사채#75-3,,,사채(직접금융),False,80000000000.0,백만원,False
한국수력원자력,발전·에너지,20260331003643,사업보고서 (2025.12),별도 감사보고서 · 목차: 18. 차입금 및 사채,95,회사채#76-1,사채,회사채 #76-1,회사채#76-1,,,사채(직접금융),False,80000000000.0,백만원,False
한국수력원자력,발전·에너지,20260331003643,사업보고서 (2025.12),별도 감사보고서 · 목차: 18. 차입금 및 사채,95,회사채#76-2,사채,회사채 #76-2,회사채#76-2,,,사채(직접금융),False,50000000000.0,백만원,False
한국수력원자력,발전·에너지,20260331003643,사업보고서 (2025.12),별도 감사보고서 · 목차: 18. 차입금 및 사채,95,회사채#76-3,사채,회사채 #76-3,회사채#76-3,,,사채(직접금융),False,80000000000.0,백만원,False
한국수력원자력,발전·에너지,20260331003643,사업보고서 (2025.12),별도 감사보고서 · 목차: 18. 차입금 및 사채,95,회사채#77-1,사채,회사채 #77-1,회사채#77-1,,,사채(직접금융),False,150000000000.0,백만원,False
한국수력원자력,발전·에너지,20260331003643,사업보고서 (2025.12),별도 감사보고서 · 목차: 18. 차입금 및 사채,95,회사채#77-2,사채,회사채 #77-2,회사채#77-2,,,사채(직접금융),False,100000000000.0,백만원,False
한국수력원자력,발전·에너지,20260331003643,사업보고서 (2025.12),별도 감사보고서 · 목차: 18. 차입금 및 사채,95,회사채#77-3,사채,회사채 #77-3,회사채#77-3,,,사채(직접금융),False,60000000000.0,백만원,False
한국수력원자력,발전·에너지,20260331003643,사업보고서 (2025.12),별도 감사보고서 · 목차: 18. 차입금 및 사채,95,회사채#78-1,사채,회사채 #78-1,회사채#78-1,,,사채(직접금융),False,100000000000.0,백만원,False
한국수력원자력,발전·에너지,20260331003643,사업보고서 (2025.12),별도 감사보고서 · 목차: 18. 차입금 및 사채,95,회사채#78-2,사채,회사채 #78-2,회사채#78-2,,,사채(직접금융),False,90000000000.0,백만원,False
한국수력원자력,발전·에너지,20260331003643,사업보고서 (2025.12),별도 감사보고서 · 목차: 18. 차입금 및 사채,95,회사채#78-3,사채,회사채 #78-3,회사채#78-3,,,사채(직접금융),False,100000000000.0,백만원,False
한국수력원자력,발전·에너지,20260331003643,사업보고서 (2025.12),별도 감사보고서 · 목차: 18. 차입금 및 사채,95,회사채#79-1,사채,회사채 #79-1,회사채#79-1,,,사채(직접금융),False,120000000000.0,백만원,False
한국수력원자력,발전·에너지,20260331003643,사업보고서 (2025.12),별도 감사보고서 · 목차: 18. 차입금 및 사채,95,회사채#79-2,사채,회사채 #79-2,회사채#79-2,,,사채(직접금융),False,70000000000.0,백만원,False
한국수력원자력,발전·에너지,20260331003643,사업보고서 (2025.12),별도 감사보고서 · 목차: 18. 차입금 및 사채,95,회사채#79-3,사채,회사채 #79-3,회사채#79-3,,,사채(직접금융),False,70000000000.0,백만원,False
한국수력원자력,발전·에너지,20260331003643,사업보고서 (2025.12),별도 감사보고서 · 목차: 18. 차입금 및 사채,95,회사채#80-1,사채,회사채 #80-1,회사채#80-1,,,사채(직접금융),False,60000000000.0,백만원,False
한국수력원자력,발전·에너지,20260331003643,사업보고서 (2025.12),별도 감사보고서 · 목차: 18. 차입금 및 사채,95,회사채#80-2,사채,회사채 #80-2,회사채#80-2,,,사채(직접금융),False,130000000000.0,백만원,False
한국수력원자력,발전·에너지,20260331003643,사업보고서 (2025.12),별도 감사보고서 · 목차: 18. 차입금 및 사채,95,회사채#80-3,사채,회사채 #80-3,회사채#80-3,,,사채(직접금융),False,120000000000.0,백만원,False
한국수력원자력,발전·에너지,20260331003643,사업보고서 (2025.12),별도 감사보고서 · 목차: 18. 차입금 및 사채,95,회사채#81,사채,회사채 #81,회사채#81,,,사채(직접금융),False,60000000000.0,백만원,False
한국수력원자력,발전·에너지,20260331003643,사업보고서 (2025.12),별도 감사보고서 · 목차: 18. 차입금 및 사채,96,(국외)글로벌본드7,사채,(국외) 글로벌본드 7,(국외)글로벌본드7,,,사채(직접금융),False,0.0,백만원,True
한국수력원자력,발전·에너지,20260331003643,사업보고서 (2025.12),별도 감사보고서 · 목차: 18. 차입금 및 사채,96,(국외)글로벌본드8,사채,(국외) 글로벌본드 8,(국외)글로벌본드8,,,사채(직접금융),False,430470000000.0,백만원,True
한국수력원자력,발전·에너지,20260331003643,사업보고서 (2025.12),별도 감사보고서 · 목차: 18. 차입금 및 사채,96,(국외)글로벌본드10,사채,(국외) 글로벌본드 10,(국외)글로벌본드10,,,사채(직접금융),False,717450000000.0,백만원,True
한국수력원자력,발전·에너지,20260331003643,사업보고서 (2025.12),별도 감사보고서 · 목차: 18. 차입금 및 사채,96,(국외)글로벌본드11,사채,(국외) 글로벌본드 11,(국외)글로벌본드11,,,사채(직접금융),False,1004430000000.0,백만원,True
한국수력원자력,발전·에너지,20260331003643,사업보고서 (2025.12),별도 감사보고서 · 목차: 18. 차입금 및 사채,96,(국외)글로벌본드12,사채,(국외) 글로벌본드 12,(국외)글로벌본드12,,,사채(직접금융),False,717450000000.0,백만원,True
한국수력원자력,발전·에너지,20260331003643,사업보고서 (2025.12),별도 감사보고서 · 목차: 18. 차입금 및 사채,96,(국외)글로벌본드13,사채,(국외) 글로벌본드 13,(국외)글로벌본드13,,,사채(직접금융),False,717450000000.0,백만원,True
한국수력원자력,발전·에너지,20260331003643,사업보고서 (2025.12),별도 감사보고서 · 목차: 18. 차입금 및 사채,96,(국외)포모사본드,사채,(국외) 포모사본드,(국외)포모사본드,,,사채(직접금융),False,0.0,백만원,True
한국수력원자력,발전·에너지,20260331003643,사업보고서 (2025.12),별도 감사보고서 · 목차: 18. 차입금 및 사채,96,(국외)해외사모사채1,사채,(국외) 해외 사모 사채 1,(국외)해외사모사채1,,,사채(직접금융),False,304277000000.0,백만원,True
한국수력원자력,발전·에너지,20260331003643,사업보고서 (2025.12),별도 감사보고서 · 목차: 18. 차입금 및 사채,96,(국외)해외사모사채2,사채,(국외) 해외 사모 사채 2,(국외)해외사모사채2,,,사채(직접금융),False,356833000000.0,백만원,True
한국수력원자력,발전·에너지,20260331003643,사업보고서 (2025.12),별도 감사보고서 · 목차: 18. 차입금 및 사채,96,2022.11.01,사채,(국외) 해외 사모 사채 2,(국외)해외사모사채2,,,사채(직접금융),False,76530000000.0,백만원,True
한국수력원자력,발전·에너지,20260331003643,사업보고서 (2025.12),별도 감사보고서 · 목차: 18. 차입금 및 사채,96,(국외)해외사모사채3,사채,(국외) 해외 사모 사채 3,(국외)해외사모사채3,,,사채(직접금융),False,191233000000.0,백만원,True
한국수력원자력,발전·에너지,20260331003643,사업보고서 (2025.12),별도 감사보고서 · 목차: 18. 차입금 및 사채,96,(국외)해외사모사채4,사채,(국외) 해외 사모 사채 4,(국외)해외사모사채4,,,사채(직접금융),False,0.0,백만원,True
한국수력원자력,발전·에너지,20260331003643,사업보고서 (2025.12),별도 감사보고서 · 목차: 18. 차입금 및 사채,96,(국외)스위스프랑해외채권#2,사채,(국외) 스위스프랑해외채권#2,(국외)스위스프랑해외채권#2,,,사채(직접금융),False,181197000000.0,백만원,True
한국중부발전,발전·에너지,20260331003093,사업보고서 (2025.12),별도 감사보고서 · 색인(금융부채): 20. 금융부채,88,원화단기차입금,단기,유안타증권,유안타증권,증권사(CP·전단채 중개 추정),유안타증권(주),명단 금융회사,False,50000000000.0,원,False
한국중부발전,발전·에너지,20260331003093,사업보고서 (2025.12),별도 감사보고서 · 색인(금융부채): 20. 금융부채,88,NH투자증권등,단기,NH투자증권 등,NH투자증권,증권사(CP·전단채 중개 추정),,투자조합 등,True,50000000000.0,원,False
한국중부발전,발전·에너지,20260331003093,사업보고서 (2025.12),별도 감사보고서 · 색인(금융부채): 20. 금융부채,88,메리츠증권등,단기,메리츠증권 등,메리츠증권,증권사(CP·전단채 중개 추정),메리츠증권(주),명단 금융회사,True,150000000000.0,원,False
한국중부발전,발전·에너지,20260331003093,사업보고서 (2025.12),별도 감사보고서 · 색인(금융부채): 20. 금융부채,88,아이엠증권등,단기,아이엠증권 등,아이엠증권,증권사(CP·전단채 중개 추정),,금융회사(명단 밖),True,200000000000.0,원,False
한국중부발전,발전·에너지,20260331003093,사업보고서 (2025.12),별도 감사보고서 · 색인(금융부채): 20. 금융부채,88,다올투자증권등,단기,다올투자증권 등,다올투자증권,증권사(CP·전단채 중개 추정),다올투자증권(주),명단 금융회사,True,100000000000.0,원,False
한국중부발전,발전·에너지,20260331003093,사업보고서 (2025.12),별도 감사보고서 · 색인(금융부채): 20. 금융부채,88,케이비증권,단기,케이비증권,케이비증권,증권사(CP·전단채 중개 추정),KB증권,명단 금융회사,False,10000000000.0,원,False
한국중부발전,발전·에너지,20260331003093,사업보고서 (2025.12),별도 감사보고서 · 색인(금융부채): 20. 금융부채,88,원화일반기업대출,단기,농협은행,농협은행,,농협은행(주),명단 금융회사,False,183300000000.0,원,False
한국중부발전,발전·에너지,20260331003093,사업보고서 (2025.12),별도 감사보고서 · 색인(금융부채): 20. 금융부채,89,무보증30-2회,사채,무보증 30-2회,무보증30-2회,,,사채(직접금융),False,0.0,원,False
한국중부발전,발전·에너지,20260331003093,사업보고서 (2025.12),별도 감사보고서 · 색인(금융부채): 20. 금융부채,89,무보증31-3회,사채,무보증 31-3회,무보증31-3회,,,사채(직접금융),False,0.0,원,False
한국중부발전,발전·에너지,20260331003093,사업보고서 (2025.12),별도 감사보고서 · 색인(금융부채): 20. 금융부채,89,무보증32-3회,사채,무보증 32-3회,무보증32-3회,,,사채(직접금융),False,0.0,원,False
한국중부발전,발전·에너지,20260331003093,사업보고서 (2025.12),별도 감사보고서 · 색인(금융부채): 20. 금융부채,89,무보증33-2회,사채,무보증 33-2회,무보증33-2회,,,사채(직접금융),False,130000000000.0,원,False
한국중부발전,발전·에너지,20260331003093,사업보고서 (2025.12),별도 감사보고서 · 색인(금융부채): 20. 금융부채,89,무보증34-1회,사채,무보증 34-1회,무보증34-1회,,,사채(직접금융),False,60000000000.0,원,False
한국중부발전,발전·에너지,20260331003093,사업보고서 (2025.12),별도 감사보고서 · 색인(금융부채): 20. 금융부채,89,무보증34-2회,사채,무보증 34-2회,무보증34-2회,,,사채(직접금융),False,130000000000.0,원,False
한국중부발전,발전·에너지,20260331003093,사업보고서 (2025.12),별도 감사보고서 · 색인(금융부채): 20. 금융부채,89,무보증35-1회,사채,무보증 35-1회,무보증35-1회,,,사채(직접금융),False,160000000000.0,원,False
한국중부발전,발전·에너지,20260331003093,사업보고서 (2025.12),별도 감사보고서 · 색인(금융부채): 20. 금융부채,89,무보증35-2회,사채,무보증 35-2회,무보증35-2회,,,사채(직접금융),False,90000000000.0,원,False
한국중부발전,발전·에너지,20260331003093,사업보고서 (2025.12),별도 감사보고서 · 색인(금융부채): 20. 금융부채,89,무보증36-2회,사채,무보증 36-2회,무보증36-2회,,,사채(직접금융),False,100000000000.0,원,False
한국중부발전,발전·에너지,20260331003093,사업보고서 (2025.12),별도 감사보고서 · 색인(금융부채): 20. 금융부채,89,무보증37-1회,사채,무보증 37-1회,무보증37-1회,,,사채(직접금융),False,150000000000.0,원,False
한국중부발전,발전·에너지,20260331003093,사업보고서 (2025.12),별도 감사보고서 · 색인(금융부채): 20. 금융부채,89,무보증37-2회,사채,무보증 37-2회,무보증37-2회,,,사채(직접금융),False,50000000000.0,원,False
한국중부발전,발전·에너지,20260331003093,사업보고서 (2025.12),별도 감사보고서 · 색인(금융부채): 20. 금융부채,89,무보증38-2회,사채,무보증 38-2회,무보증38-2회,,,사채(직접금융),False,100000000000.0,원,False
한국중부발전,발전·에너지,20260331003093,사업보고서 (2025.12),별도 감사보고서 · 색인(금융부채): 20. 금융부채,89,무보증38-3회,사채,무보증 38-3회,무보증38-3회,,,사채(직접금융),False,100000000000.0,원,False
한국중부발전,발전·에너지,20260331003093,사업보고서 (2025.12),별도 감사보고서 · 색인(금융부채): 20. 금융부채,89,무보증39-1회,사채,무보증 39-1회,무보증39-1회,,,사채(직접금융),False,20000000000.0,원,False
한국중부발전,발전·에너지,20260331003093,사업보고서 (2025.12),별도 감사보고서 · 색인(금융부채): 20. 금융부채,89,무보증39-2회,사채,무보증 39-2회,무보증39-2회,,,사채(직접금융),False,70000000000.0,원,False
한국중부발전,발전·에너지,20260331003093,사업보고서 (2025.12),별도 감사보고서 · 색인(금융부채): 20. 금융부채,89,무보증39-3회,사채,무보증 39-3회,무보증39-3회,,,사채(직접금융),False,130000000000.0,원,False
한국중부발전,발전·에너지,20260331003093,사업보고서 (2025.12),별도 감사보고서 · 색인(금융부채): 20. 금융부채,89,무보증40-1회,사채,무보증 40-1회,무보증40-1회,,,사채(직접금융),False,90000000000.0,원,False
한국중부발전,발전·에너지,20260331003093,사업보고서 (2025.12),별도 감사보고서 · 색인(금융부채): 20. 금융부채,89,무보증40-2회,사채,무보증 40-2회,무보증40-2회,,,사채(직접금융),False,90000000000.0,원,False
한국중부발전,발전·에너지,20260331003093,사업보고서 (2025.12),별도 감사보고서 · 색인(금융부채): 20. 금융부채,89,무보증41-2회,사채,무보증 41-2회,무보증41-2회,,,사채(직접금융),False,130000000000.0,원,False
한국중부발전,발전·에너지,20260331003093,사업보고서 (2025.12),별도 감사보고서 · 색인(금융부채): 20. 금융부채,89,무보증42-2회,사채,무보증 42-2회,무보증42-2회,,,사채(직접금융),False,50000000000.0,원,False
한국중부발전,발전·에너지,20260331003093,사업보고서 (2025.12),별도 감사보고서 · 색인(금융부채): 20. 금융부채,89,무보증43-1회,사채,무보증 43-1회,무보증43-1회,,,사채(직접금융),False,70000000000.0,원,False
한국중부발전,발전·에너지,20260331003093,사업보고서 (2025.12),별도 감사보고서 · 색인(금융부채): 20. 금융부채,89,무보증43-2회,사채,무보증 43-2회,무보증43-2회,,,사채(직접금융),False,110000000000.0,원,False
한국중부발전,발전·에너지,20260331003093,사업보고서 (2025.12),별도 감사보고서 · 색인(금융부채): 20. 금융부채,89,무보증44-1회,사채,무보증 44-1회,무보증44-1회,,,사채(직접금융),False,20000000000.0,원,False
한국중부발전,발전·에너지,20260331003093,사업보고서 (2025.12),별도 감사보고서 · 색인(금융부채): 20. 금융부채,89,무보증44-2회,사채,무보증 44-2회,무보증44-2회,,,사채(직접금융),False,180000000000.0,원,False
한국중부발전,발전·에너지,20260331003093,사업보고서 (2025.12),별도 감사보고서 · 색인(금융부채): 20. 금융부채,89,무보증45-1회,사채,무보증 45-1회,무보증45-1회,,,사채(직접금융),False,90000000000.0,원,False
한국중부발전,발전·에너지,20260331003093,사업보고서 (2025.12),별도 감사보고서 · 색인(금융부채): 20. 금융부채,89,무보증45-2회,사채,무보증 45-2회,무보증45-2회,,,사채(직접금융),False,110000000000.0,원,False
한국중부발전,발전·에너지,20260331003093,사업보고서 (2025.12),별도 감사보고서 · 색인(금융부채): 20. 금융부채,89,무보증46-1회,사채,무보증 46-1회,무보증46-1회,,,사채(직접금융),False,90000000000.0,원,False
한국중부발전,발전·에너지,20260331003093,사업보고서 (2025.12),별도 감사보고서 · 색인(금융부채): 20. 금융부채,89,무보증46-2회,사채,무보증 46-2회,무보증46-2회,,,사채(직접금융),False,30000000000.0,원,False
한국중부발전,발전·에너지,20260331003093,사업보고서 (2025.12),별도 감사보고서 · 색인(금융부채): 20. 금융부채,89,무보증47-1회,사채,무보증 47-1회,무보증47-1회,,,사채(직접금융),False,160000000000.0,원,False
한국중부발전,발전·에너지,20260331003093,사업보고서 (2025.12),별도 감사보고서 · 색인(금융부채): 20. 금융부채,89,무보증47-2회,사채,무보증 47-2회,무보증47-2회,,,사채(직접금융),False,120000000000.0,원,False
한국중부발전,발전·에너지,20260331003093,사업보고서 (2025.12),별도 감사보고서 · 색인(금융부채): 20. 금융부채,89,무보증48-1회,사채,무보증 48-1회,무보증48-1회,,,사채(직접금융),False,100000000000.0,원,False
한국중부발전,발전·에너지,20260331003093,사업보고서 (2025.12),별도 감사보고서 · 색인(금융부채): 20. 금융부채,89,무보증48-2회,사채,무보증 48-2회,무보증48-2회,,,사채(직접금융),False,120000000000.0,원,False
한국중부발전,발전·에너지,20260331003093,사업보고서 (2025.12),별도 감사보고서 · 색인(금융부채): 20. 금융부채,89,무보증49-1회,사채,무보증 49-1회,무보증49-1회,,,사채(직접금융),False,130000000000.0,원,False
한국중부발전,발전·에너지,20260331003093,사업보고서 (2025.12),별도 감사보고서 · 색인(금융부채): 20. 금융부채,89,무보증49-2회,사채,무보증 49-2회,무보증49-2회,,,사채(직접금융),False,120000000000.0,원,False
한국중부발전,발전·에너지,20260331003093,사업보고서 (2025.12),별도 감사보고서 · 색인(금융부채): 20. 금융부채,89,무보증50-1회,사채,무보증 50-1회,무보증50-1회,,,사채(직접금융),False,70000000000.0,원,False
한국중부발전,발전·에너지,20260331003093,사업보고서 (2025.12),별도 감사보고서 · 색인(금융부채): 20. 금융부채,89,무보증50-2회,사채,무보증 50-2회,무보증50-2회,,,사채(직접금융),False,110000000000.0,원,False
한국중부발전,발전·에너지,20260331003093,사업보고서 (2025.12),별도 감사보고서 · 색인(금융부채): 20. 금융부채,89,무보증50-3회,사채,무보증 50-3회,무보증50-3회,,,사채(직접금융),False,70000000000.0,원,False
한국중부발전,발전·에너지,20260331003093,사업보고서 (2025.12),별도 감사보고서 · 색인(금융부채): 20. 금융부채,89,무보증51-1회,사채,무보증 51-1회,무보증51-1회,,,사채(직접금융),False,50000000000.0,원,False
한국중부발전,발전·에너지,20260331003093,사업보고서 (2025.12),별도 감사보고서 · 색인(금융부채): 20. 금융부채,89,무보증51-2회,사채,무보증 51-2회,무보증51-2회,,,사채(직접금융),False,80000000000.0,원,False
한국중부발전,발전·에너지,20260331003093,사업보고서 (2025.12),별도 감사보고서 · 색인(금융부채): 20. 금융부채,89,무보증52-1회,사채,무보증 52-1회,무보증52-1회,,,사채(직접금융),False,140000000000.0,원,False
한국중부발전,발전·에너지,20260331003093,사업보고서 (2025.12),별도 감사보고서 · 색인(금융부채): 20. 금융부채,89,무보증52-2회,사채,무보증 52-2회,무보증52-2회,,,사채(직접금융),False,80000000000.0,원,False
한국중부발전,발전·에너지,20260331003093,사업보고서 (2025.12),별도 감사보고서 · 색인(금융부채): 20. 금융부채,89,무보증53-2회,사채,무보증 53-2회,무보증53-2회,,,사채(직접금융),False,80000000000.0,원,False
한국중부발전,발전·에너지,20260331003093,사업보고서 (2025.12),별도 감사보고서 · 색인(금융부채): 20. 금융부채,89,무보증54-1회,사채,무보증 54-1회,무보증54-1회,,,사채(직접금융),False,50000000000.0,원,False
한국중부발전,발전·에너지,20260331003093,사업보고서 (2025.12),별도 감사보고서 · 색인(금융부채): 20. 금융부채,89,무보증54-2회,사채,무보증 54-2회,무보증54-2회,,,사채(직접금융),False,120000000000.0,원,False
한국중부발전,발전·에너지,20260331003093,사업보고서 (2025.12),별도 감사보고서 · 색인(금융부채): 20. 금융부채,89,무보증55회,사채,무보증 55회,무보증55회,,,사채(직접금융),False,80000000000.0,원,False
한국중부발전,발전·에너지,20260331003093,사업보고서 (2025.12),별도 감사보고서 · 색인(금융부채): 20. 금융부채,89,무보증56-1회,사채,무보증 56-1회,무보증56-1회,,,사채(직접금융),False,60000000000.0,원,False
한국중부발전,발전·에너지,20260331003093,사업보고서 (2025.12),별도 감사보고서 · 색인(금융부채): 20. 금융부채,89,무보증56-2회,사채,무보증 56-2회,무보증56-2회,,,사채(직접금융),False,120000000000.0,원,False
한국중부발전,발전·에너지,20260331003093,사업보고서 (2025.12),별도 감사보고서 · 색인(금융부채): 20. 금융부채,89,무보증57-1회,사채,무보증 57-1회,무보증57-1회,,,사채(직접금융),False,90000000000.0,원,False
한국중부발전,발전·에너지,20260331003093,사업보고서 (2025.12),별도 감사보고서 · 색인(금융부채): 20. 금융부채,89,무보증57-2회,사채,무보증 57-2회,무보증57-2회,,,사채(직접금융),False,100000000000.0,원,False
한국중부발전,발전·에너지,20260331003093,사업보고서 (2025.12),별도 감사보고서 · 색인(금융부채): 20. 금융부채,89,무보증58-2회,사채,무보증 58-2회,무보증58-2회,,,사채(직접금융),False,70000000000.0,원,False
한국중부발전,발전·에너지,20260331003093,사업보고서 (2025.12),별도 감사보고서 · 색인(금융부채): 20. 금융부채,89,무보증58-3회,사채,무보증 58-3회,무보증58-3회,,,사채(직접금융),False,40000000000.0,원,False
한국중부발전,발전·에너지,20260331003093,사업보고서 (2025.12),별도 감사보고서 · 색인(금융부채): 20. 금융부채,89,무보증59-2회,사채,무보증 59-2회,무보증59-2회,,,사채(직접금융),False,0.0,원,False
한국중부발전,발전·에너지,20260331003093,사업보고서 (2025.12),별도 감사보고서 · 색인(금융부채): 20. 금융부채,89,무보증61회,사채,무보증 61회,무보증61회,,,사채(직접금융),False,190000000000.0,원,False
한국중부발전,발전·에너지,20260331003093,사업보고서 (2025.12),별도 감사보고서 · 색인(금융부채): 20. 금융부채,89,무보증62-1회,사채,무보증 62-1회,무보증62-1회,,,사채(직접금융),False,130000000000.0,원,False
한국중부발전,발전·에너지,20260331003093,사업보고서 (2025.12),별도 감사보고서 · 색인(금융부채): 20. 금융부채,89,무보증62-2회,사채,무보증 62-2회,무보증62-2회,,,사채(직접금융),False,20000000000.0,원,False
한국중부발전,발전·에너지,20260331003093,사업보고서 (2025.12),별도 감사보고서 · 색인(금융부채): 20. 금융부채,89,무보증63-3회,사채,무보증 63-3회,무보증63-3회,,,사채(직접금융),False,30000000000.0,원,False
한국중부발전,발전·에너지,20260331003093,사업보고서 (2025.12),별도 감사보고서 · 색인(금융부채): 20. 금융부채,89,무보증64-3회,사채,무보증 64-3회,무보증64-3회,,,사채(직접금융),False,20000000000.0,원,False
한국중부발전,발전·에너지,20260331003093,사업보고서 (2025.12),별도 감사보고서 · 색인(금융부채): 20. 금융부채,89,무보증64-4회,사채,무보증 64-4회,무보증64-4회,,,사채(직접금융),False,40000000000.0,원,False
한국중부발전,발전·에너지,20260331003093,사업보고서 (2025.12),별도 감사보고서 · 색인(금융부채): 20. 금융부채,89,무보증65-1회,사채,무보증 65-1회,무보증65-1회,,,사채(직접금융),False,10000000000.0,원,False
한국중부발전,발전·에너지,20260331003093,사업보고서 (2025.12),별도 감사보고서 · 색인(금융부채): 20. 금융부채,89,무보증65-2회,사채,무보증 65-2회,무보증65-2회,,,사채(직접금융),False,10000000000.0,원,False
한국중부발전,발전·에너지,20260331003093,사업보고서 (2025.12),별도 감사보고서 · 색인(금융부채): 20. 금융부채,89,무보증66-1회,사채,무보증 66-1회,무보증66-1회,,,사채(직접금융),False,0.0,원,False
한국중부발전,발전·에너지,20260331003093,사업보고서 (2025.12),별도 감사보고서 · 색인(금융부채): 20. 금융부채,89,무보증66-2회,사채,무보증 66-2회,무보증66-2회,,,사채(직접금융),False,30000000000.0,원,False
한국중부발전,발전·에너지,20260331003093,사업보고서 (2025.12),별도 감사보고서 · 색인(금융부채): 20. 금융부채,89,무보증66-3회,사채,무보증 66-3회,무보증66-3회,,,사채(직접금융),False,50000000000.0,원,False
한국중부발전,발전·에너지,20260331003093,사업보고서 (2025.12),별도 감사보고서 · 색인(금융부채): 20. 금융부채,89,무보증67회,사채,무보증 67회,무보증67회,,,사채(직접금융),False,40000000000.0,원,False
한국중부발전,발전·에너지,20260331003093,사업보고서 (2025.12),별도 감사보고서 · 색인(금융부채): 20. 금융부채,89,무보증68-1회,사채,무보증 68-1회,무보증68-1회,,,사채(직접금융),False,20000000000.0,원,False
한국중부발전,발전·에너지,20260331003093,사업보고서 (2025.12),별도 감사보고서 · 색인(금융부채): 20. 금융부채,89,무보증68-2회,사채,무보증 68-2회,무보증68-2회,,,사채(직접금융),False,60000000000.0,원,False
한국중부발전,발전·에너지,20260331003093,사업보고서 (2025.12),별도 감사보고서 · 색인(금융부채): 20. 금융부채,89,무보증69-1회,사채,무보증 69-1회,무보증69-1회,,,사채(직접금융),False,0.0,원,False
한국중부발전,발전·에너지,20260331003093,사업보고서 (2025.12),별도 감사보고서 · 색인(금융부채): 20. 금융부채,89,무보증69-2회,사채,무보증 69-2회,무보증69-2회,,,사채(직접금융),False,30000000000.0,원,False
한국중부발전,발전·에너지,20260331003093,사업보고서 (2025.12),별도 감사보고서 · 색인(금융부채): 20. 금융부채,89,무보증69-3회,사채,무보증 69-3회,무보증69-3회,,,사채(직접금융),False,10000000000.0,원,False
한국중부발전,발전·에너지,20260331003093,사업보고서 (2025.12),별도 감사보고서 · 색인(금융부채): 20. 금융부채,89,무보증70-2회,사채,무보증 70-2회,무보증70-2회,,,사채(직접금융),False,10000000000.0,원,False
한국중부발전,발전·에너지,20260331003093,사업보고서 (2025.12),별도 감사보고서 · 색인(금융부채): 20. 금융부채,89,무보증71-1회,사채,무보증 71-1회,무보증71-1회,,,사채(직접금융),False,0.0,원,False
한국중부발전,발전·에너지,20260331003093,사업보고서 (2025.12),별도 감사보고서 · 색인(금융부채): 20. 금융부채,89,무보증71-2회,사채,무보증 71-2회,무보증71-2회,,,사채(직접금융),False,20000000000.0,원,False
한국중부발전,발전·에너지,20260331003093,사업보고서 (2025.12),별도 감사보고서 · 색인(금융부채): 20. 금융부채,89,무보증72-1회,사채,무보증 72-1회,무보증72-1회,,,사채(직접금융),False,0.0,원,False
한국중부발전,발전·에너지,20260331003093,사업보고서 (2025.12),별도 감사보고서 · 색인(금융부채): 20. 금융부채,89,무보증72-2회,사채,무보증 72-2회,무보증72-2회,,,사채(직접금융),False,30000000000.0,원,False
한국중부발전,발전·에너지,20260331003093,사업보고서 (2025.12),별도 감사보고서 · 색인(금융부채): 20. 금융부채,89,무보증73-2회,사채,무보증 73-2회,무보증73-2회,,,사채(직접금융),False,0.0,원,False
한국중부발전,발전·에너지,20260331003093,사업보고서 (2025.12),별도 감사보고서 · 색인(금융부채): 20. 금융부채,89,무보증73-3회,사채,무보증 73-3회,무보증73-3회,,,사채(직접금융),False,20000000000.0,원,False
한국중부발전,발전·에너지,20260331003093,사업보고서 (2025.12),별도 감사보고서 · 색인(금융부채): 20. 금융부채,90,외화사채,사채,외화사채,외화사채,,,사채(직접금융),False,67428800000.0,원,True
한국중부발전,발전·에너지,20260331003093,사업보고서 (2025.12),별도 감사보고서 · 색인(금융부채): 20. 금융부채,90,2017-11-16,사채,외화사채,외화사채,,,사채(직접금융),False,70186500000.0,원,True
한국중부발전,발전·에너지,20260331003093,사업보고서 (2025.12),별도 감사보고서 · 색인(금융부채): 20. 금융부채,90,2021-08-09,사채,외화사채,외화사채,,,사채(직접금융),False,430470000000.0,원,True
한국중부발전,발전·에너지,20260331003093,사업보고서 (2025.12),별도 감사보고서 · 색인(금융부채): 20. 금융부채,90,2022-04-21,사채,외화사채,외화사채,,,사채(직접금융),False,430470000000.0,원,True
한국지역난방공사,발전·에너지,,, · 수동 입력(replace),-1,수동 입력,사채,사채(공모사채),사채(공모사채),,,사채(직접금융),False,3477525000000.0,억원,False
(주)한주,발전·에너지,20260323000380,감사보고서 (2025.12),별도 감사보고서 · 색인: 11. 차입금,64,일반운영자금,단기,신한은행,신한은행,,신한은행,명단 금융회사,False,2000000000.0,천원,False
(주)한주,발전·에너지,20260323000380,감사보고서 (2025.12),별도 감사보고서 · 색인: 11. 차입금,64,일반운영자금,단기,하나은행,하나은행,,하나은행,명단 금융회사,False,3000000000.0,천원,False
(주)한주,발전·에너지,20260323000380,감사보고서 (2025.12),별도 감사보고서 · 색인: 11. 차입금,64,일반운영자금,단기,우리은행,우리은행,,㈜우리은행,명단 금융회사,False,3000000000.0,천원,False
(주)한주,발전·에너지,20260323000380,감사보고서 (2025.12),별도 감사보고서 · 색인: 11. 차입금,64,한도대출,단기,산업은행,산업은행,,한국산업은행,명단 금융회사,False,0.0,천원,False
(주)한주,발전·에너지,20260323000380,감사보고서 (2025.12),별도 감사보고서 · 색인: 11. 차입금,64,한도대출,단기,신한은행,신한은행,,신한은행,명단 금융회사,False,0.0,천원,False
(주)한주,발전·에너지,20260323000380,감사보고서 (2025.12),별도 감사보고서 · 색인: 11. 차입금,66,환경개선자금,장기,하나은행,하나은행,,하나은행,명단 금융회사,False,312500000.0,천원,False
(주)한주,발전·에너지,20260323000380,감사보고서 (2025.12),별도 감사보고서 · 색인: 11. 차입금,66,운영자금시설자금외화장기차입금,장기,산업은행,산업은행,,한국산업은행,명단 금융회사,False,58456080000.0,천원,False
(주)한주,발전·에너지,20260323000380,감사보고서 (2025.12),별도 감사보고서 · 색인: 11. 차입금,66,우리은행,장기,우리은행,우리은행,,㈜우리은행,명단 금융회사,False,0.0,천원,False
(주)한주,발전·에너지,20260323000380,감사보고서 (2025.12),별도 감사보고서 · 색인: 11. 차입금,66,경남은행,장기,경남은행,경남은행,,(주)경남은행,명단 금융회사,False,0.0,천원,False
GS파워,발전·에너지,20260327001158,사업보고서 (2025.12),별도 감사보고서 · 색인: 12. 차입금 및 사채,114,신한은행,단기,신한은행,신한은행,,신한은행,명단 금융회사,False,57000000000.0,천원,False
GS파워,발전·에너지,20260327001158,사업보고서 (2025.12),별도 감사보고서 · 색인: 12. 차입금 및 사채,117,한국산업은행,장기,한국산업은행,한국산업은행,,한국산업은행,명단 금융회사,False,8343750000.0,천원,False
GS파워,발전·에너지,20260327001158,사업보고서 (2025.12),별도 감사보고서 · 색인: 12. 차입금 및 사채,117,한국산업은행,장기,한국산업은행,한국산업은행,,한국산업은행,명단 금융회사,False,1031250000.0,천원,False
GS파워,발전·에너지,20260327001158,사업보고서 (2025.12),별도 감사보고서 · 색인: 12. 차입금 및 사채,117,한국산업은행,장기,한국산업은행,한국산업은행,,한국산업은행,명단 금융회사,False,40000000000.0,천원,False
GS파워,발전·에너지,20260327001158,사업보고서 (2025.12),별도 감사보고서 · 색인: 12. 차입금 및 사채,117,신한은행,장기,신한은행,신한은행,,신한은행,명단 금융회사,False,0.0,천원,False
GS파워,발전·에너지,20260327001158,사업보고서 (2025.12),별도 감사보고서 · 색인: 12. 차입금 및 사채,117,신한은행,장기,신한은행,신한은행,,신한은행,명단 금융회사,False,0.0,천원,False
GS파워,발전·에너지,20260327001158,사업보고서 (2025.12),별도 감사보고서 · 색인: 12. 차입금 및 사채,117,중국건설은행,장기,중국건설은행,중국건설은행,,,외국 금융회사,False,70000000000.0,천원,False
GS파워,발전·에너지,20260327001158,사업보고서 (2025.12),별도 감사보고서 · 색인: 12. 차입금 및 사채,117,중국은행,장기,중국은행,중국은행,,,외국 금융회사,False,100000000000.0,천원,False
GS파워,발전·에너지,20260327001158,사업보고서 (2025.12),별도 감사보고서 · 색인: 12. 차입금 및 사채,117,국민은행,장기,국민은행,국민은행,,국민은행,명단 금융회사,False,40000000000.0,천원,False
GS파워,발전·에너지,20260327001158,사업보고서 (2025.12),별도 감사보고서 · 색인: 12. 차입금 및 사채,117,수협은행,장기,수협은행,수협은행,,수협은행,명단 금융회사,False,10000000000.0,천원,False
GS파워,발전·에너지,20260327001158,사업보고서 (2025.12),별도 감사보고서 · 색인: 12. 차입금 및 사채,117,우리은행,장기,우리은행,우리은행,,㈜우리은행,명단 금융회사,False,30000000000.0,천원,False
GS파워,발전·에너지,20260327001158,사업보고서 (2025.12),별도 감사보고서 · 색인: 12. 차입금 및 사채,117,한국산업은행,장기,한국산업은행,한국산업은행,,한국산업은행,명단 금융회사,False,40000000000.0,천원,False
GS파워,발전·에너지,20260327001158,사업보고서 (2025.12),별도 감사보고서 · 색인: 12. 차입금 및 사채,117,수협은행,장기,수협은행,수협은행,,수협은행,명단 금융회사,False,10000000000.0,천원,False
GS파워,발전·에너지,20260327001158,사업보고서 (2025.12),별도 감사보고서 · 색인: 12. 차입금 및 사채,117,사채할인발행차금,장기,수협은행,수협은행,,수협은행,명단 금융회사,False,-106250000.0,천원,False
GS파워,발전·에너지,20260327001158,사업보고서 (2025.12),별도 감사보고서 · 색인: 12. 차입금 및 사채,124,공모사채제2-3회,사채,공모사채 제2-3회,공모사채제2-3회,,,사채(직접금융),False,0.0,천원,False
GS파워,발전·에너지,20260327001158,사업보고서 (2025.12),별도 감사보고서 · 색인: 12. 차입금 및 사채,124,공모사채제3-3회,사채,공모사채 제3-3회,공모사채제3-3회,,,사채(직접금융),False,50000000000.0,천원,False
GS파워,발전·에너지,20260327001158,사업보고서 (2025.12),별도 감사보고서 · 색인: 12. 차입금 및 사채,124,공모사채제6-3회,사채,공모사채 제6-3회,공모사채제6-3회,,,사채(직접금융),False,45000000000.0,천원,False
GS파워,발전·에너지,20260327001158,사업보고서 (2025.12),별도 감사보고서 · 색인: 12. 차입금 및 사채,124,공모사채제7-2회,사채,공모사채 제7-2회,공모사채제7-2회,,,사채(직접금융),False,70000000000.0,천원,False
GS파워,발전·에너지,20260327001158,사업보고서 (2025.12),별도 감사보고서 · 색인: 12. 차입금 및 사채,124,공모사채제8-2회,사채,공모사채 제8-2회,공모사채제8-2회,,,사채(직접금융),False,90000000000.0,천원,False
GS파워,발전·에너지,20260327001158,사업보고서 (2025.12),별도 감사보고서 · 색인: 12. 차입금 및 사채,124,공모사채제9-2회,사채,공모사채 제9-2회,공모사채제9-2회,,,사채(직접금융),False,100000000000.0,천원,False
GS파워,발전·에너지,20260327001158,사업보고서 (2025.12),별도 감사보고서 · 색인: 12. 차입금 및 사채,124,공모사채제10-1회,사채,공모사채 제10-1회,공모사채제10-1회,,,사채(직접금융),False,100000000000.0,천원,False
GS파워,발전·에너지,20260327001158,사업보고서 (2025.12),별도 감사보고서 · 색인: 12. 차입금 및 사채,124,공모사채제10-2회,사채,공모사채 제10-2회,공모사채제10-2회,,,사채(직접금융),False,50000000000.0,천원,False
GS파워,발전·에너지,20260327001158,사업보고서 (2025.12),별도 감사보고서 · 색인: 12. 차입금 및 사채,124,공모사채제11-1회,사채,공모사채 제11-1회,공모사채제11-1회,,,사채(직접금융),False,0.0,천원,False
GS파워,발전·에너지,20260327001158,사업보고서 (2025.12),별도 감사보고서 · 색인: 12. 차입금 및 사채,124,공모사채제11-2회,사채,공모사채 제11-2회,공모사채제11-2회,,,사채(직접금융),False,100000000000.0,천원,False
GS파워,발전·에너지,20260327001158,사업보고서 (2025.12),별도 감사보고서 · 색인: 12. 차입금 및 사채,124,공모사채제11-3회,사채,공모사채 제11-3회,공모사채제11-3회,,,사채(직접금융),False,140000000000.0,천원,False
GS파워,발전·에너지,20260327001158,사업보고서 (2025.12),별도 감사보고서 · 색인: 12. 차입금 및 사채,124,공모사채제12-1회,사채,공모사채 제12-1회,공모사채제12-1회,,,사채(직접금융),False,70000000000.0,천원,False
GS파워,발전·에너지,20260327001158,사업보고서 (2025.12),별도 감사보고서 · 색인: 12. 차입금 및 사채,124,공모사채제12-2회,사채,공모사채 제12-2회,공모사채제12-2회,,,사채(직접금융),False,50000000000.0,천원,False
GS파워,발전·에너지,20260327001158,사업보고서 (2025.12),별도 감사보고서 · 색인: 12. 차입금 및 사채,124,공모사채제13-1회,사채,공모사채 제13-1회,공모사채제13-1회,,,사채(직접금융),False,110000000000.0,천원,False
GS파워,발전·에너지,20260327001158,사업보고서 (2025.12),별도 감사보고서 · 색인: 12. 차입금 및 사채,124,공모사채제13-2회,사채,공모사채 제13-2회,공모사채제13-2회,,,사채(직접금융),False,90000000000.0,천원,False
GS파워,발전·에너지,20260327001158,사업보고서 (2025.12),별도 감사보고서 · 색인: 12. 차입금 및 사채,124,공모사채제14-1회,사채,공모사채 제14-1회,공모사채제14-1회,,,사채(직접금융),False,110000000000.0,천원,False
GS파워,발전·에너지,20260327001158,사업보고서 (2025.12),별도 감사보고서 · 색인: 12. 차입금 및 사채,124,공모사채제14-2회,사채,공모사채 제14-2회,공모사채제14-2회,,,사채(직접금융),False,140000000000.0,천원,False
GS파워,발전·에너지,20260327001158,사업보고서 (2025.12),별도 감사보고서 · 색인: 12. 차입금 및 사채,124,공모사채제14-3회,사채,공모사채 제14-3회,공모사채제14-3회,,,사채(직접금융),False,50000000000.0,천원,False
한화에너지주식회사,발전·에너지,20260331003788,사업보고서 (2025.12),별도 감사보고서 · 색인: 19. 차입금,79,원화차입금,차입금,한국산업은행 등,한국산업은행,,한국산업은행,명단 금융회사,True,1306000000000.0,천원,False
한화에너지주식회사,발전·에너지,20260331003788,사업보고서 (2025.12),별도 감사보고서 · 색인: 19. 차입금,80,공모사채(16-2회),사채,공모사채 (16-2회),공모사채(16-2회),,,사채(직접금융),False,80000000000.0,천원,False
한화에너지주식회사,발전·에너지,20260331003788,사업보고서 (2025.12),별도 감사보고서 · 색인: 19. 차입금,80,공모사채(18-1회)(녹),사채,공모사채(18-1회)(녹),공모사채(18-1회)(녹),,,사채(직접금융),False,0.0,천원,False
한화에너지주식회사,발전·에너지,20260331003788,사업보고서 (2025.12),별도 감사보고서 · 색인: 19. 차입금,80,공모사채(18-2회),사채,공모사채(18-2회),공모사채(18-2회),,,사채(직접금융),False,31000000000.0,천원,False
한화에너지주식회사,발전·에너지,20260331003788,사업보고서 (2025.12),별도 감사보고서 · 색인: 19. 차입금,80,사모사채(21회),사채,사모사채(21회),사모사채(21회),,,사채(직접금융),False,0.0,천원,False
한화에너지주식회사,발전·에너지,20260331003788,사업보고서 (2025.12),별도 감사보고서 · 색인: 19. 차입금,80,공모사채(22-1회)(녹),사채,공모사채(22-1회)(녹),공모사채(22-1회)(녹),,,사채(직접금융),False,95000000000.0,천원,False
한화에너지주식회사,발전·에너지,20260331003788,사업보고서 (2025.12),별도 감사보고서 · 색인: 19. 차입금,80,공모사채(22-2회)(녹),사채,공모사채(22-2회)(녹),공모사채(22-2회)(녹),,,사채(직접금융),False,55000000000.0,천원,False
한화에너지주식회사,발전·에너지,20260331003788,사업보고서 (2025.12),별도 감사보고서 · 색인: 19. 차입금,80,공모사채(23-1회),사채,공모사채(23-1회),공모사채(23-1회),,,사채(직접금융),False,90000000000.0,천원,False
한화에너지주식회사,발전·에너지,20260331003788,사업보고서 (2025.12),별도 감사보고서 · 색인: 19. 차입금,80,공모사채(23-2회)(녹),사채,공모사채(23-2회)(녹),공모사채(23-2회)(녹),,,사채(직접금융),False,110000000000.0,천원,False
한화에너지주식회사,발전·에너지,20260331003788,사업보고서 (2025.12),별도 감사보고서 · 색인: 19. 차입금,80,공모사채(24-1회),사채,공모사채(24-1회),공모사채(24-1회),,,사채(직접금융),False,80000000000.0,천원,False
한화에너지주식회사,발전·에너지,20260331003788,사업보고서 (2025.12),별도 감사보고서 · 색인: 19. 차입금,80,공모사채(24-2회),사채,공모사채(24-2회),공모사채(24-2회),,,사채(직접금융),False,70000000000.0,천원,False
한화에너지주식회사,발전·에너지,20260331003788,사업보고서 (2025.12),별도 감사보고서 · 색인: 19. 차입금,80,공모사채(25-1회),사채,공모사채(25-1회),공모사채(25-1회),,,사채(직접금융),False,50000000000.0,천원,False
한화에너지주식회사,발전·에너지,20260331003788,사업보고서 (2025.12),별도 감사보고서 · 색인: 19. 차입금,80,공모사채(25-2회),사채,공모사채(25-2회),공모사채(25-2회),,,사채(직접금융),False,100000000000.0,천원,False
한화에너지주식회사,발전·에너지,20260331003788,사업보고서 (2025.12),별도 감사보고서 · 색인: 19. 차입금,80,공모사채(26-1회),사채,공모사채(26-1회),공모사채(26-1회),,,사채(직접금융),False,40000000000.0,천원,False
한화에너지주식회사,발전·에너지,20260331003788,사업보고서 (2025.12),별도 감사보고서 · 색인: 19. 차입금,80,공모사채(26-2회),사채,공모사채(26-2회),공모사채(26-2회),,,사채(직접금융),False,130000000000.0,천원,False
한화에너지주식회사,발전·에너지,20260331003788,사업보고서 (2025.12),별도 감사보고서 · 색인: 19. 차입금,80,외화변동금리부사채(FRN),사채,외화변동금리부사채(FRN),외화변동금리부사채(FRN),,,사채(직접금융),False,86094000000.0,천원,False
평택에너지앤파워 주식회사,발전·에너지,20260331003806,사업보고서 (2025.12),별도 감사보고서 · 색인: 19. 차입금 및 사채,120,은행차입금,차입금,산업은행,산업은행,,한국산업은행,명단 금융회사,False,142120440000.0,천원,False
평택에너지앤파워 주식회사,발전·에너지,20260331003806,사업보고서 (2025.12),별도 감사보고서 · 색인: 19. 차입금 및 사채,120,동양생명,차입금,동양생명,동양생명,,동양생명보험㈜,명단 금융회사,False,0.0,천원,False
평택에너지앤파워 주식회사,발전·에너지,20260331003806,사업보고서 (2025.12),별도 감사보고서 · 색인: 19. 차입금 및 사채,120,농협중앙회,차입금,농협중앙회,농협중앙회,,,기타(확인 필요),False,0.0,천원,False
평택에너지앤파워 주식회사,발전·에너지,20260331003806,사업보고서 (2025.12),별도 감사보고서 · 색인: 19. 차입금 및 사채,120,우리은행,차입금,우리은행,우리은행,,㈜우리은행,명단 금융회사,False,65500000000.0,천원,False
평택에너지앤파워 주식회사,발전·에너지,20260331003806,사업보고서 (2025.12),별도 감사보고서 · 색인: 19. 차입금 및 사채,120,기타차입금,차입금,평택제일차,평택제일차,,,기타(확인 필요),False,0.0,천원,False
평택에너지앤파워 주식회사,발전·에너지,20260331003806,사업보고서 (2025.12),별도 감사보고서 · 색인: 19. 차입금 및 사채,122,제7-1회무보증공모사채,사채,제7-1회 무보증공모사채,제7-1회무보증공모사채,,,사채(직접금융),False,0.0,천원,False
평택에너지앤파워 주식회사,발전·에너지,20260331003806,사업보고서 (2025.12),별도 감사보고서 · 색인: 19. 차입금 및 사채,122,제7-2회무보증공모사채,사채,제7-2회 무보증공모사채,제7-2회무보증공모사채,,,사채(직접금융),False,1000000000.0,천원,False
평택에너지앤파워 주식회사,발전·에너지,20260331003806,사업보고서 (2025.12),별도 감사보고서 · 색인: 19. 차입금 및 사채,122,제8회무보증공모사채,사채,제8회 무보증공모사채,제8회무보증공모사채,,,사채(직접금융),False,0.0,천원,False
평택에너지앤파워 주식회사,발전·에너지,20260331003806,사업보고서 (2025.12),별도 감사보고서 · 색인: 19. 차입금 및 사채,122,제9-1회무보증공모사채,사채,제9-1회 무보증공모사채,제9-1회무보증공모사채,,,사채(직접금융),False,50000000000.0,천원,False
평택에너지앤파워 주식회사,발전·에너지,20260331003806,사업보고서 (2025.12),별도 감사보고서 · 색인: 19. 차입금 및 사채,122,제9-2회무보증공모사채,사채,제9-2회 무보증공모사채,제9-2회무보증공모사채,,,사채(직접금융),False,50000000000.0,천원,False
평택에너지앤파워 주식회사,발전·에너지,20260331003806,사업보고서 (2025.12),별도 감사보고서 · 색인: 19. 차입금 및 사채,122,제1회사모전환사채,사채,제1회 사모전환사채,제1회사모전환사채,,,사채(직접금융),False,146000000000.0,천원,False
평택에너지앤파워 주식회사,발전·에너지,20260331003806,사업보고서 (2025.12),별도 감사보고서 · 색인: 19. 차입금 및 사채,122,제2회사모전환사채,사채,제2회 사모전환사채,제2회사모전환사채,,,사채(직접금융),False,94000000000.0,천원,False
디에스파워 주식회사,발전·에너지,20260327000602,감사보고서 (2025.12),별도 감사보고서 · 색인: 15. 차입금,59,후순위대출(*1),차입금,농협은행(IBK열병합발전),농협은행(IBK열병합발전),,,금융회사(명단 밖),False,36944500000.0,천원,False
디에스파워 주식회사,발전·에너지,20260327000602,감사보고서 (2025.12),별도 감사보고서 · 색인: 15. 차입금,59,우리은행(한국투자디에스파워),차입금,우리은행(한국투자디에스파워),우리은행(한국투자디에스파워),,,투자조합 등,False,33055500000.0,천원,False
디에스파워 주식회사,발전·에너지,20260327000602,감사보고서 (2025.12),별도 감사보고서 · 색인: 15. 차입금,59,중순위대출(*1),차입금,농협은행(IBK열병합발전),농협은행(IBK열병합발전),,,금융회사(명단 밖),False,34658984000.0,천원,False
디에스파워 주식회사,발전·에너지,20260327000602,감사보고서 (2025.12),별도 감사보고서 · 색인: 15. 차입금,59,우리은행(한국투자디에스파워),차입금,우리은행(한국투자디에스파워),우리은행(한국투자디에스파워),,,투자조합 등,False,31011016000.0,천원,False
디에스파워 주식회사,발전·에너지,20260327000602,감사보고서 (2025.12),별도 감사보고서 · 색인: 15. 차입금,59,선순위대출(*1),차입금,새마을금고중앙회,새마을금고중앙회,,,금융회사(명단 밖),False,95330328000.0,천원,False
디에스파워 주식회사,발전·에너지,20260327000602,감사보고서 (2025.12),별도 감사보고서 · 색인: 15. 차입금,59,교보생명(주),차입금,교보생명(주),교보생명,,교보생명보험(주),명단 금융회사,False,42898648000.0,천원,False
디에스파워 주식회사,발전·에너지,20260327000602,감사보고서 (2025.12),별도 감사보고서 · 색인: 15. 차입금,59,삼성화재해상보험(주),차입금,삼성화재해상보험(주),삼성화재해상보험,,삼성화재해상보험(주),명단 금융회사,False,39720970000.0,천원,False
디에스파워 주식회사,발전·에너지,20260327000602,감사보고서 (2025.12),별도 감사보고서 · 색인: 15. 차입금,59,농협생명보험(주),차입금,농협생명보험(주),농협생명보험,,농협생명보험(주),명단 금융회사,False,39720970000.0,천원,False
디에스파워 주식회사,발전·에너지,20260327000602,감사보고서 (2025.12),별도 감사보고서 · 색인: 15. 차입금,59,흥국생명보험(주),차입금,흥국생명보험(주),흥국생명보험,,흥국생명보험(주),명단 금융회사,False,31776776000.0,천원,False
디에스파워 주식회사,발전·에너지,20260327000602,감사보고서 (2025.12),별도 감사보고서 · 색인: 15. 차입금,59,농협손해보험(주),차입금,농협손해보험(주),농협손해보험,,농협손해보험(주),명단 금융회사,False,23832582000.0,천원,False
디에스파워 주식회사,발전·에너지,20260327000602,감사보고서 (2025.12),별도 감사보고서 · 색인: 15. 차입금,59,케이비라이프생명(주),차입금,케이비라이프생명(주),케이비라이프생명,,KB라이프생명,명단 금융회사,False,23832582000.0,천원,False
디에스파워 주식회사,발전·에너지,20260327000602,감사보고서 (2025.12),별도 감사보고서 · 색인: 15. 차입금,59,삼성생명보험(주),차입금,삼성생명보험(주),삼성생명보험,,삼성생명보험(주),명단 금융회사,False,20654904000.0,천원,False
디에스파워 주식회사,발전·에너지,20260327000602,감사보고서 (2025.12),별도 감사보고서 · 색인: 15. 차입금,59,차입금할인발행차금,차입금,삼성생명보험(주),삼성생명보험,,삼성생명보험(주),명단 금융회사,False,-4463124000.0,천원,False
대구그린파워(주),발전·에너지,20260327000067,감사보고서 (2025.12),별도 감사보고서 · 전체 훑기(주석 구역 안) · 수동 입력(replace),-1,수동 입력,장기(PF),신한은행 외 대주단,신한은행외대주단,,,금융회사(명단 밖),False,147842000000.0,억원,False
대구그린파워(주),발전·에너지,20260327000067,감사보고서 (2025.12),별도 감사보고서 · 전체 훑기(주석 구역 안) · 수동 입력(replace),-1,수동 입력,장기(PF),농협은행(신탁 — 신한BNPP 특별자산투자신탁),농협은행(신탁—신한BNPP특별자산투자신탁),,,외국 금융회사,False,74179600000.0,억원,False
대구그린파워(주),발전·에너지,20260327000067,감사보고서 (2025.12),별도 감사보고서 · 전체 훑기(주석 구역 안) · 수동 입력(replace),-1,수동 입력,PF 대주단 구성원(금액 미배분),한화생명보험,한화생명보험,,한화생명보험(주),명단 금융회사,False,0.0,억원,False
대구그린파워(주),발전·에너지,20260327000067,감사보고서 (2025.12),별도 감사보고서 · 전체 훑기(주석 구역 안) · 수동 입력(replace),-1,수동 입력,PF 대주단 구성원(금액 미배분),삼성생명보험,삼성생명보험,,삼성생명보험(주),명단 금융회사,False,0.0,억원,False
대구그린파워(주),발전·에너지,20260327000067,감사보고서 (2025.12),별도 감사보고서 · 전체 훑기(주석 구역 안) · 수동 입력(replace),-1,수동 입력,PF 대주단 구성원(금액 미배분),케이비생명보험,케이비생명보험,,,금융회사(명단 밖),False,0.0,억원,False
대구그린파워(주),발전·에너지,20260327000067,감사보고서 (2025.12),별도 감사보고서 · 전체 훑기(주석 구역 안) · 수동 입력(replace),-1,수동 입력,PF 대주단 구성원(금액 미배분),롯데손해보험,롯데손해보험,,롯데손해보험(주),명단 금융회사,False,0.0,억원,False
대구그린파워(주),발전·에너지,20260327000067,감사보고서 (2025.12),별도 감사보고서 · 전체 훑기(주석 구역 안) · 수동 입력(replace),-1,수동 입력,PF 대주단 구성원(금액 미배분),대구은행,대구은행,,(주)iM뱅크,명단 금융회사,False,0.0,억원,False
대구그린파워(주),발전·에너지,20260327000067,감사보고서 (2025.12),별도 감사보고서 · 전체 훑기(주석 구역 안) · 수동 입력(replace),-1,수동 입력,PF 대주단 구성원(금액 미배분),삼성화재해상보험,삼성화재해상보험,,삼성화재해상보험(주),명단 금융회사,False,0.0,억원,False
대구그린파워(주),발전·에너지,20260327000067,감사보고서 (2025.12),별도 감사보고서 · 전체 훑기(주석 구역 안) · 수동 입력(replace),-1,수동 입력,PF 대주단 구성원(금액 미배분),교보생명보험,교보생명보험,,교보생명보험(주),명단 금융회사,False,0.0,억원,False
대구그린파워(주),발전·에너지,20260327000067,감사보고서 (2025.12),별도 감사보고서 · 전체 훑기(주석 구역 안) · 수동 입력(replace),-1,수동 입력,PF 대주단 구성원(금액 미배분),농협생명보험,농협생명보험,,농협생명보험(주),명단 금융회사,False,0.0,억원,False
대구그린파워(주),발전·에너지,20260327000067,감사보고서 (2025.12),별도 감사보고서 · 전체 훑기(주석 구역 안) · 수동 입력(replace),-1,수동 입력,PF 대주단 구성원(금액 미배분),현대해상화재보험,현대해상화재보험,,현대해상화재보험(주),명단 금융회사,False,0.0,억원,False
대구그린파워(주),발전·에너지,20260327000067,감사보고서 (2025.12),별도 감사보고서 · 전체 훑기(주석 구역 안) · 수동 입력(replace),-1,수동 입력,PF 대주단 구성원(금액 미배분),신한투자증권,신한투자증권,증권사(CP·전단채 중개 추정),신한투자증권,명단 금융회사,False,0.0,억원,False
동두천드림파워,발전·에너지,20260325000743,감사보고서 (2025.12),별도 감사보고서 · 색인: 16. 차입금및사채,52,장기대출I약정,장기,㈜국민은행 외 7,국민은행,,국민은행,명단 금융회사,True,242395200000.0,천원,False
동두천드림파워,발전·에너지,20260325000743,감사보고서 (2025.12),별도 감사보고서 · 색인: 16. 차입금및사채,52,장기대출II약정,장기,삼성생명보험㈜ 외 15,삼성생명보험,,삼성생명보험(주),명단 금융회사,True,363592800000.0,천원,False
동두천드림파워,발전·에너지,20260325000743,감사보고서 (2025.12),별도 감사보고서 · 색인: 16. 차입금및사채,52,후순위대출약정,사채,㈜부산은행(KB동두천드림파워사모특별자산투자신탁),부산은행(KB동두천드림파워사모특별자산투자신탁),,,사채(직접금융),False,135000000000.0,천원,False
동두천드림파워,발전·에너지,20260325000743,감사보고서 (2025.12),별도 감사보고서 · 색인: 16. 차입금및사채,52,후순위대출II약정,사채,㈜부산은행(KB동두천드림파워사모특별자산투자신탁),부산은행(KB동두천드림파워사모특별자산투자신탁),,,사채(직접금융),False,6600000000.0,천원,False
동두천드림파워,발전·에너지,20260325000743,감사보고서 (2025.12),별도 감사보고서 · 색인: 16. 차입금및사채,53,제23회사모사채(주1),사채,제23회 사모사채(주1),제23회사모사채,,,사채(직접금융),False,18200000000.0,천원,False
동두천드림파워,발전·에너지,20260325000743,감사보고서 (2025.12),별도 감사보고서 · 색인: 16. 차입금및사채,53,제24회사모사채(주1),사채,제24회 사모사채(주1),제24회사모사채,,,사채(직접금융),False,16800000000.0,천원,False
동두천드림파워,발전·에너지,20260325000743,감사보고서 (2025.12),별도 감사보고서 · 색인: 16. 차입금및사채,53,제21회사모사채,사채,제21회 사모사채,제21회사모사채,,,사채(직접금융),False,0.0,천원,False
동두천드림파워,발전·에너지,20260325000743,감사보고서 (2025.12),별도 감사보고서 · 색인: 16. 차입금및사채,53,제22회사모사채,사채,제22회 사모사채,제22회사모사채,,,사채(직접금융),False,0.0,천원,False
주식회사 대륜발전,발전·에너지,20260402002211,감사보고서 (2025.12),"별도 감사보고서 · 색인: 13. 장기차입금 및 유동성장기부채, 14. 단기차입금",83,PF대출,장기,한국산업은행 등,한국산업은행,,한국산업은행,명단 금융회사,True,344000000000.0,천원,False
주식회사 대륜발전,발전·에너지,20260402002211,감사보고서 (2025.12),"별도 감사보고서 · 색인: 13. 장기차입금 및 유동성장기부채, 14. 단기차입금",83,현재가치할인차금,장기,한국산업은행 등,한국산업은행,,한국산업은행,명단 금융회사,True,-2069564000.0,천원,False
주식회사 대륜발전,발전·에너지,20260402002211,감사보고서 (2025.12),"별도 감사보고서 · 색인: 13. 장기차입금 및 유동성장기부채, 14. 단기차입금",85,단기차입금,단기,산업은행,산업은행,,한국산업은행,명단 금융회사,False,20000000000.0,천원,False
주식회사 대륜발전,발전·에너지,20260402002211,감사보고서 (2025.12),"별도 감사보고서 · 색인: 13. 장기차입금 및 유동성장기부채, 14. 단기차입금",85,현재가치할인차금,단기,산업은행,산업은행,,한국산업은행,명단 금융회사,False,0.0,천원,False
포천파워(주),발전·에너지,20260331001540,감사보고서 (2025.12),별도 감사보고서 · 색인: 14. 차입금,55,후순위차입금,차입금,KDB인프라자산운용,KDB인프라자산운용,,,기타(확인 필요),False,103628992000.0,천원,False
포천파워(주),발전·에너지,20260331001540,감사보고서 (2025.12),별도 감사보고서 · 색인: 14. 차입금,55,선순위차입금,차입금,KB국민은행 등,KB국민은행,,국민은행,명단 금융회사,True,349915180000.0,천원,False
포천파워(주),발전·에너지,20260331001540,감사보고서 (2025.12),별도 감사보고서 · 색인: 14. 차입금,55,현재가치할인차금(유동성장기부채),차입금,KB국민은행 등,KB국민은행,,국민은행,명단 금융회사,True,-124624000.0,천원,False
(주)에스파워,발전·에너지,20260331000693,사업보고서 (2025.12),별도 감사보고서 · 색인: 13. 차입부채,60,단기차입금,단기,㈜삼천리,삼천리,,,기타(확인 필요),False,40000000000.0,천원,False
(주)에스파워,발전·에너지,20260331000693,사업보고서 (2025.12),별도 감사보고서 · 색인: 13. 차입부채,62,제1-2회무보증공모사채,사채,제1-2회 무보증공모사채,제1-2회무보증공모사채,,,사채(직접금융),False,0.0,천원,False
(주)에스파워,발전·에너지,20260331000693,사업보고서 (2025.12),별도 감사보고서 · 색인: 13. 차입부채,62,제1-3회무보증공모사채,사채,제1-3회 무보증공모사채,제1-3회무보증공모사채,,,사채(직접금융),False,50000000000.0,천원,False
(주)에스파워,발전·에너지,20260331000693,사업보고서 (2025.12),별도 감사보고서 · 색인: 13. 차입부채,62,제1-4회무보증공모사채,사채,제1-4회 무보증공모사채,제1-4회무보증공모사채,,,사채(직접금융),False,130000000000.0,천원,False
(주)에스파워,발전·에너지,20260331000693,사업보고서 (2025.12),별도 감사보고서 · 색인: 13. 차입부채,62,사채장부금액,사채,사채 장부금액,사채장부금액,,,사채(직접금융),False,179827948000.0,천원,False
(주)지에스동해전력,발전·에너지,20260325000859,감사보고서 (2025.12),별도 감사보고서 · 색인: 18. 장기차입금,111,프로젝트금융대출,장기,한국산업은행,한국산업은행,,한국산업은행,명단 금융회사,False,840000000000.0,원,False
포천민자발전 주식회사,발전·에너지,20260407000132,감사보고서 (2025.12),별도 감사보고서 · 목차: 6. 차입금,44,후순위대출,사채,KIAMCO파워에너지사모특별자산투자신탁제3호(주1),KIAMCO파워에너지사모특별자산투자신탁제3호,,,사채(직접금융),False,243400000000.0,천원,False
포천민자발전 주식회사,발전·에너지,20260407000132,감사보고서 (2025.12),별도 감사보고서 · 목차: 6. 차입금,44,선순위대출(trancheI),차입금,한국산업은행 외 6개사,한국산업은행,,한국산업은행,명단 금융회사,True,147865882000.0,천원,False
포천민자발전 주식회사,발전·에너지,20260407000132,감사보고서 (2025.12),별도 감사보고서 · 목차: 6. 차입금,44,선순위대출(trancheII),차입금,교보생명보험(주) 외 8개사,교보생명보험,,교보생명보험(주),명단 금융회사,True,240885118000.0,천원,False
포천민자발전 주식회사,발전·에너지,20260407000132,감사보고서 (2025.12),별도 감사보고서 · 목차: 6. 차입금,44,차후순위대출,차입금,(주)대우건설,대우건설,,,기타(확인 필요),False,20000000000.0,천원,False
포천민자발전 주식회사,발전·에너지,20260407000132,감사보고서 (2025.12),별도 감사보고서 · 목차: 6. 차입금,44,최후순위대출,차입금,(주)대우건설,대우건설,,,기타(확인 필요),False,14048520000.0,천원,False
내포그린에너지(주),발전·에너지,20260401002312,감사보고서 (2025.12),별도 감사보고서 · 목차: 6. 차입금 · 수동 입력(replace),-1,수동 입력,장기(PF),중소기업은행,중소기업은행,,중소기업은행,명단 금융회사,False,125542300000.0,억원,False
내포그린에너지(주),발전·에너지,20260401002312,감사보고서 (2025.12),별도 감사보고서 · 목차: 6. 차입금 · 수동 입력(replace),-1,수동 입력,장기(PF),현대해상화재보험,현대해상화재보험,,현대해상화재보험(주),명단 금융회사,False,62771150000.0,억원,False
내포그린에너지(주),발전·에너지,20260401002312,감사보고서 (2025.12),별도 감사보고서 · 목차: 6. 차입금 · 수동 입력(replace),-1,수동 입력,장기(PF),DB손해보험,DB손해보험,,DB손해보험(주),명단 금융회사,False,57942600000.00001,억원,False
내포그린에너지(주),발전·에너지,20260401002312,감사보고서 (2025.12),별도 감사보고서 · 목차: 6. 차입금 · 수동 입력(replace),-1,수동 입력,장기(PF),KB손해보험,KB손해보험,,KB손해보험,명단 금융회사,False,57942600000.00001,억원,False
내포그린에너지(주),발전·에너지,20260401002312,감사보고서 (2025.12),별도 감사보고서 · 목차: 6. 차입금 · 수동 입력(replace),-1,수동 입력,장기(PF),삼성화재해상보험,삼성화재해상보험,,삼성화재해상보험(주),명단 금융회사,False,19314200000.0,억원,False
내포그린에너지(주),발전·에너지,20260401002312,감사보고서 (2025.12),별도 감사보고서 · 목차: 6. 차입금 · 수동 입력(replace),-1,수동 입력,장기(PF),흥국생명보험,흥국생명보험,,흥국생명보험(주),명단 금융회사,False,19314200000.0,억원,False
내포그린에너지(주),발전·에너지,20260401002312,감사보고서 (2025.12),별도 감사보고서 · 목차: 6. 차입금 · 수동 입력(replace),-1,수동 입력,장기(PF),동양생명보험,동양생명보험,,동양생명보험㈜,명단 금융회사,False,38628400000.0,억원,False
내포그린에너지(주),발전·에너지,20260401002312,감사보고서 (2025.12),별도 감사보고서 · 목차: 6. 차입금 · 수동 입력(replace),-1,수동 입력,장기(PF),교보생명보험,교보생명보험,,교보생명보험(주),명단 금융회사,False,19314200000.0,억원,False
내포그린에너지(주),발전·에너지,20260401002312,감사보고서 (2025.12),별도 감사보고서 · 목차: 6. 차입금 · 수동 입력(replace),-1,수동 입력,장기(PF),신용협동조합중앙회,신용협동조합중앙회,,,투자조합 등,False,28971300000.000004,억원,False
내포그린에너지(주),발전·에너지,20260401002312,감사보고서 (2025.12),별도 감사보고서 · 목차: 6. 차입금 · 수동 입력(replace),-1,수동 입력,장기(PF),KIAMCO 내포그린에너지사모특별자산투자신탁 제2호,KIAMCO내포그린에너지사모특별자산투자신탁제2호,,,사채(직접금융),False,24261330000.0,억원,False
내포그린에너지(주),발전·에너지,20260401002312,감사보고서 (2025.12),별도 감사보고서 · 목차: 6. 차입금 · 수동 입력(replace),-1,수동 입력,장기(PF),KIAMCO 내포그린에너지사모특별자산투자신탁 제1호,KIAMCO내포그린에너지사모특별자산투자신탁제1호,,,사채(직접금융),False,87950000000.0,억원,False
파주에너지서비스,발전·에너지,20260331003505,사업보고서 (2025.12),별도 감사보고서 · 색인: 16. 차입금 및 사채,86,시설대차입금(*),차입금,농협은행,농협은행,,농협은행(주),명단 금융회사,False,21428560000.0,천원,False
파주에너지서비스,발전·에너지,20260331003505,사업보고서 (2025.12),별도 감사보고서 · 색인: 16. 차입금 및 사채,86,우리은행,차입금,우리은행,우리은행,,㈜우리은행,명단 금융회사,False,11428571000.0,천원,False
파주에너지서비스,발전·에너지,20260331003505,사업보고서 (2025.12),별도 감사보고서 · 색인: 16. 차입금 및 사채,86,국민은행,차입금,국민은행,국민은행,,국민은행,명단 금융회사,False,10000000000.0,천원,False
파주에너지서비스,발전·에너지,20260331003505,사업보고서 (2025.12),별도 감사보고서 · 색인: 16. 차입금 및 사채,86,외화한도차입금,차입금,국민은행,국민은행,,국민은행,명단 금융회사,False,38669013000.0,천원,False
파주에너지서비스,발전·에너지,20260331003505,사업보고서 (2025.12),별도 감사보고서 · 색인: 16. 차입금 및 사채,88,공모무보증사채,사채,공모무보증사채,공모무보증사채,,,사채(직접금융),False,0.0,천원,False
파주에너지서비스,발전·에너지,20260331003505,사업보고서 (2025.12),별도 감사보고서 · 색인: 16. 차입금 및 사채,88,제1-3회(*),사채,제1-3회(*),제1-3회,,,사채(직접금융),False,60000000000.0,천원,False
파주에너지서비스,발전·에너지,20260331003505,사업보고서 (2025.12),별도 감사보고서 · 색인: 16. 차입금 및 사채,88,제2-2회(*),사채,제2-2회(*),제2-2회,,,사채(직접금융),False,0.0,천원,False
파주에너지서비스,발전·에너지,20260331003505,사업보고서 (2025.12),별도 감사보고서 · 색인: 16. 차입금 및 사채,88,제2-3회(*),사채,제2-3회(*),제2-3회,,,사채(직접금융),False,50000000000.0,천원,False
파주에너지서비스,발전·에너지,20260331003505,사업보고서 (2025.12),별도 감사보고서 · 색인: 16. 차입금 및 사채,88,제4-2회,사채,제4-2회,제4-2회,,,사채(직접금융),False,30000000000.0,천원,False
파주에너지서비스,발전·에너지,20260331003505,사업보고서 (2025.12),별도 감사보고서 · 색인: 16. 차입금 및 사채,88,제5-2회,사채,제5-2회,제5-2회,,,사채(직접금융),False,40000000000.0,천원,False
파주에너지서비스,발전·에너지,20260331003505,사업보고서 (2025.12),별도 감사보고서 · 색인: 16. 차입금 및 사채,88,제6-1회,사채,제6-1회,제6-1회,,,사채(직접금융),False,0.0,천원,False
파주에너지서비스,발전·에너지,20260331003505,사업보고서 (2025.12),별도 감사보고서 · 색인: 16. 차입금 및 사채,88,제6-2회,사채,제6-2회,제6-2회,,,사채(직접금융),False,30000000000.0,천원,False
파주에너지서비스,발전·에너지,20260331003505,사업보고서 (2025.12),별도 감사보고서 · 색인: 16. 차입금 및 사채,88,제7-1회,사채,제7-1회,제7-1회,,,사채(직접금융),False,150000000000.0,천원,False
파주에너지서비스,발전·에너지,20260331003505,사업보고서 (2025.12),별도 감사보고서 · 색인: 16. 차입금 및 사채,88,제7-2회,사채,제7-2회,제7-2회,,,사채(직접금융),False,110000000000.0,천원,False
OCI SE 주식회사,발전·에너지,20260326000051,감사보고서 (2025.12),별도 감사보고서 · 색인(금융부채): 12. 금융부채 · 수동 입력(replace),-1,수동 입력,장기(PF 대주단),삼성생명보험(주) 외,삼성생명보험,,삼성생명보험(주),명단 금융회사,True,194893893000.0,억원,False
OCI SE 주식회사,발전·에너지,20260326000051,감사보고서 (2025.12),별도 감사보고서 · 색인(금융부채): 12. 금융부채 · 수동 입력(replace),-1,수동 입력,장기(계열사),오씨아이홀딩스(주),오씨아이홀딩스,,,기타(확인 필요),False,3507541000.0,억원,False
춘천에너지 주식회사,발전·에너지,20260402000181,감사보고서 (2025.12),별도 감사보고서 · 목차: 9. 장기차입금 · 수동 입력(replace),-1,수동 입력,장기(선순위Ⅰ),삼성생명보험(주),삼성생명보험,,삼성생명보험(주),명단 금융회사,False,38890987000.0,억원,False
춘천에너지 주식회사,발전·에너지,20260402000181,감사보고서 (2025.12),별도 감사보고서 · 목차: 9. 장기차입금 · 수동 입력(replace),-1,수동 입력,장기(선순위Ⅰ),교보생명보험(주),교보생명보험,,교보생명보험(주),명단 금융회사,False,28284354000.0,억원,False
춘천에너지 주식회사,발전·에너지,20260402000181,감사보고서 (2025.12),별도 감사보고서 · 목차: 9. 장기차입금 · 수동 입력(replace),-1,수동 입력,장기(선순위Ⅰ),한화생명보험(주),한화생명보험,,한화생명보험(주),명단 금융회사,False,28284354000.0,억원,False
춘천에너지 주식회사,발전·에너지,20260402000181,감사보고서 (2025.12),별도 감사보고서 · 목차: 9. 장기차입금 · 수동 입력(replace),-1,수동 입력,장기(선순위Ⅰ),농협생명보험(주),농협생명보험,,농협생명보험(주),명단 금융회사,False,24748810000.0,억원,False
춘천에너지 주식회사,발전·에너지,20260402000181,감사보고서 (2025.12),별도 감사보고서 · 목차: 9. 장기차입금 · 수동 입력(replace),-1,수동 입력,장기(선순위Ⅰ),케이비생명보험(주),케이비생명보험,,,금융회사(명단 밖),False,21213265000.0,억원,False
춘천에너지 주식회사,발전·에너지,20260402000181,감사보고서 (2025.12),별도 감사보고서 · 목차: 9. 장기차입금 · 수동 입력(replace),-1,수동 입력,장기(선순위Ⅰ),아이비케이연금보험(주),아이비케이연금보험,,아이비케이연금보험㈜,명단 금융회사,False,17677721000.0,억원,False
춘천에너지 주식회사,발전·에너지,20260402000181,감사보고서 (2025.12),별도 감사보고서 · 목차: 9. 장기차입금 · 수동 입력(replace),-1,수동 입력,장기(선순위Ⅱ),(주)국민은행,국민은행,,국민은행,명단 금융회사,False,38890987000.0,억원,False
춘천에너지 주식회사,발전·에너지,20260402000181,감사보고서 (2025.12),별도 감사보고서 · 목차: 9. 장기차입금 · 수동 입력(replace),-1,수동 입력,장기(선순위Ⅱ),(주)경남은행,경남은행,,(주)경남은행,명단 금융회사,False,10323789000.0,억원,False
춘천에너지 주식회사,발전·에너지,20260402000181,감사보고서 (2025.12),별도 감사보고서 · 목차: 9. 장기차입금 · 수동 입력(replace),-1,수동 입력,장기(후순위),케이아이에스춘천집단1호(주),케이아이에스춘천집단1호,,,기타(확인 필요),False,71780000000.0,억원,False
춘천에너지 주식회사,발전·에너지,20260402000181,감사보고서 (2025.12),별도 감사보고서 · 목차: 9. 장기차입금 · 수동 입력(replace),-1,수동 입력,장기(후순위),뉴스타춘천제일차(주),뉴스타춘천제일차,,,기타(확인 필요),False,43640000000.0,억원,False
춘천에너지 주식회사,발전·에너지,20260402000181,감사보고서 (2025.12),별도 감사보고서 · 목차: 9. 장기차입금 · 수동 입력(replace),-1,수동 입력,장기(후순위),(주)우리은행,우리은행,,㈜우리은행,명단 금융회사,False,37200000000.0,억원,False
나래에너지서비스 주식회사,발전·에너지,20260331002405,사업보고서 (2025.12),별도 감사보고서 · 색인: 19. 사채 및 차입금,71,사채,사채,사채(제1-2회),사채(제1-2회),,,사채(직접금융),False,50000000000.0,천원,False
나래에너지서비스 주식회사,발전·에너지,20260331002405,사업보고서 (2025.12),별도 감사보고서 · 색인: 19. 사채 및 차입금,71,제6-1회,사채,사채(제6-1회),사채(제6-1회),,,사채(직접금융),False,170000000000.0,천원,False
나래에너지서비스 주식회사,발전·에너지,20260331002405,사업보고서 (2025.12),별도 감사보고서 · 색인: 19. 사채 및 차입금,71,제6-2회,사채,사채(제 6-2회),사채(제6-2회),,,사채(직접금융),False,80000000000.0,천원,False
나래에너지서비스 주식회사,발전·에너지,20260331002405,사업보고서 (2025.12),별도 감사보고서 · 색인: 19. 사채 및 차입금,71,단기차입금,장기,iM증권,iM증권,증권사(CP·전단채 중개 추정),(주)iM증권,명단 금융회사,False,0.0,천원,False
나래에너지서비스 주식회사,발전·에너지,20260331002405,사업보고서 (2025.12),별도 감사보고서 · 색인: 19. 사채 및 차입금,71,장기차입금,장기,한국산업은행,한국산업은행,,한국산업은행,명단 금융회사,False,0.0,천원,False
나래에너지서비스 주식회사,발전·에너지,20260331002405,사업보고서 (2025.12),별도 감사보고서 · 색인: 19. 사채 및 차입금,71,우리은행,장기,우리은행,우리은행,,㈜우리은행,명단 금융회사,False,0.0,천원,False
코스포영남파워 주식회사,발전·에너지,20260406001557,감사보고서 (2025.12),별도 감사보고서 · 목차: 15. 차입금,65,원화장기차입금,장기,(주)신한은행 등,신한은행,,신한은행,명단 금융회사,True,61819556674.0,원,False
코스포영남파워 주식회사,발전·에너지,20260406001557,감사보고서 (2025.12),별도 감사보고서 · 목차: 15. 차입금,65,(주)신한은행등,장기,(주)신한은행 등,신한은행,,신한은행,명단 금융회사,True,61819556674.0,원,False
코스포영남파워 주식회사,발전·에너지,20260406001557,감사보고서 (2025.12),별도 감사보고서 · 목차: 15. 차입금,65,신한BNPP영남LNG복합화력발전사모특별자산투자신탁,사채,신한BNPP영남LNG 복합화력발전사모특별자산투자신탁,신한BNPP영남LNG복합화력발전사모특별자산투자신탁,,,사채(직접금융),False,72000000000.0,원,False
고성그린파워 주식회사,발전·에너지,20260327000289,감사보고서 (2025.12),별도 감사보고서 · 색인: 16. 차입금,58,장기차입금,장기,미래에셋생명보험㈜ 외 16개사(*1),미래에셋생명보험,,미래에셋생명보험(주),명단 금융회사,True,2270630610652.0,원,False
고성그린파워 주식회사,발전·에너지,20260327000289,감사보고서 (2025.12),별도 감사보고서 · 색인: 16. 차입금,58,미래에셋생명보험㈜외9개사(*1),장기,미래에셋생명보험㈜ 외 9개사(*1),미래에셋생명보험,,미래에셋생명보험(주),명단 금융회사,True,1042721501390.0,원,False
고성그린파워 주식회사,발전·에너지,20260327000289,감사보고서 (2025.12),별도 감사보고서 · 색인: 16. 차입금,58,KIAMCO파워에너지사모특별자산투자신탁제3호(*2),사채,KIAMCO 파워에너지 사모특별자산투자신탁제3호(*2),KIAMCO파워에너지사모특별자산투자신탁제3호,,,사채(직접금융),False,350000000000.0,원,False
엘지유플러스(주),기타 비제조,20260313000442,사업보고서 (2025.12),별도 감사보고서 · 색인: 17. 차입금 및 사채,135,시설자금대출,장기,한국산업은행 등(주1),한국산업은행,,한국산업은행,명단 금융회사,True,1317500000000.0,백만원,False
엘지유플러스(주),기타 비제조,20260313000442,사업보고서 (2025.12),별도 감사보고서 · 색인: 17. 차입금 및 사채,135,일반자금대출,장기,신한은행 등,신한은행,,신한은행,명단 금융회사,True,0.0,백만원,False
엘지유플러스(주),기타 비제조,20260313000442,사업보고서 (2025.12),별도 감사보고서 · 색인: 17. 차입금 및 사채,138,공모사채,사채,공모사채,공모사채,,,사채(직접금융),False,3990000000000.0,백만원,False
엘지유플러스(주),기타 비제조,20260313000442,사업보고서 (2025.12),별도 감사보고서 · 색인: 17. 차입금 및 사채,138,외화사모사채(주1),사채,외화사모사채(주1),외화사모사채,,,사채(직접금융),False,71745000000.0,백만원,False
주식회사 케이티,기타 비제조,20260323001553,사업보고서 (2025.12),별도 감사보고서 · 색인: 15. 차입금 · 수동 입력(replace),-1,수동 입력,장기,한국수출입은행,한국수출입은행,,한국수출입은행,명단 금융회사,False,493000000.0,억원,False
주식회사 케이티,기타 비제조,20260323001553,사업보고서 (2025.12),별도 감사보고서 · 색인: 15. 차입금 · 수동 입력(replace),-1,수동 입력,장기,Credit Agricole CIB,CreditAgricoleCIB,,,외국 금융회사,False,200000000000.0,억원,False
주식회사 케이티,기타 비제조,20260323001553,사업보고서 (2025.12),별도 감사보고서 · 색인: 15. 차입금 · 수동 입력(replace),-1,수동 입력,장기,DBS Bank,DBSBank,,,외국 금융회사,False,200000000000.0,억원,False
주식회사 케이티,기타 비제조,20260323001553,사업보고서 (2025.12),별도 감사보고서 · 색인: 15. 차입금 · 수동 입력(replace),-1,수동 입력,장기,신한은행,신한은행,,신한은행,명단 금융회사,False,100000000000.0,억원,False
주식회사 케이티,기타 비제조,20260323001553,사업보고서 (2025.12),별도 감사보고서 · 색인: 15. 차입금 · 수동 입력(replace),-1,수동 입력,사채,사채(원화),사채(원화),,,사채(직접금융),False,3445000000000.0,억원,False
주식회사 케이티,기타 비제조,20260323001553,사업보고서 (2025.12),별도 감사보고서 · 색인: 15. 차입금 · 수동 입력(replace),-1,수동 입력,사채,사채(외화),사채(외화),,,사채(직접금융),False,3145089000000.0,억원,False
에스케이텔레콤 주식회사,기타 비제조,20260318000532,사업보고서 (2025.12),별도 감사보고서 · 색인: 15. 차입금 및 사채 · 수동 입력(replace),-1,수동 입력,단기,Bank of China,BankofChina,,,외국 금융회사,False,130000000000.0,억원,False
에스케이텔레콤 주식회사,기타 비제조,20260318000532,사업보고서 (2025.12),별도 감사보고서 · 색인: 15. 차입금 및 사채 · 수동 입력(replace),-1,수동 입력,장기,DBS Bank,DBSBank,,,외국 금융회사,False,200000000000.0,억원,False
에스케이텔레콤 주식회사,기타 비제조,20260318000532,사업보고서 (2025.12),별도 감사보고서 · 색인: 15. 차입금 및 사채 · 수동 입력(replace),-1,수동 입력,장기,Industrial and Commercial Bank of China,IndustrialandCommercialBankofChina,,,외국 금융회사,False,100000000000.0,억원,False
에스케이텔레콤 주식회사,기타 비제조,20260318000532,사업보고서 (2025.12),별도 감사보고서 · 색인: 15. 차입금 및 사채 · 수동 입력(replace),-1,수동 입력,장기,Mizuho Bank,MizuhoBank,,,외국 금융회사,False,200000000000.0,억원,False
에스케이텔레콤 주식회사,기타 비제조,20260318000532,사업보고서 (2025.12),별도 감사보고서 · 색인: 15. 차입금 및 사채 · 수동 입력(replace),-1,수동 입력,사채,사채(원화·외화),사채(원화·외화),,,사채(직접금융),False,6081340000000.0,억원,False
강릉에코파워(주),발전·에너지,20260402002604,감사보고서 (2025.12),별도 감사보고서 · 색인: 13. 차입금,67,장기대출A,차입금,교보생명보험 등 23개사,교보생명보험,,교보생명보험(주),명단 금융회사,True,2202000000000.0,천원,False
강릉에코파워(주),발전·에너지,20260402002604,감사보고서 (2025.12),별도 감사보고서 · 색인: 13. 차입금,67,장기대출B,차입금,국민은행 등 15개사,국민은행,,국민은행,명단 금융회사,True,1006300000000.0,천원,False
강릉에코파워(주),발전·에너지,20260402002604,감사보고서 (2025.12),별도 감사보고서 · 색인: 13. 차입금,67,장기대출C,차입금,새마을금고중앙회 등 8개사,새마을금고중앙회,,,금융회사(명단 밖),True,1000000000000.0,천원,False
강릉에코파워(주),발전·에너지,20260402002604,감사보고서 (2025.12),별도 감사보고서 · 색인: 13. 차입금,67,후순위대출,사채,KB 강릉에코파워 전문투자형사모 특별자산투자신탁(SOC),KB강릉에코파워전문투자형사모특별자산투자신탁(SOC),,,사채(직접금융),False,400000000000.0,천원,False
신평택발전(주),발전·에너지,20260327000198,감사보고서 (2025.12),별도 감사보고서 · 색인: 12. 차입금,85,후순위대출,사채,(주)하나은행(KB 신평택발전 일반 사모 특별자산 투자신탁 제2호(SOC)(전문)의 신탁업자),하나은행(KB신평택발전일반사모특별자산투자신탁제2호(SOC)(전문)의신탁업자),,,사채(직접금융),False,100000000000.0,원,False
신평택발전(주),발전·에너지,20260327000198,감사보고서 (2025.12),별도 감사보고서 · 색인: 12. 차입금,85,시설자금대출(*),차입금,농협은행,농협은행,,농협은행(주),명단 금융회사,False,54375183591.0,원,False
신평택발전(주),발전·에너지,20260327000198,감사보고서 (2025.12),별도 감사보고서 · 색인: 12. 차입금,85,삼성생명보험,차입금,삼성생명보험,삼성생명보험,,삼성생명보험(주),명단 금융회사,False,32625550772.0,원,False
신평택발전(주),발전·에너지,20260327000198,감사보고서 (2025.12),별도 감사보고서 · 색인: 12. 차입금,85,현대해상화재,차입금,현대해상화재,현대해상화재,,,기타(확인 필요),False,32625550772.0,원,False
신평택발전(주),발전·에너지,20260327000198,감사보고서 (2025.12),별도 감사보고서 · 색인: 12. 차입금,85,KB손해보험,차입금,KB손해보험,KB손해보험,,KB손해보험,명단 금융회사,False,29000000000.0,원,False
신평택발전(주),발전·에너지,20260327000198,감사보고서 (2025.12),별도 감사보고서 · 색인: 12. 차입금,85,한화생명보험,차입금,한화생명보험,한화생명보험,,한화생명보험(주),명단 금융회사,False,21750367182.0,원,False
신평택발전(주),발전·에너지,20260327000198,감사보고서 (2025.12),별도 감사보고서 · 색인: 12. 차입금,85,KB생명,차입금,KB생명,KB생명,,,기타(확인 필요),False,18124816409.0,원,False
신평택발전(주),발전·에너지,20260327000198,감사보고서 (2025.12),별도 감사보고서 · 색인: 12. 차입금,85,ABL생명,차입금,ABL생명,ABL생명,,,기타(확인 필요),False,14500000000.0,원,False
신평택발전(주),발전·에너지,20260327000198,감사보고서 (2025.12),별도 감사보고서 · 색인: 12. 차입금,85,농협생명,차입금,농협생명,농협생명,,농협생명보험(주),명단 금융회사,False,29000000000.0,원,False
신평택발전(주),발전·에너지,20260327000198,감사보고서 (2025.12),별도 감사보고서 · 색인: 12. 차입금,85,신용협동조합중앙회,차입금,신용협동조합중앙회,신용협동조합중앙회,,,투자조합 등,False,21750367182.0,원,False
신평택발전(주),발전·에너지,20260327000198,감사보고서 (2025.12),별도 감사보고서 · 색인: 12. 차입금,85,신한생명,차입금,신한생명,신한생명,,,기타(확인 필요),False,21750367182.0,원,False
신평택발전(주),발전·에너지,20260327000198,감사보고서 (2025.12),별도 감사보고서 · 색인: 12. 차입금,85,IBK연금보험,차입금,IBK연금보험,IBK연금보험,,,금융회사(명단 밖),False,21750367182.0,원,False
신평택발전(주),발전·에너지,20260327000198,감사보고서 (2025.12),별도 감사보고서 · 색인: 12. 차입금,85,롯데손해보험,차입금,롯데손해보험,롯데손해보험,,롯데손해보험(주),명단 금융회사,False,18124816409.0,원,False
신평택발전(주),발전·에너지,20260327000198,감사보고서 (2025.12),별도 감사보고서 · 색인: 12. 차입금,85,삼성화재해상,차입금,삼성화재해상,삼성화재해상,,,기타(확인 필요),False,14500000000.0,원,False
신평택발전(주),발전·에너지,20260327000198,감사보고서 (2025.12),별도 감사보고서 · 색인: 12. 차입금,85,국민은행,차입금,국민은행,국민은행,,국민은행,명단 금융회사,False,65247429729.0,원,False
신평택발전(주),발전·에너지,20260327000198,감사보고서 (2025.12),별도 감사보고서 · 색인: 12. 차입금,85,우리은행,차입금,우리은행,우리은행,,㈜우리은행,명단 금융회사,False,58000000000.0,원,False
신평택발전(주),발전·에너지,20260327000198,감사보고서 (2025.12),별도 감사보고서 · 색인: 12. 차입금,85,롯데캐피탈,차입금,롯데캐피탈,롯데캐피탈,,롯데캐피탈(주),명단 금융회사,False,25375183590.0,원,False
