account,rank,rcept_no,report,doc_basis,table_no,row_label,kind,lender_raw,lender,role,lender_account,lender_class,includes_others,amount_won,unit,foreign_table
KG스틸(주),1,20260316001588,사업보고서 (2025.12),별도 감사보고서 · 색인: 22. 차입금,81,한국산업은행,단기,한국산업은행,한국산업은행,,한국산업은행,명단 금융회사,False,4978000000.0,백만원,False
KG스틸(주),1,20260316001588,사업보고서 (2025.12),별도 감사보고서 · 색인: 22. 차입금,81,하나은행,단기,하나은행,하나은행,,하나은행,명단 금융회사,False,5461000000.0,백만원,False
KG스틸(주),1,20260316001588,사업보고서 (2025.12),별도 감사보고서 · 색인: 22. 차입금,81,하나은행등,단기,하나은행 등,하나은행,,하나은행,명단 금융회사,True,334047000000.0,백만원,False
KG스틸(주),1,20260316001588,사업보고서 (2025.12),별도 감사보고서 · 색인: 22. 차입금,81,한국산업은행등,단기,한국산업은행 등,한국산업은행,,한국산업은행,명단 금융회사,True,97243000000.0,백만원,False
KG스틸(주),1,20260316001588,사업보고서 (2025.12),별도 감사보고서 · 색인: 22. 차입금,81,하나은행,단기,하나은행,하나은행,,하나은행,명단 금융회사,False,1091000000.0,백만원,False
KG스틸(주),1,20260316001588,사업보고서 (2025.12),별도 감사보고서 · 색인: 22. 차입금,83,한국산업은행,장기,한국산업은행,한국산업은행,,한국산업은행,명단 금융회사,False,0.0,백만원,False
KG스틸(주),1,20260316001588,사업보고서 (2025.12),별도 감사보고서 · 색인: 22. 차입금,83,신한은행,장기,신한은행,신한은행,,신한은행,명단 금융회사,False,0.0,백만원,False
KG스틸(주),1,20260316001588,사업보고서 (2025.12),별도 감사보고서 · 색인: 22. 차입금,83,하나은행,장기,하나은행,하나은행,,하나은행,명단 금융회사,False,0.0,백만원,False
KG스틸(주),1,20260316001588,사업보고서 (2025.12),별도 감사보고서 · 색인: 22. 차입금,83,더블유에이치비유동화전문(유),장기,더블유에이치비유동화전문(유),더블유에이치비유동화전문(유),,,기타(확인 필요),False,0.0,백만원,False
KG스틸(주),1,20260316001588,사업보고서 (2025.12),별도 감사보고서 · 색인: 22. 차입금,83,한국산업은행등,장기,한국산업은행 등,한국산업은행,,한국산업은행,명단 금융회사,True,0.0,백만원,False
KG스틸(주),1,20260316001588,사업보고서 (2025.12),별도 감사보고서 · 색인: 22. 차입금,83,긴급자금대출,장기,한국산업은행 등,한국산업은행,,한국산업은행,명단 금융회사,True,0.0,백만원,False
KG스틸(주),1,20260316001588,사업보고서 (2025.12),별도 감사보고서 · 색인: 22. 차입금,83,산업시설자금,장기,한국산업은행 등,한국산업은행,,한국산업은행,명단 금융회사,True,95000000000.0,백만원,False
KG스틸(주),1,20260316001588,사업보고서 (2025.12),별도 감사보고서 · 색인: 22. 차입금,83,현재가치할인차금,장기,한국산업은행 등,한국산업은행,,한국산업은행,명단 금융회사,True,0.0,백만원,False
주식회사 포스코,2,20260312001382,제조-2 원문,사업보고서 별도 주석 · 목차: 15. 차입금,397,매출채권할인(주1),단기,신한카드 등,신한카드,,신한카드,명단 금융회사,True,406409000000.0,백만원,False
주식회사 포스코,2,20260312001382,제조-2 원문,사업보고서 별도 주석 · 목차: 15. 차입금,397,무역금융,단기,중국은행 등,중국은행,,,외국 금융회사,True,183118000000.0,백만원,False
주식회사 포스코,2,20260312001382,제조-2 원문,사업보고서 별도 주석 · 목차: 15. 차입금,399,원화사채,사채,사채(공모사채(제309-3회 외 2건)),사채(공모사채(제309-3회외2건)),,,사채(직접금융),False,819867000000.0,백만원,False
주식회사 포스코,2,20260312001382,제조-2 원문,사업보고서 별도 주석 · 목차: 15. 차입금,399,외화사채,사채,사채(글로벌본드(9-1차)),사채(글로벌본드(9-1차)),,,사채(직접금융),False,1004200000000.0,백만원,False
주식회사 포스코,2,20260312001382,제조-2 원문,사업보고서 별도 주석 · 목차: 15. 차입금,400,원화차입금,장기,한국산업은행,한국산업은행,,한국산업은행,명단 금융회사,False,100000000000.0,백만원,False
주식회사 포스코,2,20260312001382,제조-2 원문,사업보고서 별도 주석 · 목차: 15. 차입금,400,원화사채,사채,사채(공모사채 (제310-3회 외 6건)),사채(공모사채(제310-3회외6건)),,,사채(직접금융),False,1547347000000.0,백만원,False
주식회사 포스코,2,20260312001382,제조-2 원문,사업보고서 별도 주석 · 목차: 15. 차입금,400,외화사채,사채,사채(글로벌본드8-2차 외 3건),사채(글로벌본드8-2차외3건),,,사채(직접금융),False,2995020000000.0,백만원,False
현대제철(주),3,20260318001506,사업보고서 (2025.12),별도 감사보고서 · 목차: 16. 차입금 및 사채,54,무역금융,단기,(주)신한은행 등,신한은행,,신한은행,명단 금융회사,True,289748605000.0,천원,False
현대제철(주),3,20260318001506,사업보고서 (2025.12),별도 감사보고서 · 목차: 16. 차입금 및 사채,54,ImportLoan,단기,제이피모건 등,제이피모건,,,외국 금융회사,True,124431273000.0,천원,False
현대제철(주),3,20260318001506,사업보고서 (2025.12),별도 감사보고서 · 목차: 16. 차입금 및 사채,55,원화시설차입금등,장기,한국산업은행 등,한국산업은행,,한국산업은행,명단 금융회사,True,2790000000000.0,천원,False
현대제철(주),3,20260318001506,사업보고서 (2025.12),별도 감사보고서 · 목차: 16. 차입금 및 사채,55,외화시설차입금,장기,크레디아그리콜 등,크레디아그리콜,,,외국 금융회사,True,1241972534000.0,천원,False
현대제철(주),3,20260318001506,사업보고서 (2025.12),별도 감사보고서 · 목차: 16. 차입금 및 사채,55,자원개발차입금,장기,한국에너지공단,한국에너지공단,,,공공기관·정책기금(명단 밖),False,622460000.0,천원,False
현대제철(주),3,20260318001506,사업보고서 (2025.12),별도 감사보고서 · 목차: 16. 차입금 및 사채,56,무보증공모사채,사채,무보증공모사채,무보증공모사채,,,사채(직접금융),False,3440000000000.0,천원,False
현대제철(주),3,20260318001506,사업보고서 (2025.12),별도 감사보고서 · 목차: 16. 차입금 및 사채,56,무보증사모사채,사채,무보증사모사채,무보증사모사채,,,사채(직접금융),False,200000000000.0,천원,False
(주)태웅,4,20260318001708,사업보고서 (2025.12),별도 감사보고서 · 색인: 14. 차입금,65,운영자금,단기,KEB하나은행,KEB하나은행,,하나은행,명단 금융회사,False,13000000000.0,천원,False
(주)태웅,4,20260318001708,사업보고서 (2025.12),별도 감사보고서 · 색인: 14. 차입금,65,운영자금,단기,신한은행,신한은행,,신한은행,명단 금융회사,False,30000000000.0,천원,False
(주)태웅,4,20260318001708,사업보고서 (2025.12),별도 감사보고서 · 색인: 14. 차입금,65,운영자금,단기,국민은행,국민은행,,국민은행,명단 금융회사,False,0.0,천원,False
(주)태웅,4,20260318001708,사업보고서 (2025.12),별도 감사보고서 · 색인: 14. 차입금,65,운영자금,단기,한국산업은행,한국산업은행,,한국산업은행,명단 금융회사,False,15000000000.0,천원,False
(주)태웅,4,20260318001708,사업보고서 (2025.12),별도 감사보고서 · 색인: 14. 차입금,65,운영자금,단기,한국수출입은행,한국수출입은행,,한국수출입은행,명단 금융회사,False,20000000000.0,천원,False
(주)태웅,4,20260318001708,사업보고서 (2025.12),별도 감사보고서 · 색인: 14. 차입금,66,수출촉진자금,장기,한국수출입은행,한국수출입은행,,한국수출입은행,명단 금융회사,False,0.0,천원,False
(주)태웅,4,20260318001708,사업보고서 (2025.12),별도 감사보고서 · 색인: 14. 차입금,66,산업시설,장기,한국산업은행,한국산업은행,,한국산업은행,명단 금융회사,False,10000000000.0,천원,False
현대비앤지스틸(주),5,20260316001374,사업보고서 (2025.12),별도 감사보고서 · 색인: 21. 차입금 및 사채,147,단기차입금,단기,수출입은행,수출입은행,,한국수출입은행,명단 금융회사,False,2977044000.0,천원,False
현대비앤지스틸(주),5,20260316001374,사업보고서 (2025.12),별도 감사보고서 · 색인: 21. 차입금 및 사채,147,하나은행,단기,하나은행,하나은행,,하나은행,명단 금융회사,False,4862164000.0,천원,False
현대비앤지스틸(주),5,20260316001374,사업보고서 (2025.12),별도 감사보고서 · 색인: 21. 차입금 및 사채,147,농협은행,단기,농협은행,농협은행,,농협은행(주),명단 금융회사,False,115436000.0,천원,False
현대비앤지스틸(주),5,20260316001374,사업보고서 (2025.12),별도 감사보고서 · 색인: 21. 차입금 및 사채,150,외화장기차입금,장기,신한은행 홍콩지점,신한은행홍콩지점,,,금융회사(명단 밖),False,43047000000.0,천원,False
현대비앤지스틸(주),5,20260316001374,사업보고서 (2025.12),별도 감사보고서 · 색인: 21. 차입금 및 사채,150,신한은행런던지점,장기,신한은행 런던지점,신한은행런던지점,,,금융회사(명단 밖),False,0.0,천원,False
현대비앤지스틸(주),5,20260316001374,사업보고서 (2025.12),별도 감사보고서 · 색인: 21. 차입금 및 사채,153,제205회,사채,제 205 회,제205회,,,사채(직접금융),False,0.0,천원,False
현대비앤지스틸(주),5,20260316001374,사업보고서 (2025.12),별도 감사보고서 · 색인: 21. 차입금 및 사채,153,제206회,사채,제 206 회,제206회,,,사채(직접금융),False,10000000000.0,천원,False
현대비앤지스틸(주),5,20260316001374,사업보고서 (2025.12),별도 감사보고서 · 색인: 21. 차입금 및 사채,153,제207-1회,사채,제 207-1 회,제207-1회,,,사채(직접금융),False,30000000000.0,천원,False
현대비앤지스틸(주),5,20260316001374,사업보고서 (2025.12),별도 감사보고서 · 색인: 21. 차입금 및 사채,153,제207-2회,사채,제 207-2 회,제207-2회,,,사채(직접금융),False,20000000000.0,천원,False
(주)SIMPAC,6,20260318001274,사업보고서 (2025.12),별도 감사보고서 · 색인: 14. 단기차입금,77,한국수출입은행,단기,한국수출입은행,한국수출입은행,,한국수출입은행,명단 금융회사,False,63500000000.0,천원,False
(주)SIMPAC,6,20260318001274,사업보고서 (2025.12),별도 감사보고서 · 색인: 14. 단기차입금,77,수입자금대출,단기,한국수출입은행,한국수출입은행,,한국수출입은행,명단 금융회사,False,23500000000.0,천원,False
(주)SIMPAC,6,20260318001274,사업보고서 (2025.12),별도 감사보고서 · 색인: 14. 단기차입금,77,공급망안정화기금,단기,공급망안정화기금,공급망안정화기금,,,공공기관·정책기금(명단 밖),False,60000000000.0,천원,False
(주)SIMPAC,6,20260318001274,사업보고서 (2025.12),별도 감사보고서 · 색인: 14. 단기차입금,77,하나은행,단기,하나은행,하나은행,,하나은행,명단 금융회사,False,23000000000.0,천원,False
(주)SIMPAC,6,20260318001274,사업보고서 (2025.12),별도 감사보고서 · 색인: 14. 단기차입금,77,수입Usance,단기,하나은행,하나은행,,하나은행,명단 금융회사,False,6065055000.0,천원,False
(주)SIMPAC,6,20260318001274,사업보고서 (2025.12),별도 감사보고서 · 색인: 14. 단기차입금,77,한국산업은행,단기,한국산업은행,한국산업은행,,한국산업은행,명단 금융회사,False,54950000000.0,천원,False
(주)SIMPAC,6,20260318001274,사업보고서 (2025.12),별도 감사보고서 · 색인: 14. 단기차입금,77,우리은행,단기,우리은행,우리은행,,㈜우리은행,명단 금융회사,False,47000000000.0,천원,False
(주)SIMPAC,6,20260318001274,사업보고서 (2025.12),별도 감사보고서 · 색인: 14. 단기차입금,77,국민은행,단기,국민은행,국민은행,,국민은행,명단 금융회사,False,37500000000.0,천원,False
(주)SIMPAC,6,20260318001274,사업보고서 (2025.12),별도 감사보고서 · 색인: 14. 단기차입금,77,한국씨티은행,단기,한국씨티은행,한국씨티은행,,한국씨티은행,명단 금융회사,False,15000000000.0,천원,False
(주)SIMPAC,6,20260318001274,사업보고서 (2025.12),별도 감사보고서 · 색인: 14. 단기차입금,77,농협은행,단기,농협은행,농협은행,,농협은행(주),명단 금융회사,False,14970000000.0,천원,False
(주)SIMPAC,6,20260318001274,사업보고서 (2025.12),별도 감사보고서 · 색인: 14. 단기차입금,77,신한은행,단기,신한은행,신한은행,,신한은행,명단 금융회사,False,10000000000.0,천원,False
고려제강(주),7,20260319001226,사업보고서 (2025.12),별도 감사보고서 · 색인: 19. 차입금,133,무역금융,차입금,부산은행,부산은행,,(주)부산은행,명단 금융회사,False,0.0,백만원,False
(주)TCC스틸,8,20260318000366,사업보고서 (2025.12),별도 감사보고서 · 색인: 18. 차입금 및 사채,73,일반자금대출,단기,산업은행 등,산업은행,,한국산업은행,명단 금융회사,True,67746000000.0,원,False
(주)TCC스틸,8,20260318000366,사업보고서 (2025.12),별도 감사보고서 · 색인: 18. 차입금 및 사채,74,일반자금대출,장기,하나은행,하나은행,,하나은행,명단 금융회사,False,7250000000.0,원,False
(주)TCC스틸,8,20260318000366,사업보고서 (2025.12),별도 감사보고서 · 색인: 18. 차입금 및 사채,74,시설자금대출,장기,하나은행 등,하나은행,,하나은행,명단 금융회사,True,42925000000.0,원,False
(주)TCC스틸,8,20260318000366,사업보고서 (2025.12),별도 감사보고서 · 색인: 18. 차입금 및 사채,75,제39회무보증사모사채(*1),사채,제39회 무보증 사모사채(*1),제39회무보증사모사채,,,사채(직접금융),False,15000000000.0,원,False
(주)TCC스틸,8,20260318000366,사업보고서 (2025.12),별도 감사보고서 · 색인: 18. 차입금 및 사채,75,제41회무보증사모사채(*2),사채,제41회 무보증 사모사채(*2),제41회무보증사모사채,,,사채(직접금융),False,30000000000.0,원,False
(주)TCC스틸,8,20260318000366,사업보고서 (2025.12),별도 감사보고서 · 색인: 18. 차입금 및 사채,75,외화사채(*3),사채,외화사채(*3),외화사채,,,사채(직접금융),False,28376857384.0,원,False
(주)TCC스틸,8,20260318000366,사업보고서 (2025.12),별도 감사보고서 · 색인: 18. 차입금 및 사채,72,전환사채,사채,전환사채(구성내역 표),전환사채,,,사채(직접금융),False,23400969340.0,,False
(주)대양금속,9,20260319001294,사업보고서 (2025.12),별도 감사보고서 · 색인: 18. 차입금 및 사채,111,공급자금융약정부채(주1),단기,아이엠뱅크,아이엠뱅크,,(주)iM뱅크,명단 금융회사,False,1180468000.0,천원,False
(주)대양금속,9,20260319001294,사업보고서 (2025.12),별도 감사보고서 · 색인: 18. 차입금 및 사채,111,수출환어음매입,단기,아이엠뱅크,아이엠뱅크,,(주)iM뱅크,명단 금융회사,False,2380337000.0,천원,False
(주)대양금속,9,20260319001294,사업보고서 (2025.12),별도 감사보고서 · 색인: 18. 차입금 및 사채,111,일반자금대출(주1),단기,아이엠뱅크,아이엠뱅크,,(주)iM뱅크,명단 금융회사,False,0.0,천원,False
(주)대양금속,9,20260319001294,사업보고서 (2025.12),별도 감사보고서 · 색인: 18. 차입금 및 사채,111,주식담보대출(주2),단기,제이에스홀딩스대부,제이에스홀딩스대부,,,기타(확인 필요),False,500000000.0,천원,False
(주)대양금속,9,20260319001294,사업보고서 (2025.12),별도 감사보고서 · 색인: 18. 차입금 및 사채,111,일반자금대출,단기,기업은행,기업은행,,중소기업은행,명단 금융회사,False,0.0,천원,False
(주)대양금속,9,20260319001294,사업보고서 (2025.12),별도 감사보고서 · 색인: 18. 차입금 및 사채,111,종합통장대출,단기,아이엠뱅크,아이엠뱅크,,(주)iM뱅크,명단 금융회사,False,0.0,천원,False
(주)대양금속,9,20260319001294,사업보고서 (2025.12),별도 감사보고서 · 색인: 18. 차입금 및 사채,111,종합통장대출,단기,상상인저축은행,상상인저축은행,,상상인저축은행,명단 금융회사,False,0.0,천원,False
(주)대양금속,9,20260319001294,사업보고서 (2025.12),별도 감사보고서 · 색인: 18. 차입금 및 사채,117,일반시설대출(주1),장기,아이엠뱅크,아이엠뱅크,,(주)iM뱅크,명단 금융회사,False,1700000000.0,천원,False
(주)대양금속,9,20260319001294,사업보고서 (2025.12),별도 감사보고서 · 색인: 18. 차입금 및 사채,117,금전소비대차(주1),장기,대양화성,대양화성,,,기타(확인 필요),False,10000000000.0,천원,False
(주)대양금속,9,20260319001294,사업보고서 (2025.12),별도 감사보고서 · 색인: 18. 차입금 및 사채,117,현재가치할인,장기,대양화성,대양화성,,,기타(확인 필요),False,-277120000.0,천원,False
(주)대양금속,9,20260319001294,사업보고서 (2025.12),별도 감사보고서 · 색인: 18. 차입금 및 사채,120,제20회전환사채,사채,제 20 회 전환사채,제20회전환사채,,,사채(직접금융),False,0.0,천원,False
(주)대양금속,9,20260319001294,사업보고서 (2025.12),별도 감사보고서 · 색인: 18. 차입금 및 사채,120,제21회무보증사모사채,사채,제 21 회 무보증 사모사채,제21회무보증사모사채,,,사채(직접금융),False,0.0,천원,False
(주)대양금속,9,20260319001294,사업보고서 (2025.12),별도 감사보고서 · 색인: 18. 차입금 및 사채,120,제22회전환사채,사채,제 22 회 전환사채,제22회전환사채,,,사채(직접금융),False,0.0,천원,False
(주)대호에이엘,10,20260324000005,사업보고서 (2025.12),별도 감사보고서 · 전체 훑기(주석 구역 안) · 수동 입력(replace),-1,수동 입력,단기,한국산업은행,한국산업은행,,한국산업은행,명단 금융회사,False,12500000000.0,억원,False
(주)대호에이엘,10,20260324000005,사업보고서 (2025.12),별도 감사보고서 · 전체 훑기(주석 구역 안) · 수동 입력(replace),-1,수동 입력,단기,한국산업은행 등,한국산업은행,,한국산업은행,명단 금융회사,True,31190069606.999996,억원,False
(주)대호에이엘,10,20260324000005,사업보고서 (2025.12),별도 감사보고서 · 전체 훑기(주석 구역 안) · 수동 입력(replace),-1,수동 입력,단기,한국수출입은행,한국수출입은행,,한국수출입은행,명단 금융회사,False,3000000000.0,억원,False
(주)대호에이엘,10,20260324000005,사업보고서 (2025.12),별도 감사보고서 · 전체 훑기(주석 구역 안) · 수동 입력(replace),-1,수동 입력,사채,전환사채(장부금액),전환사채(장부금액),,,사채(직접금융),False,15004905898.000002,억원,False
에스케이오션플랜트(주),11,20260323000486,사업보고서 (2025.12),"별도 감사보고서 · 색인: 18. 차입금, 20. 사채",73,무역자금,단기,부산은행,부산은행,,(주)부산은행,명단 금융회사,False,5000000000.0,천원,False
에스케이오션플랜트(주),11,20260323000486,사업보고서 (2025.12),"별도 감사보고서 · 색인: 18. 차입금, 20. 사채",73,운전자금,단기,산업은행,산업은행,,한국산업은행,명단 금융회사,False,1940000000.0,천원,False
에스케이오션플랜트(주),11,20260323000486,사업보고서 (2025.12),"별도 감사보고서 · 색인: 18. 차입금, 20. 사채",73,운전자금,단기,신한은행,신한은행,,신한은행,명단 금융회사,False,15000000000.0,천원,False
에스케이오션플랜트(주),11,20260323000486,사업보고서 (2025.12),"별도 감사보고서 · 색인: 18. 차입금, 20. 사채",73,무역자금,단기,신한은행,신한은행,,신한은행,명단 금융회사,False,3000000000.0,천원,False
에스케이오션플랜트(주),11,20260323000486,사업보고서 (2025.12),"별도 감사보고서 · 색인: 18. 차입금, 20. 사채",73,운전자금,단기,수협은행,수협은행,,수협은행,명단 금융회사,False,5000000000.0,천원,False
에스케이오션플랜트(주),11,20260323000486,사업보고서 (2025.12),"별도 감사보고서 · 색인: 18. 차입금, 20. 사채",73,운전자금,단기,국민은행,국민은행,,국민은행,명단 금융회사,False,10000000000.0,천원,False
에스케이오션플랜트(주),11,20260323000486,사업보고서 (2025.12),"별도 감사보고서 · 색인: 18. 차입금, 20. 사채",73,운전자금,단기,씨티은행,씨티은행,,한국씨티은행,명단 금융회사,False,20000000000.0,천원,False
에스케이오션플랜트(주),11,20260323000486,사업보고서 (2025.12),"별도 감사보고서 · 색인: 18. 차입금, 20. 사채",74,시설자금,장기,부산은행,부산은행,,(주)부산은행,명단 금융회사,False,1219920000.0,천원,False
에스케이오션플랜트(주),11,20260323000486,사업보고서 (2025.12),"별도 감사보고서 · 색인: 18. 차입금, 20. 사채",74,운전자금,장기,부산은행,부산은행,,(주)부산은행,명단 금융회사,False,1416312000.0,천원,False
에스케이오션플랜트(주),11,20260323000486,사업보고서 (2025.12),"별도 감사보고서 · 색인: 18. 차입금, 20. 사채",74,시설자금,장기,신한은행,신한은행,,신한은행,명단 금융회사,False,9100000000.0,천원,False
에스케이오션플랜트(주),11,20260323000486,사업보고서 (2025.12),"별도 감사보고서 · 색인: 18. 차입금, 20. 사채",74,운전자금,장기,우리은행,우리은행,,㈜우리은행,명단 금융회사,False,5800000000.0,천원,False
에스케이오션플랜트(주),11,20260323000486,사업보고서 (2025.12),"별도 감사보고서 · 색인: 18. 차입금, 20. 사채",74,운전자금,장기,중국건설은행,중국건설은행,,,외국 금융회사,False,29068000000.0,천원,False
에스케이오션플랜트(주),11,20260323000486,사업보고서 (2025.12),"별도 감사보고서 · 색인: 18. 차입금, 20. 사채",74,운전자금,장기,중국은행,중국은행,,,외국 금융회사,False,42960000000.0,천원,False
에스케이오션플랜트(주),11,20260323000486,사업보고서 (2025.12),"별도 감사보고서 · 색인: 18. 차입금, 20. 사채",79,제8회무기명식이권부무보증사모전환사채,사채,제8회 무기명식 이권부무보증 사모전환사채,제8회무기명식이권부무보증사모전환사채,,,사채(직접금융),False,0.0,천원,False
주식회사 세아베스틸,12,20260313000646,제조-2 원문,별도 감사보고서 · 색인: 13. 차입금,84,운영자금대출,단기,MUFG,MUFG,,,외국 금융회사,False,0.0,천원,False
주식회사 세아베스틸,12,20260313000646,제조-2 원문,별도 감사보고서 · 색인: 13. 차입금,84,운영자금대출,단기,한국산업은행,한국산업은행,,한국산업은행,명단 금융회사,False,20000000000.0,천원,False
주식회사 세아베스틸,12,20260313000646,제조-2 원문,별도 감사보고서 · 색인: 13. 차입금,84,기업어음,단기,KB증권,KB증권,증권사(CP·전단채 중개 추정),KB증권,명단 금융회사,False,0.0,천원,False
주식회사 세아베스틸,12,20260313000646,제조-2 원문,별도 감사보고서 · 색인: 13. 차입금,85,시설자금,장기,한국산업은행,한국산업은행,,한국산업은행,명단 금융회사,False,20000000000.0,천원,False
주식회사 세아베스틸,12,20260313000646,제조-2 원문,별도 감사보고서 · 색인: 13. 차입금,85,시설자금,장기,하나은행,하나은행,,하나은행,명단 금융회사,False,50000000000.0,천원,False
주식회사 세아베스틸,12,20260313000646,제조-2 원문,별도 감사보고서 · 색인: 13. 차입금,85,시설자금,장기,한국산업은행,한국산업은행,,한국산업은행,명단 금융회사,False,30000000000.0,천원,False
주식회사 세아베스틸,12,20260313000646,제조-2 원문,별도 감사보고서 · 색인: 13. 차입금,86,쇼군본드#1,사채,쇼군본드#1,쇼군본드#1,,,사채(직접금융),False,0.0,천원,False
주식회사 세아베스틸,12,20260313000646,제조-2 원문,별도 감사보고서 · 색인: 13. 차입금,86,쇼군본드#2(주1),사채,쇼군본드#2(주1),쇼군본드#2,,,사채(직접금융),False,71745000000.0,천원,False
주식회사 세아베스틸,12,20260313000646,제조-2 원문,별도 감사보고서 · 색인: 13. 차입금,86,제76회공모사채,사채,제76회 공모사채,제76회공모사채,,,사채(직접금융),False,0.0,천원,False
주식회사 세아베스틸,12,20260313000646,제조-2 원문,별도 감사보고서 · 색인: 13. 차입금,86,제1회공모사채(주2),사채,제1회 공모사채(주2),제1회공모사채,,,사채(직접금융),False,80000000000.0,천원,False
주식회사 세아베스틸,12,20260313000646,제조-2 원문,별도 감사보고서 · 색인: 13. 차입금,86,제2-1회공모사채(주2),사채,제2-1회 공모사채(주2),제2-1회공모사채,,,사채(직접금융),False,105000000000.0,천원,False
주식회사 세아베스틸,12,20260313000646,제조-2 원문,별도 감사보고서 · 색인: 13. 차입금,86,제2-2회공모사채(주2),사채,제2-2회 공모사채(주2),제2-2회공모사채,,,사채(직접금융),False,60000000000.0,천원,False
(주)세아제강,13,20260312000989,사업보고서 (2025.12),별도 감사보고서 · 색인: 19. 차입부채,113,당좌차월(주),단기,신한은행,신한은행,,신한은행,명단 금융회사,False,0.0,백만원,True
(주)세아제강,13,20260312000989,사업보고서 (2025.12),별도 감사보고서 · 색인: 19. 차입부채,113,운영자금대출,단기,한국수출입은행,한국수출입은행,,한국수출입은행,명단 금융회사,False,50000000000.0,백만원,True
(주)세아제강,13,20260312000989,사업보고서 (2025.12),별도 감사보고서 · 색인: 19. 차입부채,113,운영자금대출,단기,한국산업은행,한국산업은행,,한국산업은행,명단 금융회사,False,50000000000.0,백만원,True
(주)세아제강,13,20260312000989,사업보고서 (2025.12),별도 감사보고서 · 색인: 19. 차입부채,113,운영자금대출,단기,SMBC은행,SMBC은행,,,외국 금융회사,False,0.0,백만원,True
(주)세아제강,13,20260312000989,사업보고서 (2025.12),별도 감사보고서 · 색인: 19. 차입부채,116,운영자금,장기,주택도시보증공사,주택도시보증공사,,,공공기관·정책기금(명단 밖),False,761000000.0,백만원,True
(주)세아제강,13,20260312000989,사업보고서 (2025.12),별도 감사보고서 · 색인: 19. 차입부채,118,제6회공모사채,사채,제6회 공모사채,제6회공모사채,,,사채(직접금융),False,0.0,백만원,False
(주)세아제강,13,20260312000989,사업보고서 (2025.12),별도 감사보고서 · 색인: 19. 차입부채,118,제7-1회공모사채,사채,제7-1회 공모사채,제7-1회공모사채,,,사채(직접금융),False,50000000000.0,백만원,False
(주)세아제강,13,20260312000989,사업보고서 (2025.12),별도 감사보고서 · 색인: 19. 차입부채,118,제7-2회공모사채,사채,제7-2회 공모사채,제7-2회공모사채,,,사채(직접금융),False,90000000000.0,백만원,False
(주)세아제강,13,20260312000989,사업보고서 (2025.12),별도 감사보고서 · 색인: 19. 차입부채,118,제8-1회공모사채,사채,제8-1회 공모사채,제8-1회공모사채,,,사채(직접금융),False,60000000000.0,백만원,False
(주)세아제강,13,20260312000989,사업보고서 (2025.12),별도 감사보고서 · 색인: 19. 차입부채,118,제8-2회공모사채,사채,제8-2회 공모사채,제8-2회공모사채,,,사채(직접금융),False,100000000000.0,백만원,False
남해화학(주),14,20260319000635,사업보고서 (2025.12),별도 감사보고서 · 색인: 20. 단기차입금,153,USANCE,단기,(주)국민은행,국민은행,,국민은행,명단 금융회사,False,7907535884.0,원,False
남해화학(주),14,20260319000635,사업보고서 (2025.12),별도 감사보고서 · 색인: 20. 단기차입금,153,한국산업은행,단기,한국산업은행,한국산업은행,,한국산업은행,명단 금융회사,False,864108259.0,원,False
남해화학(주),14,20260319000635,사업보고서 (2025.12),별도 감사보고서 · 색인: 20. 단기차입금,153,단기차입금,단기,한국수출입은행,한국수출입은행,,한국수출입은행,명단 금융회사,False,30000000000.0,원,False
동국산업(주),15,20260318001458,사업보고서 (2025.12),별도 감사보고서 · 색인: 13. 차입금,64,신한은행(*1),단기,신한은행(*1),신한은행,,신한은행,명단 금융회사,False,7200000000.0,천원,False
동국산업(주),15,20260318001458,사업보고서 (2025.12),별도 감사보고서 · 색인: 13. 차입금,64,한국산업은행(*1),단기,한국산업은행(*1),한국산업은행,,한국산업은행,명단 금융회사,False,7000000000.0,천원,False
동국산업(주),15,20260318001458,사업보고서 (2025.12),별도 감사보고서 · 색인: 13. 차입금,64,3.79,단기,한국산업은행(*1),한국산업은행,,한국산업은행,명단 금융회사,False,15000000000.0,천원,False
동국산업(주),15,20260318001458,사업보고서 (2025.12),별도 감사보고서 · 색인: 13. 차입금,64,한국수출입은행(*2),단기,한국수출입은행(*2),한국수출입은행,,한국수출입은행,명단 금융회사,False,30000000000.0,천원,False
동국산업(주),15,20260318001458,사업보고서 (2025.12),별도 감사보고서 · 색인: 13. 차입금,64,-,단기,한국수출입은행(*2),한국수출입은행,,한국수출입은행,명단 금융회사,False,0.0,천원,False
동국산업(주),15,20260318001458,사업보고서 (2025.12),별도 감사보고서 · 색인: 13. 차입금,64,한국스탠다드차타드은행,단기,한국스탠다드차타드은행,한국스탠다드차타드은행,,한국스탠다드차타드은행,명단 금융회사,False,3100000000.0,천원,False
동국산업(주),15,20260318001458,사업보고서 (2025.12),별도 감사보고서 · 색인: 13. 차입금,64,아이엠뱅크,단기,아이엠뱅크,아이엠뱅크,,(주)iM뱅크,명단 금융회사,False,0.0,천원,False
동국산업(주),15,20260318001458,사업보고서 (2025.12),별도 감사보고서 · 색인: 13. 차입금,64,농협은행,단기,농협은행,농협은행,,농협은행(주),명단 금융회사,False,10000000000.0,천원,False
동국산업(주),15,20260318001458,사업보고서 (2025.12),별도 감사보고서 · 색인: 13. 차입금,64,우리은행,단기,우리은행,우리은행,,㈜우리은행,명단 금융회사,False,10000000000.0,천원,False
동국산업(주),15,20260318001458,사업보고서 (2025.12),별도 감사보고서 · 색인: 13. 차입금,64,신한은행(*3),단기,신한은행(*3),신한은행,,신한은행,명단 금융회사,False,0.0,천원,False
동국산업(주),15,20260318001458,사업보고서 (2025.12),별도 감사보고서 · 색인: 13. 차입금,65,한국산업은행(*),장기,한국산업은행(*),한국산업은행,,한국산업은행,명단 금융회사,False,90000000000.0,천원,False
대한제강(주),16,20260318000780,사업보고서 (2025.12),"별도 감사보고서 · 색인: 17. 장기차입금, 18. 단기차입금",72,시설자금대출및일반대출,장기,한국산업은행,한국산업은행,,한국산업은행,명단 금융회사,False,9450000000.0,원,False
대한제강(주),16,20260318000780,사업보고서 (2025.12),"별도 감사보고서 · 색인: 17. 장기차입금, 18. 단기차입금",74,수입자금대출,단기,한국수출입은행(*),한국수출입은행,,한국수출입은행,명단 금융회사,False,0.0,원,True
한일시멘트(주),17,20260317000863,사업보고서 (2025.12),별도 감사보고서 · 색인: 19. 차입금 및 사채,127,일반운영차입금,단기,(주)국민은행,국민은행,,국민은행,명단 금융회사,False,20000000000.0,천원,False
한일시멘트(주),17,20260317000863,사업보고서 (2025.12),별도 감사보고서 · 색인: 19. 차입금 및 사채,127,중소기업은행,단기,중소기업은행,중소기업은행,,중소기업은행,명단 금융회사,False,1000000000.0,천원,False
한일시멘트(주),17,20260317000863,사업보고서 (2025.12),별도 감사보고서 · 색인: 19. 차입금 및 사채,127,농협은행㈜,단기,농협은행㈜,농협은행,,농협은행(주),명단 금융회사,False,49000000000.0,천원,False
한일시멘트(주),17,20260317000863,사업보고서 (2025.12),별도 감사보고서 · 색인: 19. 차입금 및 사채,127,한국산업은행,단기,한국산업은행,한국산업은행,,한국산업은행,명단 금융회사,False,40000000000.0,천원,False
한일시멘트(주),17,20260317000863,사업보고서 (2025.12),별도 감사보고서 · 색인: 19. 차입금 및 사채,127,㈜신한은행,단기,㈜신한은행,신한은행,,신한은행,명단 금융회사,False,5000000000.0,천원,False
한일시멘트(주),17,20260317000863,사업보고서 (2025.12),별도 감사보고서 · 색인: 19. 차입금 및 사채,127,㈜우리은행,단기,㈜우리은행,우리은행,,㈜우리은행,명단 금융회사,False,60000000000.0,천원,False
한일시멘트(주),17,20260317000863,사업보고서 (2025.12),별도 감사보고서 · 색인: 19. 차입금 및 사채,127,㈜하나은행,단기,㈜하나은행,하나은행,,하나은행,명단 금융회사,False,5000000000.0,천원,False
한일시멘트(주),17,20260317000863,사업보고서 (2025.12),별도 감사보고서 · 색인: 19. 차입금 및 사채,129,설비투자차입금등,장기,(주)국민은행,국민은행,,국민은행,명단 금융회사,False,50154288000.0,천원,False
한일시멘트(주),17,20260317000863,사업보고서 (2025.12),별도 감사보고서 · 색인: 19. 차입금 및 사채,129,농협은행㈜,장기,농협은행㈜,농협은행,,농협은행(주),명단 금융회사,False,9336420000.0,천원,False
한일시멘트(주),17,20260317000863,사업보고서 (2025.12),별도 감사보고서 · 색인: 19. 차입금 및 사채,129,한국산업은행,장기,한국산업은행,한국산업은행,,한국산업은행,명단 금융회사,False,236622860000.0,천원,False
한일시멘트(주),17,20260317000863,사업보고서 (2025.12),별도 감사보고서 · 색인: 19. 차입금 및 사채,129,㈜신한은행,장기,㈜신한은행,신한은행,,신한은행,명단 금융회사,False,21759700000.0,천원,False
한일시멘트(주),17,20260317000863,사업보고서 (2025.12),별도 감사보고서 · 색인: 19. 차입금 및 사채,129,㈜우리은행,장기,㈜우리은행,우리은행,,㈜우리은행,명단 금융회사,False,2310000000.0,천원,False
한일시멘트(주),17,20260317000863,사업보고서 (2025.12),별도 감사보고서 · 색인: 19. 차입금 및 사채,129,중국농업은행,장기,중국농업은행,중국농업은행,,,금융회사(명단 밖),False,30000000000.0,천원,False
한일시멘트(주),17,20260317000863,사업보고서 (2025.12),별도 감사보고서 · 색인: 19. 차입금 및 사채,129,㈜하나은행,장기,㈜하나은행,하나은행,,하나은행,명단 금융회사,False,25000000000.0,천원,False
한일시멘트(주),17,20260317000863,사업보고서 (2025.12),별도 감사보고서 · 색인: 19. 차입금 및 사채,129,한국광해광업공단,장기,한국광해광업공단,한국광해광업공단,,,공공기관·정책기금(명단 밖),False,22166330000.0,천원,False
한일시멘트(주),17,20260317000863,사업보고서 (2025.12),별도 감사보고서 · 색인: 19. 차입금 및 사채,131,무보증공모사채(주1),사채,무보증 공모사채(주1),무보증공모사채,,,사채(직접금융),False,0.0,천원,False
한일시멘트(주),17,20260317000863,사업보고서 (2025.12),별도 감사보고서 · 색인: 19. 차입금 및 사채,131,2023-04-07,사채,무보증 공모사채(주1),무보증공모사채,,,사채(직접금융),False,40000000000.0,천원,False
한일시멘트(주),17,20260317000863,사업보고서 (2025.12),별도 감사보고서 · 색인: 19. 차입금 및 사채,131,무보증사모사채,사채,무보증 사모사채,무보증사모사채,,,사채(직접금융),False,35000000000.0,천원,False
한일시멘트(주),17,20260317000863,사업보고서 (2025.12),별도 감사보고서 · 색인: 19. 차입금 및 사채,131,2023-05-24,사채,무보증 사모사채,무보증사모사채,,,사채(직접금융),False,50000000000.0,천원,False
한일시멘트(주),17,20260317000863,사업보고서 (2025.12),별도 감사보고서 · 색인: 19. 차입금 및 사채,131,2024-05-28,사채,무보증 사모사채,무보증사모사채,,,사채(직접금융),False,20000000000.0,천원,False
(주)케이피에프,18,20260317000758,사업보고서 (2025.12),별도 감사보고서 · 색인: 20. 차입금,82,일반대출,차입금,산업은행외,산업은행,,한국산업은행,명단 금융회사,True,81310000000.0,천원,False
(주)케이피에프,18,20260317000758,사업보고서 (2025.12),별도 감사보고서 · 색인: 20. 차입금,82,무역금융,차입금,수출입은행외,수출입은행,,한국수출입은행,명단 금융회사,True,14500000000.0,천원,False
(주)케이피에프,18,20260317000758,사업보고서 (2025.12),별도 감사보고서 · 색인: 20. 차입금,82,원화일반대출,차입금,우리은행외,우리은행,,㈜우리은행,명단 금융회사,True,7499999000.0,천원,False
(주)케이피에프,18,20260317000758,사업보고서 (2025.12),별도 감사보고서 · 색인: 20. 차입금,84,제8회무기명식이권부무보증사모전환사채,사채,제8회 무기명식 이권부 무보증 사모 전환사채,제8회무기명식이권부무보증사모전환사채,,,사채(직접금융),False,600000000.0,천원,False
(주)케이피에프,18,20260317000758,사업보고서 (2025.12),별도 감사보고서 · 색인: 20. 차입금,86,제8회무보증사모사채,사채,제8회 무보증 사모사채,제8회무보증사모사채,,,사채(직접금융),False,0.0,천원,False
(주)케이피에프,18,20260317000758,사업보고서 (2025.12),별도 감사보고서 · 색인: 20. 차입금,86,제9회무보증사모사채,사채,제9회 무보증 사모사채,제9회무보증사모사채,,,사채(직접금융),False,0.0,천원,False
삼아알미늄(주),19,20260318000860,사업보고서 (2025.12),"별도 감사보고서 · 색인: 14. 차입금, 15. 전환사채",110,한국산업은행,단기,한국산업은행,한국산업은행,,한국산업은행,명단 금융회사,False,28000000000.0,천원,False
삼아알미늄(주),19,20260318000860,사업보고서 (2025.12),"별도 감사보고서 · 색인: 14. 차입금, 15. 전환사채",110,외화운전자금대출,단기,한국산업은행,한국산업은행,,한국산업은행,명단 금융회사,False,0.0,천원,False
삼아알미늄(주),19,20260318000860,사업보고서 (2025.12),"별도 감사보고서 · 색인: 14. 차입금, 15. 전환사채",110,한국수출입은행,단기,한국수출입은행,한국수출입은행,,한국수출입은행,명단 금융회사,False,23000000000.0,천원,False
삼아알미늄(주),19,20260318000860,사업보고서 (2025.12),"별도 감사보고서 · 색인: 14. 차입금, 15. 전환사채",110,하나은행,단기,하나은행,하나은행,,하나은행,명단 금융회사,False,12000000000.0,천원,False
삼아알미늄(주),19,20260318000860,사업보고서 (2025.12),"별도 감사보고서 · 색인: 14. 차입금, 15. 전환사채",110,신한은행,단기,신한은행,신한은행,,신한은행,명단 금융회사,False,9000000000.0,천원,False
삼아알미늄(주),19,20260318000860,사업보고서 (2025.12),"별도 감사보고서 · 색인: 14. 차입금, 15. 전환사채",112,한국산업은행,장기,한국산업은행,한국산업은행,,한국산업은행,명단 금융회사,False,114253187000.0,천원,False
삼아알미늄(주),19,20260318000860,사업보고서 (2025.12),"별도 감사보고서 · 색인: 14. 차입금, 15. 전환사채",115,전환사채의부채요소,사채,전환사채의 부채요소,전환사채의부채요소,,,사채(직접금융),False,9081627000.0,천원,False
조일알미늄(주),20,20260312000761,사업보고서 (2025.12),"별도 감사보고서 · 색인: 14. 차입금, 15. 신주인수권부사채",49,USANCE차입,단기,우리은행,우리은행,,㈜우리은행,명단 금융회사,False,7973767000.0,천원,False
조일알미늄(주),20,20260312000761,사업보고서 (2025.12),"별도 감사보고서 · 색인: 14. 차입금, 15. 신주인수권부사채",49,하나은행,단기,하나은행,하나은행,,하나은행,명단 금융회사,False,3894612000.0,천원,False
조일알미늄(주),20,20260312000761,사업보고서 (2025.12),"별도 감사보고서 · 색인: 14. 차입금, 15. 신주인수권부사채",49,한국산업은행,단기,한국산업은행,한국산업은행,,한국산업은행,명단 금융회사,False,8088755000.0,천원,False
조일알미늄(주),20,20260312000761,사업보고서 (2025.12),"별도 감사보고서 · 색인: 14. 차입금, 15. 신주인수권부사채",49,기업구매자금대출,단기,하나은행,하나은행,,하나은행,명단 금융회사,False,28804312000.0,천원,False
조일알미늄(주),20,20260312000761,사업보고서 (2025.12),"별도 감사보고서 · 색인: 14. 차입금, 15. 신주인수권부사채",49,IM뱅크,단기,IM뱅크,IM뱅크,,,기타(확인 필요),False,34957903000.0,천원,False
조일알미늄(주),20,20260312000761,사업보고서 (2025.12),"별도 감사보고서 · 색인: 14. 차입금, 15. 신주인수권부사채",49,한국산업은행,단기,한국산업은행,한국산업은행,,한국산업은행,명단 금융회사,False,17798109000.0,천원,False
조일알미늄(주),20,20260312000761,사업보고서 (2025.12),"별도 감사보고서 · 색인: 14. 차입금, 15. 신주인수권부사채",49,일반대출,단기,하나은행,하나은행,,하나은행,명단 금융회사,False,7000000000.0,천원,False
조일알미늄(주),20,20260312000761,사업보고서 (2025.12),"별도 감사보고서 · 색인: 14. 차입금, 15. 신주인수권부사채",49,한국산업은행,단기,한국산업은행,한국산업은행,,한국산업은행,명단 금융회사,False,21000000000.0,천원,False
조일알미늄(주),20,20260312000761,사업보고서 (2025.12),"별도 감사보고서 · 색인: 14. 차입금, 15. 신주인수권부사채",50,시설대출,장기,한국산업은행,한국산업은행,,한국산업은행,명단 금융회사,False,4100000000.0,천원,False
조일알미늄(주),20,20260312000761,사업보고서 (2025.12),"별도 감사보고서 · 색인: 14. 차입금, 15. 신주인수권부사채",51,제9회무보증비분리형사모신주인수권부사채,사채,제9회 무보증 비분리형 사모 신주인수권부사채,제9회무보증비분리형사모신주인수권부사채,,,사채(직접금융),False,30000000000.0,천원,False
포스코스틸리온(주),21,20260317000684,사업보고서 (2025.12),별도 감사보고서 · 색인: 16. 차입금,53,하나은행,단기,하나은행,하나은행,,하나은행,명단 금융회사,False,0.0,천원,False
포스코스틸리온(주),21,20260317000684,사업보고서 (2025.12),별도 감사보고서 · 색인: 16. 차입금,53,국민은행,단기,국민은행,국민은행,,국민은행,명단 금융회사,False,0.0,천원,False
포스코스틸리온(주),21,20260317000684,사업보고서 (2025.12),별도 감사보고서 · 색인: 16. 차입금,53,신한은행,단기,신한은행,신한은행,,신한은행,명단 금융회사,False,0.0,천원,False
동국씨엠 주식회사,22,20260316001579,사업보고서 (2025.12),별도 감사보고서 · 색인: 15. 차입금,121,Banker'sUsance(주석16참조),단기,한국산업은행 외,한국산업은행,,한국산업은행,명단 금융회사,True,31176000000.0,백만원,False
동국씨엠 주식회사,22,20260316001579,사업보고서 (2025.12),별도 감사보고서 · 색인: 15. 차입금,121,일반운전자금대출,단기,한국산업은행 외,한국산업은행,,한국산업은행,명단 금융회사,True,450000000000.0,백만원,False
동국씨엠 주식회사,22,20260316001579,사업보고서 (2025.12),별도 감사보고서 · 색인: 15. 차입금,121,시설자금대출,단기,하나은행,하나은행,,하나은행,명단 금융회사,False,30000000000.0,백만원,False
동국씨엠 주식회사,22,20260316001579,사업보고서 (2025.12),별도 감사보고서 · 색인: 15. 차입금,125,시설자금대출,장기,한국산업은행,한국산업은행,,한국산업은행,명단 금융회사,False,20000000000.0,백만원,False
고려강선(주),23,20260402003209,감사보고서 (2025.12),별도 감사보고서 · 색인: 18. 단기차입금,125,담보부차입금(*),단기,부산은행,부산은행,,(주)부산은행,명단 금융회사,False,1954000000.0,백만원,False
고려강선(주),23,20260402003209,감사보고서 (2025.12),별도 감사보고서 · 색인: 18. 단기차입금,125,무역금융,단기,부산은행 외,부산은행,,(주)부산은행,명단 금융회사,True,0.0,백만원,False
일진제강(주),24,20260413001676,감사보고서 (2025.12),별도 감사보고서 · 색인: 18. 차입금,133,L/CNego,단기,하나은행,하나은행,,하나은행,명단 금융회사,False,8747137000.0,천원,False
일진제강(주),24,20260413001676,감사보고서 (2025.12),별도 감사보고서 · 색인: 18. 차입금,133,우리은행,단기,우리은행,우리은행,,㈜우리은행,명단 금융회사,False,0.0,천원,False
일진제강(주),24,20260413001676,감사보고서 (2025.12),별도 감사보고서 · 색인: 18. 차입금,133,기업운전자금,단기,산업은행,산업은행,,한국산업은행,명단 금융회사,False,28000000000.0,천원,False
일진제강(주),24,20260413001676,감사보고서 (2025.12),별도 감사보고서 · 색인: 18. 차입금,133,수출성장자금,단기,수출입은행,수출입은행,,한국수출입은행,명단 금융회사,False,5000000000.0,천원,False
동국제강(주),26,20260313000519,사업보고서 (2025.12),별도 감사보고서 · 색인: 17. 차입금,122,Banker'sUsance,단기,신한은행 외,신한은행,,신한은행,명단 금융회사,True,10282000000.0,백만원,False
동국제강(주),26,20260313000519,사업보고서 (2025.12),별도 감사보고서 · 색인: 17. 차입금,122,일반대출(원화),단기,한국산업은행 외,한국산업은행,,한국산업은행,명단 금융회사,True,1085000000000.0,백만원,False
동국제강(주),26,20260313000519,사업보고서 (2025.12),별도 감사보고서 · 색인: 17. 차입금,124,일반대출(원화),장기,하나은행,하나은행,,하나은행,명단 금융회사,False,15000000000.0,백만원,False
동국제강(주),26,20260313000519,사업보고서 (2025.12),별도 감사보고서 · 색인: 17. 차입금,124,시설자금대출,장기,한국산업은행,한국산업은행,,한국산업은행,명단 금융회사,False,70000000000.0,백만원,False
동국제강(주),26,20260313000519,사업보고서 (2025.12),별도 감사보고서 · 색인: 17. 차입금,124,신디케이션론,장기,하나스틸제일차 외,하나스틸제일차,,,기타(확인 필요),True,420000000000.0,백만원,False
동국제강(주),26,20260313000519,사업보고서 (2025.12),별도 감사보고서 · 색인: 17. 차입금,126,회사채(외화)(*1),사채,하나(FRN) 사모사채,하나(FRN)사모사채,,,사채(직접금융),False,43047000000.0,백만원,False
두산에너빌리티(주),27,20260320001246,사업보고서 (2025.12),별도 감사보고서 · 색인: 16. 사채 및 차입금,182,원화차입금,단기,한국산업은행 외(주1),한국산업은행,,한국산업은행,명단 금융회사,True,1412738000000.0,백만원,False
두산에너빌리티(주),27,20260320001246,사업보고서 (2025.12),별도 감사보고서 · 색인: 16. 사채 및 차입금,182,외화차입금,단기,하나은행 외,하나은행,,하나은행,명단 금융회사,True,199315000000.0,백만원,False
두산에너빌리티(주),27,20260320001246,사업보고서 (2025.12),별도 감사보고서 · 색인: 16. 사채 및 차입금,185,원화차입금,장기,수출입은행 외(주1),수출입은행,,한국수출입은행,명단 금융회사,True,1242500000000.0,백만원,False
두산에너빌리티(주),27,20260320001246,사업보고서 (2025.12),별도 감사보고서 · 색인: 16. 사채 및 차입금,188,공모사채,사채,공모사채,공모사채,,,사채(직접금융),False,43000000000.0,백만원,False
두산에너빌리티(주),27,20260320001246,사업보고서 (2025.12),별도 감사보고서 · 색인: 16. 사채 및 차입금,188,78-2,사채,공모사채,공모사채,,,사채(직접금융),False,57000000000.0,백만원,False
두산에너빌리티(주),27,20260320001246,사업보고서 (2025.12),별도 감사보고서 · 색인: 16. 사채 및 차입금,188,79-1,사채,공모사채,공모사채,,,사채(직접금융),False,63000000000.0,백만원,False
두산에너빌리티(주),27,20260320001246,사업보고서 (2025.12),별도 감사보고서 · 색인: 16. 사채 및 차입금,188,79-2,사채,공모사채,공모사채,,,사채(직접금융),False,87000000000.0,백만원,False
두산에너빌리티(주),27,20260320001246,사업보고서 (2025.12),별도 감사보고서 · 색인: 16. 사채 및 차입금,188,80-1,사채,공모사채,공모사채,,,사채(직접금융),False,46000000000.0,백만원,False
두산에너빌리티(주),27,20260320001246,사업보고서 (2025.12),별도 감사보고서 · 색인: 16. 사채 및 차입금,188,80-2,사채,공모사채,공모사채,,,사채(직접금융),False,82000000000.0,백만원,False
두산에너빌리티(주),27,20260320001246,사업보고서 (2025.12),별도 감사보고서 · 색인: 16. 사채 및 차입금,188,외화공모사채(주1),사채,외화공모사채(주1),외화공모사채,,,사채(직접금융),False,430470000000.0,백만원,False
두산에너빌리티(주),27,20260320001246,사업보고서 (2025.12),별도 감사보고서 · 색인: 16. 사채 및 차입금,188,사모사채,사채,사모사채,사모사채,,,사채(직접금융),False,0.0,백만원,False
두산에너빌리티(주),27,20260320001246,사업보고서 (2025.12),별도 감사보고서 · 색인: 16. 사채 및 차입금,188,77,사채,사모사채,사모사채,,,사채(직접금융),False,0.0,백만원,False
(주)삼표시멘트,28,20260320000882,사업보고서 (2025.12),"별도 감사보고서 · 색인: 18. 차입금, 19. 사채",126,Banker'sUsance,단기,농협은행(주) 등,농협은행,,농협은행(주),명단 금융회사,True,6701000000.0,백만원,False
(주)삼표시멘트,28,20260320000882,사업보고서 (2025.12),"별도 감사보고서 · 색인: 18. 차입금, 19. 사채",126,외화단기차입금,단기,수협은행,수협은행,,수협은행,명단 금융회사,False,0.0,백만원,False
(주)삼표시멘트,28,20260320000882,사업보고서 (2025.12),"별도 감사보고서 · 색인: 18. 차입금, 19. 사채",126,운영자금,단기,(주)국민은행 등,국민은행,,국민은행,명단 금융회사,True,35000000000.0,백만원,False
(주)삼표시멘트,28,20260320000882,사업보고서 (2025.12),"별도 감사보고서 · 색인: 18. 차입금, 19. 사채",128,토지매각차입거래(*1),장기,쌍용씨앤이(주),쌍용씨앤이,,,기타(확인 필요),False,5440000000.0,백만원,False
(주)삼표시멘트,28,20260320000882,사업보고서 (2025.12),"별도 감사보고서 · 색인: 18. 차입금, 19. 사채",128,"리파이낸싱신디케이트론(TrancheA,B)",장기,한국산업은행 등,한국산업은행,,한국산업은행,명단 금융회사,True,40000000000.0,백만원,False
(주)삼표시멘트,28,20260320000882,사업보고서 (2025.12),"별도 감사보고서 · 색인: 18. 차입금, 19. 사채",128,한국산업은행등,장기,한국산업은행 등,한국산업은행,,한국산업은행,명단 금융회사,True,120000000000.0,백만원,False
(주)삼표시멘트,28,20260320000882,사업보고서 (2025.12),"별도 감사보고서 · 색인: 18. 차입금, 19. 사채",128,시설자금,장기,한국광해광업공단,한국광해광업공단,,,공공기관·정책기금(명단 밖),False,4945000000.0,백만원,False
(주)삼표시멘트,28,20260320000882,사업보고서 (2025.12),"별도 감사보고서 · 색인: 18. 차입금, 19. 사채",128,한국산업은행,장기,한국산업은행,한국산업은행,,한국산업은행,명단 금융회사,False,18394000000.0,백만원,False
(주)삼표시멘트,28,20260320000882,사업보고서 (2025.12),"별도 감사보고서 · 색인: 18. 차입금, 19. 사채",128,(주)국민은행,장기,(주)국민은행,국민은행,,국민은행,명단 금융회사,False,12445000000.0,백만원,False
(주)삼표시멘트,28,20260320000882,사업보고서 (2025.12),"별도 감사보고서 · 색인: 18. 차입금, 19. 사채",128,운영자금,장기,한국광해광업공단,한국광해광업공단,,,공공기관·정책기금(명단 밖),False,11416000000.0,백만원,False
(주)삼표시멘트,28,20260320000882,사업보고서 (2025.12),"별도 감사보고서 · 색인: 18. 차입금, 19. 사채",128,(주)신한은행등,장기,(주)신한은행 등,신한은행,,신한은행,명단 금융회사,True,45000000000.0,백만원,False
(주)삼표시멘트,28,20260320000882,사업보고서 (2025.12),"별도 감사보고서 · 색인: 18. 차입금, 19. 사채",128,채권유동화,장기,우리드림제이차(주),우리드림제이차,,,기타(확인 필요),False,20000000000.0,백만원,False
(주)삼표시멘트,28,20260320000882,사업보고서 (2025.12),"별도 감사보고서 · 색인: 18. 차입금, 19. 사채",132,유안타증권P-CBO사채,사채,유안타증권 P-CBO 사채,유안타증권P-CBO사채,증권사(CP·전단채 중개 추정),,사채(직접금융),False,0.0,백만원,False
(주)삼표시멘트,28,20260320000882,사업보고서 (2025.12),"별도 감사보고서 · 색인: 18. 차입금, 19. 사채",132,유안타증권P-CBO사채,사채,유안타증권 P-CBO 사채,유안타증권P-CBO사채,증권사(CP·전단채 중개 추정),,사채(직접금융),False,0.0,백만원,False
(주)삼표시멘트,28,20260320000882,사업보고서 (2025.12),"별도 감사보고서 · 색인: 18. 차입금, 19. 사채",132,신보2024제15차P-CBO사채,사채,신보2024제15차 P-CBO 사채,신보2024제15차P-CBO사채,,,사채(직접금융),False,35000000000.0,백만원,False
(주)한국특강,29,20260323000279,사업보고서 (2025.12),"별도 감사보고서 · 목차: 14. 전환사채, 16. 차입금",98,한국산업은행,단기,한국산업은행,한국산업은행,,한국산업은행,명단 금융회사,False,72513792000.0,천원,False
(주)한국특강,29,20260323000279,사업보고서 (2025.12),"별도 감사보고서 · 목차: 14. 전환사채, 16. 차입금",98,하나은행,단기,하나은행,하나은행,,하나은행,명단 금융회사,False,3750000000.0,천원,False
(주)한국특강,29,20260323000279,사업보고서 (2025.12),"별도 감사보고서 · 목차: 14. 전환사채, 16. 차입금",98,우리은행,단기,우리은행,우리은행,,㈜우리은행,명단 금융회사,False,5000000000.0,천원,False
(주)한국특강,29,20260323000279,사업보고서 (2025.12),"별도 감사보고서 · 목차: 14. 전환사채, 16. 차입금",98,기업은행,단기,기업은행,기업은행,,중소기업은행,명단 금융회사,False,9413327000.0,천원,False
(주)한국특강,29,20260323000279,사업보고서 (2025.12),"별도 감사보고서 · 목차: 14. 전환사채, 16. 차입금",98,아이엠뱅크,단기,아이엠뱅크,아이엠뱅크,,(주)iM뱅크,명단 금융회사,False,0.0,천원,False
(주)한국특강,29,20260323000279,사업보고서 (2025.12),"별도 감사보고서 · 목차: 14. 전환사채, 16. 차입금",98,수출입은행,단기,수출입은행,수출입은행,,한국수출입은행,명단 금융회사,False,10000000000.0,천원,False
(주)한국특강,29,20260323000279,사업보고서 (2025.12),"별도 감사보고서 · 목차: 14. 전환사채, 16. 차입금",100,한국산업은행,장기,한국산업은행,한국산업은행,,한국산업은행,명단 금융회사,False,22825000000.0,천원,False
(주)한국특강,29,20260323000279,사업보고서 (2025.12),"별도 감사보고서 · 목차: 14. 전환사채, 16. 차입금",100,운영자금대출,장기,한국산업은행,한국산업은행,,한국산업은행,명단 금융회사,False,130000000000.0,천원,False
(주)한국특강,29,20260323000279,사업보고서 (2025.12),"별도 감사보고서 · 목차: 14. 전환사채, 16. 차입금",100,아이엠뱅크,장기,아이엠뱅크,아이엠뱅크,,(주)iM뱅크,명단 금융회사,False,0.0,천원,False
(주)한국특강,29,20260323000279,사업보고서 (2025.12),"별도 감사보고서 · 목차: 14. 전환사채, 16. 차입금",100,운영자금대출,장기,아이엠뱅크,아이엠뱅크,,(주)iM뱅크,명단 금융회사,False,0.0,천원,False
성신양회(주),30,20260318001369,사업보고서 (2025.12),별도 감사보고서 · 색인: 19. 차입금,71,운영자금,단기,산업은행 외,산업은행,,한국산업은행,명단 금융회사,True,253148680000.0,천원,False
성신양회(주),30,20260318001369,사업보고서 (2025.12),별도 감사보고서 · 색인: 19. 차입금,72,시설자금,장기,산업은행 외,산업은행,,한국산업은행,명단 금융회사,True,126817410000.0,천원,False
성신양회(주),30,20260318001369,사업보고서 (2025.12),별도 감사보고서 · 색인: 19. 차입금,72,운영자금,장기,국민은행,국민은행,,국민은행,명단 금융회사,False,4194150000.0,천원,False
아세아시멘트(주),31,20260318001310,사업보고서 (2025.12),별도 감사보고서 · 색인: 19. 장ㆍ단기차입금,81,운영자금,단기,우리은행,우리은행,,㈜우리은행,명단 금융회사,False,44000000000.0,천원,False
아세아시멘트(주),31,20260318001310,사업보고서 (2025.12),별도 감사보고서 · 색인: 19. 장ㆍ단기차입금,81,시설자금,단기,우리은행,우리은행,,㈜우리은행,명단 금융회사,False,19000000000.0,천원,False
아세아시멘트(주),31,20260318001310,사업보고서 (2025.12),별도 감사보고서 · 색인: 19. 장ㆍ단기차입금,81,운영자금,단기,산업은행,산업은행,,한국산업은행,명단 금융회사,False,25000000000.0,천원,False
아세아시멘트(주),31,20260318001310,사업보고서 (2025.12),별도 감사보고서 · 색인: 19. 장ㆍ단기차입금,81,운영자금,단기,신한은행,신한은행,,신한은행,명단 금융회사,False,15000000000.0,천원,False
아세아시멘트(주),31,20260318001310,사업보고서 (2025.12),별도 감사보고서 · 색인: 19. 장ㆍ단기차입금,82,인수자금,장기,산업은행,산업은행,,한국산업은행,명단 금융회사,False,52400000000.0,천원,False
아세아시멘트(주),31,20260318001310,사업보고서 (2025.12),별도 감사보고서 · 색인: 19. 장ㆍ단기차입금,82,시설자금,장기,산업은행,산업은행,,한국산업은행,명단 금융회사,False,10999890000.0,천원,False
아세아시멘트(주),31,20260318001310,사업보고서 (2025.12),별도 감사보고서 · 색인: 19. 장ㆍ단기차입금,82,인수자금,장기,농협은행,농협은행,,농협은행(주),명단 금융회사,False,9100000000.0,천원,False
(주)성광벤드,33,20260319000739,사업보고서 (2025.12),별도 감사보고서 · 색인: 17. 차입금,62,운영자금,단기,한국산업은행,한국산업은행,,한국산업은행,명단 금융회사,False,2000000000.0,천원,False
(주)알루코,34,20260318001554,사업보고서 (2025.12),"별도 감사보고서 · 색인: 16. 차입금, 17. 사채 등",106,원화일반대출,단기,산업은행,산업은행,,한국산업은행,명단 금융회사,False,52500000000.0,원,False
(주)알루코,34,20260318001554,사업보고서 (2025.12),"별도 감사보고서 · 색인: 16. 차입금, 17. 사채 등",106,국민은행,단기,국민은행,국민은행,,국민은행,명단 금융회사,False,0.0,원,False
(주)알루코,34,20260318001554,사업보고서 (2025.12),"별도 감사보고서 · 색인: 16. 차입금, 17. 사채 등",106,우리은행,단기,우리은행,우리은행,,㈜우리은행,명단 금융회사,False,1800000000.0,원,False
(주)알루코,34,20260318001554,사업보고서 (2025.12),"별도 감사보고서 · 색인: 16. 차입금, 17. 사채 등",106,외화일반대출,단기,수출입은행,수출입은행,,한국수출입은행,명단 금융회사,False,7174500000.0,원,False
(주)알루코,34,20260318001554,사업보고서 (2025.12),"별도 감사보고서 · 색인: 16. 차입금, 17. 사채 등",106,구매자금,단기,농협은행 외,농협은행,,농협은행(주),명단 금융회사,True,10429538822.0,원,False
(주)알루코,34,20260318001554,사업보고서 (2025.12),"별도 감사보고서 · 색인: 16. 차입금, 17. 사채 등",106,유산스,단기,산업은행 외,산업은행,,한국산업은행,명단 금융회사,True,32508330471.0,원,False
(주)알루코,34,20260318001554,사업보고서 (2025.12),"별도 감사보고서 · 색인: 16. 차입금, 17. 사채 등",106,매출채권할인,단기,기은캐피탈 외,기은캐피탈,,,금융회사(명단 밖),True,840448550.0,원,False
(주)알루코,34,20260318001554,사업보고서 (2025.12),"별도 감사보고서 · 색인: 16. 차입금, 17. 사채 등",108,제56회사채무보증사모사채,사채,제56회 사채 무보증사모사채,제56회사채무보증사모사채,,,사채(직접금융),False,0.0,원,False
(주)알루코,34,20260318001554,사업보고서 (2025.12),"별도 감사보고서 · 색인: 16. 차입금, 17. 사채 등",108,제57회사채무보증사모사채,사채,제57회 사채 무보증사모사채,제57회사채무보증사모사채,,,사채(직접금융),False,24000000000.0,원,False
(주)알루코,34,20260318001554,사업보고서 (2025.12),"별도 감사보고서 · 색인: 16. 차입금, 17. 사채 등",108,제58회사채무보증사모사채,사채,제58회 사채 무보증사모사채,제58회사채무보증사모사채,,,사채(직접금융),False,21000000000.0,원,False
케이비아이동양철관(주),35,20260318001380,사업보고서 (2025.12),별도 감사보고서 · 색인: 21. 장ㆍ단기차입부채,57,산업운용자금대출등,장기,산업은행 외,산업은행,,한국산업은행,명단 금융회사,True,26500000000.0,천원,False
케이비아이동양철관(주),35,20260318001380,사업보고서 (2025.12),별도 감사보고서 · 색인: 21. 장ㆍ단기차입부채,58,시설원화대출,장기,포스코인터내셔널,포스코인터내셔널,,,기타(확인 필요),False,2000000000.0,천원,False
케이비아이동양철관(주),35,20260318001380,사업보고서 (2025.12),별도 감사보고서 · 색인: 21. 장ㆍ단기차입부채,58,일반자금대출,장기,기업은행 외,기업은행,,중소기업은행,명단 금융회사,True,9000000000.0,천원,False
케이비아이동양철관(주),35,20260318001380,사업보고서 (2025.12),별도 감사보고서 · 색인: 21. 장ㆍ단기차입부채,59,무기명식이권부무보증사모전환사채,사채,무기명식 이권부 무보증 사모 전환사채,무기명식이권부무보증사모전환사채,,,사채(직접금융),False,0.0,천원,False
주식회사 세아창원특수강,36,20260313000846,사업보고서 (2025.12),별도 감사보고서 · 색인: 15. 차입금및사채,54,신한은행,단기,신한은행,신한은행,,신한은행,명단 금융회사,False,20000000000.0,천원,False
주식회사 세아창원특수강,36,20260313000846,사업보고서 (2025.12),별도 감사보고서 · 색인: 15. 차입금및사채,54,수출입은행,단기,수출입은행,수출입은행,,한국수출입은행,명단 금융회사,False,15000000000.0,천원,False
주식회사 세아창원특수강,36,20260313000846,사업보고서 (2025.12),별도 감사보고서 · 색인: 15. 차입금및사채,54,산업은행,단기,산업은행,산업은행,,한국산업은행,명단 금융회사,False,10000000000.0,천원,False
주식회사 세아창원특수강,36,20260313000846,사업보고서 (2025.12),별도 감사보고서 · 색인: 15. 차입금및사채,55,제37회공모사채(*1),사채,제37회 공모사채(*1),제37회공모사채,,,사채(직접금융),False,0.0,천원,False
주식회사 세아창원특수강,36,20260313000846,사업보고서 (2025.12),별도 감사보고서 · 색인: 15. 차입금및사채,55,제38-1회회사채(*1),사채,제38-1회 회사채(*1),제38-1회회사채,,,사채(직접금융),False,84000000000.0,천원,False
주식회사 세아창원특수강,36,20260313000846,사업보고서 (2025.12),별도 감사보고서 · 색인: 15. 차입금및사채,55,제38-2회회사채(*1),사채,제38-2회 회사채(*1),제38-2회회사채,,,사채(직접금융),False,20000000000.0,천원,False
주식회사 세아창원특수강,36,20260313000846,사업보고서 (2025.12),별도 감사보고서 · 색인: 15. 차입금및사채,55,제1회해외사모사채(*2),사채,제1회 해외사모사채(*2),제1회해외사모사채,,,사채(직접금융),False,43047000000.0,천원,False
주식회사 세아창원특수강,36,20260313000846,사업보고서 (2025.12),별도 감사보고서 · 색인: 15. 차입금및사채,56,하나은행,장기,하나은행,하나은행,,하나은행,명단 금융회사,False,41612100000.0,천원,False
주식회사 세아창원특수강,36,20260313000846,사업보고서 (2025.12),별도 감사보고서 · 색인: 15. 차입금및사채,56,신한은행등(*1)(*2),장기,신한은행 등(*1)(*2),신한은행,,신한은행,명단 금융회사,True,342695000000.0,천원,False
주식회사 세아창원특수강,36,20260313000846,사업보고서 (2025.12),별도 감사보고서 · 색인: 15. 차입금및사채,56,현재가치할인차금,장기,신한은행 등(*1)(*2),신한은행,,신한은행,명단 금융회사,True,-9024627000.0,천원,False
(주)대호특수강,37,20260317000646,사업보고서 (2025.12),별도 감사보고서 · 색인: 18. 차입금 및 사채,118,운전자금대출,단기,산업은행,산업은행,,한국산업은행,명단 금융회사,False,2500000000.0,천원,False
(주)대호특수강,37,20260317000646,사업보고서 (2025.12),별도 감사보고서 · 색인: 18. 차입금 및 사채,118,운전자금대출,단기,농협은행,농협은행,,농협은행(주),명단 금융회사,False,0.0,천원,False
(주)대호특수강,37,20260317000646,사업보고서 (2025.12),별도 감사보고서 · 색인: 18. 차입금 및 사채,118,운전자금대출,단기,우리은행,우리은행,,㈜우리은행,명단 금융회사,False,2500000000.0,천원,False
(주)대호특수강,37,20260317000646,사업보고서 (2025.12),별도 감사보고서 · 색인: 18. 차입금 및 사채,118,운전자금대출,단기,신한은행,신한은행,,신한은행,명단 금융회사,False,2000000000.0,천원,False
(주)대호특수강,37,20260317000646,사업보고서 (2025.12),별도 감사보고서 · 색인: 18. 차입금 및 사채,118,운전자금대출,단기,우리은행,우리은행,,㈜우리은행,명단 금융회사,False,880000000.0,천원,False
(주)대호특수강,37,20260317000646,사업보고서 (2025.12),별도 감사보고서 · 색인: 18. 차입금 및 사채,118,운전자금대출,단기,하나은행,하나은행,,하나은행,명단 금융회사,False,9550000000.0,천원,False
(주)대호특수강,37,20260317000646,사업보고서 (2025.12),별도 감사보고서 · 색인: 18. 차입금 및 사채,118,운전자금대출,단기,하나은행,하나은행,,하나은행,명단 금융회사,False,1850000000.0,천원,False
(주)대호특수강,37,20260317000646,사업보고서 (2025.12),별도 감사보고서 · 색인: 18. 차입금 및 사채,118,운전자금대출,단기,㈜와이에이치오토,와이에이치오토,,,기타(확인 필요),False,4000000000.0,천원,False
(주)대호특수강,37,20260317000646,사업보고서 (2025.12),별도 감사보고서 · 색인: 18. 차입금 및 사채,118,운전자금대출,단기,㈜영흥,영흥,,,기타(확인 필요),False,8000000000.0,천원,False
(주)대호특수강,37,20260317000646,사업보고서 (2025.12),별도 감사보고서 · 색인: 18. 차입금 및 사채,118,무역금융대출,단기,국민은행,국민은행,,국민은행,명단 금융회사,False,0.0,천원,False
(주)대호특수강,37,20260317000646,사업보고서 (2025.12),별도 감사보고서 · 색인: 18. 차입금 및 사채,118,무역금융대출,단기,신한은행,신한은행,,신한은행,명단 금융회사,False,1000000000.0,천원,False
(주)대호특수강,37,20260317000646,사업보고서 (2025.12),별도 감사보고서 · 색인: 18. 차입금 및 사채,118,무역금융대출,단기,신한은행,신한은행,,신한은행,명단 금융회사,False,1300000000.0,천원,False
(주)대호특수강,37,20260317000646,사업보고서 (2025.12),별도 감사보고서 · 색인: 18. 차입금 및 사채,118,무역금융대출,단기,신한은행,신한은행,,신한은행,명단 금융회사,False,1000000000.0,천원,False
(주)대호특수강,37,20260317000646,사업보고서 (2025.12),별도 감사보고서 · 색인: 18. 차입금 및 사채,118,무역금융대출,단기,하나은행,하나은행,,하나은행,명단 금융회사,False,4000000000.0,천원,False
(주)대호특수강,37,20260317000646,사업보고서 (2025.12),별도 감사보고서 · 색인: 18. 차입금 및 사채,118,할인어음,단기,IBK캐피탈,IBK캐피탈,,,금융회사(명단 밖),False,6224301000.0,천원,False
(주)대호특수강,37,20260317000646,사업보고서 (2025.12),별도 감사보고서 · 색인: 18. 차입금 및 사채,118,수입신용장,단기,하나은행,하나은행,,하나은행,명단 금융회사,False,865884000.0,천원,False
(주)대호특수강,37,20260317000646,사업보고서 (2025.12),별도 감사보고서 · 색인: 18. 차입금 및 사채,118,외담대할인,단기,신한은행,신한은행,,신한은행,명단 금융회사,False,300000000.0,천원,False
(주)대호특수강,37,20260317000646,사업보고서 (2025.12),별도 감사보고서 · 색인: 18. 차입금 및 사채,118,외담대할인,단기,신한은행,신한은행,,신한은행,명단 금융회사,False,764002000.0,천원,False
(주)대호특수강,37,20260317000646,사업보고서 (2025.12),별도 감사보고서 · 색인: 18. 차입금 및 사채,118,외담대할인,단기,신한은행,신한은행,,신한은행,명단 금융회사,False,435998000.0,천원,False
(주)대호특수강,37,20260317000646,사업보고서 (2025.12),별도 감사보고서 · 색인: 18. 차입금 및 사채,118,외담대할인,단기,기업은행,기업은행,,중소기업은행,명단 금융회사,False,1500000000.0,천원,False
(주)대호특수강,37,20260317000646,사업보고서 (2025.12),별도 감사보고서 · 색인: 18. 차입금 및 사채,120,시설자금대출,장기,국민은행,국민은행,,국민은행,명단 금융회사,False,184100000.0,천원,False
(주)대호특수강,37,20260317000646,사업보고서 (2025.12),별도 감사보고서 · 색인: 18. 차입금 및 사채,120,시설자금대출,장기,중소기업진흥공단,중소기업진흥공단,,,공공기관·정책기금(명단 밖),False,329000000.0,천원,False
(주)대호특수강,37,20260317000646,사업보고서 (2025.12),별도 감사보고서 · 색인: 18. 차입금 및 사채,120,운전자금대출,장기,신한은행,신한은행,,신한은행,명단 금융회사,False,1500000000.0,천원,False
(주)대호특수강,37,20260317000646,사업보고서 (2025.12),별도 감사보고서 · 색인: 18. 차입금 및 사채,120,시설자금대출,장기,신한은행,신한은행,,신한은행,명단 금융회사,False,5100000000.0,천원,False
(주)대호특수강,37,20260317000646,사업보고서 (2025.12),별도 감사보고서 · 색인: 18. 차입금 및 사채,120,시설자금대출,장기,신한은행,신한은행,,신한은행,명단 금융회사,False,1666667000.0,천원,False
(주)대호특수강,37,20260317000646,사업보고서 (2025.12),별도 감사보고서 · 색인: 18. 차입금 및 사채,122,제6회무기명식이권부무보증사모전환사채(주1),사채,제6회 무기명식 이권부 무보증 사모 전환사채(주1),제6회무기명식이권부무보증사모전환사채,,,사채(직접금융),False,0.0,천원,False
(주)대호특수강,37,20260317000646,사업보고서 (2025.12),별도 감사보고서 · 색인: 18. 차입금 및 사채,122,제7회무기명식이권부무보증사모전환사채(주1),사채,제7회 무기명식 이권부 무보증 사모 전환사채(주1),제7회무기명식이권부무보증사모전환사채,,,사채(직접금융),False,0.0,천원,False
(주)대호특수강,37,20260317000646,사업보고서 (2025.12),별도 감사보고서 · 색인: 18. 차입금 및 사채,132,무보증사모사채,사채,무보증사모사채,무보증사모사채,,,사채(직접금융),False,16000000000.0,천원,False
(주)대호특수강,37,20260317000646,사업보고서 (2025.12),별도 감사보고서 · 색인: 18. 차입금 및 사채,132,2025.05.21,사채,무보증사모사채,무보증사모사채,,,사채(직접금융),False,8000000000.0,천원,False
(주)대호특수강,37,20260317000646,사업보고서 (2025.12),별도 감사보고서 · 색인: 18. 차입금 및 사채,132,-,사채,무보증사모사채,무보증사모사채,,,사채(직접금융),False,0.0,천원,False
(주)동남,38,20260409000647,감사보고서 (2025.12),별도 감사보고서 · 목차: 8. 차입금    기말 현재 차입금은 다,32,운전자금대출,단기,KEB하나은행,KEB하나은행,,하나은행,명단 금융회사,False,0.0,천원,False
(주)동남,38,20260409000647,감사보고서 (2025.12),별도 감사보고서 · 목차: 8. 차입금    기말 현재 차입금은 다,32,신한은행,단기,신 한 은 행,신한은행,,신한은행,명단 금융회사,False,0.0,천원,False
(주)동남,38,20260409000647,감사보고서 (2025.12),별도 감사보고서 · 목차: 8. 차입금    기말 현재 차입금은 다,33,운전자금대출등,장기,경 남 은 행,경남은행,,(주)경남은행,명단 금융회사,False,7000000000.0,천원,False
(주)동남,38,20260409000647,감사보고서 (2025.12),별도 감사보고서 · 목차: 8. 차입금    기말 현재 차입금은 다,33,신한은행,장기,신 한 은 행,신한은행,,신한은행,명단 금융회사,False,4000000000.0,천원,False
(주)동남,38,20260409000647,감사보고서 (2025.12),별도 감사보고서 · 목차: 8. 차입금    기말 현재 차입금은 다,33,KEB하나은행,장기,KEB하나은행,KEB하나은행,,하나은행,명단 금융회사,False,1000000000.0,천원,False
(주)세진메탈,39,20260402001164,감사보고서 (2025.12),"별도 감사보고서 · 목차: 9. 단기차입금, 10. 장기차입금",34,부산은행,단기,부산은행,부산은행,,(주)부산은행,명단 금융회사,False,19000000000.0,천원,False
(주)세진메탈,39,20260402001164,감사보고서 (2025.12),"별도 감사보고서 · 목차: 9. 단기차입금, 10. 장기차입금",34,국민은행,단기,국민은행,국민은행,,국민은행,명단 금융회사,False,13500000000.0,천원,False
(주)세진메탈,39,20260402001164,감사보고서 (2025.12),"별도 감사보고서 · 목차: 9. 단기차입금, 10. 장기차입금",34,산업은행,단기,산업은행,산업은행,,한국산업은행,명단 금융회사,False,14000000000.0,천원,False
(주)세진메탈,39,20260402001164,감사보고서 (2025.12),"별도 감사보고서 · 목차: 9. 단기차입금, 10. 장기차입금",34,하나은행,단기,하나은행,하나은행,,하나은행,명단 금융회사,False,1350000000.0,천원,False
(주)세진메탈,39,20260402001164,감사보고서 (2025.12),"별도 감사보고서 · 목차: 9. 단기차입금, 10. 장기차입금",35,산업은행외2,단기,산업은행 외 2,산업은행,,한국산업은행,명단 금융회사,True,8641865000.0,천원,False
(주)세진메탈,39,20260402001164,감사보고서 (2025.12),"별도 감사보고서 · 목차: 9. 단기차입금, 10. 장기차입금",36,국민은행,장기,국민은행,국민은행,,국민은행,명단 금융회사,False,250000000.0,천원,False
(주)세진메탈,39,20260402001164,감사보고서 (2025.12),"별도 감사보고서 · 목차: 9. 단기차입금, 10. 장기차입금",36,산업은행,장기,산업은행,산업은행,,한국산업은행,명단 금융회사,False,0.0,천원,False
(주)유니온,40,20260319000893,사업보고서 (2025.12),별도 감사보고서 · 색인: 22. 차입금,123,신한은행,단기,신한은행,신한은행,,신한은행,명단 금융회사,False,5000000000.0,천원,False
(주)유니온,40,20260319000893,사업보고서 (2025.12),별도 감사보고서 · 색인: 22. 차입금,123,일반자금대출,단기,신한은행,신한은행,,신한은행,명단 금융회사,False,1360000000.0,천원,False
(주)유니온,40,20260319000893,사업보고서 (2025.12),별도 감사보고서 · 색인: 22. 차입금,123,KDB산업은행,단기,KDB산업은행,KDB산업은행,,한국산업은행,명단 금융회사,False,10000000000.0,천원,False
(주)유니온,40,20260319000893,사업보고서 (2025.12),별도 감사보고서 · 색인: 22. 차입금,123,운영자금대출,단기,KDB산업은행,KDB산업은행,,한국산업은행,명단 금융회사,False,10000000000.0,천원,False
(주)유니온,40,20260319000893,사업보고서 (2025.12),별도 감사보고서 · 색인: 22. 차입금,123,농협은행,단기,농협은행,농협은행,,농협은행(주),명단 금융회사,False,5000000000.0,천원,False
(주)유니온,40,20260319000893,사업보고서 (2025.12),별도 감사보고서 · 색인: 22. 차입금,123,한국증권금융,단기,한국증권금융,한국증권금융,증권사(CP·전단채 중개 추정),,금융회사(명단 밖),False,5000000000.0,천원,False
(주)유니온,40,20260319000893,사업보고서 (2025.12),별도 감사보고서 · 색인: 22. 차입금,123,국민은행,단기,국민은행,국민은행,,국민은행,명단 금융회사,False,5000000000.0,천원,False
(주)유니온,40,20260319000893,사업보고서 (2025.12),별도 감사보고서 · 색인: 22. 차입금,123,운전자금대출,단기,국민은행,국민은행,,국민은행,명단 금융회사,False,5000000000.0,천원,False
(주)유니온,40,20260319000893,사업보고서 (2025.12),별도 감사보고서 · 색인: 22. 차입금,126,KDB산업은행,장기,KDB산업은행,KDB산업은행,,한국산업은행,명단 금융회사,False,0.0,천원,False
KG케미칼(주),42,20260323001613,사업보고서 (2025.12),별도 감사보고서 · 색인: 18. 차입금,119,단기차입금,차입금,한국산업은행,한국산업은행,,한국산업은행,명단 금융회사,False,35000000000.0,천원,False
KG케미칼(주),42,20260323001613,사업보고서 (2025.12),별도 감사보고서 · 색인: 18. 차입금,119,일반대출(*1),차입금,한국산업은행,한국산업은행,,한국산업은행,명단 금융회사,False,0.0,천원,False
KG케미칼(주),42,20260323001613,사업보고서 (2025.12),별도 감사보고서 · 색인: 18. 차입금,119,일반대출(*2),차입금,우리은행,우리은행,,㈜우리은행,명단 금융회사,False,17000000000.0,천원,False
KG케미칼(주),42,20260323001613,사업보고서 (2025.12),별도 감사보고서 · 색인: 18. 차입금,119,일반대출,차입금,신한은행,신한은행,,신한은행,명단 금융회사,False,23000000000.0,천원,False
KG케미칼(주),42,20260323001613,사업보고서 (2025.12),별도 감사보고서 · 색인: 18. 차입금,119,금융농업중기자금대출(*2),차입금,농협은행,농협은행,,농협은행(주),명단 금융회사,False,26100000000.0,천원,False
KG케미칼(주),42,20260323001613,사업보고서 (2025.12),별도 감사보고서 · 색인: 18. 차입금,119,Usance(*3),차입금,국민은행,국민은행,,국민은행,명단 금융회사,False,2015960000.0,천원,False
KG케미칼(주),42,20260323001613,사업보고서 (2025.12),별도 감사보고서 · 색인: 18. 차입금,119,우리은행,차입금,우리은행,우리은행,,㈜우리은행,명단 금융회사,False,1758169000.0,천원,False
KG케미칼(주),42,20260323001613,사업보고서 (2025.12),별도 감사보고서 · 색인: 18. 차입금,119,농협은행,차입금,농협은행,농협은행,,농협은행(주),명단 금융회사,False,0.0,천원,False
넥스틸(주),43,20260320001261,사업보고서 (2025.12),별도 감사보고서 · 색인: 18. 차입금,142,운영자금,단기,산업은행,산업은행,,한국산업은행,명단 금융회사,False,62000000000.0,천원,False
넥스틸(주),43,20260320001261,사업보고서 (2025.12),별도 감사보고서 · 색인: 18. 차입금,142,운영자금,단기,농협은행,농협은행,,농협은행(주),명단 금융회사,False,2000000000.0,천원,False
넥스틸(주),43,20260320001261,사업보고서 (2025.12),별도 감사보고서 · 색인: 18. 차입금,142,운영자금등,단기,iM뱅크,iM뱅크,,(주)iM뱅크,명단 금융회사,False,5000000000.0,천원,False
넥스틸(주),43,20260320001261,사업보고서 (2025.12),별도 감사보고서 · 색인: 18. 차입금,144,시설자금,장기,산업은행,산업은행,,한국산업은행,명단 금융회사,False,40000000000.0,천원,False
넥스틸(주),43,20260320001261,사업보고서 (2025.12),별도 감사보고서 · 색인: 18. 차입금,144,시설자금,장기,기업은행,기업은행,,중소기업은행,명단 금융회사,False,47450000.0,천원,False
넥스틸(주),43,20260320001261,사업보고서 (2025.12),별도 감사보고서 · 색인: 18. 차입금,144,시설자금,장기,하나은행,하나은행,,하나은행,명단 금융회사,False,7407407000.0,천원,False
넥스틸(주),43,20260320001261,사업보고서 (2025.12),별도 감사보고서 · 색인: 18. 차입금,144,시설자금,장기,iM뱅크,iM뱅크,,(주)iM뱅크,명단 금융회사,False,10000000000.0,천원,False
만호제강(주),45,20260910000496,사업보고서 (2026.06),"별도 감사보고서 · 색인: 18. 차입금, 19. 사채 · 수동 입력(add)",76,부산은행,차입금,부산은행,부산은행,,(주)부산은행,명단 금융회사,False,0.0,천원,False
만호제강(주),45,20260910000496,사업보고서 (2026.06),"별도 감사보고서 · 색인: 18. 차입금, 19. 사채 · 수동 입력(add)",76,국민은행,차입금,국민은행,국민은행,,국민은행,명단 금융회사,False,10000000000.0,천원,False
만호제강(주),45,20260910000496,사업보고서 (2026.06),"별도 감사보고서 · 색인: 18. 차입금, 19. 사채 · 수동 입력(add)",76,무역금융,차입금,국민은행,국민은행,,국민은행,명단 금융회사,False,3000000000.0,천원,False
만호제강(주),45,20260910000496,사업보고서 (2026.06),"별도 감사보고서 · 색인: 18. 차입금, 19. 사채 · 수동 입력(add)",76,하나은행,차입금,하나은행,하나은행,,하나은행,명단 금융회사,False,25000000000.0,천원,False
만호제강(주),45,20260910000496,사업보고서 (2026.06),"별도 감사보고서 · 색인: 18. 차입금, 19. 사채 · 수동 입력(add)",76,기업은행,차입금,기업은행,기업은행,,중소기업은행,명단 금융회사,False,5000000000.0,천원,False
만호제강(주),45,20260910000496,사업보고서 (2026.06),"별도 감사보고서 · 색인: 18. 차입금, 19. 사채 · 수동 입력(add)",-1,수동 입력,사채,제1회 교환사채(사채권자 엔에이치투자증권 등),제1회교환사채(사채권자엔에이치투자증권등),,,사채(직접금융),False,1058236999.9999999,억원,False
만호제강(주),45,20260910000496,사업보고서 (2026.06),"별도 감사보고서 · 색인: 18. 차입금, 19. 사채 · 수동 입력(add)",-1,수동 입력,사채,제2회 교환사채(사채권자 엔에이치투자증권 등),제2회교환사채(사채권자엔에이치투자증권등),,,사채(직접금융),False,679355000.0,억원,False
삼보산업 주식회사,47,20260407003361,사업보고서 (2025.12),별도 감사보고서 · 색인: 18. 차입금,73,부산은행,단기,부산은행,부산은행,,(주)부산은행,명단 금융회사,False,48440000000.0,천원,False
삼보산업 주식회사,47,20260407003361,사업보고서 (2025.12),별도 감사보고서 · 색인: 18. 차입금,73,어음할인(상환청구권유)(*1),단기,부산은행,부산은행,,(주)부산은행,명단 금융회사,False,13533312000.0,천원,False
삼보산업 주식회사,47,20260407003361,사업보고서 (2025.12),별도 감사보고서 · 색인: 18. 차입금,73,기한부L/C(*2),단기,부산은행,부산은행,,(주)부산은행,명단 금융회사,False,20267439000.0,천원,False
삼보산업 주식회사,47,20260407003361,사업보고서 (2025.12),별도 감사보고서 · 색인: 18. 차입금,73,신한은행,단기,신한은행,신한은행,,신한은행,명단 금융회사,False,363556000.0,천원,False
삼보산업 주식회사,47,20260407003361,사업보고서 (2025.12),별도 감사보고서 · 색인: 18. 차입금,73,기업은행,단기,기업은행,기업은행,,중소기업은행,명단 금융회사,False,5599000000.0,천원,False
삼보산업 주식회사,47,20260407003361,사업보고서 (2025.12),별도 감사보고서 · 색인: 18. 차입금,73,어음할인(상환청구권유)(*1),단기,기업은행,기업은행,,중소기업은행,명단 금융회사,False,3052989000.0,천원,False
삼보산업 주식회사,47,20260407003361,사업보고서 (2025.12),별도 감사보고서 · 색인: 18. 차입금,73,기한부L/C(*2),단기,기업은행,기업은행,,중소기업은행,명단 금융회사,False,5413964000.0,천원,False
삼보산업 주식회사,47,20260407003361,사업보고서 (2025.12),별도 감사보고서 · 색인: 18. 차입금,73,국민은행,단기,국민은행,국민은행,,국민은행,명단 금융회사,False,0.0,천원,False
삼보산업 주식회사,47,20260407003361,사업보고서 (2025.12),별도 감사보고서 · 색인: 18. 차입금,73,산업은행,단기,산업은행,산업은행,,한국산업은행,명단 금융회사,False,833465000.0,천원,False
삼보산업 주식회사,47,20260407003361,사업보고서 (2025.12),별도 감사보고서 · 색인: 18. 차입금,73,하나은행,단기,하나은행,하나은행,,하나은행,명단 금융회사,False,0.0,천원,False
삼보산업 주식회사,47,20260407003361,사업보고서 (2025.12),별도 감사보고서 · 색인: 18. 차입금,73,경남은행,단기,경남은행,경남은행,,(주)경남은행,명단 금융회사,False,2063421000.0,천원,False
삼보산업 주식회사,47,20260407003361,사업보고서 (2025.12),별도 감사보고서 · 색인: 18. 차입금,73,기한부L/C(*2),단기,경남은행,경남은행,,(주)경남은행,명단 금융회사,False,1619070000.0,천원,False
삼보산업 주식회사,47,20260407003361,사업보고서 (2025.12),별도 감사보고서 · 색인: 18. 차입금,73,한국수출입은행,단기,한국수출입은행,한국수출입은행,,한국수출입은행,명단 금융회사,False,3156780000.0,천원,False
삼보산업 주식회사,47,20260407003361,사업보고서 (2025.12),별도 감사보고서 · 색인: 18. 차입금,73,㈜씨맥스커뮤니케이션즈,단기,㈜씨맥스커뮤니케이션즈,씨맥스커뮤니케이션즈,,,기타(확인 필요),False,5900000000.0,천원,False
삼보산업 주식회사,47,20260407003361,사업보고서 (2025.12),별도 감사보고서 · 색인: 18. 차입금,73,한성산업㈜,단기,한성산업㈜,한성산업,,,기타(확인 필요),False,1671000000.0,천원,False
삼보산업 주식회사,47,20260407003361,사업보고서 (2025.12),별도 감사보고서 · 색인: 18. 차입금,73,㈜해창,단기,㈜해창,해창,,,기타(확인 필요),False,2999650000.0,천원,False
삼보산업 주식회사,47,20260407003361,사업보고서 (2025.12),별도 감사보고서 · 색인: 18. 차입금,73,개인,단기,개인,개인,,,기타(확인 필요),False,351551000.0,천원,False
삼보산업 주식회사,47,20260407003361,사업보고서 (2025.12),별도 감사보고서 · 색인: 18. 차입금,74,부산은행,장기,부산은행,부산은행,,(주)부산은행,명단 금융회사,False,7577500000.0,천원,False
삼보산업 주식회사,47,20260407003361,사업보고서 (2025.12),별도 감사보고서 · 색인: 18. 차입금,74,일반시설자금,장기,부산은행,부산은행,,(주)부산은행,명단 금융회사,False,411040000.0,천원,False
삼보산업 주식회사,47,20260407003361,사업보고서 (2025.12),별도 감사보고서 · 색인: 18. 차입금,74,KB캐피탈,장기,KB캐피탈,KB캐피탈,,KB캐피탈,명단 금융회사,False,187249000.0,천원,False
쌍용씨앤이주식회사,48,20260331004655,사업보고서 (2025.12),별도 감사보고서 · 색인: 17. 차입금 및 사채,165,당좌차월,단기,신한은행,신한은행,,신한은행,명단 금융회사,False,3613609000.0,천원,False
쌍용씨앤이주식회사,48,20260331004655,사업보고서 (2025.12),별도 감사보고서 · 색인: 17. 차입금 및 사채,165,USANCE,단기,산업은행 외,산업은행,,한국산업은행,명단 금융회사,True,30080186000.0,천원,False
쌍용씨앤이주식회사,48,20260331004655,사업보고서 (2025.12),별도 감사보고서 · 색인: 17. 차입금 및 사채,165,일반자금,단기,산업은행 외,산업은행,,한국산업은행,명단 금융회사,True,294349000000.0,천원,False
쌍용씨앤이주식회사,48,20260331004655,사업보고서 (2025.12),별도 감사보고서 · 색인: 17. 차입금 및 사채,165,회전대출,단기,하나은행 외,하나은행,,하나은행,명단 금융회사,True,70000000000.0,천원,False
쌍용씨앤이주식회사,48,20260331004655,사업보고서 (2025.12),별도 감사보고서 · 색인: 17. 차입금 및 사채,167,제330회무보증사모사채,사채,제330회 무보증사모사채,제330회무보증사모사채,,,사채(직접금융),False,20000000000.0,천원,True
쌍용씨앤이주식회사,48,20260331004655,사업보고서 (2025.12),별도 감사보고서 · 색인: 17. 차입금 및 사채,167,20250317-364(단),사채,20250317-364(단),20250317-364(단),,,사채(직접금융),False,50000000000.0,천원,True
쌍용씨앤이주식회사,48,20260331004655,사업보고서 (2025.12),별도 감사보고서 · 색인: 17. 차입금 및 사채,167,20250422-364(단),사채,20250422-364(단),20250422-364(단),,,사채(직접금융),False,50000000000.0,천원,True
쌍용씨앤이주식회사,48,20260331004655,사업보고서 (2025.12),별도 감사보고서 · 색인: 17. 차입금 및 사채,167,20250509-364(단),사채,20250509-364(단),20250509-364(단),,,사채(직접금융),False,50000000000.0,천원,True
쌍용씨앤이주식회사,48,20260331004655,사업보고서 (2025.12),별도 감사보고서 · 색인: 17. 차입금 및 사채,169,일반자금대출,장기,우리은행 외,우리은행,,㈜우리은행,명단 금융회사,True,106945640000.0,천원,False
쌍용씨앤이주식회사,48,20260331004655,사업보고서 (2025.12),별도 감사보고서 · 색인: 17. 차입금 및 사채,169,시설자금대출등,장기,한국산업은행 외,한국산업은행,,한국산업은행,명단 금융회사,True,73753500000.0,천원,False
쌍용씨앤이주식회사,48,20260331004655,사업보고서 (2025.12),별도 감사보고서 · 색인: 17. 차입금 및 사채,169,Tr.A(*1),장기,국민은행 외,국민은행,,국민은행,명단 금융회사,True,0.0,천원,False
쌍용씨앤이주식회사,48,20260331004655,사업보고서 (2025.12),별도 감사보고서 · 색인: 17. 차입금 및 사채,169,Tr.B(*1),장기,우리은행 외,우리은행,,㈜우리은행,명단 금융회사,True,0.0,천원,False
쌍용씨앤이주식회사,48,20260331004655,사업보고서 (2025.12),별도 감사보고서 · 색인: 17. 차입금 및 사채,169,Tr.C(*1),장기,하나증권 외,하나증권,증권사(CP·전단채 중개 추정),하나증권,명단 금융회사,True,0.0,천원,False
쌍용씨앤이주식회사,48,20260331004655,사업보고서 (2025.12),별도 감사보고서 · 색인: 17. 차입금 및 사채,174,제316-2회무보증공모사채,사채,제316-2회 무보증공모사채,제316-2회무보증공모사채,,,사채(직접금융),False,100000000000.0,천원,True
쌍용씨앤이주식회사,48,20260331004655,사업보고서 (2025.12),별도 감사보고서 · 색인: 17. 차입금 및 사채,174,제320-2회무보증공모사채,사채,제320-2회 무보증공모사채,제320-2회무보증공모사채,,,사채(직접금융),False,0.0,천원,True
쌍용씨앤이주식회사,48,20260331004655,사업보고서 (2025.12),별도 감사보고서 · 색인: 17. 차입금 및 사채,174,FRN해외변동금리부사모사채,사채,FRN 해외변동금리부사모사채,FRN해외변동금리부사모사채,,,사채(직접금융),False,0.0,천원,True
쌍용씨앤이주식회사,48,20260331004655,사업보고서 (2025.12),별도 감사보고서 · 색인: 17. 차입금 및 사채,174,제323회무보증사모사채,사채,제323회 무보증사모사채,제323회무보증사모사채,,,사채(직접금융),False,0.0,천원,True
쌍용씨앤이주식회사,48,20260331004655,사업보고서 (2025.12),별도 감사보고서 · 색인: 17. 차입금 및 사채,174,제324회무보증사모사채,사채,제324회 무보증사모사채,제324회무보증사모사채,,,사채(직접금융),False,30000000000.0,천원,True
쌍용씨앤이주식회사,48,20260331004655,사업보고서 (2025.12),별도 감사보고서 · 색인: 17. 차입금 및 사채,174,제325회무보증사모사채,사채,제325회 무보증사모사채,제325회무보증사모사채,,,사채(직접금융),False,40000000000.0,천원,True
쌍용씨앤이주식회사,48,20260331004655,사업보고서 (2025.12),별도 감사보고서 · 색인: 17. 차입금 및 사채,174,제326-1회무보증공모사채,사채,제326-1회 무보증공모사채,제326-1회무보증공모사채,,,사채(직접금융),False,70000000000.0,천원,True
쌍용씨앤이주식회사,48,20260331004655,사업보고서 (2025.12),별도 감사보고서 · 색인: 17. 차입금 및 사채,174,제326-2회무보증공모사채,사채,제326-2회 무보증공모사채,제326-2회무보증공모사채,,,사채(직접금융),False,30000000000.0,천원,True
쌍용씨앤이주식회사,48,20260331004655,사업보고서 (2025.12),별도 감사보고서 · 색인: 17. 차입금 및 사채,174,제327회무보증사모사채,사채,제327회 무보증사모사채,제327회무보증사모사채,,,사채(직접금융),False,20000000000.0,천원,True
쌍용씨앤이주식회사,48,20260331004655,사업보고서 (2025.12),별도 감사보고서 · 색인: 17. 차입금 및 사채,174,제328회무보증사모사채,사채,제328회 무보증사모사채,제328회무보증사모사채,,,사채(직접금융),False,16000000000.0,천원,True
쌍용씨앤이주식회사,48,20260331004655,사업보고서 (2025.12),별도 감사보고서 · 색인: 17. 차입금 및 사채,174,FRN해외변동금리부사모사채(*1),사채,FRN 해외변동금리부사모사채(*1),FRN해외변동금리부사모사채,,,사채(직접금융),False,71745000000.0,천원,True
쌍용씨앤이주식회사,48,20260331004655,사업보고서 (2025.12),별도 감사보고서 · 색인: 17. 차입금 및 사채,174,제331회무보증사모사채,사채,제331회 무보증사모사채,제331회무보증사모사채,,,사채(직접금융),False,80000000000.0,천원,True
쌍용씨앤이주식회사,48,20260331004655,사업보고서 (2025.12),별도 감사보고서 · 색인: 17. 차입금 및 사채,174,제332회무보증사모사채,사채,제332회 무보증사모사채,제332회무보증사모사채,,,사채(직접금융),False,9500000000.0,천원,True
쌍용씨앤이주식회사,48,20260331004655,사업보고서 (2025.12),별도 감사보고서 · 색인: 17. 차입금 및 사채,174,제333회무보증사모사채,사채,제333회 무보증사모사채,제333회무보증사모사채,,,사채(직접금융),False,10000000000.0,천원,True
쌍용씨앤이주식회사,48,20260331004655,사업보고서 (2025.12),별도 감사보고서 · 색인: 17. 차입금 및 사채,174,제334회무보증사모사채,사채,제334회 무보증사모사채,제334회무보증사모사채,,,사채(직접금융),False,10000000000.0,천원,True
주식회사 피엔알,49,20260407001607,감사보고서 (2025.12),별도 감사보고서 · 색인: 11. 차입금당기말과 전기말 현재 당사의,45,단기차입금,차입금,(주)SC제일은행,SC제일은행,,한국스탠다드차타드은행,명단 금융회사,False,22971961758.0,원,False
한라시멘트(주),50,20260331001063,감사보고서 (2025.12),별도 감사보고서 · 색인: 15. 차입금,70,Banker'sUsance,단기,하나은행,하나은행,,하나은행,명단 금융회사,False,0.0,천원,False
한라시멘트(주),50,20260331001063,감사보고서 (2025.12),별도 감사보고서 · 색인: 15. 차입금,70,운전자금,단기,우리은행,우리은행,,㈜우리은행,명단 금융회사,False,10000000000.0,천원,False
한라시멘트(주),50,20260331001063,감사보고서 (2025.12),별도 감사보고서 · 색인: 15. 차입금,70,수입자금,단기,수출입은행,수출입은행,,한국수출입은행,명단 금융회사,False,10000000000.0,천원,False
한라시멘트(주),50,20260331001063,감사보고서 (2025.12),별도 감사보고서 · 색인: 15. 차입금,70,운영자금,단기,하나은행,하나은행,,하나은행,명단 금융회사,False,10000000000.0,천원,False
한라시멘트(주),50,20260331001063,감사보고서 (2025.12),별도 감사보고서 · 색인: 15. 차입금,70,운영자금,단기,씨티은행,씨티은행,,한국씨티은행,명단 금융회사,False,10000000000.0,천원,False
한라시멘트(주),50,20260331001063,감사보고서 (2025.12),별도 감사보고서 · 색인: 15. 차입금,70,운영자금,단기,신한은행,신한은행,,신한은행,명단 금융회사,False,0.0,천원,False
한라시멘트(주),50,20260331001063,감사보고서 (2025.12),별도 감사보고서 · 색인: 15. 차입금,70,운영자금,단기,우리은행,우리은행,,㈜우리은행,명단 금융회사,False,10000000000.0,천원,False
한라시멘트(주),50,20260331001063,감사보고서 (2025.12),별도 감사보고서 · 색인: 15. 차입금,70,운영자금,단기,농협은행,농협은행,,농협은행(주),명단 금융회사,False,10000000000.0,천원,False
한라시멘트(주),50,20260331001063,감사보고서 (2025.12),별도 감사보고서 · 색인: 15. 차입금,70,운영자금,단기,신한은행,신한은행,,신한은행,명단 금융회사,False,0.0,천원,False
한라시멘트(주),50,20260331001063,감사보고서 (2025.12),별도 감사보고서 · 색인: 15. 차입금,72,인수자금,장기,산업은행 외,산업은행,,한국산업은행,명단 금융회사,True,0.0,천원,False
한라시멘트(주),50,20260331001063,감사보고서 (2025.12),별도 감사보고서 · 색인: 15. 차입금,72,인수자금,장기,산업은행 외,산업은행,,한국산업은행,명단 금융회사,True,0.0,천원,False
한라시멘트(주),50,20260331001063,감사보고서 (2025.12),별도 감사보고서 · 색인: 15. 차입금,72,인수자금,장기,산업은행 외,산업은행,,한국산업은행,명단 금융회사,True,0.0,천원,False
한라시멘트(주),50,20260331001063,감사보고서 (2025.12),별도 감사보고서 · 색인: 15. 차입금,72,인수자금,장기,산업은행 외,산업은행,,한국산업은행,명단 금융회사,True,0.0,천원,False
한라시멘트(주),50,20260331001063,감사보고서 (2025.12),별도 감사보고서 · 색인: 15. 차입금,72,인수자금,장기,산업은행 외,산업은행,,한국산업은행,명단 금융회사,True,0.0,천원,False
한라시멘트(주),50,20260331001063,감사보고서 (2025.12),별도 감사보고서 · 색인: 15. 차입금,72,인수자금,장기,산업은행 외,산업은행,,한국산업은행,명단 금융회사,True,0.0,천원,False
한라시멘트(주),50,20260331001063,감사보고서 (2025.12),별도 감사보고서 · 색인: 15. 차입금,72,인수자금,장기,산업은행 외,산업은행,,한국산업은행,명단 금융회사,True,0.0,천원,False
한라시멘트(주),50,20260331001063,감사보고서 (2025.12),별도 감사보고서 · 색인: 15. 차입금,72,인수자금,장기,산업은행 외,산업은행,,한국산업은행,명단 금융회사,True,0.0,천원,False
한라시멘트(주),50,20260331001063,감사보고서 (2025.12),별도 감사보고서 · 색인: 15. 차입금,72,인수자금(주1),장기,산업은행,산업은행,,한국산업은행,명단 금융회사,False,200000000000.0,천원,False
한라시멘트(주),50,20260331001063,감사보고서 (2025.12),별도 감사보고서 · 색인: 15. 차입금,72,인수자금(주1),장기,우리은행,우리은행,,㈜우리은행,명단 금융회사,False,75000000000.0,천원,False
한라시멘트(주),50,20260331001063,감사보고서 (2025.12),별도 감사보고서 · 색인: 15. 차입금,72,운영자금,장기,하나은행,하나은행,,하나은행,명단 금융회사,False,30000000000.0,천원,False
한라시멘트(주),50,20260331001063,감사보고서 (2025.12),별도 감사보고서 · 색인: 15. 차입금,72,시설자금,장기,산업은행,산업은행,,한국산업은행,명단 금융회사,False,7312500000.0,천원,False
한라시멘트(주),50,20260331001063,감사보고서 (2025.12),별도 감사보고서 · 색인: 15. 차입금,72,시설자금,장기,산업은행,산업은행,,한국산업은행,명단 금융회사,False,6093620000.0,천원,False
한라시멘트(주),50,20260331001063,감사보고서 (2025.12),별도 감사보고서 · 색인: 15. 차입금,72,시설자금,장기,산업은행,산업은행,,한국산업은행,명단 금융회사,False,7718620000.0,천원,False
한라시멘트(주),50,20260331001063,감사보고서 (2025.12),별도 감사보고서 · 색인: 15. 차입금,72,시설자금,장기,산업은행,산업은행,,한국산업은행,명단 금융회사,False,11237500000.0,천원,False
한라시멘트(주),50,20260331001063,감사보고서 (2025.12),별도 감사보고서 · 색인: 15. 차입금,72,시설자금,장기,산업은행,산업은행,,한국산업은행,명단 금융회사,False,5812500000.0,천원,False
한라시멘트(주),50,20260331001063,감사보고서 (2025.12),별도 감사보고서 · 색인: 15. 차입금,72,시설자금,장기,우리은행,우리은행,,㈜우리은행,명단 금융회사,False,5000000000.0,천원,False
한라시멘트(주),50,20260331001063,감사보고서 (2025.12),별도 감사보고서 · 색인: 15. 차입금,72,시설자금,장기,산업은행,산업은행,,한국산업은행,명단 금융회사,False,12012500000.0,천원,False
한라시멘트(주),50,20260331001063,감사보고서 (2025.12),별도 감사보고서 · 색인: 15. 차입금,72,시설자금,장기,하나은행,하나은행,,하나은행,명단 금융회사,False,28316000000.0,천원,False
한라시멘트(주),50,20260331001063,감사보고서 (2025.12),별도 감사보고서 · 색인: 15. 차입금,72,현재가치할인차금,장기,하나은행,하나은행,,하나은행,명단 금융회사,False,0.0,천원,False
한라시멘트(주),50,20260331001063,감사보고서 (2025.12),별도 감사보고서 · 색인: 15. 차입금,72,현재가치할인차금,장기,하나은행,하나은행,,하나은행,명단 금융회사,False,0.0,천원,False
한일제관(주),51,20260330000576,감사보고서 (2025.12),별도 감사보고서 · 목차: 9. 차입금,48,단기차입금,단기,한국수출입은행,한국수출입은행,,한국수출입은행,명단 금융회사,False,5500000000.0,천원,False
한일제관(주),51,20260330000576,감사보고서 (2025.12),별도 감사보고서 · 목차: 9. 차입금,48,한국수출입은행,단기,한국수출입은행,한국수출입은행,,한국수출입은행,명단 금융회사,False,8800000000.0,천원,False
한일제관(주),51,20260330000576,감사보고서 (2025.12),별도 감사보고서 · 목차: 9. 차입금,49,장기차입금(*),장기,(주)부산은행,부산은행,,(주)부산은행,명단 금융회사,False,50000000000.0,천원,False
한일제관(주),51,20260330000576,감사보고서 (2025.12),별도 감사보고서 · 목차: 9. 차입금,49,(주)부산은행,장기,(주)부산은행,부산은행,,(주)부산은행,명단 금융회사,False,25000000000.0,천원,False
현대스틸파이프 주식회사,52,20260327000221,감사보고서 (2025.12),별도 감사보고서 · 목차: 15. 차입금,58,무역금융,단기,(주)신한은행,신한은행,,신한은행,명단 금융회사,False,0.0,천원,False
현대스틸파이프 주식회사,52,20260327000221,감사보고서 (2025.12),별도 감사보고서 · 목차: 15. 차입금,58,원화차입금,단기,(주)우리은행 등,우리은행,,㈜우리은행,명단 금융회사,True,20000000000.0,천원,False
현대스틸파이프 주식회사,52,20260327000221,감사보고서 (2025.12),별도 감사보고서 · 목차: 15. 차입금,59,원화차입금,장기,(주)신한은행,신한은행,,신한은행,명단 금융회사,False,5000000000.0,천원,False
현대종합특수강 주식회사,53,20260330001523,사업보고서 (2025.12),별도 감사보고서 · 목차: 17. 차입금및사채,58,일반대출,단기,MUFG Bank,MUFGBank,,,외국 금융회사,False,0.0,천원,False
현대종합특수강 주식회사,53,20260330001523,사업보고서 (2025.12),별도 감사보고서 · 목차: 17. 차입금및사채,58,한국산업은행,단기,한국산업은행,한국산업은행,,한국산업은행,명단 금융회사,False,30000000000.0,천원,False
현대종합특수강 주식회사,53,20260330001523,사업보고서 (2025.12),별도 감사보고서 · 목차: 17. 차입금및사채,58,3.95,단기,한국산업은행,한국산업은행,,한국산업은행,명단 금융회사,False,10000000000.0,천원,False
현대종합특수강 주식회사,53,20260330001523,사업보고서 (2025.12),별도 감사보고서 · 목차: 17. 차입금및사채,58,(주)하나은행,단기,(주)하나은행,하나은행,,하나은행,명단 금융회사,False,5000000000.0,천원,False
현대종합특수강 주식회사,53,20260330001523,사업보고서 (2025.12),별도 감사보고서 · 목차: 17. 차입금및사채,58,(주)신한은행,단기,(주)신한은행,신한은행,,신한은행,명단 금융회사,False,0.0,천원,False
현대종합특수강 주식회사,53,20260330001523,사업보고서 (2025.12),별도 감사보고서 · 목차: 17. 차입금및사채,58,매출채권담보대출,단기,(주)하나은행,하나은행,,하나은행,명단 금융회사,False,77319000.0,천원,False
현대종합특수강 주식회사,53,20260330001523,사업보고서 (2025.12),별도 감사보고서 · 목차: 17. 차입금및사채,58,CP,단기,(주)신한은행,신한은행,,신한은행,명단 금융회사,False,0.0,천원,False
현대종합특수강 주식회사,53,20260330001523,사업보고서 (2025.12),별도 감사보고서 · 목차: 17. 차입금및사채,58,KB증권,단기,KB 증권,KB증권,증권사(CP·전단채 중개 추정),KB증권,명단 금융회사,False,30000000000.0,천원,False
현대종합특수강 주식회사,53,20260330001523,사업보고서 (2025.12),별도 감사보고서 · 목차: 17. 차입금및사채,58,하나증권,단기,하나증권,하나증권,증권사(CP·전단채 중개 추정),하나증권,명단 금융회사,False,15000000000.0,천원,False
현대종합특수강 주식회사,53,20260330001523,사업보고서 (2025.12),별도 감사보고서 · 목차: 17. 차입금및사채,59,일반대출,장기,(주)하나은행,하나은행,,하나은행,명단 금융회사,False,0.0,천원,False
현대종합특수강 주식회사,53,20260330001523,사업보고서 (2025.12),별도 감사보고서 · 목차: 17. 차입금및사채,59,SHINHANBANKHONGKONGBRANCH,장기,SHINHAN BANK HONGKONG BRANCH,SHINHANBANKHONGKONGBRANCH,,,외국 금융회사,False,60265800000.0,천원,False
현대종합특수강 주식회사,53,20260330001523,사업보고서 (2025.12),별도 감사보고서 · 목차: 17. 차입금및사채,59,KEBHanaBankManila,장기,KEB Hana Bank Manila,KEBHanaBankManila,,,외국 금융회사,False,28698000000.0,천원,False
현대종합특수강 주식회사,53,20260330001523,사업보고서 (2025.12),별도 감사보고서 · 목차: 17. 차입금및사채,59,시설자금,장기,한국산업은행,한국산업은행,,한국산업은행,명단 금융회사,False,0.0,천원,False
현대종합특수강 주식회사,53,20260330001523,사업보고서 (2025.12),별도 감사보고서 · 목차: 17. 차입금및사채,60,무보증사모사채9,사채,무보증사모사채 9,무보증사모사채9,,,사채(직접금융),False,0.0,천원,False
현대종합특수강 주식회사,53,20260330001523,사업보고서 (2025.12),별도 감사보고서 · 목차: 17. 차입금및사채,60,무보증사모사채10,사채,무보증사모사채 10,무보증사모사채10,,,사채(직접금융),False,0.0,천원,False
현대종합특수강 주식회사,53,20260330001523,사업보고서 (2025.12),별도 감사보고서 · 목차: 17. 차입금및사채,60,무보증사모사채11,사채,무보증사모사채 11,무보증사모사채11,,,사채(직접금융),False,0.0,천원,False
현대종합특수강 주식회사,53,20260330001523,사업보고서 (2025.12),별도 감사보고서 · 목차: 17. 차입금및사채,60,무보증공모사채12-1,사채,무보증공모사채 12-1,무보증공모사채12-1,,,사채(직접금융),False,25000000000.0,천원,False
현대종합특수강 주식회사,53,20260330001523,사업보고서 (2025.12),별도 감사보고서 · 목차: 17. 차입금및사채,60,무보증공모사채12-2,사채,무보증공모사채 12-2,무보증공모사채12-2,,,사채(직접금융),False,25000000000.0,천원,False
현대종합특수강 주식회사,53,20260330001523,사업보고서 (2025.12),별도 감사보고서 · 목차: 17. 차입금및사채,60,무보증사모사채13,사채,무보증사모사채 13,무보증사모사채13,,,사채(직접금융),False,10000000000.0,천원,False
씨에스윈드(주),54,20260318001110,사업보고서 (2025.12),별도 감사보고서 · 색인: 17. 차입금,112,일반차입금,단기,신한은행 외 1,신한은행,,신한은행,명단 금융회사,True,62872396000.0,천원,False
씨에스윈드(주),54,20260318001110,사업보고서 (2025.12),별도 감사보고서 · 색인: 17. 차입금,112,부동산담보대출,단기,하나은행(주1),하나은행,,하나은행,명단 금융회사,False,34437600000.0,천원,False
씨에스윈드(주),54,20260318001110,사업보고서 (2025.12),별도 감사보고서 · 색인: 17. 차입금,112,일반차입금,단기,우리은행 외 1,우리은행,,㈜우리은행,명단 금융회사,True,53091300000.0,천원,False
씨에스윈드(주),54,20260318001110,사업보고서 (2025.12),별도 감사보고서 · 색인: 17. 차입금,112,부동산담보대출,단기,산업은행(주1),산업은행,,한국산업은행,명단 금융회사,False,80523718000.0,천원,False
씨에스윈드(주),54,20260318001110,사업보고서 (2025.12),별도 감사보고서 · 색인: 17. 차입금,112,주식담보대출,단기,SC은행(주1),SC은행,,,금융회사(명단 밖),False,96138300000.0,천원,False
DSR제강(주),56,20260318001149,사업보고서 (2025.12),별도 감사보고서 · 색인: 20. 차입금,82,원화단기차입금,단기,한국산업은행(*1),한국산업은행,,한국산업은행,명단 금융회사,False,14880000000.0,천원,False
DSR제강(주),56,20260318001149,사업보고서 (2025.12),별도 감사보고서 · 색인: 20. 차입금,82,만기미도래채권,단기,"KEB하나은행외(*1),(*2),(*3)","KEB하나은행외,,",,,금융회사(명단 밖),False,19227909000.0,천원,False
(주)휴스틸,57,20260323001458,사업보고서 (2025.12),별도 감사보고서 · 전체 훑기(주석 구역 안),76,운영자금,단기,한국산업은행 외,한국산업은행,,한국산업은행,명단 금융회사,True,90000000000.0,천원,False
(주)휴스틸,57,20260323001458,사업보고서 (2025.12),별도 감사보고서 · 전체 훑기(주석 구역 안),76,외화대출,단기,하나은행 외,하나은행,,하나은행,명단 금융회사,True,20982748000.0,천원,False
(주)휴스틸,57,20260323001458,사업보고서 (2025.12),별도 감사보고서 · 전체 훑기(주석 구역 안),77,시설자금,장기,한국산업은행,한국산업은행,,한국산업은행,명단 금융회사,False,58055520000.0,천원,False
디케이동신주식회사,58,20260316000184,감사보고서 (2025.12),별도 감사보고서 · 색인: 11. 차입금,56,한국수출입은행,단기,한국수출입은행,한국수출입은행,,한국수출입은행,명단 금융회사,False,17000000000.0,천원,False
디케이동신주식회사,58,20260316000184,감사보고서 (2025.12),별도 감사보고서 · 색인: 11. 차입금,56,신한은행,단기,신한은행,신한은행,,신한은행,명단 금융회사,False,3500000000.0,천원,False
디케이동신주식회사,58,20260316000184,감사보고서 (2025.12),별도 감사보고서 · 색인: 11. 차입금,56,일반대출,단기,신한은행,신한은행,,신한은행,명단 금융회사,False,6000000000.0,천원,False
디케이동신주식회사,58,20260316000184,감사보고서 (2025.12),별도 감사보고서 · 색인: 11. 차입금,56,수출환어음매입(*),단기,신한은행,신한은행,,신한은행,명단 금융회사,False,13509123000.0,천원,False
디케이동신주식회사,58,20260316000184,감사보고서 (2025.12),별도 감사보고서 · 색인: 11. 차입금,56,KB국민은행,단기,KB국민은행,KB국민은행,,국민은행,명단 금융회사,False,15500000000.0,천원,False
디케이동신주식회사,58,20260316000184,감사보고서 (2025.12),별도 감사보고서 · 색인: 11. 차입금,56,수입금융,단기,KB국민은행,KB국민은행,,국민은행,명단 금융회사,False,3278043000.0,천원,False
디케이동신주식회사,58,20260316000184,감사보고서 (2025.12),별도 감사보고서 · 색인: 11. 차입금,56,씨티은행,단기,씨티은행,씨티은행,,한국씨티은행,명단 금융회사,False,0.0,천원,False
디케이동신주식회사,58,20260316000184,감사보고서 (2025.12),별도 감사보고서 · 색인: 11. 차입금,56,하나은행,단기,하나은행,하나은행,,하나은행,명단 금융회사,False,5300000000.0,천원,False
디케이동신주식회사,58,20260316000184,감사보고서 (2025.12),별도 감사보고서 · 색인: 11. 차입금,56,수입금융,단기,하나은행,하나은행,,하나은행,명단 금융회사,False,282321000.0,천원,False
디케이동신주식회사,58,20260316000184,감사보고서 (2025.12),별도 감사보고서 · 색인: 11. 차입금,56,농협은행,단기,농협은행,농협은행,,농협은행(주),명단 금융회사,False,1000000000.0,천원,False
디케이동신주식회사,58,20260316000184,감사보고서 (2025.12),별도 감사보고서 · 색인: 11. 차입금,56,산업은행,단기,산업은행,산업은행,,한국산업은행,명단 금융회사,False,2432644000.0,천원,False
디케이동신주식회사,58,20260316000184,감사보고서 (2025.12),별도 감사보고서 · 색인: 11. 차입금,57,일반대출,장기,KB국민은행,KB국민은행,,국민은행,명단 금융회사,False,900000000.0,천원,False
하이호경금속주식회사,59,20260402000938,감사보고서 (2025.12),"별도 감사보고서 · 목차: 10. 사채, 11. 차입금",30,무보증사모사채,사채,무보증사모사채,무보증사모사채,,,사채(직접금융),False,20000000000.0,천원,False
하이호경금속주식회사,59,20260402000938,감사보고서 (2025.12),"별도 감사보고서 · 목차: 10. 사채, 11. 차입금",31,운영자금,단기,산업은행,산업은행,,한국산업은행,명단 금융회사,False,6550000000.0,천원,False
하이호경금속주식회사,59,20260402000938,감사보고서 (2025.12),"별도 감사보고서 · 목차: 10. 사채, 11. 차입금",31,구매자금,단기,신한은행,신한은행,,신한은행,명단 금융회사,False,3833430000.0,천원,False
하이호경금속주식회사,59,20260402000938,감사보고서 (2025.12),"별도 감사보고서 · 목차: 10. 사채, 11. 차입금",31,우리은행,단기,우리은행,우리은행,,㈜우리은행,명단 금융회사,False,1005365000.0,천원,False
하이호경금속주식회사,59,20260402000938,감사보고서 (2025.12),"별도 감사보고서 · 목차: 10. 사채, 11. 차입금",31,KEB하나은행,단기,KEB하나은행,KEB하나은행,,하나은행,명단 금융회사,False,1000000000.0,천원,False
하이호경금속주식회사,59,20260402000938,감사보고서 (2025.12),"별도 감사보고서 · 목차: 10. 사채, 11. 차입금",31,농협은행,단기,농협은행,농협은행,,농협은행(주),명단 금융회사,False,1500000000.0,천원,False
하이호경금속주식회사,59,20260402000938,감사보고서 (2025.12),"별도 감사보고서 · 목차: 10. 사채, 11. 차입금",31,포괄수출,단기,한국수출입은행,한국수출입은행,,한국수출입은행,명단 금융회사,False,1434900000.0,천원,False
하이호경금속주식회사,59,20260402000938,감사보고서 (2025.12),"별도 감사보고서 · 목차: 10. 사채, 11. 차입금",31,일반자금,단기,신한은행,신한은행,,신한은행,명단 금융회사,False,1675000000.0,천원,False
하이호경금속주식회사,59,20260402000938,감사보고서 (2025.12),"별도 감사보고서 · 목차: 10. 사채, 11. 차입금",31,농협은행,단기,농협은행,농협은행,,농협은행(주),명단 금융회사,False,2000000000.0,천원,False
하이호경금속주식회사,59,20260402000938,감사보고서 (2025.12),"별도 감사보고서 · 목차: 10. 사채, 11. 차입금",31,수입USANCE,단기,기업은행외,기업은행,,중소기업은행,명단 금융회사,True,15333109000.0,천원,False
하이호경금속주식회사,59,20260402000938,감사보고서 (2025.12),"별도 감사보고서 · 목차: 10. 사채, 11. 차입금",31,재고자산담보,단기,전북은행,전북은행,,(주)전북은행,명단 금융회사,False,0.0,천원,False
하이호경금속주식회사,59,20260402000938,감사보고서 (2025.12),"별도 감사보고서 · 목차: 10. 사채, 11. 차입금",31,ALINGOT대여,단기,조달청,조달청,,,기타(확인 필요),False,0.0,천원,False
하이호경금속주식회사,59,20260402000938,감사보고서 (2025.12),"별도 감사보고서 · 목차: 10. 사채, 11. 차입금",32,미래환경산업육성자금,장기,신한은행,신한은행,,신한은행,명단 금융회사,False,202230000.0,천원,False
대한시멘트 주식회사,60,20260330001518,감사보고서 (2025.12),별도 감사보고서 · 색인: 18. 차입금 및 사채,173,일반자금대출,단기,하나은행,하나은행,,하나은행,명단 금융회사,False,10000000000.0,천원,False
대한시멘트 주식회사,60,20260330001518,감사보고서 (2025.12),별도 감사보고서 · 색인: 18. 차입금 및 사채,173,일반자금대출,단기,하나은행,하나은행,,하나은행,명단 금융회사,False,20000000000.0,천원,False
대한시멘트 주식회사,60,20260330001518,감사보고서 (2025.12),별도 감사보고서 · 색인: 18. 차입금 및 사채,173,일반자금대출,단기,하나은행,하나은행,,하나은행,명단 금융회사,False,7700000000.0,천원,False
대한시멘트 주식회사,60,20260330001518,감사보고서 (2025.12),별도 감사보고서 · 색인: 18. 차입금 및 사채,173,일반자금대출,단기,하나은행,하나은행,,하나은행,명단 금융회사,False,5000000000.0,천원,False
대한시멘트 주식회사,60,20260330001518,감사보고서 (2025.12),별도 감사보고서 · 색인: 18. 차입금 및 사채,173,운영자금대출,단기,KDB산업은행,KDB산업은행,,한국산업은행,명단 금융회사,False,10000000000.0,천원,False
대한시멘트 주식회사,60,20260330001518,감사보고서 (2025.12),별도 감사보고서 · 색인: 18. 차입금 및 사채,173,일반자금대출,단기,신한은행,신한은행,,신한은행,명단 금융회사,False,8000000000.0,천원,False
대한시멘트 주식회사,60,20260330001518,감사보고서 (2025.12),별도 감사보고서 · 색인: 18. 차입금 및 사채,173,일반자금대출,단기,광주은행,광주은행,,(주)광주은행,명단 금융회사,False,2083000000.0,천원,False
대한시멘트 주식회사,60,20260330001518,감사보고서 (2025.12),별도 감사보고서 · 색인: 18. 차입금 및 사채,175,일반자금대출,장기,대한슬래그,대한슬래그,,,기타(확인 필요),False,11494679000.0,천원,False
대한시멘트 주식회사,60,20260330001518,감사보고서 (2025.12),별도 감사보고서 · 색인: 18. 차입금 및 사채,175,일반자금대출,장기,하나은행,하나은행,,하나은행,명단 금융회사,False,0.0,천원,False
대한시멘트 주식회사,60,20260330001518,감사보고서 (2025.12),별도 감사보고서 · 색인: 18. 차입금 및 사채,175,운영자금대출,장기,KDB산업은행,KDB산업은행,,한국산업은행,명단 금융회사,False,0.0,천원,False
대한시멘트 주식회사,60,20260330001518,감사보고서 (2025.12),별도 감사보고서 · 색인: 18. 차입금 및 사채,175,현재가치할인차금,장기,KDB산업은행,KDB산업은행,,한국산업은행,명단 금융회사,False,0.0,천원,False
대한시멘트 주식회사,60,20260330001518,감사보고서 (2025.12),별도 감사보고서 · 색인: 18. 차입금 및 사채,183,대한시멘트4(사모),사채,대한시멘트4(사모),대한시멘트4(사모),,,사채(직접금융),False,45000000000.0,천원,True
대한시멘트 주식회사,60,20260330001518,감사보고서 (2025.12),별도 감사보고서 · 색인: 18. 차입금 및 사채,183,대한시멘트2(사모),사채,대한시멘트2(사모),대한시멘트2(사모),,,사채(직접금융),False,0.0,천원,True
대한시멘트 주식회사,60,20260330001518,감사보고서 (2025.12),별도 감사보고서 · 색인: 18. 차입금 및 사채,183,대한시멘트3(사모),사채,대한시멘트3(사모),대한시멘트3(사모),,,사채(직접금융),False,0.0,천원,True
진양특수강(주),61,20260331004512,감사보고서 (2025.12),별도 감사보고서 · 목차: 8. 차입금,33,KEB하나은행,단기,KEB하나은행,KEB하나은행,,하나은행,명단 금융회사,False,8212383000.0,천원,False
한주라이트메탈(주),63,20260317000438,사업보고서 (2025.12),별도 감사보고서 · 색인: 15. 차입금 등 · 수동 입력(fix),131,무역금융,단기,신한은행,신한은행,,신한은행,명단 금융회사,False,500000000.0,원,False
한주라이트메탈(주),63,20260317000438,사업보고서 (2025.12),별도 감사보고서 · 색인: 15. 차입금 등 · 수동 입력(fix),131,무역금융,단기,한국수출입은행,한국수출입은행,,한국수출입은행,명단 금융회사,False,4240000000.0,원,False
한주라이트메탈(주),63,20260317000438,사업보고서 (2025.12),별도 감사보고서 · 색인: 15. 차입금 등 · 수동 입력(fix),131,무역금융,단기,한국수출입은행,한국수출입은행,,한국수출입은행,명단 금융회사,False,500000000.0,원,False
한주라이트메탈(주),63,20260317000438,사업보고서 (2025.12),별도 감사보고서 · 색인: 15. 차입금 등 · 수동 입력(fix),131,무역금융,단기,부산은행,부산은행,,(주)부산은행,명단 금융회사,False,5000000000.0,원,False
한주라이트메탈(주),63,20260317000438,사업보고서 (2025.12),별도 감사보고서 · 색인: 15. 차입금 등 · 수동 입력(fix),131,무역금융,단기,국민은행,국민은행,,국민은행,명단 금융회사,False,1600000000.0,원,False
한주라이트메탈(주),63,20260317000438,사업보고서 (2025.12),별도 감사보고서 · 색인: 15. 차입금 등 · 수동 입력(fix),131,무역금융,단기,국민은행,국민은행,,국민은행,명단 금융회사,False,1290000000.0,원,False
한주라이트메탈(주),63,20260317000438,사업보고서 (2025.12),별도 감사보고서 · 색인: 15. 차입금 등 · 수동 입력(fix),131,무역금융,단기,하나은행,하나은행,,하나은행,명단 금융회사,False,300000000.0,원,False
한주라이트메탈(주),63,20260317000438,사업보고서 (2025.12),별도 감사보고서 · 색인: 15. 차입금 등 · 수동 입력(fix),131,무역금융,단기,기업은행,기업은행,,중소기업은행,명단 금융회사,False,1000000000.0,원,False
한주라이트메탈(주),63,20260317000438,사업보고서 (2025.12),별도 감사보고서 · 색인: 15. 차입금 등 · 수동 입력(fix),131,일반대,단기,신한은행,신한은행,,신한은행,명단 금융회사,False,2000000000.0,원,False
한주라이트메탈(주),63,20260317000438,사업보고서 (2025.12),별도 감사보고서 · 색인: 15. 차입금 등 · 수동 입력(fix),131,온렌딩대출,단기,우리은행,우리은행,,㈜우리은행,명단 금융회사,False,2000000000.0,원,False
한주라이트메탈(주),63,20260317000438,사업보고서 (2025.12),별도 감사보고서 · 색인: 15. 차입금 등 · 수동 입력(fix),131,일반대,단기,우리은행,우리은행,,㈜우리은행,명단 금융회사,False,10000000000.0,원,False
한주라이트메탈(주),63,20260317000438,사업보고서 (2025.12),별도 감사보고서 · 색인: 15. 차입금 등 · 수동 입력(fix),131,운전자금대출,단기,현대커머셜,현대커머셜,,현대커머셜(주),명단 금융회사,False,500000000.0,원,False
한주라이트메탈(주),63,20260317000438,사업보고서 (2025.12),별도 감사보고서 · 색인: 15. 차입금 등 · 수동 입력(fix),131,운전자금대출,단기,한국산업은행,한국산업은행,,한국산업은행,명단 금융회사,False,2400000000.0,원,False
한주라이트메탈(주),63,20260317000438,사업보고서 (2025.12),별도 감사보고서 · 색인: 15. 차입금 등 · 수동 입력(fix),131,운전자금대출,단기,한국산업은행,한국산업은행,,한국산업은행,명단 금융회사,False,2000000000.0,원,False
한주라이트메탈(주),63,20260317000438,사업보고서 (2025.12),별도 감사보고서 · 색인: 15. 차입금 등 · 수동 입력(fix),131,운전자금대출,단기,한국산업은행,한국산업은행,,한국산업은행,명단 금융회사,False,12600000000.0,원,False
한주라이트메탈(주),63,20260317000438,사업보고서 (2025.12),별도 감사보고서 · 색인: 15. 차입금 등 · 수동 입력(fix),131,구매자금융대출,단기,부산은행,부산은행,,(주)부산은행,명단 금융회사,False,4492468701.0,원,False
한주라이트메탈(주),63,20260317000438,사업보고서 (2025.12),별도 감사보고서 · 색인: 15. 차입금 등 · 수동 입력(fix),131,구매자금융대출,단기,신한은행,신한은행,,신한은행,명단 금융회사,False,3097887273.0,원,False
한주라이트메탈(주),63,20260317000438,사업보고서 (2025.12),별도 감사보고서 · 색인: 15. 차입금 등 · 수동 입력(fix),131,구매자금융대출,단기,하나은행,하나은행,,하나은행,명단 금융회사,False,707885851.0,원,False
한주라이트메탈(주),63,20260317000438,사업보고서 (2025.12),별도 감사보고서 · 색인: 15. 차입금 등 · 수동 입력(fix),133,일반대,장기,우리은행,우리은행,,㈜우리은행,명단 금융회사,False,1833315000.0,원,False
한주라이트메탈(주),63,20260317000438,사업보고서 (2025.12),별도 감사보고서 · 색인: 15. 차입금 등 · 수동 입력(fix),133,시설자금대출,장기,한국산업은행,한국산업은행,,한국산업은행,명단 금융회사,False,2550000000.0,원,False
한주라이트메탈(주),63,20260317000438,사업보고서 (2025.12),별도 감사보고서 · 색인: 15. 차입금 등 · 수동 입력(fix),133,시설자금대출,장기,한국산업은행,한국산업은행,,한국산업은행,명단 금융회사,False,1275000000.0,원,False
한주라이트메탈(주),63,20260317000438,사업보고서 (2025.12),별도 감사보고서 · 색인: 15. 차입금 등 · 수동 입력(fix),133,시설자금대출,장기,한국산업은행,한국산업은행,,한국산업은행,명단 금융회사,False,425000000.0,원,False
한주라이트메탈(주),63,20260317000438,사업보고서 (2025.12),별도 감사보고서 · 색인: 15. 차입금 등 · 수동 입력(fix),133,에너지시설자금대출,장기,한국산업은행,한국산업은행,,한국산업은행,명단 금융회사,False,417600000.0,원,False
한주라이트메탈(주),63,20260317000438,사업보고서 (2025.12),별도 감사보고서 · 색인: 15. 차입금 등 · 수동 입력(fix),133,에너지시설자금대출,장기,한국산업은행,한국산업은행,,한국산업은행,명단 금융회사,False,105300000.0,원,False
한주라이트메탈(주),63,20260317000438,사업보고서 (2025.12),별도 감사보고서 · 색인: 15. 차입금 등 · 수동 입력(fix),133,매출채권유동화대출(ABL),장기,한주라이트메탈제일차 유한회사,한주라이트메탈제일차유한회사,,,기타(확인 필요),False,9750000004.0,원,False
한주라이트메탈(주),63,20260317000438,사업보고서 (2025.12),별도 감사보고서 · 색인: 15. 차입금 등 · 수동 입력(fix),137,제2회무보증사모사채(*1),사채,제2회 무보증 사모사채(*1),제2회무보증사모사채,,,사채(직접금융),False,0.0,원,False
한주라이트메탈(주),63,20260317000438,사업보고서 (2025.12),별도 감사보고서 · 색인: 15. 차입금 등 · 수동 입력(fix),137,제3회무보증사모사채(*2),사채,제3회 무보증 사모사채(*2),제3회무보증사모사채,,,사채(직접금융),False,0.0,원,False
한주라이트메탈(주),63,20260317000438,사업보고서 (2025.12),별도 감사보고서 · 색인: 15. 차입금 등 · 수동 입력(fix),139,제4회전환사채(*),사채,제4회 전환사채(*),제4회전환사채,,,사채(직접금융),False,0.0,원,False
한주라이트메탈(주),63,20260317000438,사업보고서 (2025.12),별도 감사보고서 · 색인: 15. 차입금 등 · 수동 입력(fix),-1,수동 입력,사채,제5회 무보증 사모사채,제5회무보증사모사채,,,사채(직접금융),False,4489364841.0,억원,False
한주라이트메탈(주),63,20260317000438,사업보고서 (2025.12),별도 감사보고서 · 색인: 15. 차입금 등 · 수동 입력(fix),-1,수동 입력,사채,제6회 무보증 사모사채,제6회무보증사모사채,,,사채(직접금융),False,5029097818.0,억원,False
한주라이트메탈(주),63,20260317000438,사업보고서 (2025.12),별도 감사보고서 · 색인: 15. 차입금 등 · 수동 입력(fix),-1,수동 입력,사채,제7회 전환사채,제7회전환사채,,,사채(직접금융),False,2792315943.0,억원,False
아주스틸(주),64,20260318001296,사업보고서 (2025.12),"별도 감사보고서 · 색인: 15. 차입금, 16. 사채, 17. 신주인수권부사채, 18. 전환사채",66,신한은행,단기,신한은행,신한은행,,신한은행,명단 금융회사,False,1200000000.0,원,False
아주스틸(주),64,20260318001296,사업보고서 (2025.12),"별도 감사보고서 · 색인: 15. 차입금, 16. 사채, 17. 신주인수권부사채, 18. 전환사채",66,시설자금대출,단기,신한은행,신한은행,,신한은행,명단 금융회사,False,18500000000.0,원,False
아주스틸(주),64,20260318001296,사업보고서 (2025.12),"별도 감사보고서 · 색인: 15. 차입금, 16. 사채, 17. 신주인수권부사채, 18. 전환사채",66,어음할인,단기,신한은행,신한은행,,신한은행,명단 금융회사,False,1000000000.0,원,False
아주스틸(주),64,20260318001296,사업보고서 (2025.12),"별도 감사보고서 · 색인: 15. 차입금, 16. 사채, 17. 신주인수권부사채, 18. 전환사채",66,온렌딩대출,단기,신한은행,신한은행,,신한은행,명단 금융회사,False,5000000000.0,원,False
아주스틸(주),64,20260318001296,사업보고서 (2025.12),"별도 감사보고서 · 색인: 15. 차입금, 16. 사채, 17. 신주인수권부사채, 18. 전환사채",66,KDB산업은행,단기,KDB산업은행,KDB산업은행,,한국산업은행,명단 금융회사,False,2958865707.0,원,False
아주스틸(주),64,20260318001296,사업보고서 (2025.12),"별도 감사보고서 · 색인: 15. 차입금, 16. 사채, 17. 신주인수권부사채, 18. 전환사채",66,일반자금대출,단기,KDB산업은행,KDB산업은행,,한국산업은행,명단 금융회사,False,65500000000.0,원,False
아주스틸(주),64,20260318001296,사업보고서 (2025.12),"별도 감사보고서 · 색인: 15. 차입금, 16. 사채, 17. 신주인수권부사채, 18. 전환사채",66,한국수출입은행,단기,한국수출입은행,한국수출입은행,,한국수출입은행,명단 금융회사,False,5500000000.0,원,False
아주스틸(주),64,20260318001296,사업보고서 (2025.12),"별도 감사보고서 · 색인: 15. 차입금, 16. 사채, 17. 신주인수권부사채, 18. 전환사채",66,5.41%,단기,한국수출입은행,한국수출입은행,,한국수출입은행,명단 금융회사,False,17218800000.0,원,False
아주스틸(주),64,20260318001296,사업보고서 (2025.12),"별도 감사보고서 · 색인: 15. 차입금, 16. 사채, 17. 신주인수권부사채, 18. 전환사채",66,중소기업은행,단기,중소기업은행,중소기업은행,,중소기업은행,명단 금융회사,False,0.0,원,False
아주스틸(주),64,20260318001296,사업보고서 (2025.12),"별도 감사보고서 · 색인: 15. 차입금, 16. 사채, 17. 신주인수권부사채, 18. 전환사채",66,일반자금대출,단기,중소기업은행,중소기업은행,,중소기업은행,명단 금융회사,False,3000000000.0,원,False
아주스틸(주),64,20260318001296,사업보고서 (2025.12),"별도 감사보고서 · 색인: 15. 차입금, 16. 사채, 17. 신주인수권부사채, 18. 전환사채",66,어음할인,단기,중소기업은행,중소기업은행,,중소기업은행,명단 금융회사,False,10000000000.0,원,False
아주스틸(주),64,20260318001296,사업보고서 (2025.12),"별도 감사보고서 · 색인: 15. 차입금, 16. 사채, 17. 신주인수권부사채, 18. 전환사채",66,국민은행,단기,국민은행,국민은행,,국민은행,명단 금융회사,False,0.0,원,False
아주스틸(주),64,20260318001296,사업보고서 (2025.12),"별도 감사보고서 · 색인: 15. 차입금, 16. 사채, 17. 신주인수권부사채, 18. 전환사채",66,농협은행,단기,농협은행,농협은행,,농협은행(주),명단 금융회사,False,15000000000.0,원,False
아주스틸(주),64,20260318001296,사업보고서 (2025.12),"별도 감사보고서 · 색인: 15. 차입금, 16. 사채, 17. 신주인수권부사채, 18. 전환사채",66,우리은행,단기,우리은행,우리은행,,㈜우리은행,명단 금융회사,False,2500000000.0,원,False
아주스틸(주),64,20260318001296,사업보고서 (2025.12),"별도 감사보고서 · 색인: 15. 차입금, 16. 사채, 17. 신주인수권부사채, 18. 전환사채",66,하나은행,단기,하나은행,하나은행,,하나은행,명단 금융회사,False,0.0,원,False
아주스틸(주),64,20260318001296,사업보고서 (2025.12),"별도 감사보고서 · 색인: 15. 차입금, 16. 사채, 17. 신주인수권부사채, 18. 전환사채",66,일반자금대출,단기,하나은행,하나은행,,하나은행,명단 금융회사,False,0.0,원,False
아주스틸(주),64,20260318001296,사업보고서 (2025.12),"별도 감사보고서 · 색인: 15. 차입금, 16. 사채, 17. 신주인수권부사채, 18. 전환사채",66,아이엠뱅크,단기,아이엠뱅크,아이엠뱅크,,(주)iM뱅크,명단 금융회사,False,0.0,원,False
아주스틸(주),64,20260318001296,사업보고서 (2025.12),"별도 감사보고서 · 색인: 15. 차입금, 16. 사채, 17. 신주인수권부사채, 18. 전환사채",66,동국씨엠㈜,단기,동국씨엠㈜,동국씨엠,,,기타(확인 필요),False,0.0,원,False
아주스틸(주),64,20260318001296,사업보고서 (2025.12),"별도 감사보고서 · 색인: 15. 차입금, 16. 사채, 17. 신주인수권부사채, 18. 전환사채",66,DongkukCorporation,단기,Dongkuk Corporation,DongkukCorporation,,,기타(확인 필요),False,36705200000.0,원,False
아주스틸(주),64,20260318001296,사업보고서 (2025.12),"별도 감사보고서 · 색인: 15. 차입금, 16. 사채, 17. 신주인수권부사채, 18. 전환사채",67,KDB산업은행,장기,KDB산업은행,KDB산업은행,,한국산업은행,명단 금융회사,False,73553140000.0,원,False
아주스틸(주),64,20260318001296,사업보고서 (2025.12),"별도 감사보고서 · 색인: 15. 차입금, 16. 사채, 17. 신주인수권부사채, 18. 전환사채",67,원화시설대출,장기,KDB산업은행,KDB산업은행,,한국산업은행,명단 금융회사,False,1400000000.0,원,False
아주스틸(주),64,20260318001296,사업보고서 (2025.12),"별도 감사보고서 · 색인: 15. 차입금, 16. 사채, 17. 신주인수권부사채, 18. 전환사채",67,우리은행,장기,우리은행,우리은행,,㈜우리은행,명단 금융회사,False,0.0,원,False
아주스틸(주),64,20260318001296,사업보고서 (2025.12),"별도 감사보고서 · 색인: 15. 차입금, 16. 사채, 17. 신주인수권부사채, 18. 전환사채",67,신성장대출,장기,우리은행,우리은행,,㈜우리은행,명단 금융회사,False,3600000000.0,원,False
아주스틸(주),64,20260318001296,사업보고서 (2025.12),"별도 감사보고서 · 색인: 15. 차입금, 16. 사채, 17. 신주인수권부사채, 18. 전환사채",67,아주스틸해외제1차(유),장기,아주스틸해외제1차(유),아주스틸해외제1차(유),,,기타(확인 필요),False,0.0,원,False
아주스틸(주),64,20260318001296,사업보고서 (2025.12),"별도 감사보고서 · 색인: 15. 차입금, 16. 사채, 17. 신주인수권부사채, 18. 전환사채",67,디비디켐제일차주식회사,장기,디비디켐제일차 주식회사,디비디켐제일차,,,기타(확인 필요),False,0.0,원,False
아주스틸(주),64,20260318001296,사업보고서 (2025.12),"별도 감사보고서 · 색인: 15. 차입금, 16. 사채, 17. 신주인수권부사채, 18. 전환사채",67,신한은행,장기,신한은행,신한은행,,신한은행,명단 금융회사,False,1150000000.0,원,False
아주스틸(주),64,20260318001296,사업보고서 (2025.12),"별도 감사보고서 · 색인: 15. 차입금, 16. 사채, 17. 신주인수권부사채, 18. 전환사채",67,국민은행,장기,국민은행,국민은행,,국민은행,명단 금융회사,False,4125000000.0,원,False
아주스틸(주),64,20260318001296,사업보고서 (2025.12),"별도 감사보고서 · 색인: 15. 차입금, 16. 사채, 17. 신주인수권부사채, 18. 전환사채",67,아주스틸제8차유한회사,장기,아주스틸제8차유한회사,아주스틸제8차유한회사,,,기타(확인 필요),False,38095238120.0,원,False
아주스틸(주),64,20260318001296,사업보고서 (2025.12),"별도 감사보고서 · 색인: 15. 차입금, 16. 사채, 17. 신주인수권부사채, 18. 전환사채",67,에이치브라운주식회사,장기,에이치브라운주식회사,에이치브라운,,,기타(확인 필요),False,15000000000.0,원,False
아주스틸(주),64,20260318001296,사업보고서 (2025.12),"별도 감사보고서 · 색인: 15. 차입금, 16. 사채, 17. 신주인수권부사채, 18. 전환사채",67,채권유동화대출,장기,에이치브라운주식회사,에이치브라운,,,기타(확인 필요),False,20000000000.0,원,False
아주스틸(주),64,20260318001296,사업보고서 (2025.12),"별도 감사보고서 · 색인: 15. 차입금, 16. 사채, 17. 신주인수권부사채, 18. 전환사채",68,제15회무보증사모사채,사채,제15회 무보증사모사채,제15회무보증사모사채,,,사채(직접금융),False,30000000000.0,원,False
아주스틸(주),64,20260318001296,사업보고서 (2025.12),"별도 감사보고서 · 색인: 15. 차입금, 16. 사채, 17. 신주인수권부사채, 18. 전환사채",68,제18회무보증사모사채,사채,제18회 무보증사모사채,제18회무보증사모사채,,,사채(직접금융),False,0.0,원,False
아주스틸(주),64,20260318001296,사업보고서 (2025.12),"별도 감사보고서 · 색인: 15. 차입금, 16. 사채, 17. 신주인수권부사채, 18. 전환사채",69,신주인수권부사채,사채,신주인수권부사채,신주인수권부사채,,,사채(직접금융),False,13536605556.0,원,False
아주스틸(주),64,20260318001296,사업보고서 (2025.12),"별도 감사보고서 · 색인: 15. 차입금, 16. 사채, 17. 신주인수권부사채, 18. 전환사채",71,전환사채,사채,전환사채,전환사채,,,사채(직접금융),False,25189913673.0,원,False
(주)NI스틸,65,20260312001308,사업보고서 (2025.12),별도 감사보고서 · 색인: 18. 차입금,125,일반자금(*),단기,산업은행 외,산업은행,,한국산업은행,명단 금융회사,True,155031010000.0,천원,False
(주)NI스틸,65,20260312001308,사업보고서 (2025.12),별도 감사보고서 · 색인: 18. 차입금,125,기업구매자금,단기,하나은행 외,하나은행,,하나은행,명단 금융회사,True,5830784000.0,천원,False
(주)NI스틸,65,20260312001308,사업보고서 (2025.12),별도 감사보고서 · 색인: 18. 차입금,127,장기원화일반,장기,국민은행 외,국민은행,,국민은행,명단 금융회사,True,32499999000.0,천원,False
(주)남선알미늄,66,20260323001569,사업보고서 (2025.12),별도 감사보고서 · 색인: 17. 차입금,70,무역금융,단기,우리은행,우리은행,,㈜우리은행,명단 금융회사,False,6393000000.0,천원,False
(주)남선알미늄,66,20260323001569,사업보고서 (2025.12),별도 감사보고서 · 색인: 17. 차입금,70,기업은행,단기,기업은행,기업은행,,중소기업은행,명단 금융회사,False,3000000000.0,천원,False
(주)남선알미늄,66,20260323001569,사업보고서 (2025.12),별도 감사보고서 · 색인: 17. 차입금,70,운전자금,단기,우리은행,우리은행,,㈜우리은행,명단 금융회사,False,1448608000.0,천원,False
(주)남선알미늄,66,20260323001569,사업보고서 (2025.12),별도 감사보고서 · 색인: 17. 차입금,70,건설공제조합,단기,건설공제조합,건설공제조합,,,투자조합 등,False,4483000000.0,천원,False
(주)남선알미늄,66,20260323001569,사업보고서 (2025.12),별도 감사보고서 · 색인: 17. 차입금,70,전문건설공제조합,단기,전문건설공제조합,전문건설공제조합,,,투자조합 등,False,500000000.0,천원,False
(주)남선알미늄,66,20260323001569,사업보고서 (2025.12),별도 감사보고서 · 색인: 17. 차입금,70,경남기업(주)(*1),단기,경남기업(주)(*1),경남기업,,,기타(확인 필요),False,350000000.0,천원,False
(주)남선알미늄,66,20260323001569,사업보고서 (2025.12),별도 감사보고서 · 색인: 17. 차입금,70,신촌역사(주)(*2),단기,신촌역사(주)(*2),신촌역사,,,기타(확인 필요),False,1000000000.0,천원,False
(주)남선알미늄,66,20260323001569,사업보고서 (2025.12),별도 감사보고서 · 색인: 17. 차입금,70,STX건설산업(주)(*3),단기,STX건설산업(주)(*3),STX건설산업,,,기타(확인 필요),False,18000000000.0,천원,False
(주)남선알미늄,66,20260323001569,사업보고서 (2025.12),별도 감사보고서 · 색인: 17. 차입금,70,수입유산스,단기,KEB하나은행,KEB하나은행,,하나은행,명단 금융회사,False,0.0,천원,False
(주)남선알미늄,66,20260323001569,사업보고서 (2025.12),별도 감사보고서 · 색인: 17. 차입금,71,시설자금,장기,우리은행,우리은행,,㈜우리은행,명단 금융회사,False,3425000000.0,천원,False
(주)남선알미늄,66,20260323001569,사업보고서 (2025.12),별도 감사보고서 · 색인: 17. 차입금,71,운전자금,장기,전문건설공제조합,전문건설공제조합,,,투자조합 등,False,2000000000.0,천원,False
(주)남선알미늄,66,20260323001569,사업보고서 (2025.12),별도 감사보고서 · 색인: 17. 차입금,71,우리은행,장기,우리은행,우리은행,,㈜우리은행,명단 금융회사,False,0.0,천원,False
(주)대륙제관,67,20260319000299,사업보고서 (2025.12),별도 감사보고서 · 색인: 20. 차입금,76,한국수출입은행,단기,한국수출입은행,한국수출입은행,,한국수출입은행,명단 금융회사,False,7000000000.0,천원,False
(주)대륙제관,67,20260319000299,사업보고서 (2025.12),별도 감사보고서 · 색인: 20. 차입금,76,우리은행,단기,우리은행,우리은행,,㈜우리은행,명단 금융회사,False,3000000000.0,천원,False
(주)대창스틸,68,20260323000588,사업보고서 (2025.12),별도 감사보고서 · 색인: 18. 차입금 등,119,단기차입금,차입금,산업은행 외 2,산업은행,,한국산업은행,명단 금융회사,True,39000000000.0,천원,False
(주)대창스틸,68,20260323000588,사업보고서 (2025.12),별도 감사보고서 · 색인: 18. 차입금 등,119,시설자금대출,차입금,하나은행,하나은행,,하나은행,명단 금융회사,False,3000000000.0,천원,False
(주)대창스틸,68,20260323000588,사업보고서 (2025.12),별도 감사보고서 · 색인: 18. 차입금 등,119,구매자금대출,차입금,하나은행 외 1,하나은행,,하나은행,명단 금융회사,True,7068629000.0,천원,False
(주)대창스틸,68,20260323000588,사업보고서 (2025.12),별도 감사보고서 · 색인: 18. 차입금 등,119,유동성장기부채,차입금,국민은행,국민은행,,국민은행,명단 금융회사,False,2970702000.0,천원,False
(주)대창스틸,68,20260323000588,사업보고서 (2025.12),별도 감사보고서 · 색인: 18. 차입금 등,119,시설자금대출,차입금,하나은행,하나은행,,하나은행,명단 금융회사,False,0.0,천원,False
(주)대창스틸,68,20260323000588,사업보고서 (2025.12),별도 감사보고서 · 색인: 18. 차입금 등,119,산업은행,차입금,산업은행,산업은행,,한국산업은행,명단 금융회사,False,1666640000.0,천원,False
(주)대창스틸,68,20260323000588,사업보고서 (2025.12),별도 감사보고서 · 색인: 18. 차입금 등,119,장기차입금,차입금,국민은행,국민은행,,국민은행,명단 금융회사,False,2304328000.0,천원,False
(주)대창스틸,68,20260323000588,사업보고서 (2025.12),별도 감사보고서 · 색인: 18. 차입금 등,119,시설자금대출,차입금,산업은행,산업은행,,한국산업은행,명단 금융회사,False,2499960000.0,천원,False
(주)동국에스엔씨,69,20260316001236,사업보고서 (2025.12),별도 감사보고서 · 색인: 12. 차입금,98,건설공제조합(*2),단기,건설공제조합(*2),건설공제조합,,,투자조합 등,False,2239030000.0,천원,False
(주)동국에스엔씨,69,20260316001236,사업보고서 (2025.12),별도 감사보고서 · 색인: 12. 차입금,98,한국수출입은행(*1),단기,한국수출입은행(*1),한국수출입은행,,한국수출입은행,명단 금융회사,False,13300000000.0,천원,False
(주)동국에스엔씨,69,20260316001236,사업보고서 (2025.12),별도 감사보고서 · 색인: 12. 차입금,98,신한은행(*1),단기,신한은행(*1),신한은행,,신한은행,명단 금융회사,False,0.0,천원,False
(주)동국에스엔씨,69,20260316001236,사업보고서 (2025.12),별도 감사보고서 · 색인: 12. 차입금,98,하나은행,단기,하나은행,하나은행,,하나은행,명단 금융회사,False,3500000000.0,천원,False
(주)동국에스엔씨,69,20260316001236,사업보고서 (2025.12),별도 감사보고서 · 색인: 12. 차입금,98,산업은행(*1),단기,산업은행(*1),산업은행,,한국산업은행,명단 금융회사,False,13500000000.0,천원,False
(주)동국에스엔씨,69,20260316001236,사업보고서 (2025.12),별도 감사보고서 · 색인: 12. 차입금,98,산업은행(*1),단기,산업은행(*1),산업은행,,한국산업은행,명단 금융회사,False,13500000000.0,천원,False
(주)동국에스엔씨,69,20260316001236,사업보고서 (2025.12),별도 감사보고서 · 색인: 12. 차입금,100,운영자금대출,장기,건설공제조합,건설공제조합,,,투자조합 등,False,0.0,천원,False
(주)동국에스엔씨,69,20260316001236,사업보고서 (2025.12),별도 감사보고서 · 색인: 12. 차입금,100,일반자금대출,장기,우리은행,우리은행,,㈜우리은행,명단 금융회사,False,0.0,천원,False
(주)원일특강,70,20260316000744,사업보고서 (2025.12),별도 감사보고서 · 색인: 18. 차입금,125,단기차입금,차입금,기업은행(*1)(*2),기업은행,,중소기업은행,명단 금융회사,False,20737114000.0,천원,False
(주)원일특강,70,20260316000744,사업보고서 (2025.12),별도 감사보고서 · 색인: 18. 차입금,125,KEB하나은행(*2),차입금,KEB하나은행(*2),KEB하나은행,,하나은행,명단 금융회사,False,2392894000.0,천원,False
(주)원일특강,70,20260316000744,사업보고서 (2025.12),별도 감사보고서 · 색인: 18. 차입금,125,신한은행(*1)(*2),차입금,신한은행(*1)(*2),신한은행,,신한은행,명단 금융회사,False,12887650000.0,천원,False
(주)원일특강,70,20260316000744,사업보고서 (2025.12),별도 감사보고서 · 색인: 18. 차입금,125,우리은행(*2),차입금,우리은행(*2),우리은행,,㈜우리은행,명단 금융회사,False,6500000000.0,천원,False
(주)원일특강,70,20260316000744,사업보고서 (2025.12),별도 감사보고서 · 색인: 18. 차입금,125,산업은행(*1)(*2),차입금,산업은행(*1)(*2),산업은행,,한국산업은행,명단 금융회사,False,267811000.0,천원,False
(주)원일특강,70,20260316000744,사업보고서 (2025.12),별도 감사보고서 · 색인: 18. 차입금,125,운전자금대출,차입금,기업은행(*1)(*2),기업은행,,중소기업은행,명단 금융회사,False,1000000000.0,천원,False
(주)원일특강,70,20260316000744,사업보고서 (2025.12),별도 감사보고서 · 색인: 18. 차입금,125,산업은행(*1)(*2),차입금,산업은행(*1)(*2),산업은행,,한국산업은행,명단 금융회사,False,23000000000.0,천원,False
(주)원일특강,70,20260316000744,사업보고서 (2025.12),별도 감사보고서 · 색인: 18. 차입금,125,장기차입금,차입금,신한은행(*1)(*2)(*3),신한은행,,신한은행,명단 금융회사,False,6672285000.0,천원,False
(주)제일테크노스,71,20260320000688,사업보고서 (2025.12),별도 감사보고서 · 색인: 20. 차입금 및 사채 · 수동 입력(replace),-1,수동 입력,단기,IBK기업은행,IBK기업은행,,중소기업은행,명단 금융회사,False,5000000000.0,억원,False
(주)제일테크노스,71,20260320000688,사업보고서 (2025.12),별도 감사보고서 · 색인: 20. 차입금 및 사채 · 수동 입력(replace),-1,수동 입력,단기,우리은행,우리은행,,㈜우리은행,명단 금융회사,False,1000000000.0,억원,False
(주)제일테크노스,71,20260320000688,사업보고서 (2025.12),별도 감사보고서 · 색인: 20. 차입금 및 사채 · 수동 입력(replace),-1,수동 입력,단기,롯데건설,롯데건설,,,기타(확인 필요),False,500000000.0,억원,False
(주)제일테크노스,71,20260320000688,사업보고서 (2025.12),별도 감사보고서 · 색인: 20. 차입금 및 사채 · 수동 입력(replace),-1,수동 입력,사채,제4회 무기명식 무보증 사모 교환사채(부채요소),제4회무기명식무보증사모교환사채(부채요소),,,사채(직접금융),False,2492090289.0,억원,False
(주)하이스틸,74,20260310002913,사업보고서 (2025.12),별도 감사보고서 · 색인: 19. 차입금,81,일반회전대출,단기,산업은행 외,산업은행,,한국산업은행,명단 금융회사,True,63500000000.0,원,False
(주)하이스틸,74,20260310002913,사업보고서 (2025.12),별도 감사보고서 · 색인: 19. 차입금,81,무역금융대출,단기,수출입은행,수출입은행,,한국수출입은행,명단 금융회사,False,5000000000.0,원,False
(주)하이스틸,74,20260310002913,사업보고서 (2025.12),별도 감사보고서 · 색인: 19. 차입금,82,시설자금대출,장기,산업은행,산업은행,,한국산업은행,명단 금융회사,False,90900000.0,원,False
경남스틸(주),75,20260309001568,사업보고서 (2025.12),별도 감사보고서 · 색인: 19. 단기차입금,100,산업은행,단기,산업은행,산업은행,,한국산업은행,명단 금융회사,False,4000000000.0,천원,False
경남스틸(주),75,20260309001568,사업보고서 (2025.12),별도 감사보고서 · 색인: 19. 단기차입금,100,국민은행,단기,국민은행,국민은행,,국민은행,명단 금융회사,False,0.0,천원,False
경남스틸(주),75,20260309001568,사업보고서 (2025.12),별도 감사보고서 · 색인: 19. 단기차입금,100,하나은행,단기,하나은행,하나은행,,하나은행,명단 금융회사,False,2000000000.0,천원,False
경남스틸(주),75,20260309001568,사업보고서 (2025.12),별도 감사보고서 · 색인: 19. 단기차입금,100,하나은행,단기,하나은행,하나은행,,하나은행,명단 금융회사,False,1200000000.0,천원,False
금강공업(주),76,20260312000935,사업보고서 (2025.12),별도 감사보고서 · 색인: 19. 차입금 · 수동 입력(add),97,운전자금,단기,한국산업은행 외,한국산업은행,,한국산업은행,명단 금융회사,True,105600000000.0,원,False
금강공업(주),76,20260312000935,사업보고서 (2025.12),별도 감사보고서 · 색인: 19. 차입금 · 수동 입력(add),97,무역금융,단기,수출입은행 외,수출입은행,,한국수출입은행,명단 금융회사,True,30000000000.0,원,False
금강공업(주),76,20260312000935,사업보고서 (2025.12),별도 감사보고서 · 색인: 19. 차입금 · 수동 입력(add),97,공급자금융약정(주석34참조),단기,농협은행 외,농협은행,,농협은행(주),명단 금융회사,True,19313145447.0,원,False
금강공업(주),76,20260312000935,사업보고서 (2025.12),별도 감사보고서 · 색인: 19. 차입금 · 수동 입력(add),97,매입외환,단기,신한은행,신한은행,,신한은행,명단 금융회사,False,685423032.0,원,False
금강공업(주),76,20260312000935,사업보고서 (2025.12),별도 감사보고서 · 색인: 19. 차입금 · 수동 입력(add),98,시설자금,장기,농협은행 외,농협은행,,농협은행(주),명단 금융회사,True,36000000000.0,원,False
금강공업(주),76,20260312000935,사업보고서 (2025.12),별도 감사보고서 · 색인: 19. 차입금 · 수동 입력(add),98,운전자금,장기,우리은행 외,우리은행,,㈜우리은행,명단 금융회사,True,19000000000.0,원,False
금강공업(주),76,20260312000935,사업보고서 (2025.12),별도 감사보고서 · 색인: 19. 차입금 · 수동 입력(add),99,유동사채,사채,유동 사채,유동사채,,,사채(직접금융),False,0.0,원,False
금강공업(주),76,20260312000935,사업보고서 (2025.12),별도 감사보고서 · 색인: 19. 차입금 · 수동 입력(add),99,비유동사채,사채,비유동 사채,비유동사채,,,사채(직접금융),False,20000000000.0,원,False
금강공업(주),76,20260312000935,사업보고서 (2025.12),별도 감사보고서 · 색인: 19. 차입금 · 수동 입력(add),-1,수동 입력,사채,아이엠증권(사채 발행처),아이엠증권(사채발행처),,,사채(직접금융),False,20000000000.0,억원,False
금강공업(주),76,20260312000935,사업보고서 (2025.12),별도 감사보고서 · 색인: 19. 차입금 · 수동 입력(add),-1,수동 입력,사채,키움증권(사채 발행처),키움증권(사채발행처),,,사채(직접금융),False,30000000000.0,억원,False
금강공업(주),76,20260312000935,사업보고서 (2025.12),별도 감사보고서 · 색인: 19. 차입금 · 수동 입력(add),-1,수동 입력,사채,사채할인발행차금,사채할인발행차금,,,사채(직접금융),False,-50234524.0,억원,False
다스코(주),78,20260402003325,감사보고서 (2025.12),별도 감사보고서 · 목차: 4. 차입금,33,국민은행,단기,국민은행,국민은행,,국민은행,명단 금융회사,False,1200000000.0,원,False
다스코(주),78,20260402003325,감사보고서 (2025.12),별도 감사보고서 · 목차: 4. 차입금,33,국민은행,단기,국민은행,국민은행,,국민은행,명단 금융회사,False,4045000000.0,원,False
다스코(주),78,20260402003325,감사보고서 (2025.12),별도 감사보고서 · 목차: 4. 차입금,33,기업은행,단기,기업은행,기업은행,,중소기업은행,명단 금융회사,False,5000000000.0,원,False
다스코(주),78,20260402003325,감사보고서 (2025.12),별도 감사보고서 · 목차: 4. 차입금,33,기업은행,단기,기업은행,기업은행,,중소기업은행,명단 금융회사,False,1000000000.0,원,False
다스코(주),78,20260402003325,감사보고서 (2025.12),별도 감사보고서 · 목차: 4. 차입금,33,기업은행,단기,기업은행,기업은행,,중소기업은행,명단 금융회사,False,1000000000.0,원,False
다스코(주),78,20260402003325,감사보고서 (2025.12),별도 감사보고서 · 목차: 4. 차입금,33,기업은행,단기,기업은행,기업은행,,중소기업은행,명단 금융회사,False,1650000000.0,원,False
다스코(주),78,20260402003325,감사보고서 (2025.12),별도 감사보고서 · 목차: 4. 차입금,33,기업은행,단기,기업은행,기업은행,,중소기업은행,명단 금융회사,False,1000000000.0,원,False
다스코(주),78,20260402003325,감사보고서 (2025.12),별도 감사보고서 · 목차: 4. 차입금,35,국민은행,장기,국민은행,국민은행,,국민은행,명단 금융회사,False,800000000.0,원,False
다스코(주),78,20260402003325,감사보고서 (2025.12),별도 감사보고서 · 목차: 4. 차입금,35,기업은행,장기,기업은행,기업은행,,중소기업은행,명단 금융회사,False,500000000.0,원,False
다스코(주),78,20260402003325,감사보고서 (2025.12),별도 감사보고서 · 목차: 4. 차입금,35,기업은행,장기,기업은행,기업은행,,중소기업은행,명단 금융회사,False,214000000.0,원,False
다스코(주),78,20260402003325,감사보고서 (2025.12),별도 감사보고서 · 목차: 4. 차입금,35,기업은행,장기,기업은행,기업은행,,중소기업은행,명단 금융회사,False,18500000.0,원,False
다스코(주),78,20260402003325,감사보고서 (2025.12),별도 감사보고서 · 목차: 4. 차입금,35,기업은행,장기,기업은행,기업은행,,중소기업은행,명단 금융회사,False,0.0,원,False
다스코(주),78,20260402003325,감사보고서 (2025.12),별도 감사보고서 · 목차: 4. 차입금,35,기업은행,장기,기업은행,기업은행,,중소기업은행,명단 금융회사,False,0.0,원,False
다스코(주),78,20260402003325,감사보고서 (2025.12),별도 감사보고서 · 목차: 4. 차입금,35,기업은행,장기,기업은행,기업은행,,중소기업은행,명단 금융회사,False,6500000000.0,원,False
다스코(주),78,20260402003325,감사보고서 (2025.12),별도 감사보고서 · 목차: 4. 차입금,35,기업은행,장기,기업은행,기업은행,,중소기업은행,명단 금융회사,False,2450000000.0,원,False
다스코(주),78,20260402003325,감사보고서 (2025.12),별도 감사보고서 · 목차: 4. 차입금,35,중소기업진흥공단,장기,중소기업진흥공단,중소기업진흥공단,,,공공기관·정책기금(명단 밖),False,374760000.0,원,False
다스코(주),78,20260402003325,감사보고서 (2025.12),별도 감사보고서 · 목차: 4. 차입금,35,중소기업진흥공단,장기,중소기업진흥공단,중소기업진흥공단,,,공공기관·정책기금(명단 밖),False,133280000.0,원,False
디씨엠(주),79,20260311003833,사업보고서 (2025.12),별도 감사보고서 · 색인: 18. 차입금,119,기업은행,단기,기업은행,기업은행,,중소기업은행,명단 금융회사,False,5000000000.0,백만원,False
주식회사 신스틸,83,20260318000805,사업보고서 (2025.12),"별도 감사보고서 · 색인: 20. 차입금, 21. 전환사채",85,국민은행,단기,국민은행,국민은행,,국민은행,명단 금융회사,False,2000000000.0,원,False
주식회사 신스틸,83,20260318000805,사업보고서 (2025.12),"별도 감사보고서 · 색인: 20. 차입금, 21. 전환사채",85,국민은행,단기,국민은행,국민은행,,국민은행,명단 금융회사,False,1000000000.0,원,False
주식회사 신스틸,83,20260318000805,사업보고서 (2025.12),"별도 감사보고서 · 색인: 20. 차입금, 21. 전환사채",85,농협은행,단기,농협은행,농협은행,,농협은행(주),명단 금융회사,False,5000000000.0,원,False
주식회사 신스틸,83,20260318000805,사업보고서 (2025.12),"별도 감사보고서 · 색인: 20. 차입금, 21. 전환사채",85,하나은행,단기,하나은행,하나은행,,하나은행,명단 금융회사,False,2000000000.0,원,False
주식회사 신스틸,83,20260318000805,사업보고서 (2025.12),"별도 감사보고서 · 색인: 20. 차입금, 21. 전환사채",85,하나은행,단기,하나은행,하나은행,,하나은행,명단 금융회사,False,2000000000.0,원,False
주식회사 신스틸,83,20260318000805,사업보고서 (2025.12),"별도 감사보고서 · 색인: 20. 차입금, 21. 전환사채",85,한국산업은행,단기,한국산업은행,한국산업은행,,한국산업은행,명단 금융회사,False,1000000000.0,원,False
주식회사 신스틸,83,20260318000805,사업보고서 (2025.12),"별도 감사보고서 · 색인: 20. 차입금, 21. 전환사채",85,한국산업은행,단기,한국산업은행,한국산업은행,,한국산업은행,명단 금융회사,False,5000000000.0,원,False
주식회사 신스틸,83,20260318000805,사업보고서 (2025.12),"별도 감사보고서 · 색인: 20. 차입금, 21. 전환사채",85,한국수출입은행,단기,한국산업은행,한국산업은행,,한국산업은행,명단 금융회사,False,0.0,원,False
주식회사 신스틸,83,20260318000805,사업보고서 (2025.12),"별도 감사보고서 · 색인: 20. 차입금, 21. 전환사채",85,한국수출입은행,단기,한국산업은행,한국산업은행,,한국산업은행,명단 금융회사,False,0.0,원,False
주식회사 신스틸,83,20260318000805,사업보고서 (2025.12),"별도 감사보고서 · 색인: 20. 차입금, 21. 전환사채",85,국민은행,단기,국민은행,국민은행,,국민은행,명단 금융회사,False,6700000000.0,원,False
주식회사 신스틸,83,20260318000805,사업보고서 (2025.12),"별도 감사보고서 · 색인: 20. 차입금, 21. 전환사채",85,한국산업은행(*1),단기,한국산업은행(*1),한국산업은행,,한국산업은행,명단 금융회사,False,4154687906.0,원,False
주식회사 신스틸,83,20260318000805,사업보고서 (2025.12),"별도 감사보고서 · 색인: 20. 차입금, 21. 전환사채",85,국민은행,단기,국민은행,국민은행,,국민은행,명단 금융회사,False,571068963.0,원,False
주식회사 신스틸,83,20260318000805,사업보고서 (2025.12),"별도 감사보고서 · 색인: 20. 차입금, 21. 전환사채",85,기업은행,단기,기업은행,기업은행,,중소기업은행,명단 금융회사,False,0.0,원,False
주식회사 신스틸,83,20260318000805,사업보고서 (2025.12),"별도 감사보고서 · 색인: 20. 차입금, 21. 전환사채",86,국민은행,장기,국민은행,국민은행,,국민은행,명단 금융회사,False,0.0,원,False
주식회사 신스틸,83,20260318000805,사업보고서 (2025.12),"별도 감사보고서 · 색인: 20. 차입금, 21. 전환사채",86,국민은행,장기,국민은행,국민은행,,국민은행,명단 금융회사,False,277777795.0,원,False
주식회사 신스틸,83,20260318000805,사업보고서 (2025.12),"별도 감사보고서 · 색인: 20. 차입금, 21. 전환사채",86,국민은행,장기,국민은행,국민은행,,국민은행,명단 금융회사,False,1916666667.0,원,False
주식회사 신스틸,83,20260318000805,사업보고서 (2025.12),"별도 감사보고서 · 색인: 20. 차입금, 21. 전환사채",86,우리은행,장기,우리은행,우리은행,,㈜우리은행,명단 금융회사,False,400000000.0,원,False
주식회사 신스틸,83,20260318000805,사업보고서 (2025.12),"별도 감사보고서 · 색인: 20. 차입금, 21. 전환사채",86,하나은행,장기,하나은행,하나은행,,하나은행,명단 금융회사,False,1499940000.0,원,False
주식회사 신스틸,83,20260318000805,사업보고서 (2025.12),"별도 감사보고서 · 색인: 20. 차입금, 21. 전환사채",86,한국산업은행,장기,한국산업은행,한국산업은행,,한국산업은행,명단 금융회사,False,0.0,원,False
주식회사 신스틸,83,20260318000805,사업보고서 (2025.12),"별도 감사보고서 · 색인: 20. 차입금, 21. 전환사채",86,한국산업은행,장기,한국산업은행,한국산업은행,,한국산업은행,명단 금융회사,False,0.0,원,False
주식회사 신스틸,83,20260318000805,사업보고서 (2025.12),"별도 감사보고서 · 색인: 20. 차입금, 21. 전환사채",86,한국산업은행,장기,한국산업은행,한국산업은행,,한국산업은행,명단 금융회사,False,5000000000.0,원,False
주식회사 신스틸,83,20260318000805,사업보고서 (2025.12),"별도 감사보고서 · 색인: 20. 차입금, 21. 전환사채",86,한국산업은행,장기,한국산업은행,한국산업은행,,한국산업은행,명단 금융회사,False,10000000000.0,원,False
주식회사 신스틸,83,20260318000805,사업보고서 (2025.12),"별도 감사보고서 · 색인: 20. 차입금, 21. 전환사채",88,제2회무보증사모전환사채,사채,제2회 무보증사모 전환사채,제2회무보증사모전환사채,,,사채(직접금융),False,7400000000.0,원,False
주식회사 신스틸,83,20260318000805,사업보고서 (2025.12),"별도 감사보고서 · 색인: 20. 차입금, 21. 전환사채",88,제3회무보증사모전환사채(*1),사채,제3회 무보증사모 전환사채(*1),제3회무보증사모전환사채,,,사채(직접금융),False,10000000000.0,원,False
한일철강(주),84,20260311004523,사업보고서 (2025.12),별도 감사보고서 · 색인: 22. 차입금,84,외화대출,단기,신한은행,신한은행,,신한은행,명단 금융회사,False,19262097600.0,원,False
한일철강(주),84,20260311004523,사업보고서 (2025.12),별도 감사보고서 · 색인: 22. 차입금,84,우리은행,단기,우리은행,우리은행,,㈜우리은행,명단 금융회사,False,11149173000.0,원,False
한일철강(주),84,20260311004523,사업보고서 (2025.12),별도 감사보고서 · 색인: 22. 차입금,84,원화대출,단기,우리은행,우리은행,,㈜우리은행,명단 금융회사,False,6000000000.0,원,False
한일철강(주),84,20260311004523,사업보고서 (2025.12),별도 감사보고서 · 색인: 22. 차입금,84,국민은행,단기,국민은행,국민은행,,국민은행,명단 금융회사,False,14000000000.0,원,False
한일철강(주),84,20260311004523,사업보고서 (2025.12),별도 감사보고서 · 색인: 22. 차입금,84,하나은행,단기,하나은행,하나은행,,하나은행,명단 금융회사,False,38800000000.0,원,False
한일철강(주),84,20260311004523,사업보고서 (2025.12),별도 감사보고서 · 색인: 22. 차입금,84,신한은행,단기,신한은행,신한은행,,신한은행,명단 금융회사,False,10494000000.0,원,False
한일철강(주),84,20260311004523,사업보고서 (2025.12),별도 감사보고서 · 색인: 22. 차입금,84,운전자금대출,단기,신한은행,신한은행,,신한은행,명단 금융회사,False,6000000000.0,원,False
한일철강(주),84,20260311004523,사업보고서 (2025.12),별도 감사보고서 · 색인: 22. 차입금,85,원화대출,장기,국민은행,국민은행,,국민은행,명단 금융회사,False,6000000000.0,원,False
(주)세아씨엠,85,20260326000276,감사보고서 (2025.12),별도 감사보고서 · 색인: 13. 차입부채,76,수입자금대출,단기,한국수출입은행,한국수출입은행,,한국수출입은행,명단 금융회사,False,43000000000.0,천원,True
(주)세아씨엠,85,20260326000276,감사보고서 (2025.12),별도 감사보고서 · 색인: 13. 차입부채,76,운전자금대출,단기,신한은행,신한은행,,신한은행,명단 금융회사,False,20000000000.0,천원,True
(주)세아씨엠,85,20260326000276,감사보고서 (2025.12),별도 감사보고서 · 색인: 13. 차입부채,76,운전자금대출,단기,KEB하나은행,KEB하나은행,,하나은행,명단 금융회사,False,11000000000.0,천원,True
(주)세아씨엠,85,20260326000276,감사보고서 (2025.12),별도 감사보고서 · 색인: 13. 차입부채,76,시설자금대출(주1),단기,한국산업은행,한국산업은행,,한국산업은행,명단 금융회사,False,20000000000.0,천원,True
(주)세아씨엠,85,20260326000276,감사보고서 (2025.12),별도 감사보고서 · 색인: 13. 차입부채,76,USANCE,단기,한국산업은행 등,한국산업은행,,한국산업은행,명단 금융회사,True,16333859000.0,천원,True
(주)세아씨엠,85,20260326000276,감사보고서 (2025.12),별도 감사보고서 · 색인: 13. 차입부채,78,시설자금대출(주1),장기,한국산업은행,한국산업은행,,한국산업은행,명단 금융회사,False,0.0,천원,False
삼화왕관(주),86,20260319000454,사업보고서 (2025.12),별도 감사보고서 · 색인: 14. 차입금 · 수동 입력(replace),-1,수동 입력,단기,(주)신한은행,신한은행,,신한은행,명단 금융회사,False,2000000000.0,억원,False
삼화왕관(주),86,20260319000454,사업보고서 (2025.12),별도 감사보고서 · 색인: 14. 차입금 · 수동 입력(replace),-1,수동 입력,장기,한국산업은행,한국산업은행,,한국산업은행,명단 금융회사,False,35124950000.0,억원,False
삼화왕관(주),86,20260319000454,사업보고서 (2025.12),별도 감사보고서 · 색인: 14. 차입금 · 수동 입력(replace),-1,수동 입력,장기,(주)국민은행,국민은행,,국민은행,명단 금융회사,False,5250000000.0,억원,False
삼화왕관(주),86,20260319000454,사업보고서 (2025.12),별도 감사보고서 · 색인: 14. 차입금 · 수동 입력(replace),-1,수동 입력,장기,(주)신한은행,신한은행,,신한은행,명단 금융회사,False,6500000000.0,억원,False
삼화왕관(주),86,20260319000454,사업보고서 (2025.12),별도 감사보고서 · 색인: 14. 차입금 · 수동 입력(replace),-1,수동 입력,장기,(주)우리은행,우리은행,,㈜우리은행,명단 금융회사,False,3000000000.0,억원,False
와이케이스틸 주식회사,87,20260319000419,감사보고서 (2025.12),별도 감사보고서 · 색인: 17. 차입금,119,단기차입금,차입금,국민은행,국민은행,,국민은행,명단 금융회사,False,361558000.0,천원,False
주식회사 에스엔엔씨,88,20260330000517,감사보고서 (2025.12),별도 감사보고서 · 색인: 17. 차입금,62,단기차입금,차입금,한국산업은행(*),한국산업은행,,한국산업은행,명단 금융회사,False,0.0,천원,False
주식회사 에스엔엔씨,88,20260330000517,감사보고서 (2025.12),별도 감사보고서 · 색인: 17. 차입금,62,원화대출,차입금,한국산업은행(*),한국산업은행,,한국산업은행,명단 금융회사,False,70000000000.0,천원,False
주식회사 에스엔엔씨,88,20260330000517,감사보고서 (2025.12),별도 감사보고서 · 색인: 17. 차입금,62,원화대출,차입금,한국산업은행(*),한국산업은행,,한국산업은행,명단 금융회사,False,60000000000.0,천원,False
주식회사 에스엔엔씨,88,20260330000517,감사보고서 (2025.12),별도 감사보고서 · 색인: 17. 차입금,62,원화대출,차입금,국민은행,국민은행,,국민은행,명단 금융회사,False,9000000000.0,천원,False
주식회사 에스엔엔씨,88,20260330000517,감사보고서 (2025.12),별도 감사보고서 · 색인: 17. 차입금,62,원화대출,차입금,KB증권,KB증권,증권사(CP·전단채 중개 추정),KB증권,명단 금융회사,False,40000000000.0,천원,False
주식회사 에스엔엔씨,88,20260330000517,감사보고서 (2025.12),별도 감사보고서 · 색인: 17. 차입금,62,원화대출,차입금,NH농협은행,NH농협은행,,농협은행(주),명단 금융회사,False,20000000000.0,천원,False
주식회사 에스엔엔씨,88,20260330000517,감사보고서 (2025.12),별도 감사보고서 · 색인: 17. 차입금,62,원화대출(한도),차입금,한국수출입은행,한국수출입은행,,한국수출입은행,명단 금융회사,False,25000000000.0,천원,False
주식회사 에스엔엔씨,88,20260330000517,감사보고서 (2025.12),별도 감사보고서 · 색인: 17. 차입금,62,원화대출(한도),차입금,한국산업은행(*),한국산업은행,,한국산업은행,명단 금융회사,False,13000000000.0,천원,False
주식회사 에스엔엔씨,88,20260330000517,감사보고서 (2025.12),별도 감사보고서 · 색인: 17. 차입금,62,원화대출(한도),차입금,우리은행,우리은행,,㈜우리은행,명단 금융회사,False,28900000000.0,천원,False
주식회사 에스엔엔씨,88,20260330000517,감사보고서 (2025.12),별도 감사보고서 · 색인: 17. 차입금,62,유동성장기차입금,차입금,한국산업은행(*),한국산업은행,,한국산업은행,명단 금융회사,False,16166640000.0,천원,False
주식회사 에스엔엔씨,88,20260330000517,감사보고서 (2025.12),별도 감사보고서 · 색인: 17. 차입금,62,원화대출,차입금,우리은행,우리은행,,㈜우리은행,명단 금융회사,False,15000000000.0,천원,False
주식회사 에스엔엔씨,88,20260330000517,감사보고서 (2025.12),별도 감사보고서 · 색인: 17. 차입금,62,원화대출,차입금,신한은행(**),신한은행(),,,금융회사(명단 밖),False,10000000000.0,천원,False
주식회사 에스엔엔씨,88,20260330000517,감사보고서 (2025.12),별도 감사보고서 · 색인: 17. 차입금,62,장기차입금,차입금,한국산업은행(*),한국산업은행,,한국산업은행,명단 금융회사,False,24249960000.0,천원,False
주식회사 에스엔엔씨,88,20260330000517,감사보고서 (2025.12),별도 감사보고서 · 색인: 17. 차입금,62,원화대출,차입금,우리은행,우리은행,,㈜우리은행,명단 금융회사,False,3750000000.0,천원,False
주식회사 에스엔엔씨,88,20260330000517,감사보고서 (2025.12),별도 감사보고서 · 색인: 17. 차입금,62,원화대출,차입금,신한은행(**),신한은행(),,,금융회사(명단 밖),False,32500000000.0,천원,False
한국씨엔티(주),89,20260324000081,감사보고서 (2025.12),별도 감사보고서 · 색인: 19. 단기차입금보고기간종료일 현재 당사의,120,㈜하나은행,단기,㈜하나은행,하나은행,,하나은행,명단 금융회사,False,500000000.0,천원,False
현대아이에프씨 주식회사,90,20260320000515,감사보고서 (2025.12),별도 감사보고서 · 목차: 13. 차입금당기말과 전기말 현재 장기차입,50,기업시설일반자금,장기,하나은행,하나은행,,하나은행,명단 금융회사,False,8750000000.0,천원,False
현대아이에프씨 주식회사,90,20260320000515,감사보고서 (2025.12),별도 감사보고서 · 목차: 13. 차입금당기말과 전기말 현재 장기차입,50,기업시설일반자금,장기,신한은행,신한은행,,신한은행,명단 금융회사,False,100000000000.0,천원,False
현대아이에프씨 주식회사,90,20260320000515,감사보고서 (2025.12),별도 감사보고서 · 목차: 13. 차입금당기말과 전기말 현재 장기차입,50,기업시설일반자금,장기,광주은행,광주은행,,(주)광주은행,명단 금융회사,False,20000000000.0,천원,False
(주)덕신이피씨,92,20260310003096,사업보고서 (2025.12),별도 감사보고서 · 색인: 15. 장ㆍ단기차입금,102,단기차입금,단기,수출입은행,수출입은행,,한국수출입은행,명단 금융회사,False,10000000000.0,원,False
(주)덕신이피씨,92,20260310003096,사업보고서 (2025.12),별도 감사보고서 · 색인: 15. 장ㆍ단기차입금,102,신한은행,단기,신한은행,신한은행,,신한은행,명단 금융회사,False,10000000000.0,원,False
(주)덕신이피씨,92,20260310003096,사업보고서 (2025.12),별도 감사보고서 · 색인: 15. 장ㆍ단기차입금,102,KEB하나은행,단기,KEB하나은행,KEB하나은행,,하나은행,명단 금융회사,False,9250000000.0,원,False
(주)덕신이피씨,92,20260310003096,사업보고서 (2025.12),별도 감사보고서 · 색인: 15. 장ㆍ단기차입금,102,국민은행,단기,국민은행,국민은행,,국민은행,명단 금융회사,False,0.0,원,False
(주)덕신이피씨,92,20260310003096,사업보고서 (2025.12),별도 감사보고서 · 색인: 15. 장ㆍ단기차입금,102,기업은행,단기,기업은행,기업은행,,중소기업은행,명단 금융회사,False,2126018638.0,원,False
(주)덕신이피씨,92,20260310003096,사업보고서 (2025.12),별도 감사보고서 · 색인: 15. 장ㆍ단기차입금,102,신한은행,단기,신한은행,신한은행,,신한은행,명단 금융회사,False,0.0,원,False
(주)덕신이피씨,92,20260310003096,사업보고서 (2025.12),별도 감사보고서 · 색인: 15. 장ㆍ단기차입금,102,산업은행,단기,산업은행,산업은행,,한국산업은행,명단 금융회사,False,3328831125.0,원,False
(주)덕신이피씨,92,20260310003096,사업보고서 (2025.12),별도 감사보고서 · 색인: 15. 장ㆍ단기차입금,102,우리은행,단기,우리은행,우리은행,,㈜우리은행,명단 금융회사,False,0.0,원,False
(주)덕신이피씨,92,20260310003096,사업보고서 (2025.12),별도 감사보고서 · 색인: 15. 장ㆍ단기차입금,102,KEB하나은행,단기,KEB하나은행,KEB하나은행,,하나은행,명단 금융회사,False,1520213845.0,원,False
(주)덕신이피씨,92,20260310003096,사업보고서 (2025.12),별도 감사보고서 · 색인: 15. 장ㆍ단기차입금,104,장기차입금,장기,한국산업은행,한국산업은행,,한국산업은행,명단 금융회사,False,0.0,원,False
(주)덕신이피씨,92,20260310003096,사업보고서 (2025.12),별도 감사보고서 · 색인: 15. 장ㆍ단기차입금,104,장기차입금,장기,한국산업은행,한국산업은행,,한국산업은행,명단 금융회사,False,30000000000.0,원,False
울산알루미늄 주식회사,94,20260703000011,감사보고서 (2026.03),별도 감사보고서 · 목차: 8. 차입금,40,운전자금,단기,CD91 일물+1.18,CD91일물+1.18,,,기타(확인 필요),False,27500000000.0,백만원,False
울산알루미늄 주식회사,94,20260703000011,감사보고서 (2026.03),별도 감사보고서 · 목차: 8. 차입금,40,한국산업은행,단기,산금채 12개월 금리+1.16,산금채12개월금리+1.16,,,기타(확인 필요),False,5000000000.0,백만원,False
울산알루미늄 주식회사,94,20260703000011,감사보고서 (2026.03),별도 감사보고서 · 목차: 8. 차입금,40,산금채6개월금리+0.69,단기,산금채 6개월 금리+0.69,산금채6개월금리+0.69,,,기타(확인 필요),False,10000000000.0,백만원,False
