stage,account,parent_or_group,sector,assets_jo,reason_group,reason,induty_code
1-1b 코스피 상장 금융사,(주)대우증권그린코리아기업인수목적회사,,그외 기타 금융,,시장 (코스피 아님),기타 상장 — 계획서 7-2 코스피 한정,64999
1-1b 코스피 상장 금융사,거북선1호선박투자회사,,그외 기타 금융,,시장 (코스피 아님),기타 상장 — 계획서 7-2 코스피 한정,64999
1-1b 코스피 상장 금융사,대신증권그로쓰알파기업인수목적(주),,그외 기타 금융,,시장 (코스피 아님),기타 상장 — 계획서 7-2 코스피 한정,64999
1-1b 코스피 상장 금융사,동양밸류오션기업인수목적(주),,그외 기타 금융,,시장 (코스피 아님),기타 상장 — 계획서 7-2 코스피 한정,64999
1-1b 코스피 상장 금융사,디비금융제11호기업인수목적 주식회사,,그외 기타 금융,,시장 (코스피 아님),기타 상장 — 계획서 7-2 코스피 한정,64999
1-1b 코스피 상장 금융사,미래에셋맵스 오퍼튜니티 베트남 주식혼합형 투자회사 1호,,그외 기타 금융,,시장 (코스피 아님),기타 상장 — 계획서 7-2 코스피 한정,64999
1-1b 코스피 상장 금융사,삼성기업인수목적12호(주),,그외 기타 금융,,시장 (코스피 아님),코스닥 상장 — 계획서 7-2 코스피 한정,64999
1-1b 코스피 상장 금융사,성융광전투자유한공사,,그외 기타 금융,,시장 (코스피 아님),기타 상장 — 계획서 7-2 코스피 한정,6499
1-1b 코스피 상장 금융사,에스비아이앤솔로몬드림기업인수목적(주),,그외 기타 금융,,시장 (코스피 아님),기타 상장 — 계획서 7-2 코스피 한정,64999
1-1b 코스피 상장 금융사,이베스트기업인수목적3호(주),,그외 기타 금융,,시장 (코스피 아님),기타 상장 — 계획서 7-2 코스피 한정,64999
1-1b 코스피 상장 금융사,중국고섬공고유한공사,,그외 기타 금융,,시장 (코스피 아님),기타 상장 — 계획서 7-2 코스피 한정,6499
1-1b 코스피 상장 금융사,케이프이에스제4호기업인수목적 주식회사,,그외 기타 금융,,시장 (코스피 아님),기타 상장 — 계획서 7-2 코스피 한정,6499
1-1b 코스피 상장 금융사,한패스 주식회사,,그외 기타 금융,,시장 (코스피 아님),코스닥 상장 — 계획서 7-2 코스피 한정,64999
1-1b 코스피 상장 금융사,메이슨캐피탈주식회사,,금융리스,,시장 (코스피 아님),코스닥 상장 — 계획서 7-2 코스피 한정,64911
1-1b 코스피 상장 금융사,산은캐피탈(주),,금융리스,,시장 (코스피 아님),기타 상장 — 계획서 7-2 코스피 한정,64911
1-1b 코스피 상장 금융사,우리금융캐피탈(주),,금융리스,,시장 (코스피 아님),기타 상장 — 계획서 7-2 코스피 한정,64911
1-1b 코스피 상장 금융사,케이비캐피탈(주),,금융리스,,시장 (코스피 아님),기타 상장 — 계획서 7-2 코스피 한정,64911
1-1b 코스피 상장 금융사,한국캐피탈(주),,금융리스,,시장 (코스피 아님),코스닥 상장 — 계획서 7-2 코스피 한정,64911
1-1b 코스피 상장 금융사,(주)한국투자신성장1호기업인수목적회사,,금융지원 서비스,,시장 (코스피 아님),기타 상장 — 계획서 7-2 코스피 한정,66199
1-1b 코스피 상장 금융사,(주)헥토파이낸셜,,금융지원 서비스,,시장 (코스피 아님),코스닥 상장 — 계획서 7-2 코스피 한정,661
1-1b 코스피 상장 금융사,(주)화인자산관리,,금융지원 서비스,,시장 (코스피 아님),기타 상장 — 계획서 7-2 코스피 한정,66199
1-1b 코스피 상장 금융사,골든브릿지제2호기업인수목적(주),,금융지원 서비스,,시장 (코스피 아님),기타 상장 — 계획서 7-2 코스피 한정,661
1-1b 코스피 상장 금융사,골든브릿지제3호기업인수목적(주),,금융지원 서비스,,시장 (코스피 아님),기타 상장 — 계획서 7-2 코스피 한정,66199
1-1b 코스피 상장 금융사,교보11호기업인수목적 주식회사,,금융지원 서비스,,시장 (코스피 아님),기타 상장 — 계획서 7-2 코스피 한정,661
1-1b 코스피 상장 금융사,교보12호기업인수목적 주식회사,,금융지원 서비스,,시장 (코스피 아님),기타 상장 — 계획서 7-2 코스피 한정,66199
1-1b 코스피 상장 금융사,교보13호기업인수목적 주식회사,,금융지원 서비스,,시장 (코스피 아님),기타 상장 — 계획서 7-2 코스피 한정,66199
1-1b 코스피 상장 금융사,교보14호기업인수목적 주식회사,,금융지원 서비스,,시장 (코스피 아님),기타 상장 — 계획서 7-2 코스피 한정,6619
1-1b 코스피 상장 금융사,교보15호기업인수목적 주식회사,,금융지원 서비스,,시장 (코스피 아님),기타 상장 — 계획서 7-2 코스피 한정,66199
1-1b 코스피 상장 금융사,교보16호기업인수목적 주식회사,,금융지원 서비스,,시장 (코스피 아님),코스닥 상장 — 계획서 7-2 코스피 한정,6619
1-1b 코스피 상장 금융사,교보17호기업인수목적 주식회사,,금융지원 서비스,,시장 (코스피 아님),코스닥 상장 — 계획서 7-2 코스피 한정,661
1-1b 코스피 상장 금융사,교보18호기업인수목적 주식회사,,금융지원 서비스,,시장 (코스피 아님),코스닥 상장 — 계획서 7-2 코스피 한정,66199
1-1b 코스피 상장 금융사,교보19호기업인수목적 주식회사,,금융지원 서비스,,시장 (코스피 아님),코스닥 상장 — 계획서 7-2 코스피 한정,66199
1-1b 코스피 상장 금융사,교보5호기업인수목적(주),,금융지원 서비스,,시장 (코스피 아님),기타 상장 — 계획서 7-2 코스피 한정,661
1-1b 코스피 상장 금융사,글로벌텍스프리(주),,금융지원 서비스,,시장 (코스피 아님),코스닥 상장 — 계획서 7-2 코스피 한정,661
1-1b 코스피 상장 금융사,대신밸런스제10호기업인수목적 주식회사,,금융지원 서비스,,시장 (코스피 아님),기타 상장 — 계획서 7-2 코스피 한정,66199
1-1b 코스피 상장 금융사,대신밸런스제11호기업인수목적,,금융지원 서비스,,시장 (코스피 아님),기타 상장 — 계획서 7-2 코스피 한정,66199
1-1b 코스피 상장 금융사,대신밸런스제12호기업인수목적 주식회사,,금융지원 서비스,,시장 (코스피 아님),기타 상장 — 계획서 7-2 코스피 한정,66199
1-1b 코스피 상장 금융사,대신밸런스제13호기업인수목적(주),,금융지원 서비스,,시장 (코스피 아님),기타 상장 — 계획서 7-2 코스피 한정,66199
1-1b 코스피 상장 금융사,대신밸런스제14호기업인수목적(주),,금융지원 서비스,,시장 (코스피 아님),기타 상장 — 계획서 7-2 코스피 한정,661
1-1b 코스피 상장 금융사,대신밸런스제15호기업인수목적 주식회사,,금융지원 서비스,,시장 (코스피 아님),기타 상장 — 계획서 7-2 코스피 한정,66199
1-1b 코스피 상장 금융사,대신밸런스제16호기업인수목적(주),,금융지원 서비스,,시장 (코스피 아님),기타 상장 — 계획서 7-2 코스피 한정,66199
1-1b 코스피 상장 금융사,대신밸런스제17호기업인수목적 주식회사,,금융지원 서비스,,시장 (코스피 아님),기타 상장 — 계획서 7-2 코스피 한정,661
1-1b 코스피 상장 금융사,대신밸런스제18호기업인수목적(주),,금융지원 서비스,,시장 (코스피 아님),기타 상장 — 계획서 7-2 코스피 한정,66199
1-1b 코스피 상장 금융사,대신밸런스제19호기업인수목적(주),,금융지원 서비스,,시장 (코스피 아님),코스닥 상장 — 계획서 7-2 코스피 한정,66199
1-1b 코스피 상장 금융사,대신밸런스제20호기업인수목적(주),,금융지원 서비스,,시장 (코스피 아님),코스닥 상장 — 계획서 7-2 코스피 한정,66199
1-1b 코스피 상장 금융사,대신밸런스제4호기업인수목적(주),,금융지원 서비스,,시장 (코스피 아님),기타 상장 — 계획서 7-2 코스피 한정,66199
1-1b 코스피 상장 금융사,대우기업인수목적2호(주),,금융지원 서비스,,시장 (코스피 아님),기타 상장 — 계획서 7-2 코스피 한정,66199
1-1b 코스피 상장 금융사,대우기업인수목적3호(주),,금융지원 서비스,,시장 (코스피 아님),기타 상장 — 계획서 7-2 코스피 한정,66199
1-1b 코스피 상장 금융사,동부제4호기업인수목적주식회사,,금융지원 서비스,,시장 (코스피 아님),기타 상장 — 계획서 7-2 코스피 한정,661
1-1b 코스피 상장 금융사,동부티에스블랙펄기업인수목적(주),,금융지원 서비스,,시장 (코스피 아님),기타 상장 — 계획서 7-2 코스피 한정,66199
1-1b 코스피 상장 금융사,디비금융제9호기업인수목적 주식회사,,금융지원 서비스,,시장 (코스피 아님),기타 상장 — 계획서 7-2 코스피 한정,661
1-1b 코스피 상장 금융사,메리츠제1호기업인수목적 (주),,금융지원 서비스,,시장 (코스피 아님),코스닥 상장 — 계획서 7-2 코스피 한정,66199
1-1b 코스피 상장 금융사,메리츠제2호기업인수목적(주),,금융지원 서비스,,시장 (코스피 아님),코스닥 상장 — 계획서 7-2 코스피 한정,66199
1-1b 코스피 상장 금융사,미래에셋대우기업인수목적 5호 주식회사,,금융지원 서비스,,시장 (코스피 아님),기타 상장 — 계획서 7-2 코스피 한정,661
1-1b 코스피 상장 금융사,미래에셋대우기업인수목적1호(주),,금융지원 서비스,,시장 (코스피 아님),기타 상장 — 계획서 7-2 코스피 한정,661
1-1b 코스피 상장 금융사,미래에셋드림기업인수목적1호 주식회사,,금융지원 서비스,,시장 (코스피 아님),기타 상장 — 계획서 7-2 코스피 한정,66199
1-1b 코스피 상장 금융사,미래에셋비전기업인수목적10호 주식회사,,금융지원 서비스,,시장 (코스피 아님),코스닥 상장 — 계획서 7-2 코스피 한정,66199
1-1b 코스피 상장 금융사,미래에셋비전기업인수목적11호 주식회사,,금융지원 서비스,,시장 (코스피 아님),코스닥 상장 — 계획서 7-2 코스피 한정,66199
1-1b 코스피 상장 금융사,미래에셋비전기업인수목적1호 주식회사,,금융지원 서비스,,시장 (코스피 아님),기타 상장 — 계획서 7-2 코스피 한정,66199
1-1b 코스피 상장 금융사,미래에셋비전기업인수목적2호 주식회사,,금융지원 서비스,,시장 (코스피 아님),기타 상장 — 계획서 7-2 코스피 한정,66199
1-1b 코스피 상장 금융사,미래에셋비전기업인수목적3호 주식회사,,금융지원 서비스,,시장 (코스피 아님),기타 상장 — 계획서 7-2 코스피 한정,66199
1-1b 코스피 상장 금융사,미래에셋비전기업인수목적4호 주식회사,,금융지원 서비스,,시장 (코스피 아님),코스닥 상장 — 계획서 7-2 코스피 한정,66199
1-1b 코스피 상장 금융사,미래에셋비전기업인수목적5호 주식회사,,금융지원 서비스,,시장 (코스피 아님),코스닥 상장 — 계획서 7-2 코스피 한정,66199
1-1b 코스피 상장 금융사,미래에셋비전기업인수목적6호 주식회사,,금융지원 서비스,,시장 (코스피 아님),코스닥 상장 — 계획서 7-2 코스피 한정,66199
1-1b 코스피 상장 금융사,미래에셋비전기업인수목적7호 주식회사,,금융지원 서비스,,시장 (코스피 아님),코스닥 상장 — 계획서 7-2 코스피 한정,66199
1-1b 코스피 상장 금융사,미래에셋비전기업인수목적8호 주식회사,,금융지원 서비스,,시장 (코스피 아님),코스닥 상장 — 계획서 7-2 코스피 한정,66199
1-1b 코스피 상장 금융사,미래에셋비전기업인수목적9호 주식회사,,금융지원 서비스,,시장 (코스피 아님),코스닥 상장 — 계획서 7-2 코스피 한정,66199
1-1b 코스피 상장 금융사,미래에셋제1호기업인수목적(주),,금융지원 서비스,,시장 (코스피 아님),기타 상장 — 계획서 7-2 코스피 한정,6619
1-1b 코스피 상장 금융사,미래에셋제3호기업인수목적(주),,금융지원 서비스,,시장 (코스피 아님),기타 상장 — 계획서 7-2 코스피 한정,66199
1-1b 코스피 상장 금융사,비엔케이제1호기업인수목적(주),,금융지원 서비스,,시장 (코스피 아님),기타 상장 — 계획서 7-2 코스피 한정,66199
1-1b 코스피 상장 금융사,비엔케이제2호기업인수목적(주),,금융지원 서비스,,시장 (코스피 아님),기타 상장 — 계획서 7-2 코스피 한정,66199
1-1b 코스피 상장 금융사,비엔케이제3호기업인수목적(주),,금융지원 서비스,,시장 (코스피 아님),코스닥 상장 — 계획서 7-2 코스피 한정,66199
1-1b 코스피 상장 금융사,삼성기업인수목적10호(주),,금융지원 서비스,,시장 (코스피 아님),코스닥 상장 — 계획서 7-2 코스피 한정,66199
1-1b 코스피 상장 금융사,삼성기업인수목적11호(주),,금융지원 서비스,,시장 (코스피 아님),코스닥 상장 — 계획서 7-2 코스피 한정,66199
1-1b 코스피 상장 금융사,삼성기업인수목적13호(주),,금융지원 서비스,,시장 (코스피 아님),코스닥 상장 — 계획서 7-2 코스피 한정,66199
1-1b 코스피 상장 금융사,삼성기업인수목적4호(주),,금융지원 서비스,,시장 (코스피 아님),기타 상장 — 계획서 7-2 코스피 한정,661
1-1b 코스피 상장 금융사,삼성기업인수목적6호 주식회사,,금융지원 서비스,,시장 (코스피 아님),기타 상장 — 계획서 7-2 코스피 한정,661
1-1b 코스피 상장 금융사,삼성기업인수목적7호 주식회사,,금융지원 서비스,,시장 (코스피 아님),기타 상장 — 계획서 7-2 코스피 한정,66199
1-1b 코스피 상장 금융사,삼성기업인수목적8호(주),,금융지원 서비스,,시장 (코스피 아님),기타 상장 — 계획서 7-2 코스피 한정,66199
1-1b 코스피 상장 금융사,삼성기업인수목적9호(주),,금융지원 서비스,,시장 (코스피 아님),기타 상장 — 계획서 7-2 코스피 한정,661
1-1b 코스피 상장 금융사,삼성머스트기업인수목적5호 주식회사,,금융지원 서비스,,시장 (코스피 아님),기타 상장 — 계획서 7-2 코스피 한정,661
1-1b 코스피 상장 금융사,상상인이안제2호기업인수목적 주식회사,,금융지원 서비스,,시장 (코스피 아님),기타 상장 — 계획서 7-2 코스피 한정,66199
1-1b 코스피 상장 금융사,상상인제3호기업인수목적 주식회사,,금융지원 서비스,,시장 (코스피 아님),기타 상장 — 계획서 7-2 코스피 한정,661
1-1b 코스피 상장 금융사,상상인제4호기업인수목적 주식회사,,금융지원 서비스,,시장 (코스피 아님),기타 상장 — 계획서 7-2 코스피 한정,66199
1-1b 코스피 상장 금융사,신영해피투모로우제10호기업인수목적 주식회사,,금융지원 서비스,,시장 (코스피 아님),기타 상장 — 계획서 7-2 코스피 한정,66199
1-1b 코스피 상장 금융사,신영해피투모로우제11호기업인수목적(주),,금융지원 서비스,,시장 (코스피 아님),코스닥 상장 — 계획서 7-2 코스피 한정,6619
1-1b 코스피 상장 금융사,신영해피투모로우제6호기업인수목적 주식회사,,금융지원 서비스,,시장 (코스피 아님),기타 상장 — 계획서 7-2 코스피 한정,66199
1-1b 코스피 상장 금융사,신영해피투모로우제7호기업인수목적 주식회사,,금융지원 서비스,,시장 (코스피 아님),기타 상장 — 계획서 7-2 코스피 한정,66199
1-1b 코스피 상장 금융사,신영해피투모로우제8호기업인수목적 주식회사,,금융지원 서비스,,시장 (코스피 아님),기타 상장 — 계획서 7-2 코스피 한정,66199
1-1b 코스피 상장 금융사,신영해피투모로우제9호기업인수목적 주식회사,,금융지원 서비스,,시장 (코스피 아님),기타 상장 — 계획서 7-2 코스피 한정,66199
1-1b 코스피 상장 금융사,신한제10호기업인수목적 주식회사,,금융지원 서비스,,시장 (코스피 아님),기타 상장 — 계획서 7-2 코스피 한정,661
1-1b 코스피 상장 금융사,신한제11호기업인수목적 주식회사,,금융지원 서비스,,시장 (코스피 아님),기타 상장 — 계획서 7-2 코스피 한정,66199
1-1b 코스피 상장 금융사,신한제12호기업인수목적 주식회사,,금융지원 서비스,,시장 (코스피 아님),코스닥 상장 — 계획서 7-2 코스피 한정,66199
1-1b 코스피 상장 금융사,신한제13호기업인수목적주식회사,,금융지원 서비스,,시장 (코스피 아님),코스닥 상장 — 계획서 7-2 코스피 한정,661
1-1b 코스피 상장 금융사,신한제14호기업인수목적 주식회사,,금융지원 서비스,,시장 (코스피 아님),코스닥 상장 — 계획서 7-2 코스피 한정,66199
1-1b 코스피 상장 금융사,신한제15호기업인수목적 주식회사,,금융지원 서비스,,시장 (코스피 아님),코스닥 상장 — 계획서 7-2 코스피 한정,661
1-1b 코스피 상장 금융사,신한제16호기업인수목적 주식회사,,금융지원 서비스,,시장 (코스피 아님),코스닥 상장 — 계획서 7-2 코스피 한정,661
1-1b 코스피 상장 금융사,신한제17호기업인수목적 주식회사,,금융지원 서비스,,시장 (코스피 아님),코스닥 상장 — 계획서 7-2 코스피 한정,661
1-1b 코스피 상장 금융사,신한제18호기업인수목적주식회사,,금융지원 서비스,,시장 (코스피 아님),코스닥 상장 — 계획서 7-2 코스피 한정,661
1-1b 코스피 상장 금융사,신한제3호기업인수목적 주식회사,,금융지원 서비스,,시장 (코스피 아님),기타 상장 — 계획서 7-2 코스피 한정,661
1-1b 코스피 상장 금융사,신한제4호기업인수목적(주),,금융지원 서비스,,시장 (코스피 아님),기타 상장 — 계획서 7-2 코스피 한정,66199
1-1b 코스피 상장 금융사,신한제7호기업인수목적 주식회사,,금융지원 서비스,,시장 (코스피 아님),기타 상장 — 계획서 7-2 코스피 한정,66199
1-1b 코스피 상장 금융사,신한제8호기업인수목적 주식회사,,금융지원 서비스,,시장 (코스피 아님),기타 상장 — 계획서 7-2 코스피 한정,661
1-1b 코스피 상장 금융사,신한제9호기업인수목적 주식회사,,금융지원 서비스,,시장 (코스피 아님),기타 상장 — 계획서 7-2 코스피 한정,66199
1-1b 코스피 상장 금융사,아이비케이에스스마트에스엠이기업인수목적1호(주),,금융지원 서비스,,시장 (코스피 아님),기타 상장 — 계획서 7-2 코스피 한정,6619
1-1b 코스피 상장 금융사,아이비케이에스제13호기업인수목적 주식회사,,금융지원 서비스,,시장 (코스피 아님),기타 상장 — 계획서 7-2 코스피 한정,6619
1-1b 코스피 상장 금융사,아이비케이에스제17호기업인수목적 주식회사,,금융지원 서비스,,시장 (코스피 아님),기타 상장 — 계획서 7-2 코스피 한정,66199
1-1b 코스피 상장 금융사,아이비케이에스제19호기업인수목적 주식회사,,금융지원 서비스,,시장 (코스피 아님),기타 상장 — 계획서 7-2 코스피 한정,66199
1-1b 코스피 상장 금융사,아이비케이에스제20호기업인수목적 주식회사,,금융지원 서비스,,시장 (코스피 아님),기타 상장 — 계획서 7-2 코스피 한정,661
1-1b 코스피 상장 금융사,아이비케이에스제21호기업인수목적 주식회사,,금융지원 서비스,,시장 (코스피 아님),기타 상장 — 계획서 7-2 코스피 한정,661
1-1b 코스피 상장 금융사,아이비케이에스제22호기업인수목적 주식회사,,금융지원 서비스,,시장 (코스피 아님),기타 상장 — 계획서 7-2 코스피 한정,66199
1-1b 코스피 상장 금융사,아이비케이에스제23호기업인수목적 주식회사,,금융지원 서비스,,시장 (코스피 아님),기타 상장 — 계획서 7-2 코스피 한정,661
1-1b 코스피 상장 금융사,아이비케이에스제24호기업인수목적 주식회사,,금융지원 서비스,,시장 (코스피 아님),코스닥 상장 — 계획서 7-2 코스피 한정,66199
1-1b 코스피 상장 금융사,아이비케이에스제25호기업인수목적 주식회사,,금융지원 서비스,,시장 (코스피 아님),코스닥 상장 — 계획서 7-2 코스피 한정,66199
1-1b 코스피 상장 금융사,아이비케이에스제7호기업인수목적주식회사,,금융지원 서비스,,시장 (코스피 아님),기타 상장 — 계획서 7-2 코스피 한정,6619
1-1b 코스피 상장 금융사,에스케이에이씨피씨제4호기업인수목적(주),,금융지원 서비스,,시장 (코스피 아님),기타 상장 — 계획서 7-2 코스피 한정,661
1-1b 코스피 상장 금융사,에스케이제1호기업인수목적(주),,금융지원 서비스,,시장 (코스피 아님),기타 상장 — 계획서 7-2 코스피 한정,661
1-1b 코스피 상장 금융사,에스케이제3호기업인수목적(주),,금융지원 서비스,,시장 (코스피 아님),기타 상장 — 계획서 7-2 코스피 한정,661
1-1b 코스피 상장 금융사,에스케이제5호기업인수목적 주식회사,,금융지원 서비스,,시장 (코스피 아님),기타 상장 — 계획서 7-2 코스피 한정,66199
1-1b 코스피 상장 금융사,에스케이제6호기업인수목적 주식회사,,금융지원 서비스,,시장 (코스피 아님),기타 상장 — 계획서 7-2 코스피 한정,66199
1-1b 코스피 상장 금융사,에스케이증권제10호기업인수목적 주식회사,,금융지원 서비스,,시장 (코스피 아님),기타 상장 — 계획서 7-2 코스피 한정,66199
1-1b 코스피 상장 금융사,에스케이증권제11호기업인수목적 주식회사,,금융지원 서비스,,시장 (코스피 아님),코스닥 상장 — 계획서 7-2 코스피 한정,66199
1-1b 코스피 상장 금융사,에스케이증권제12호기업인수목적 주식회사,,금융지원 서비스,,시장 (코스피 아님),코스닥 상장 — 계획서 7-2 코스피 한정,66199
1-1b 코스피 상장 금융사,에스케이증권제13호기업인수목적 주식회사,,금융지원 서비스,,시장 (코스피 아님),코스닥 상장 — 계획서 7-2 코스피 한정,66199
1-1b 코스피 상장 금융사,에스케이증권제8호기업인수목적 주식회사,,금융지원 서비스,,시장 (코스피 아님),기타 상장 — 계획서 7-2 코스피 한정,66199
1-1b 코스피 상장 금융사,에스케이증권제9호기업인수목적 주식회사,,금융지원 서비스,,시장 (코스피 아님),기타 상장 — 계획서 7-2 코스피 한정,66199
1-1b 코스피 상장 금융사,에이치엠씨아이비제4호기업인수목적 주식회사,,금융지원 서비스,,시장 (코스피 아님),기타 상장 — 계획서 7-2 코스피 한정,66199
1-1b 코스피 상장 금융사,에이치엠씨아이비제5호기업인수목적 주식회사,,금융지원 서비스,,시장 (코스피 아님),기타 상장 — 계획서 7-2 코스피 한정,66199
1-1b 코스피 상장 금융사,에이치엠씨아이비제6호기업인수목적 주식회사,,금융지원 서비스,,시장 (코스피 아님),기타 상장 — 계획서 7-2 코스피 한정,66199
1-1b 코스피 상장 금융사,에이치엠씨아이비제7호기업인수목적(주),,금융지원 서비스,,시장 (코스피 아님),코스닥 상장 — 계획서 7-2 코스피 한정,66199
1-1b 코스피 상장 금융사,엔에이치기업인수목적13호 주식회사,,금융지원 서비스,,시장 (코스피 아님),기타 상장 — 계획서 7-2 코스피 한정,661
1-1b 코스피 상장 금융사,엔에이치기업인수목적19호 주식회사,,금융지원 서비스,,시장 (코스피 아님),기타 상장 — 계획서 7-2 코스피 한정,661
1-1b 코스피 상장 금융사,엔에이치기업인수목적20호(주),,금융지원 서비스,,시장 (코스피 아님),기타 상장 — 계획서 7-2 코스피 한정,661
1-1b 코스피 상장 금융사,엔에이치기업인수목적22호 주식회사,,금융지원 서비스,,시장 (코스피 아님),기타 상장 — 계획서 7-2 코스피 한정,661
1-1b 코스피 상장 금융사,엔에이치기업인수목적23호 주식회사,,금융지원 서비스,,시장 (코스피 아님),기타 상장 — 계획서 7-2 코스피 한정,66199
1-1b 코스피 상장 금융사,엔에이치기업인수목적24호 주식회사,,금융지원 서비스,,시장 (코스피 아님),기타 상장 — 계획서 7-2 코스피 한정,6619
1-1b 코스피 상장 금융사,엔에이치기업인수목적25호 주식회사,,금융지원 서비스,,시장 (코스피 아님),기타 상장 — 계획서 7-2 코스피 한정,66199
1-1b 코스피 상장 금융사,엔에이치기업인수목적26호,,금융지원 서비스,,시장 (코스피 아님),기타 상장 — 계획서 7-2 코스피 한정,6619
1-1b 코스피 상장 금융사,엔에이치기업인수목적27호(주),,금융지원 서비스,,시장 (코스피 아님),기타 상장 — 계획서 7-2 코스피 한정,66199
1-1b 코스피 상장 금융사,엔에이치기업인수목적28호 주식회사,,금융지원 서비스,,시장 (코스피 아님),기타 상장 — 계획서 7-2 코스피 한정,6619
1-1b 코스피 상장 금융사,엔에이치기업인수목적29호 주식회사,,금융지원 서비스,,시장 (코스피 아님),기타 상장 — 계획서 7-2 코스피 한정,66199
1-1b 코스피 상장 금융사,엔에이치기업인수목적30호 주식회사,,금융지원 서비스,,시장 (코스피 아님),기타 상장 — 계획서 7-2 코스피 한정,66199
1-1b 코스피 상장 금융사,엔에이치기업인수목적31호(주),,금융지원 서비스,,시장 (코스피 아님),코스닥 상장 — 계획서 7-2 코스피 한정,661
1-1b 코스피 상장 금융사,엔에이치기업인수목적32호 주식회사,,금융지원 서비스,,시장 (코스피 아님),코스닥 상장 — 계획서 7-2 코스피 한정,6619
1-1b 코스피 상장 금융사,엔에이치기업인수목적33호(주),,금융지원 서비스,,시장 (코스피 아님),코스닥 상장 — 계획서 7-2 코스피 한정,661
1-1b 코스피 상장 금융사,엔에이치기업인수목적34호 주식회사,,금융지원 서비스,,시장 (코스피 아님),코스닥 상장 — 계획서 7-2 코스피 한정,661
1-1b 코스피 상장 금융사,엔에이치기업인수목적7호 주식회사,,금융지원 서비스,,시장 (코스피 아님),기타 상장 — 계획서 7-2 코스피 한정,661
1-1b 코스피 상장 금융사,엔에이치에스엘기업인수목적(주),,금융지원 서비스,,시장 (코스피 아님),기타 상장 — 계획서 7-2 코스피 한정,66199
1-1b 코스피 상장 금융사,엔에이치엔케이씨피 주식회사,,금융지원 서비스,,시장 (코스피 아님),코스닥 상장 — 계획서 7-2 코스피 한정,661
1-1b 코스피 상장 금융사,엘에스기업인수목적1호 주식회사,,금융지원 서비스,,시장 (코스피 아님),코스닥 상장 — 계획서 7-2 코스피 한정,661
1-1b 코스피 상장 금융사,우리기업인수목적1호(주),,금융지원 서비스,,시장 (코스피 아님),기타 상장 — 계획서 7-2 코스피 한정,6619
1-1b 코스피 상장 금융사,유안타제10호기업인수목적 주식회사,,금융지원 서비스,,시장 (코스피 아님),기타 상장 — 계획서 7-2 코스피 한정,661
1-1b 코스피 상장 금융사,유안타제11호기업인수목적 주식회사,,금융지원 서비스,,시장 (코스피 아님),기타 상장 — 계획서 7-2 코스피 한정,661
1-1b 코스피 상장 금융사,유안타제12호기업인수목적 주식회사,,금융지원 서비스,,시장 (코스피 아님),기타 상장 — 계획서 7-2 코스피 한정,661
1-1b 코스피 상장 금융사,유안타제13호기업인수목적 주식회사,,금융지원 서비스,,시장 (코스피 아님),기타 상장 — 계획서 7-2 코스피 한정,66199
1-1b 코스피 상장 금융사,유안타제14호기업인수목적 주식회사,,금융지원 서비스,,시장 (코스피 아님),기타 상장 — 계획서 7-2 코스피 한정,66199
1-1b 코스피 상장 금융사,유안타제15호기업인수목적 주식회사,,금융지원 서비스,,시장 (코스피 아님),코스닥 상장 — 계획서 7-2 코스피 한정,66199
1-1b 코스피 상장 금융사,유안타제16호기업인수목적 주식회사,,금융지원 서비스,,시장 (코스피 아님),코스닥 상장 — 계획서 7-2 코스피 한정,661
1-1b 코스피 상장 금융사,유안타제17호기업인수목적 주식회사,,금융지원 서비스,,시장 (코스피 아님),코스닥 상장 — 계획서 7-2 코스피 한정,66199
1-1b 코스피 상장 금융사,유안타제2호기업인수목적(주),,금융지원 서비스,,시장 (코스피 아님),기타 상장 — 계획서 7-2 코스피 한정,661
1-1b 코스피 상장 금융사,유안타제4호기업인수목적 주식회사,,금융지원 서비스,,시장 (코스피 아님),기타 상장 — 계획서 7-2 코스피 한정,66199
1-1b 코스피 상장 금융사,유안타제7호기업인수목적 주식회사,,금융지원 서비스,,시장 (코스피 아님),기타 상장 — 계획서 7-2 코스피 한정,66199
1-1b 코스피 상장 금융사,유안타제8호기업인수목적 주식회사,,금융지원 서비스,,시장 (코스피 아님),기타 상장 — 계획서 7-2 코스피 한정,661
1-1b 코스피 상장 금융사,유안타제9호기업인수목적 주식회사,,금융지원 서비스,,시장 (코스피 아님),기타 상장 — 계획서 7-2 코스피 한정,66199
1-1b 코스피 상장 금융사,유진기업인수목적10호 주식회사,,금융지원 서비스,,시장 (코스피 아님),코스닥 상장 — 계획서 7-2 코스피 한정,66191
1-1b 코스피 상장 금융사,유진기업인수목적11호 주식회사,,금융지원 서비스,,시장 (코스피 아님),코스닥 상장 — 계획서 7-2 코스피 한정,66199
1-1b 코스피 상장 금융사,유진기업인수목적12호 주식회사,,금융지원 서비스,,시장 (코스피 아님),코스닥 상장 — 계획서 7-2 코스피 한정,66199
1-1b 코스피 상장 금융사,유진기업인수목적3호(주),,금융지원 서비스,,시장 (코스피 아님),기타 상장 — 계획서 7-2 코스피 한정,661
1-1b 코스피 상장 금융사,유진기업인수목적6호 주식회사,,금융지원 서비스,,시장 (코스피 아님),기타 상장 — 계획서 7-2 코스피 한정,66199
1-1b 코스피 상장 금융사,유진기업인수목적7호 주식회사,,금융지원 서비스,,시장 (코스피 아님),기타 상장 — 계획서 7-2 코스피 한정,66199
1-1b 코스피 상장 금융사,유진기업인수목적9호 주식회사,,금융지원 서비스,,시장 (코스피 아님),기타 상장 — 계획서 7-2 코스피 한정,66199
1-1b 코스피 상장 금융사,이베스트기업인수목적5호 주식회사,,금융지원 서비스,,시장 (코스피 아님),기타 상장 — 계획서 7-2 코스피 한정,66199
1-1b 코스피 상장 금융사,이베스트기업인수목적6호 주식회사,,금융지원 서비스,,시장 (코스피 아님),코스닥 상장 — 계획서 7-2 코스피 한정,661
1-1b 코스피 상장 금융사,이베스트이안기업인수목적1호 주식회사,,금융지원 서비스,,시장 (코스피 아님),기타 상장 — 계획서 7-2 코스피 한정,661
1-1b 코스피 상장 금융사,케이비드림투게더제3호기업인수목적 주식회사,,금융지원 서비스,,시장 (코스피 아님),기타 상장 — 계획서 7-2 코스피 한정,661
1-1b 코스피 상장 금융사,케이비제17호기업인수목적 주식회사,,금융지원 서비스,,시장 (코스피 아님),기타 상장 — 계획서 7-2 코스피 한정,661
1-1b 코스피 상장 금융사,케이비제18호기업인수목적 주식회사,,금융지원 서비스,,시장 (코스피 아님),기타 상장 — 계획서 7-2 코스피 한정,661
1-1b 코스피 상장 금융사,케이비제19호기업인수목적 주식회사,,금융지원 서비스,,시장 (코스피 아님),기타 상장 — 계획서 7-2 코스피 한정,661
1-1b 코스피 상장 금융사,케이비제20호기업인수목적 주식회사,,금융지원 서비스,,시장 (코스피 아님),기타 상장 — 계획서 7-2 코스피 한정,66199
1-1b 코스피 상장 금융사,케이비제21호기업인수목적 주식회사,,금융지원 서비스,,시장 (코스피 아님),기타 상장 — 계획서 7-2 코스피 한정,661
1-1b 코스피 상장 금융사,케이비제22호기업인수목적 주식회사,,금융지원 서비스,,시장 (코스피 아님),기타 상장 — 계획서 7-2 코스피 한정,661
1-1b 코스피 상장 금융사,케이비제23호기업인수목적 주식회사,,금융지원 서비스,,시장 (코스피 아님),기타 상장 — 계획서 7-2 코스피 한정,66199
1-1b 코스피 상장 금융사,케이비제25호기업인수목적 주식회사,,금융지원 서비스,,시장 (코스피 아님),기타 상장 — 계획서 7-2 코스피 한정,66199
1-1b 코스피 상장 금융사,케이비제26호기업인수목적(주),,금융지원 서비스,,시장 (코스피 아님),기타 상장 — 계획서 7-2 코스피 한정,66199
1-1b 코스피 상장 금융사,케이비제27호기업인수목적(주),,금융지원 서비스,,시장 (코스피 아님),기타 상장 — 계획서 7-2 코스피 한정,66199
1-1b 코스피 상장 금융사,케이비제28호기업인수목적 주식회사,,금융지원 서비스,,시장 (코스피 아님),기타 상장 — 계획서 7-2 코스피 한정,66199
1-1b 코스피 상장 금융사,케이비제29호기업인수목적(주),,금융지원 서비스,,시장 (코스피 아님),코스닥 상장 — 계획서 7-2 코스피 한정,66199
1-1b 코스피 상장 금융사,케이비제30호기업인수목적(주),,금융지원 서비스,,시장 (코스피 아님),코스닥 상장 — 계획서 7-2 코스피 한정,66199
1-1b 코스피 상장 금융사,케이비제31호기업인수목적(주),,금융지원 서비스,,시장 (코스피 아님),코스닥 상장 — 계획서 7-2 코스피 한정,66199
1-1b 코스피 상장 금융사,케이비제32호기업인수목적(주),,금융지원 서비스,,시장 (코스피 아님),코스닥 상장 — 계획서 7-2 코스피 한정,66199
1-1b 코스피 상장 금융사,케이비제33호기업인수목적(주),,금융지원 서비스,,시장 (코스피 아님),코스닥 상장 — 계획서 7-2 코스피 한정,66199
1-1b 코스피 상장 금융사,케이비제34호기업인수목적(주),,금융지원 서비스,,시장 (코스피 아님),코스닥 상장 — 계획서 7-2 코스피 한정,661
1-1b 코스피 상장 금융사,케이비제8호기업인수목적 주식회사,,금융지원 서비스,,시장 (코스피 아님),기타 상장 — 계획서 7-2 코스피 한정,661
1-1b 코스피 상장 금융사,케이비제9호기업인수목적(주),,금융지원 서비스,,시장 (코스피 아님),기타 상장 — 계획서 7-2 코스피 한정,661
1-1b 코스피 상장 금융사,케이티비기업인수목적1호(주),,금융지원 서비스,,시장 (코스피 아님),기타 상장 — 계획서 7-2 코스피 한정,661
1-1b 코스피 상장 금융사,키움 제4호 기업인수목적 주식회사,,금융지원 서비스,,시장 (코스피 아님),기타 상장 — 계획서 7-2 코스피 한정,66199
1-1b 코스피 상장 금융사,키움제10호기업인수목적 주식회사,,금융지원 서비스,,시장 (코스피 아님),코스닥 상장 — 계획서 7-2 코스피 한정,661
1-1b 코스피 상장 금융사,키움제11호기업인수목적 주식회사,,금융지원 서비스,,시장 (코스피 아님),코스닥 상장 — 계획서 7-2 코스피 한정,66199
1-1b 코스피 상장 금융사,키움제3호기업인수목적주식회사,,금융지원 서비스,,시장 (코스피 아님),기타 상장 — 계획서 7-2 코스피 한정,661
1-1b 코스피 상장 금융사,키움제5호기업인수목적 주식회사,,금융지원 서비스,,시장 (코스피 아님),기타 상장 — 계획서 7-2 코스피 한정,661
1-1b 코스피 상장 금융사,키움제6호기업인수목적 주식회사,,금융지원 서비스,,시장 (코스피 아님),기타 상장 — 계획서 7-2 코스피 한정,661
1-1b 코스피 상장 금융사,키움제7호기업인수목적 주식회사,,금융지원 서비스,,시장 (코스피 아님),기타 상장 — 계획서 7-2 코스피 한정,66199
1-1b 코스피 상장 금융사,키움히어로제1호기업인수목적 주식회사,,금융지원 서비스,,시장 (코스피 아님),코스닥 상장 — 계획서 7-2 코스피 한정,66199
1-1b 코스피 상장 금융사,키움히어로제2호기업인수목적 주식회사,,금융지원 서비스,,시장 (코스피 아님),코스닥 상장 — 계획서 7-2 코스피 한정,66199
1-1b 코스피 상장 금융사,하나26호기업인수목적 주식회사,,금융지원 서비스,,시장 (코스피 아님),기타 상장 — 계획서 7-2 코스피 한정,661
1-1b 코스피 상장 금융사,하나27호기업인수목적 주식회사,,금융지원 서비스,,시장 (코스피 아님),기타 상장 — 계획서 7-2 코스피 한정,66199
1-1b 코스피 상장 금융사,하나28호기업인수목적 주식회사,,금융지원 서비스,,시장 (코스피 아님),기타 상장 — 계획서 7-2 코스피 한정,66199
1-1b 코스피 상장 금융사,하나29호기업인수목적 주식회사,,금융지원 서비스,,시장 (코스피 아님),기타 상장 — 계획서 7-2 코스피 한정,66199
1-1b 코스피 상장 금융사,하나30호기업인수목적 주식회사,,금융지원 서비스,,시장 (코스피 아님),기타 상장 — 계획서 7-2 코스피 한정,66199
1-1b 코스피 상장 금융사,하나31호기업인수목적 주식회사,,금융지원 서비스,,시장 (코스피 아님),코스닥 상장 — 계획서 7-2 코스피 한정,66199
1-1b 코스피 상장 금융사,하나32호기업인수목적 주식회사,,금융지원 서비스,,시장 (코스피 아님),코스닥 상장 — 계획서 7-2 코스피 한정,66199
1-1b 코스피 상장 금융사,하나33호기업인수목적 주식회사,,금융지원 서비스,,시장 (코스피 아님),코스닥 상장 — 계획서 7-2 코스피 한정,66199
1-1b 코스피 상장 금융사,하나34호기업인수목적 주식회사,,금융지원 서비스,,시장 (코스피 아님),코스닥 상장 — 계획서 7-2 코스피 한정,66199
1-1b 코스피 상장 금융사,하나35호기업인수목적 주식회사,,금융지원 서비스,,시장 (코스피 아님),코스닥 상장 — 계획서 7-2 코스피 한정,66199
1-1b 코스피 상장 금융사,하나36호기업인수목적 주식회사,,금융지원 서비스,,시장 (코스피 아님),코스닥 상장 — 계획서 7-2 코스피 한정,66199
1-1b 코스피 상장 금융사,하나금융14호기업인수목적 주식회사,,금융지원 서비스,,시장 (코스피 아님),기타 상장 — 계획서 7-2 코스피 한정,66199
1-1b 코스피 상장 금융사,하나금융15호기업인수목적 주식회사,,금융지원 서비스,,시장 (코스피 아님),기타 상장 — 계획서 7-2 코스피 한정,66199
1-1b 코스피 상장 금융사,하나금융16호기업인수목적 주식회사,,금융지원 서비스,,시장 (코스피 아님),기타 상장 — 계획서 7-2 코스피 한정,66199
1-1b 코스피 상장 금융사,하나금융19호기업인수목적 주식회사,,금융지원 서비스,,시장 (코스피 아님),기타 상장 — 계획서 7-2 코스피 한정,661
1-1b 코스피 상장 금융사,하나금융20호기업인수목적 주식회사,,금융지원 서비스,,시장 (코스피 아님),기타 상장 — 계획서 7-2 코스피 한정,66199
1-1b 코스피 상장 금융사,하나금융21호기업인수목적 주식회사,,금융지원 서비스,,시장 (코스피 아님),기타 상장 — 계획서 7-2 코스피 한정,66199
1-1b 코스피 상장 금융사,하나금융22호기업인수목적 주식회사,,금융지원 서비스,,시장 (코스피 아님),기타 상장 — 계획서 7-2 코스피 한정,661
1-1b 코스피 상장 금융사,하나금융23호기업인수목적 주식회사,,금융지원 서비스,,시장 (코스피 아님),기타 상장 — 계획서 7-2 코스피 한정,661
1-1b 코스피 상장 금융사,하나금융24호기업인수목적 주식회사,,금융지원 서비스,,시장 (코스피 아님),기타 상장 — 계획서 7-2 코스피 한정,66199
1-1b 코스피 상장 금융사,하나금융25호기업인수목적 주식회사,,금융지원 서비스,,시장 (코스피 아님),기타 상장 — 계획서 7-2 코스피 한정,66199
1-1b 코스피 상장 금융사,하나머스트3호기업인수목적(주),,금융지원 서비스,,시장 (코스피 아님),기타 상장 — 계획서 7-2 코스피 한정,66199
1-1b 코스피 상장 금융사,하나머스트7호기업인수목적 주식회사,,금융지원 서비스,,시장 (코스피 아님),기타 상장 — 계획서 7-2 코스피 한정,66199
1-1b 코스피 상장 금융사,하나머스트제6호기업인수목적(주),,금융지원 서비스,,시장 (코스피 아님),기타 상장 — 계획서 7-2 코스피 한정,66199
1-1b 코스피 상장 금융사,하이에이아이1호기업인수목적(주),,금융지원 서비스,,시장 (코스피 아님),기타 상장 — 계획서 7-2 코스피 한정,66199
1-1b 코스피 상장 금융사,하이제5호기업인수목적 주식회사,,금융지원 서비스,,시장 (코스피 아님),기타 상장 — 계획서 7-2 코스피 한정,66199
1-1b 코스피 상장 금융사,하이제6호기업인수목적 주식회사,,금융지원 서비스,,시장 (코스피 아님),기타 상장 — 계획서 7-2 코스피 한정,66199
1-1b 코스피 상장 금융사,하이제7호기업인수목적 주식회사,,금융지원 서비스,,시장 (코스피 아님),기타 상장 — 계획서 7-2 코스피 한정,66199
1-1b 코스피 상장 금융사,하이제8호기업인수목적 주식회사,,금융지원 서비스,,시장 (코스피 아님),기타 상장 — 계획서 7-2 코스피 한정,66199
1-1b 코스피 상장 금융사,한강구조조정기금,,금융지원 서비스,,시장 (코스피 아님),기타 상장 — 계획서 7-2 코스피 한정,66199
1-1b 코스피 상장 금융사,한국제10호기업인수목적 주식회사,,금융지원 서비스,,시장 (코스피 아님),기타 상장 — 계획서 7-2 코스피 한정,661
1-1b 코스피 상장 금융사,한국제11호기업인수목적 주식회사,,금융지원 서비스,,시장 (코스피 아님),기타 상장 — 계획서 7-2 코스피 한정,66199
1-1b 코스피 상장 금융사,한국제12호기업인수목적 주식회사,,금융지원 서비스,,시장 (코스피 아님),기타 상장 — 계획서 7-2 코스피 한정,66199
1-1b 코스피 상장 금융사,한국제13호기업인수목적 주식회사,,금융지원 서비스,,시장 (코스피 아님),기타 상장 — 계획서 7-2 코스피 한정,66199
1-1b 코스피 상장 금융사,한국제14호기업인수목적 주식회사,,금융지원 서비스,,시장 (코스피 아님),기타 상장 — 계획서 7-2 코스피 한정,66199
1-1b 코스피 상장 금융사,한국제15호기업인수목적 주식회사,,금융지원 서비스,,시장 (코스피 아님),코스닥 상장 — 계획서 7-2 코스피 한정,66199
1-1b 코스피 상장 금융사,한국제16호기업인수목적 주식회사,,금융지원 서비스,,시장 (코스피 아님),코스닥 상장 — 계획서 7-2 코스피 한정,66199
1-1b 코스피 상장 금융사,한국제17호기업인수목적 주식회사,,금융지원 서비스,,시장 (코스피 아님),코스닥 상장 — 계획서 7-2 코스피 한정,661
1-1b 코스피 상장 금융사,한국제4호기업인수목적(주),,금융지원 서비스,,시장 (코스피 아님),기타 상장 — 계획서 7-2 코스피 한정,661
1-1b 코스피 상장 금융사,한국제5호기업인수목적(주),,금융지원 서비스,,시장 (코스피 아님),기타 상장 — 계획서 7-2 코스피 한정,66199
1-1b 코스피 상장 금융사,한국제6호기업인수목적 주식회사,,금융지원 서비스,,시장 (코스피 아님),기타 상장 — 계획서 7-2 코스피 한정,66199
1-1b 코스피 상장 금융사,한국제7호기업인수목적 주식회사,,금융지원 서비스,,시장 (코스피 아님),기타 상장 — 계획서 7-2 코스피 한정,66199
1-1b 코스피 상장 금융사,한화수성기업인수목적(주),,금융지원 서비스,,시장 (코스피 아님),기타 상장 — 계획서 7-2 코스피 한정,66199
1-1b 코스피 상장 금융사,한화에스비아이기업인수목적 주식회사,,금융지원 서비스,,시장 (코스피 아님),기타 상장 — 계획서 7-2 코스피 한정,66199
1-1b 코스피 상장 금융사,한화에이스기업인수목적2호(주),,금융지원 서비스,,시장 (코스피 아님),기타 상장 — 계획서 7-2 코스피 한정,661
1-1b 코스피 상장 금융사,한화에이스기업인수목적3호(주),,금융지원 서비스,,시장 (코스피 아님),기타 상장 — 계획서 7-2 코스피 한정,661
1-1b 코스피 상장 금융사,한화에이스기업인수목적4호(주),,금융지원 서비스,,시장 (코스피 아님),기타 상장 — 계획서 7-2 코스피 한정,661
1-1b 코스피 상장 금융사,한화플러스제2호기업인수목적(주),,금융지원 서비스,,시장 (코스피 아님),기타 상장 — 계획서 7-2 코스피 한정,661
1-1b 코스피 상장 금융사,한화플러스제3호기업인수목적(주),,금융지원 서비스,,시장 (코스피 아님),기타 상장 — 계획서 7-2 코스피 한정,661
1-1b 코스피 상장 금융사,한화플러스제4호기업인수목적(주),,금융지원 서비스,,시장 (코스피 아님),기타 상장 — 계획서 7-2 코스피 한정,661
1-1b 코스피 상장 금융사,한화플러스제5호기업인수목적(주),,금융지원 서비스,,시장 (코스피 아님),코스닥 상장 — 계획서 7-2 코스피 한정,661
1-1b 코스피 상장 금융사,현대에이블기업인수목적1호(주),,금융지원 서비스,,시장 (코스피 아님),기타 상장 — 계획서 7-2 코스피 한정,661
1-1b 코스피 상장 금융사,우리금융지주(주),,금융지주,,시장 (코스피 아님),기타 상장 — 계획서 7-2 코스피 한정,64992
1-1b 코스피 상장 금융사,엘비인베스트먼트(주),,기금 운영업,,시장 (코스피 아님),코스닥 상장 — 계획서 7-2 코스피 한정,64991
1-1b 코스피 상장 금융사,(주)경동인베스트,,기타 금융(확인 필요),,지주·기금 (금융지주 아님),"업권 미상 — 세세분류 없는 코드(649), 실질은 일반 지주로 보임",649
1-1b 코스피 상장 금융사,(주)머니무브,,기타 금융(확인 필요),,시장 (코스피 아님),코넥스 상장 — 계획서 7-2 코스피 한정,649
1-1b 코스피 상장 금융사,(주)오리온홀딩스,,기타 금융(확인 필요),,지주·기금 (금융지주 아님),"업권 미상 — 세세분류 없는 코드(649), 실질은 일반 지주로 보임",649
1-1b 코스피 상장 금융사,(주)효성,,기타 금융(확인 필요),,지주·기금 (금융지주 아님),"업권 미상 — 세세분류 없는 코드(649), 실질은 일반 지주로 보임",649
1-1b 코스피 상장 금융사,교보20호기업인수목적 주식회사,,기타 금융(확인 필요),,시장 (코스피 아님),코스닥 상장 — 계획서 7-2 코스피 한정,649
1-1b 코스피 상장 금융사,동국홀딩스(주),,기타 금융(확인 필요),,지주·기금 (금융지주 아님),"업권 미상 — 세세분류 없는 코드(649), 실질은 일반 지주로 보임",649
1-1b 코스피 상장 금융사,디비금융제10호기업인수목적 주식회사,,기타 금융(확인 필요),,시장 (코스피 아님),기타 상장 — 계획서 7-2 코스피 한정,649
1-1b 코스피 상장 금융사,디비금융제13호기업인수목적 주식회사,,기타 금융(확인 필요),,시장 (코스피 아님),코스닥 상장 — 계획서 7-2 코스피 한정,649
1-1b 코스피 상장 금융사,디비금융제14호기업인수목적 주식회사,,기타 금융(확인 필요),,시장 (코스피 아님),코스닥 상장 — 계획서 7-2 코스피 한정,649
1-1b 코스피 상장 금융사,디비금융제8호기업인수목적 주식회사,,기타 금융(확인 필요),,시장 (코스피 아님),기타 상장 — 계획서 7-2 코스피 한정,649
1-1b 코스피 상장 금융사,미래에셋벤처투자 주식회사,,기타 금융(확인 필요),,시장 (코스피 아님),코스닥 상장 — 계획서 7-2 코스피 한정,649
1-1b 코스피 상장 금융사,미원홀딩스(주),,기타 금융(확인 필요),,지주·기금 (금융지주 아님),"업권 미상 — 세세분류 없는 코드(649), 실질은 일반 지주로 보임",649
1-1b 코스피 상장 금융사,부국퓨쳐스타즈기업인수목적주식회사,,기타 금융(확인 필요),,시장 (코스피 아님),기타 상장 — 계획서 7-2 코스피 한정,64
1-1b 코스피 상장 금융사,스톤브릿지벤처스(주),,기타 금융(확인 필요),,시장 (코스피 아님),코스닥 상장 — 계획서 7-2 코스피 한정,649
1-1b 코스피 상장 금융사,씨앤에이치(주),,기타 금융(확인 필요),,시장 (코스피 아님),기타 상장 — 계획서 7-2 코스피 한정,649
1-1b 코스피 상장 금융사,아주아이비투자(주),,기타 금융(확인 필요),,시장 (코스피 아님),코스닥 상장 — 계획서 7-2 코스피 한정,649
1-1b 코스피 상장 금융사,에스브이인베스트먼트 주식회사,,기타 금융(확인 필요),,시장 (코스피 아님),코스닥 상장 — 계획서 7-2 코스피 한정,649
1-1b 코스피 상장 금융사,에이치디씨(주),,기타 금융(확인 필요),,지주·기금 (금융지주 아님),"업권 미상 — 세세분류 없는 코드(649), 실질은 일반 지주로 보임",649
1-1b 코스피 상장 금융사,에이치비인베스트먼트(주),,기타 금융(확인 필요),,시장 (코스피 아님),코스닥 상장 — 계획서 7-2 코스피 한정,649
1-1b 코스피 상장 금융사,우리벤처파트너스(주),,기타 금융(확인 필요),,시장 (코스피 아님),기타 상장 — 계획서 7-2 코스피 한정,649
1-1b 코스피 상장 금융사,캡스톤파트너스(주),,기타 금융(확인 필요),,시장 (코스피 아님),코스닥 상장 — 계획서 7-2 코스피 한정,649
1-1b 코스피 상장 금융사,컬러레이홀딩스,,기타 금융(확인 필요),,시장 (코스피 아님),코스닥 상장 — 계획서 7-2 코스피 한정,649
1-1b 코스피 상장 금융사,컴퍼니케이파트너스(주),,기타 금융(확인 필요),,시장 (코스피 아님),코스닥 상장 — 계획서 7-2 코스피 한정,649
1-1b 코스피 상장 금융사,쿠쿠홀딩스(주),,기타 금융(확인 필요),,지주·기금 (금융지주 아님),"업권 미상 — 세세분류 없는 코드(649), 실질은 일반 지주로 보임",649
1-1b 코스피 상장 금융사,큐캐피탈파트너스(주),,기타 금융(확인 필요),,시장 (코스피 아님),코스닥 상장 — 계획서 7-2 코스피 한정,649
1-1b 코스피 상장 금융사,해성산업(주),,기타 금융(확인 필요),,시장 (코스피 아님),코스닥 상장 — 계획서 7-2 코스피 한정,649
1-1b 코스피 상장 금융사,히든챔피언제1호기업인수목적(주),,기타 금융(확인 필요),,시장 (코스피 아님),기타 상장 — 계획서 7-2 코스피 한정,649
1-1b 코스피 상장 금융사,한화에스브이명장제1호기업인수목적(주),,기타 금융서비스(확인 필요),,시장 (코스피 아님),기타 상장 — 계획서 7-2 코스피 한정,66
1-1b 코스피 상장 금융사,나우아이비캐피탈(주),,기타 여신금융,,시장 (코스피 아님),코스닥 상장 — 계획서 7-2 코스피 한정,64919
1-1b 코스피 상장 금융사,메리츠종합금융(주),,기타 여신금융,,시장 (코스피 아님),기타 상장 — 계획서 7-2 코스피 한정,64919
1-1b 코스피 상장 금융사,아루히 주식회사,,기타 여신금융,,시장 (코스피 아님),기타 상장 — 계획서 7-2 코스피 한정,64919
1-1b 코스피 상장 금융사,우리종합금융(주),,기타 여신금융,,시장 (코스피 아님),기타 상장 — 계획서 7-2 코스피 한정,64919
1-1b 코스피 상장 금융사,인카금융서비스(주),,보험 모집·대리,,시장 (코스피 아님),코스닥 상장 — 계획서 7-2 코스피 한정,66202
1-1b 코스피 상장 금융사,주식회사 에이플러스에셋어드바이저,,보험 모집·대리,,포트폴리오 없음 (GA·손해사정·IT·대부업·신용정보),보험 모집·대리 — 인수·여신 포트폴리오 없음,66202
1-1b 코스피 상장 금융사,동양생명보험(주),,생명보험,,시장 (코스피 아님),기타 상장 — 계획서 7-2 코스피 한정,65110
1-1b 코스피 상장 금융사,오렌지라이프생명보험(주),,생명보험,,시장 (코스피 아님),기타 상장 — 계획서 7-2 코스피 한정,65110
1-1b 코스피 상장 금융사,(주)KB손해보험,,손해보험,,시장 (코스피 아님),기타 상장 — 계획서 7-2 코스피 한정,65121
1-1b 코스피 상장 금융사,그린손해보험(주),,손해보험,,시장 (코스피 아님),기타 상장 — 계획서 7-2 코스피 한정,65121
1-1b 코스피 상장 금융사,메리츠화재해상보험(주),,손해보험,,시장 (코스피 아님),기타 상장 — 계획서 7-2 코스피 한정,65121
1-1b 코스피 상장 금융사,제일화재해상보험(주),,손해보험,,시장 (코스피 아님),기타 상장 — 계획서 7-2 코스피 한정,65121
1-1b 코스피 상장 금융사,(주)신한글로벌액티브위탁관리부동산투자회사,,신탁·집합투자,,명목회사·펀드·SPC·신탁 상품,"위탁관리 명목회사 — 운용은 AMC, 종속회사 단계에서 AMC를 잡음",64201
1-1b 코스피 상장 금융사,(주)에스유앤피,,신탁·집합투자,,시장 (코스피 아님),기타 상장 — 계획서 7-2 코스피 한정,64209
1-1b 코스피 상장 금융사,(주)에이티넘인베스트먼트,,신탁·집합투자,,시장 (코스피 아님),코스닥 상장 — 계획서 7-2 코스피 한정,64209
1-1b 코스피 상장 금융사,(주)지엠아이벤처,,신탁·집합투자,,시장 (코스피 아님),코스닥 상장 — 계획서 7-2 코스피 한정,64209
1-1b 코스피 상장 금융사,GB 블루오션베트남주식혼합형 투자회사 1호,,신탁·집합투자,,시장 (코스피 아님),기타 상장 — 계획서 7-2 코스피 한정,64201
1-1b 코스피 상장 금융사,골든브릿지더블유엠경매부동산일호투자회사,,신탁·집합투자,,시장 (코스피 아님),기타 상장 — 계획서 7-2 코스피 한정,64209
1-1b 코스피 상장 금융사,굿앤리치부동산공경매투자회사1호,,신탁·집합투자,,시장 (코스피 아님),기타 상장 — 계획서 7-2 코스피 한정,64201
1-1b 코스피 상장 금융사,굿앤리치부동산공경매투자회사2호,,신탁·집합투자,,시장 (코스피 아님),기타 상장 — 계획서 7-2 코스피 한정,64201
1-1b 코스피 상장 금융사,그린기술투자(주),,신탁·집합투자,,시장 (코스피 아님),기타 상장 — 계획서 7-2 코스피 한정,64209
1-1b 코스피 상장 금융사,대성창업투자(주),,신탁·집합투자,,시장 (코스피 아님),코스닥 상장 — 계획서 7-2 코스피 한정,64209
1-1b 코스피 상장 금융사,디에스씨인베스트먼트(주),,신탁·집합투자,,시장 (코스피 아님),코스닥 상장 — 계획서 7-2 코스피 한정,64209
1-1b 코스피 상장 금융사,린드먼아시아인베스트먼트(주),,신탁·집합투자,,시장 (코스피 아님),코스닥 상장 — 계획서 7-2 코스피 한정,64209
1-1b 코스피 상장 금융사,맥쿼리한국인프라투융자회사,,신탁·집합투자,,명목회사·펀드·SPC·신탁 상품,"위탁관리 명목회사 — 운용은 AMC, 종속회사 단계에서 AMC를 잡음",64201
1-1b 코스피 상장 금융사,무한투자(주),,신탁·집합투자,,시장 (코스피 아님),기타 상장 — 계획서 7-2 코스피 한정,64209
1-1b 코스피 상장 금융사,미래에셋굿라이프혼합형자녀를위한투자회사10-1,,신탁·집합투자,,시장 (코스피 아님),기타 상장 — 계획서 7-2 코스피 한정,64201
1-1b 코스피 상장 금융사,미래에셋굿라이프혼합형자녀를위한펀드5-1,,신탁·집합투자,,시장 (코스피 아님),기타 상장 — 계획서 7-2 코스피 한정,64201
1-1b 코스피 상장 금융사,미래에셋맵스리얼티부동산공모투자회사,,신탁·집합투자,,명목회사·펀드·SPC·신탁 상품,"위탁관리 명목회사 — 운용은 AMC, 종속회사 단계에서 AMC를 잡음",642
1-1b 코스피 상장 금융사,미래에셋새천년코리아벤처펀드일호,,신탁·집합투자,,시장 (코스피 아님),기타 상장 — 계획서 7-2 코스피 한정,64201
1-1b 코스피 상장 금융사,에스비아이인베스트먼트(주),,신탁·집합투자,,시장 (코스피 아님),코스닥 상장 — 계획서 7-2 코스피 한정,64209
1-1b 코스피 상장 금융사,위더스기술금융(주),,신탁·집합투자,,시장 (코스피 아님),기타 상장 — 계획서 7-2 코스피 한정,64209
1-1b 코스피 상장 금융사,제일창업투자(주),,신탁·집합투자,,시장 (코스피 아님),기타 상장 — 계획서 7-2 코스피 한정,64209
1-1b 코스피 상장 금융사,주식회사 대신밸류리츠위탁관리부동산투자회사,,신탁·집합투자,,명목회사·펀드·SPC·신탁 상품,"위탁관리 명목회사 — 운용은 AMC, 종속회사 단계에서 AMC를 잡음",642
1-1b 코스피 상장 금융사,주식회사 티에스인베스트먼트,,신탁·집합투자,,시장 (코스피 아님),코스닥 상장 — 계획서 7-2 코스피 한정,64209
1-1b 코스피 상장 금융사,케이비발해인프라투융자회사,,신탁·집합투자,,명목회사·펀드·SPC·신탁 상품,"위탁관리 명목회사 — 운용은 AMC, 종속회사 단계에서 AMC를 잡음",642
1-1b 코스피 상장 금융사,하나유비에스암바토비니켈해외자원개발1호,,신탁·집합투자,,시장 (코스피 아님),기타 상장 — 계획서 7-2 코스피 한정,64201
1-1b 코스피 상장 금융사,하나유비에스암바토비니켈해외자원개발2호,,신탁·집합투자,,시장 (코스피 아님),기타 상장 — 계획서 7-2 코스피 한정,64201
1-1b 코스피 상장 금융사,한국 베트남15-1유전 해외자원개발투자회사,,신탁·집합투자,,시장 (코스피 아님),기타 상장 — 계획서 7-2 코스피 한정,64201
1-1b 코스피 상장 금융사,한국월드와이드베트남부동산개발특별자산1호투자회사,,신탁·집합투자,,시장 (코스피 아님),기타 상장 — 계획서 7-2 코스피 한정,64201
1-1b 코스피 상장 금융사,한국월드와이드아시아태평양특별자산1호투자회사,,신탁·집합투자,,시장 (코스피 아님),기타 상장 — 계획서 7-2 코스피 한정,64201
1-1b 코스피 상장 금융사,한국투자ANKOR유전해외자원개발특별자산투자회사1호(지분증권),,신탁·집합투자,,시장 (코스피 아님),기타 상장 — 계획서 7-2 코스피 한정,642
1-1b 코스피 상장 금융사,한국투자파트너스(주),,신탁·집합투자,,시장 (코스피 아님),기타 상장 — 계획서 7-2 코스피 한정,64209
1-1b 코스피 상장 금융사,한국투자패러랠유전해외자원개발특별자산투자회사1호(지분증권),,신탁·집합투자,,시장 (코스피 아님),기타 상장 — 계획서 7-2 코스피 한정,64209
1-1b 코스피 상장 금융사,한림창업투자(주),,신탁·집합투자,,시장 (코스피 아님),기타 상장 — 계획서 7-2 코스피 한정,64209
1-1b 코스피 상장 금융사,현대경매부동산일호투자회사,,신탁·집합투자,,시장 (코스피 아님),기타 상장 — 계획서 7-2 코스피 한정,64201
1-1b 코스피 상장 금융사,디비금융제12호기업인수목적 주식회사,,여신금융,,시장 (코스피 아님),코스닥 상장 — 계획서 7-2 코스피 한정,6491
1-1b 코스피 상장 금융사,우리기술투자(주),,여신금융,,시장 (코스피 아님),코스닥 상장 — 계획서 7-2 코스피 한정,6491
1-1b 코스피 상장 금융사,(주)경남은행,,은행,,시장 (코스피 아님),기타 상장 — 계획서 7-2 코스피 한정,64121
1-1b 코스피 상장 금융사,(주)광주은행,,은행,,시장 (코스피 아님),기타 상장 — 계획서 7-2 코스피 한정,64121
1-1b 코스피 상장 금융사,(주)국민은행,,은행,,시장 (코스피 아님),기타 상장 — 계획서 7-2 코스피 한정,64121
1-1b 코스피 상장 금융사,(주)국민은행,,은행,,시장 (코스피 아님),기타 상장 — 계획서 7-2 코스피 한정,64121
1-1b 코스피 상장 금융사,(주)부산은행,,은행,,시장 (코스피 아님),기타 상장 — 계획서 7-2 코스피 한정,64121
1-1b 코스피 상장 금융사,(주)신한은행,,은행,,시장 (코스피 아님),기타 상장 — 계획서 7-2 코스피 한정,64121
1-1b 코스피 상장 금융사,(주)우리은행,,은행,,시장 (코스피 아님),기타 상장 — 계획서 7-2 코스피 한정,64121
1-1b 코스피 상장 금융사,(주)전북은행,,은행,,시장 (코스피 아님),기타 상장 — 계획서 7-2 코스피 한정,64121
1-1b 코스피 상장 금융사,(주)하나은행,,은행,,시장 (코스피 아님),기타 상장 — 계획서 7-2 코스피 한정,64121
1-1b 코스피 상장 금융사,(주)한국스탠다드차타드은행,,은행,,시장 (코스피 아님),기타 상장 — 계획서 7-2 코스피 한정,64121
1-1b 코스피 상장 금융사,(주)한국씨티은행,,은행,,시장 (코스피 아님),기타 상장 — 계획서 7-2 코스피 한정,64121
1-1b 코스피 상장 금융사,주식회사 아이엠뱅크,,은행,,시장 (코스피 아님),기타 상장 — 계획서 7-2 코스피 한정,64121
1-1b 코스피 상장 금융사,주식회사 하나은행,,은행,,시장 (코스피 아님),기타 상장 — 계획서 7-2 코스피 한정,64121
1-1b 코스피 상장 금융사,(주)대백저축은행,,저축은행·신협,,시장 (코스피 아님),기타 상장 — 계획서 7-2 코스피 한정,64132
1-1b 코스피 상장 금융사,(주)부산저축은행,,저축은행·신협,,시장 (코스피 아님),기타 상장 — 계획서 7-2 코스피 한정,64132
1-1b 코스피 상장 금융사,(주)서울상호저축은행,,저축은행·신협,,시장 (코스피 아님),기타 상장 — 계획서 7-2 코스피 한정,64131
1-1b 코스피 상장 금융사,(주)솔로몬저축은행,,저축은행·신협,,시장 (코스피 아님),기타 상장 — 계획서 7-2 코스피 한정,64131
1-1b 코스피 상장 금융사,(주)애큐온저축은행,,저축은행·신협,,시장 (코스피 아님),기타 상장 — 계획서 7-2 코스피 한정,64132
1-1b 코스피 상장 금융사,(주)으뜸상호저축은행,,저축은행·신협,,시장 (코스피 아님),기타 상장 — 계획서 7-2 코스피 한정,64132
1-1b 코스피 상장 금융사,(주)제일저축은행,,저축은행·신협,,시장 (코스피 아님),기타 상장 — 계획서 7-2 코스피 한정,64131
1-1b 코스피 상장 금융사,(주)조은저축은행,,저축은행·신협,,시장 (코스피 아님),기타 상장 — 계획서 7-2 코스피 한정,64132
1-1b 코스피 상장 금융사,(주)푸른저축은행,,저축은행·신협,,시장 (코스피 아님),코스닥 상장 — 계획서 7-2 코스피 한정,64132
1-1b 코스피 상장 금융사,(주)한마음상호저축은행,,저축은행·신협,,시장 (코스피 아님),기타 상장 — 계획서 7-2 코스피 한정,64131
1-1b 코스피 상장 금융사,진흥저축은행(주),,저축은행·신협,,시장 (코스피 아님),기타 상장 — 계획서 7-2 코스피 한정,64131
1-1b 코스피 상장 금융사,한국저축은행(주),,저축은행·신협,,시장 (코스피 아님),기타 상장 — 계획서 7-2 코스피 한정,64131
1-1b 코스피 상장 금융사,NH농협증권(주),,증권,,시장 (코스피 아님),기타 상장 — 계획서 7-2 코스피 한정,66121
1-1b 코스피 상장 금융사,동원증권(주),,증권,,시장 (코스피 아님),기타 상장 — 계획서 7-2 코스피 한정,66121
1-1b 코스피 상장 금융사,메리츠증권(주),,증권,,시장 (코스피 아님),기타 상장 — 계획서 7-2 코스피 한정,66121
1-1b 코스피 상장 금융사,미래에셋증권(주),,증권,,시장 (코스피 아님),기타 상장 — 계획서 7-2 코스피 한정,66121
1-1b 코스피 상장 금융사,신한투자증권 (주),,증권,,시장 (코스피 아님),기타 상장 — 계획서 7-2 코스피 한정,66121
1-1b 코스피 상장 금융사,엘에스증권(주),,증권,,시장 (코스피 아님),코스닥 상장 — 계획서 7-2 코스피 한정,66121
1-1b 코스피 상장 금융사,우리증권(주),,증권,,시장 (코스피 아님),기타 상장 — 계획서 7-2 코스피 한정,66121
1-1b 코스피 상장 금융사,케이비증권 주식회사,,증권,,시장 (코스피 아님),기타 상장 — 계획서 7-2 코스피 한정,66121
1-1b 코스피 상장 금융사,코리아에셋투자증권(주),,증권,,시장 (코스피 아님),코스닥 상장 — 계획서 7-2 코스피 한정,66121
1-1b 코스피 상장 금융사,하나IB증권 주식회사,,증권,,시장 (코스피 아님),기타 상장 — 계획서 7-2 코스피 한정,66121
1-1b 코스피 상장 금융사,(주)GS,,지주회사,,지주·기금 (금융지주 아님),지주회사(64992) — 금융지주회사법상 금융지주 아님,64992
1-1b 코스피 상장 금융사,(주)LG,,지주회사,,지주·기금 (금융지주 아님),지주회사(64992) — 금융지주회사법상 금융지주 아님,64992
1-1b 코스피 상장 금융사,(주)LS,,지주회사,,지주·기금 (금융지주 아님),지주회사(64992) — 금융지주회사법상 금융지주 아님,64992
1-1b 코스피 상장 금융사,(주)SNT홀딩스,,지주회사,,지주·기금 (금융지주 아님),지주회사(64992) — 금융지주회사법상 금융지주 아님,64992
1-1b 코스피 상장 금융사,(주)노루홀딩스,,지주회사,,지주·기금 (금융지주 아님),지주회사(64992) — 금융지주회사법상 금융지주 아님,64992
1-1b 코스피 상장 금융사,(주)농심홀딩스,,지주회사,,지주·기금 (금융지주 아님),지주회사(64992) — 금융지주회사법상 금융지주 아님,64992
1-1b 코스피 상장 금융사,(주)대덕,,지주회사,,지주·기금 (금융지주 아님),지주회사(64992) — 금융지주회사법상 금융지주 아님,64992
1-1b 코스피 상장 금융사,(주)비지에프,,지주회사,,지주·기금 (금융지주 아님),지주회사(64992) — 금융지주회사법상 금융지주 아님,64992
1-1b 코스피 상장 금융사,(주)비츠로테크,,지주회사,,시장 (코스피 아님),코스닥 상장 — 계획서 7-2 코스피 한정,64992
1-1b 코스피 상장 금융사,(주)삼양홀딩스,,지주회사,,지주·기금 (금융지주 아님),지주회사(64992) — 금융지주회사법상 금융지주 아님,64992
1-1b 코스피 상장 금융사,(주)서연,,지주회사,,지주·기금 (금융지주 아님),지주회사(64992) — 금융지주회사법상 금융지주 아님,64992
1-1b 코스피 상장 금융사,(주)세아제강지주,,지주회사,,지주·기금 (금융지주 아님),지주회사(64992) — 금융지주회사법상 금융지주 아님,64992
1-1b 코스피 상장 금융사,(주)에이피에스,,지주회사,,시장 (코스피 아님),코스닥 상장 — 계획서 7-2 코스피 한정,64992
1-1b 코스피 상장 금융사,(주)에코프로,,지주회사,,시장 (코스피 아님),코스닥 상장 — 계획서 7-2 코스피 한정,64992
1-1b 코스피 상장 금융사,(주)영원무역홀딩스,,지주회사,,지주·기금 (금융지주 아님),지주회사(64992) — 금융지주회사법상 금융지주 아님,64992
1-1b 코스피 상장 금융사,(주)온미디어,,지주회사,,시장 (코스피 아님),기타 상장 — 계획서 7-2 코스피 한정,64992
1-1b 코스피 상장 금융사,(주)웅진,,지주회사,,지주·기금 (금융지주 아님),지주회사(64992) — 금융지주회사법상 금융지주 아님,64992
1-1b 코스피 상장 금융사,(주)유비쿼스홀딩스,,지주회사,,시장 (코스피 아님),코스닥 상장 — 계획서 7-2 코스피 한정,64992
1-1b 코스피 상장 금융사,(주)지에스피앤엘,,지주회사,,지주·기금 (금융지주 아님),지주회사(64992) — 금융지주회사법상 금융지주 아님,64992
1-1b 코스피 상장 금융사,(주)코오롱,,지주회사,,지주·기금 (금융지주 아님),지주회사(64992) — 금융지주회사법상 금융지주 아님,64992
1-1b 코스피 상장 금융사,(주)크라운해태홀딩스,,지주회사,,지주·기금 (금융지주 아님),지주회사(64992) — 금융지주회사법상 금융지주 아님,64992
1-1b 코스피 상장 금융사,(주)티와이홀딩스,,지주회사,,지주·기금 (금융지주 아님),지주회사(64992) — 금융지주회사법상 금융지주 아님,64992
1-1b 코스피 상장 금융사,(주)풍산홀딩스,,지주회사,,지주·기금 (금융지주 아님),지주회사(64992) — 금융지주회사법상 금융지주 아님,64992
1-1b 코스피 상장 금융사,(주)하림지주,,지주회사,,시장 (코스피 아님),코스닥 상장 — 계획서 7-2 코스피 한정,64992
1-1b 코스피 상장 금융사,(주)한국전자홀딩스,,지주회사,,지주·기금 (금융지주 아님),지주회사(64992) — 금융지주회사법상 금융지주 아님,64992
1-1b 코스피 상장 금융사,(주)한진칼,,지주회사,,지주·기금 (금융지주 아님),지주회사(64992) — 금융지주회사법상 금융지주 아님,64992
1-1b 코스피 상장 금융사,(주)현대지에프홀딩스,,지주회사,,지주·기금 (금융지주 아님),지주회사(64992) — 금융지주회사법상 금융지주 아님,64992
1-1b 코스피 상장 금융사,3노드디지탈그룹유한공사,,지주회사,,시장 (코스피 아님),기타 상장 — 계획서 7-2 코스피 한정,64992
1-1b 코스피 상장 금융사,AK홀딩스(주),,지주회사,,지주·기금 (금융지주 아님),지주회사(64992) — 금융지주회사법상 금융지주 아님,64992
1-1b 코스피 상장 금융사,CJ(주),,지주회사,,지주·기금 (금융지주 아님),지주회사(64992) — 금융지주회사법상 금융지주 아님,64992
1-1b 코스피 상장 금융사,CS 홀딩스(주),,지주회사,,지주·기금 (금융지주 아님),지주회사(64992) — 금융지주회사법상 금융지주 아님,64992
1-1b 코스피 상장 금융사,JW홀딩스(주),,지주회사,,지주·기금 (금융지주 아님),지주회사(64992) — 금융지주회사법상 금융지주 아님,64992
1-1b 코스피 상장 금융사,SK(주),,지주회사,,시장 (코스피 아님),기타 상장 — 계획서 7-2 코스피 한정,64992
1-1b 코스피 상장 금융사,SK(주),,지주회사,,지주·기금 (금융지주 아님),지주회사(64992) — 금융지주회사법상 금융지주 아님,64992
1-1b 코스피 상장 금융사,그레이트리치과기유한공사,,지주회사,,시장 (코스피 아님),코스닥 상장 — 계획서 7-2 코스피 한정,64992
1-1b 코스피 상장 금융사,글로벌에스엠테크리미티드,,지주회사,,시장 (코스피 아님),코스닥 상장 — 계획서 7-2 코스피 한정,64992
1-1b 코스피 상장 금융사,대상홀딩스(주),,지주회사,,지주·기금 (금융지주 아님),지주회사(64992) — 금융지주회사법상 금융지주 아님,64992
1-1b 코스피 상장 금융사,동아쏘시오홀딩스(주),,지주회사,,지주·기금 (금융지주 아님),지주회사(64992) — 금융지주회사법상 금융지주 아님,64992
1-1b 코스피 상장 금융사,동원산업(주),,지주회사,,지주·기금 (금융지주 아님),지주회사(64992) — 금융지주회사법상 금융지주 아님,64992
1-1b 코스피 상장 금융사,디와이(주),,지주회사,,지주·기금 (금융지주 아님),지주회사(64992) — 금융지주회사법상 금융지주 아님,64992
1-1b 코스피 상장 금융사,딥커머스리미티드,,지주회사,,시장 (코스피 아님),코스닥 상장 — 계획서 7-2 코스피 한정,64992
1-1b 코스피 상장 금융사,로스웰인터내셔널유한회사,,지주회사,,시장 (코스피 아님),코스닥 상장 — 계획서 7-2 코스피 한정,64992
1-1b 코스피 상장 금융사,롯데지주(주),,지주회사,,지주·기금 (금융지주 아님),지주회사(64992) — 금융지주회사법상 금융지주 아님,64992
1-1b 코스피 상장 금융사,삼성에피스홀딩스(주),,지주회사,,지주·기금 (금융지주 아님),지주회사(64992) — 금융지주회사법상 금융지주 아님,64992
1-1b 코스피 상장 금융사,샘표(주),,지주회사,,지주·기금 (금융지주 아님),지주회사(64992) — 금융지주회사법상 금융지주 아님,64992
1-1b 코스피 상장 금융사,생고뱅코리아홀딩스 주식회사,,지주회사,,시장 (코스피 아님),기타 상장 — 계획서 7-2 코스피 한정,64992
1-1b 코스피 상장 금융사,씨엑스아이헬스케어테크놀리지그룹리미티드,,지주회사,,시장 (코스피 아님),코스닥 상장 — 계획서 7-2 코스피 한정,64992
1-1b 코스피 상장 금융사,에스앤씨엔진그룹리미티드,,지주회사,,시장 (코스피 아님),기타 상장 — 계획서 7-2 코스피 한정,64992
1-1b 코스피 상장 금융사,에스케이디스커버리(주),,지주회사,,지주·기금 (금융지주 아님),지주회사(64992) — 금융지주회사법상 금융지주 아님,64992
1-1b 코스피 상장 금융사,에스케이스퀘어 주식회사,,지주회사,,지주·기금 (금융지주 아님),지주회사(64992) — 금융지주회사법상 금융지주 아님,64992
1-1b 코스피 상장 금융사,에이치디한국조선해양(주),,지주회사,,지주·기금 (금융지주 아님),지주회사(64992) — 금융지주회사법상 금융지주 아님,64992
1-1b 코스피 상장 금융사,에이치디현대(주),,지주회사,,지주·기금 (금융지주 아님),지주회사(64992) — 금융지주회사법상 금융지주 아님,64992
1-1b 코스피 상장 금융사,에이치엘홀딩스(주),,지주회사,,지주·기금 (금융지주 아님),지주회사(64992) — 금융지주회사법상 금융지주 아님,64992
1-1b 코스피 상장 금융사,엘에스에코에너지 주식회사,,지주회사,,지주·기금 (금융지주 아님),지주회사(64992) — 금융지주회사법상 금융지주 아님,64992
1-1b 코스피 상장 금융사,연합과기공고유한공사,,지주회사,,시장 (코스피 아님),기타 상장 — 계획서 7-2 코스피 한정,64992
1-1b 코스피 상장 금융사,오가닉티코스메틱스홀딩스컴퍼니리미티드,,지주회사,,시장 (코스피 아님),코스닥 상장 — 계획서 7-2 코스피 한정,64992
1-1b 코스피 상장 금융사,오씨아이홀딩스 주식회사,,지주회사,,지주·기금 (금융지주 아님),지주회사(64992) — 금융지주회사법상 금융지주 아님,64992
1-1b 코스피 상장 금융사,완리인터내셔널홀딩스,,지주회사,,시장 (코스피 아님),기타 상장 — 계획서 7-2 코스피 한정,64992
1-1b 코스피 상장 금융사,웨이포트유한공사,,지주회사,,시장 (코스피 아님),기타 상장 — 계획서 7-2 코스피 한정,64992
1-1b 코스피 상장 금융사,윙입푸드홀딩스,,지주회사,,시장 (코스피 아님),코스닥 상장 — 계획서 7-2 코스피 한정,64992
1-1b 코스피 상장 금융사,일진홀딩스(주),,지주회사,,지주·기금 (금융지주 아님),지주회사(64992) — 금융지주회사법상 금융지주 아님,64992
1-1b 코스피 상장 금융사,주식회사 에프앤에프홀딩스,,지주회사,,지주·기금 (금융지주 아님),지주회사(64992) — 금융지주회사법상 금융지주 아님,64992
1-1b 코스피 상장 금융사,주식회사 엘엑스홀딩스,,지주회사,,지주·기금 (금융지주 아님),지주회사(64992) — 금융지주회사법상 금융지주 아님,64992
1-1b 코스피 상장 금융사,중국식품포장유한공사,,지주회사,,시장 (코스피 아님),기타 상장 — 계획서 7-2 코스피 한정,64992
1-1b 코스피 상장 금융사,중국원양자원유한공사,,지주회사,,시장 (코스피 아님),기타 상장 — 계획서 7-2 코스피 한정,64992
1-1b 코스피 상장 금융사,차이나그레이트스타인터내셔널리미티드,,지주회사,,시장 (코스피 아님),기타 상장 — 계획서 7-2 코스피 한정,64992
1-1b 코스피 상장 금융사,차이나크리스탈신소재홀딩스,,지주회사,,시장 (코스피 아님),코스닥 상장 — 계획서 7-2 코스피 한정,64992
1-1b 코스피 상장 금융사,차이나하오란리사이클링유한공사,,지주회사,,시장 (코스피 아님),기타 상장 — 계획서 7-2 코스피 한정,64992
1-1b 코스피 상장 금융사,케이만금세기차륜집단유한공사,,지주회사,,시장 (코스피 아님),기타 상장 — 계획서 7-2 코스피 한정,64992
1-1b 코스피 상장 금융사,케이씨그린홀딩스(주),,지주회사,,지주·기금 (금융지주 아님),지주회사(64992) — 금융지주회사법상 금융지주 아님,64992
1-1b 코스피 상장 금융사,코스맥스비티아이(주),,지주회사,,지주·기금 (금융지주 아님),지주회사(64992) — 금융지주회사법상 금융지주 아님,64992
1-1b 코스피 상장 금융사,코웰이홀딩스유한공사,,지주회사,,시장 (코스피 아님),기타 상장 — 계획서 7-2 코스피 한정,64992
1-1b 코스피 상장 금융사,콜마홀딩스(주),,지주회사,,지주·기금 (금융지주 아님),지주회사(64992) — 금융지주회사법상 금융지주 아님,64992
1-1b 코스피 상장 금융사,테라뷰홀딩스,,지주회사,,시장 (코스피 아님),코스닥 상장 — 계획서 7-2 코스피 한정,64992
1-1b 코스피 상장 금융사,평산차업집단유한공사,,지주회사,,시장 (코스피 아님),기타 상장 — 계획서 7-2 코스피 한정,64992
1-1b 코스피 상장 금융사,하림홀딩스,,지주회사,,시장 (코스피 아님),기타 상장 — 계획서 7-2 코스피 한정,64992
1-1b 코스피 상장 금융사,하이트진로홀딩스(주),,지주회사,,지주·기금 (금융지주 아님),지주회사(64992) — 금융지주회사법상 금융지주 아님,64992
1-1b 코스피 상장 금융사,한국앤컴퍼니(주),,지주회사,,지주·기금 (금융지주 아님),지주회사(64992) — 금융지주회사법상 금융지주 아님,64992
1-1b 코스피 상장 금융사,한국지주 주식회사,,지주회사,,시장 (코스피 아님),기타 상장 — 계획서 7-2 코스피 한정,64992
1-1b 코스피 상장 금융사,한미사이언스(주),,지주회사,,지주·기금 (금융지주 아님),지주회사(64992) — 금융지주회사법상 금융지주 아님,64992
1-1b 코스피 상장 금융사,한솔홀딩스(주),,지주회사,,지주·기금 (금융지주 아님),지주회사(64992) — 금융지주회사법상 금융지주 아님,64992
1-1b 코스피 상장 금융사,한화머시너리앤서비스홀딩스 주식회사,,지주회사,,지주·기금 (금융지주 아님),지주회사(64992) — 금융지주회사법상 금융지주 아님,64992
1-1b 코스피 상장 금융사,헝셩그룹유한회사,,지주회사,,시장 (코스피 아님),코스닥 상장 — 계획서 7-2 코스피 한정,64992
1-1b 코스피 상장 금융사,신한카드(주),,카드·할부금융,,시장 (코스피 아님),기타 상장 — 계획서 7-2 코스피 한정,64913
1-1b 코스피 상장 금융사,외환신용카드주식회사,,카드·할부금융,,시장 (코스피 아님),기타 상장 — 계획서 7-2 코스피 한정,64913
1-1b 코스피 상장 금융사,(주)에이치에스효성,,그외 기타 금융,,규모 (자산 2조 미만),연결자산총액 0.9084조 — 계획서 7-2 자산 2조 미만,64999
1-1b 코스피 상장 금융사,(주)한국토지신탁,,신탁·집합투자,,규모 (자산 2조 미만),연결자산총액 1.9909조 — 계획서 7-2 자산 2조 미만,642
1-1b 코스피 상장 금융사,스틱인베스트먼트(주),,신탁·집합투자,,규모 (자산 2조 미만),연결자산총액 0.3058조 — 계획서 7-2 자산 2조 미만,64201
1-1b 코스피 상장 금융사,한국자산신탁(주),,신탁·집합투자,,규모 (자산 2조 미만),연결자산총액 1.7382조 — 계획서 7-2 자산 2조 미만,642
1-1b 코스피 상장 금융사,(주)상상인증권,,증권,,규모 (자산 2조 미만),연결자산총액 1.2447조 — 계획서 7-2 자산 2조 미만,66121
1-1b 코스피 상장 금융사,부국증권(주),,증권,,규모 (자산 2조 미만),연결자산총액 1.8119조 — 계획서 7-2 자산 2조 미만,66121
1-1b 코스피 상장 금융사,유화증권(주),,증권,,규모 (자산 2조 미만),연결자산총액 0.8105조 — 계획서 7-2 자산 2조 미만,66121
1-1b 코스피 상장 금융사,한양증권(주),,증권,,규모 (자산 2조 미만),연결자산총액 1.8337조 — 계획서 7-2 자산 2조 미만,66121
1-2 금융 모회사의 종속,신한펀드파트너스,(주)신한금융지주회사,,,명목회사·펀드·SPC·신탁 상품,펀드·SPC·투자조합·신탁 상품·명목회사 — 계획서 7-2,
1-2 금융 모회사의 종속,제주은행,(주)신한금융지주회사,,,중복 (이미 명단·다른 지배회사·옛 이름),이미 명단에 있음 — 상장 또는 앞 단계 종속,
1-2 금융 모회사의 종속,하나펀드서비스,(주)하나금융지주,,,명목회사·펀드·SPC·신탁 상품,펀드·SPC·투자조합·신탁 상품·명목회사 — 계획서 7-2,
1-2 금융 모회사의 종속,하나캐피탈,(주)하나금융지주,,,우선주,우선주 등 — 지배력 판단에 쓰지 않음,
1-2 금융 모회사의 종속,우리펀드서비스㈜,(주)우리금융지주,,,명목회사·펀드·SPC·신탁 상품,펀드·SPC·투자조합·신탁 상품·명목회사 — 계획서 7-2,
1-2 금융 모회사의 종속,KIIH Advisors Japan,한국투자금융지주(주),,,해외 법인,해외 법인 — 계획서 7-2,
1-2 금융 모회사의 종속,KIARA ADVISORS,한국투자금융지주(주),,,해외 법인,해외 법인 — 계획서 7-2,
1-2 금융 모회사의 종속,iM INVESTMENT ASIA,(주)아이엠금융지주,,,해외 법인,해외 법인 — 계획서 7-2,
1-2 금융 모회사의 종속,SEOUL GUARANTEE INSURANCE MANAGEMENT(MENA) LTD,서울보증보험(주),,,해외 법인,해외 법인 — 계획서 7-2,
1-2 금융 모회사의 종속,밀라노 포르타누오바 유한회사,삼성생명보험(주),,,명목회사·펀드·SPC·신탁 상품,펀드·SPC·투자조합·신탁 상품·명목회사 — 계획서 7-2,
1-2 금융 모회사의 종속,북경삼성치업유한공사,삼성생명보험(주),,,해외 법인,해외 법인 — 계획서 7-2,
1-2 금융 모회사의 종속,삼성카드,삼성생명보험(주),,,중복 (이미 명단·다른 지배회사·옛 이름),이미 명단에 있음 — 상장 또는 앞 단계 종속,
1-2 금융 모회사의 종속,SVIC 46호 삼성생명 신기술사업투자조합,삼성생명보험(주),,,명목회사·펀드·SPC·신탁 상품,펀드·SPC·투자조합·신탁 상품·명목회사 — 계획서 7-2,
1-2 금융 모회사의 종속,2022 삼성 SBI ESG 펀드,삼성생명보험(주),,,명목회사·펀드·SPC·신탁 상품,펀드·SPC·투자조합·신탁 상품·명목회사 — 계획서 7-2,
1-2 금융 모회사의 종속,SVIC 60호 삼성생명 신기술사업투자조합,삼성생명보험(주),,,명목회사·펀드·SPC·신탁 상품,펀드·SPC·투자조합·신탁 상품·명목회사 — 계획서 7-2,
1-2 금융 모회사의 종속,한화손해보험,한화생명보험(주),,,중복 (이미 명단·다른 지배회사·옛 이름),이미 명단에 있음 — 상장 또는 앞 단계 종속,
1-2 금융 모회사의 종속,DP Real Estate Japan GK,한화생명보험(주),,,해외 법인,해외 법인 — 계획서 7-2,
1-2 금융 모회사의 종속,PT Bank Nationalnobu Tbk,한화생명보험(주),,,해외 법인,해외 법인 — 계획서 7-2,
1-2 금융 모회사의 종속,"Hanwha Life US Investment, LLC",한화생명보험(주),,,해외 법인,해외 법인 — 계획서 7-2,
1-2 금융 모회사의 종속,강소신재생에너지혁신펀드,한화생명보험(주),,,명목회사·펀드·SPC·신탁 상품,펀드·SPC·투자조합·신탁 상품·명목회사 — 계획서 7-2,
1-2 금융 모회사의 종속,한화드림펀드1호,한화생명보험(주),,,명목회사·펀드·SPC·신탁 상품,펀드·SPC·투자조합·신탁 상품·명목회사 — 계획서 7-2,
1-2 금융 모회사의 종속,한화손해보험,한화생명보험(주),,,우선주,우선주 등 — 지배력 판단에 쓰지 않음,
1-2 금융 모회사의 종속,한화생명금융서비스,한화생명보험(주),,,우선주,우선주 등 — 지배력 판단에 쓰지 않음,
1-2 금융 모회사의 종속,Hanwha Life Insurance(Vietnam) Ltd.,한화생명보험(주),,,해외 법인,해외 법인 — 계획서 7-2,
1-2 금융 모회사의 종속,PT. Hanwha Life Insurance Indonesia,한화생명보험(주),,,해외 법인,해외 법인 — 계획서 7-2,
1-2 금융 모회사의 종속,DP Real Estate America LLC,한화생명보험(주),,,해외 법인,해외 법인 — 계획서 7-2,
1-2 금융 모회사의 종속,삼성화재 유럽법인,삼성화재해상보험(주),,,해외 법인,해외 법인 — 계획서 7-2,
1-2 금융 모회사의 종속,삼성화재 인도네시아법인,삼성화재해상보험(주),,,해외 법인,해외 법인 — 계획서 7-2,
1-2 금융 모회사의 종속,삼성재산보험(중국) 유한공사,삼성화재해상보험(주),,,해외 법인,해외 법인 — 계획서 7-2,
1-2 금융 모회사의 종속,SVIC44호금융R&D신기술사업투자조합,삼성화재해상보험(주),,,명목회사·펀드·SPC·신탁 상품,펀드·SPC·투자조합·신탁 상품·명목회사 — 계획서 7-2,
1-2 금융 모회사의 종속,Fortuna Topco Limited,삼성화재해상보험(주),,,해외 법인,해외 법인 — 계획서 7-2,
1-2 금융 모회사의 종속,SVIC58호 삼성화재 신기술사업투자조합,삼성화재해상보험(주),,,명목회사·펀드·SPC·신탁 상품,펀드·SPC·투자조합·신탁 상품·명목회사 — 계획서 7-2,
1-2 금융 모회사의 종속,삼성화재-인포뱅크 창업초기혁신펀드,삼성화재해상보험(주),,,명목회사·펀드·SPC·신탁 상품,펀드·SPC·투자조합·신탁 상품·명목회사 — 계획서 7-2,
1-2 금융 모회사의 종속,삼성화재 미국관리법인,삼성화재해상보험(주),,,해외 법인,해외 법인 — 계획서 7-2,
1-2 금융 모회사의 종속,삼성화재-인포뱅크 밸류업 벤처투자조합,삼성화재해상보험(주),,,명목회사·펀드·SPC·신탁 상품,펀드·SPC·투자조합·신탁 상품·명목회사 — 계획서 7-2,
1-2 금융 모회사의 종속,삼성화재 베트남법인,삼성화재해상보험(주),,,해외 법인,해외 법인 — 계획서 7-2,
1-2 금융 모회사의 종속,삼성화재 싱가포르법인,삼성화재해상보험(주),,,해외 법인,해외 법인 — 계획서 7-2,
1-2 금융 모회사의 종속,삼성화재-인포뱅크 밸류업 벤처투자조합 2호,삼성화재해상보험(주),,,명목회사·펀드·SPC·신탁 상품,펀드·SPC·투자조합·신탁 상품·명목회사 — 계획서 7-2,
1-2 금융 모회사의 종속,DB생명,DB손해보험(주),,,우선주,우선주 등 — 지배력 판단에 쓰지 않음,
1-2 금융 모회사의 종속,PTI,DB손해보험(주),,,해외 법인,해외 법인 — 계획서 7-2,
1-2 금융 모회사의 종속,"DB ADVISORY AMERICA, LTD.",DB손해보험(주),,,해외 법인,해외 법인 — 계획서 7-2,
1-2 금융 모회사의 종속,John Mullen,DB손해보험(주),,,해외 법인,해외 법인 — 계획서 7-2,
1-2 금융 모회사의 종속,BSH,DB손해보험(주),,,해외 법인,해외 법인 — 계획서 7-2,
1-2 금융 모회사의 종속,DBV,DB손해보험(주),,,해외 법인,해외 법인 — 계획서 7-2,
1-2 금융 모회사의 종속,디비디지털혁신신기술투자조합,DB손해보험(주),,,명목회사·펀드·SPC·신탁 상품,펀드·SPC·투자조합·신탁 상품·명목회사 — 계획서 7-2,
1-2 금융 모회사의 종속,DB손사우선,DB손해보험(주),,,우선주,우선주 등 — 지배력 판단에 쓰지 않음,
1-2 금융 모회사의 종속,DB MnS,DB손해보험(주),,,해외 법인,해외 법인 — 계획서 7-2,
1-2 금융 모회사의 종속,스타트업 코리아 HGI 데모테크 펀드,현대해상화재보험(주),,,명목회사·펀드·SPC·신탁 상품,펀드·SPC·투자조합·신탁 상품·명목회사 — 계획서 7-2,
1-2 금융 모회사의 종속,"Hyundai Insurance Brokers Pte., Ltd",현대해상화재보험(주),,,해외 법인,해외 법인 — 계획서 7-2,
1-2 금융 모회사의 종속,Hyundai Investment America,현대해상화재보험(주),,,해외 법인,해외 법인 — 계획서 7-2,
1-2 금융 모회사의 종속,Lippo GNI,한화손해보험(주),,,해외 법인,해외 법인 — 계획서 7-2,
1-2 금융 모회사의 종속,2018 한화 IOT전문 신기술금융투자펀드,한화손해보험(주),,,명목회사·펀드·SPC·신탁 상품,펀드·SPC·투자조합·신탁 상품·명목회사 — 계획서 7-2,
1-2 금융 모회사의 종속,우리다이노제일호사모투자합자회사 (PEF),롯데손해보험(주),,,명목회사·펀드·SPC·신탁 상품,펀드·SPC·투자조합·신탁 상품·명목회사 — 계획서 7-2,
1-2 금융 모회사의 종속,Worldwide Insurance Services Limited,코리안리재보험(주),,,해외 법인,해외 법인 — 계획서 7-2,
1-2 금융 모회사의 종속,Korean Re Underwriting Limited,코리안리재보험(주),,,해외 법인,해외 법인 — 계획서 7-2,
1-2 금융 모회사의 종속,Korean Reinsurance Switzerland AG,코리안리재보험(주),,,해외 법인,해외 법인 — 계획서 7-2,
1-2 금융 모회사의 종속,"KoreanRe Insurance Services, Inc.",코리안리재보험(주),,,해외 법인,해외 법인 — 계획서 7-2,
1-2 금융 모회사의 종속,IMM글로벌PEF,미래에셋증권(주),,,명목회사·펀드·SPC·신탁 상품,펀드·SPC·투자조합·신탁 상품·명목회사 — 계획서 7-2,
1-2 금융 모회사의 종속,울산클린워터,미래에셋증권(주),,,우선주,우선주 등 — 지배력 판단에 쓰지 않음,
1-2 금융 모회사의 종속,MiraeAssetSecurities(UK),미래에셋증권(주),,,해외 법인,해외 법인 — 계획서 7-2,
1-2 금융 모회사의 종속,MiraeAssetSecuritiesHoldings(USA)Inc.,미래에셋증권(주),,,해외 법인,해외 법인 — 계획서 7-2,
1-2 금융 모회사의 종속,MiraeAssetSecurities(HK),미래에셋증권(주),,,해외 법인,해외 법인 — 계획서 7-2,
1-2 금융 모회사의 종속,MiraeAssetRealtySingapore,미래에셋증권(주),,,해외 법인,해외 법인 — 계획서 7-2,
1-2 금융 모회사의 종속,MiraeAssetCapitalMarkets(India)PrivateLimited,미래에셋증권(주),,,해외 법인,해외 법인 — 계획서 7-2,
1-2 금융 모회사의 종속,Human Value Developers Private Limited,미래에셋증권(주),,,해외 법인,해외 법인 — 계획서 7-2,
1-2 금융 모회사의 종속,DSIT원터치,미래에셋증권(주),,,우선주,우선주 등 — 지배력 판단에 쓰지 않음,
1-2 금융 모회사의 종속,미래에셋셀트리온신성장투자조합제1호,미래에셋증권(주),,,명목회사·펀드·SPC·신탁 상품,펀드·SPC·투자조합·신탁 상품·명목회사 — 계획서 7-2,
1-2 금융 모회사의 종속,미래에셋네이버아시아그로쓰사모투자합자회사,미래에셋증권(주),,,명목회사·펀드·SPC·신탁 상품,펀드·SPC·투자조합·신탁 상품·명목회사 — 계획서 7-2,
1-2 금융 모회사의 종속,미래에셋네이버신성장투자조합1호,미래에셋증권(주),,,명목회사·펀드·SPC·신탁 상품,펀드·SPC·투자조합·신탁 상품·명목회사 — 계획서 7-2,
1-2 금융 모회사의 종속,미래에셋글로벌유니콘사모투자합자회사,미래에셋증권(주),,,명목회사·펀드·SPC·신탁 상품,펀드·SPC·투자조합·신탁 상품·명목회사 — 계획서 7-2,
1-2 금융 모회사의 종속,미래에셋글로벌바이오투자조합제1호,미래에셋증권(주),,,명목회사·펀드·SPC·신탁 상품,펀드·SPC·투자조합·신탁 상품·명목회사 — 계획서 7-2,
1-2 금융 모회사의 종속,미래에셋GS리테일신성장투자조합 제1호,미래에셋증권(주),,,명목회사·펀드·SPC·신탁 상품,펀드·SPC·투자조합·신탁 상품·명목회사 — 계획서 7-2,
1-2 금융 모회사의 종속,MAVI 신성장 좋은기업 투자조합 2호,미래에셋증권(주),,,명목회사·펀드·SPC·신탁 상품,펀드·SPC·투자조합·신탁 상품·명목회사 — 계획서 7-2,
1-2 금융 모회사의 종속,MAVI 신성장 좋은기업 투자조합 1호,미래에셋증권(주),,,명목회사·펀드·SPC·신탁 상품,펀드·SPC·투자조합·신탁 상품·명목회사 — 계획서 7-2,
1-2 금융 모회사의 종속,미래에셋 세이지 신기술투자조합 1호,미래에셋증권(주),,,명목회사·펀드·SPC·신탁 상품,펀드·SPC·투자조합·신탁 상품·명목회사 — 계획서 7-2,
1-2 금융 모회사의 종속,미래에셋LG전자신성장투자조합1호,미래에셋증권(주),,,명목회사·펀드·SPC·신탁 상품,펀드·SPC·투자조합·신탁 상품·명목회사 — 계획서 7-2,
1-2 금융 모회사의 종속,미래에셋CJ대한통운신성장투자조합1호,미래에셋증권(주),,,명목회사·펀드·SPC·신탁 상품,펀드·SPC·투자조합·신탁 상품·명목회사 — 계획서 7-2,
1-2 금융 모회사의 종속,미래에셋글로벌뉴그린투자조합1호,미래에셋증권(주),,,명목회사·펀드·SPC·신탁 상품,펀드·SPC·투자조합·신탁 상품·명목회사 — 계획서 7-2,
1-2 금융 모회사의 종속,미래에셋세이지신기술투자조합2호,미래에셋증권(주),,,명목회사·펀드·SPC·신탁 상품,펀드·SPC·투자조합·신탁 상품·명목회사 — 계획서 7-2,
1-2 금융 모회사의 종속,미래에셋셀트리온바이오생태계육성펀드,미래에셋증권(주),,,명목회사·펀드·SPC·신탁 상품,펀드·SPC·투자조합·신탁 상품·명목회사 — 계획서 7-2,
1-2 금융 모회사의 종속,엘에스미래에셋ESG투자조합1호,미래에셋증권(주),,,명목회사·펀드·SPC·신탁 상품,펀드·SPC·투자조합·신탁 상품·명목회사 — 계획서 7-2,
1-2 금융 모회사의 종속,미래에셋글로벌혁신성장투자조합1호,미래에셋증권(주),,,명목회사·펀드·SPC·신탁 상품,펀드·SPC·투자조합·신탁 상품·명목회사 — 계획서 7-2,
1-2 금융 모회사의 종속,미래에셋글로벌스페이스투자조합1호,미래에셋증권(주),,,명목회사·펀드·SPC·신탁 상품,펀드·SPC·투자조합·신탁 상품·명목회사 — 계획서 7-2,
1-2 금융 모회사의 종속,미래에셋이마트신성장투자조합1호,미래에셋증권(주),,,명목회사·펀드·SPC·신탁 상품,펀드·SPC·투자조합·신탁 상품·명목회사 — 계획서 7-2,
1-2 금융 모회사의 종속,미래에셋케이티앤지신성장투자조합1호,미래에셋증권(주),,,명목회사·펀드·SPC·신탁 상품,펀드·SPC·투자조합·신탁 상품·명목회사 — 계획서 7-2,
1-2 금융 모회사의 종속,미래에셋파트너스제11호사모투자합자회사,미래에셋증권(주),,,명목회사·펀드·SPC·신탁 상품,펀드·SPC·투자조합·신탁 상품·명목회사 — 계획서 7-2,
1-2 금융 모회사의 종속,미래에셋제트투자조합2호,미래에셋증권(주),,,명목회사·펀드·SPC·신탁 상품,펀드·SPC·투자조합·신탁 상품·명목회사 — 계획서 7-2,
1-2 금융 모회사의 종속,미래에셋글로벌섹터리더투자조합1호,미래에셋증권(주),,,명목회사·펀드·SPC·신탁 상품,펀드·SPC·투자조합·신탁 상품·명목회사 — 계획서 7-2,
1-2 금융 모회사의 종속,미래에셋글로벌혁신성장투자조합2호,미래에셋증권(주),,,명목회사·펀드·SPC·신탁 상품,펀드·SPC·투자조합·신탁 상품·명목회사 — 계획서 7-2,
1-2 금융 모회사의 종속,미래에셋AI투자조합1호,미래에셋증권(주),,,명목회사·펀드·SPC·신탁 상품,펀드·SPC·투자조합·신탁 상품·명목회사 — 계획서 7-2,
1-2 금융 모회사의 종속,미래에셋글로벌딥서치투자조합1호,미래에셋증권(주),,,명목회사·펀드·SPC·신탁 상품,펀드·SPC·투자조합·신탁 상품·명목회사 — 계획서 7-2,
1-2 금융 모회사의 종속,미래에셋데모테크프론티어투자조합1호,미래에셋증권(주),,,명목회사·펀드·SPC·신탁 상품,펀드·SPC·투자조합·신탁 상품·명목회사 — 계획서 7-2,
1-2 금융 모회사의 종속,미래에셋 바이오 프론티어 투자조합,미래에셋증권(주),,,명목회사·펀드·SPC·신탁 상품,펀드·SPC·투자조합·신탁 상품·명목회사 — 계획서 7-2,
1-2 금융 모회사의 종속,미래에셋 글로벌딥테크 투자조합1호,미래에셋증권(주),,,명목회사·펀드·SPC·신탁 상품,펀드·SPC·투자조합·신탁 상품·명목회사 — 계획서 7-2,
1-2 금융 모회사의 종속,NH nvestment & Securities Europe Ltd,엔에이치투자증권(주),,,해외 법인,해외 법인 — 계획서 7-2,
1-2 금융 모회사의 종속,플루오로 소재 신기술조합,엔에이치투자증권(주),,,명목회사·펀드·SPC·신탁 상품,펀드·SPC·투자조합·신탁 상품·명목회사 — 계획서 7-2,
1-2 금융 모회사의 종속,엔에이치 앰버트리 벤처투자조합,엔에이치투자증권(주),,,명목회사·펀드·SPC·신탁 상품,펀드·SPC·투자조합·신탁 상품·명목회사 — 계획서 7-2,
1-2 금융 모회사의 종속,IBKS-뉴젠 케이푸드 신기술투자조합,엔에이치투자증권(주),,,명목회사·펀드·SPC·신탁 상품,펀드·SPC·투자조합·신탁 상품·명목회사 — 계획서 7-2,
1-2 금융 모회사의 종속,엔에이치-메리츠 바이오 신기술투자조합 제1호,엔에이치투자증권(주),,,명목회사·펀드·SPC·신탁 상품,펀드·SPC·투자조합·신탁 상품·명목회사 — 계획서 7-2,
1-2 금융 모회사의 종속,NH앱솔루트리턴일반사모투자신탁제1호,엔에이치투자증권(주),,,명목회사·펀드·SPC·신탁 상품,펀드·SPC·투자조합·신탁 상품·명목회사 — 계획서 7-2,
1-2 금융 모회사의 종속,영구대광방지산개발유한공사,엔에이치투자증권(주),,,해외 법인,해외 법인 — 계획서 7-2,
1-2 금융 모회사의 종속,산동한상치업유한공사,엔에이치투자증권(주),,,해외 법인,해외 법인 — 계획서 7-2,
1-2 금융 모회사의 종속,EdupalaceINC,엔에이치투자증권(주),,,해외 법인,해외 법인 — 계획서 7-2,
1-2 금융 모회사의 종속,이아이피인베스트먼트인프라1호사모투자합자회사,엔에이치투자증권(주),,,명목회사·펀드·SPC·신탁 상품,펀드·SPC·투자조합·신탁 상품·명목회사 — 계획서 7-2,
1-2 금융 모회사의 종속,트루벤글로벌헬스케어사모투자합자회사,엔에이치투자증권(주),,,명목회사·펀드·SPC·신탁 상품,펀드·SPC·투자조합·신탁 상품·명목회사 — 계획서 7-2,
1-2 금융 모회사의 종속,"NHI nvestment & Securities America, INC",엔에이치투자증권(주),,,해외 법인,해외 법인 — 계획서 7-2,
1-2 금융 모회사의 종속,스타셋-디에이밸류헬스케어투자조합2호,엔에이치투자증권(주),,,명목회사·펀드·SPC·신탁 상품,펀드·SPC·투자조합·신탁 상품·명목회사 — 계획서 7-2,
1-2 금융 모회사의 종속,NH Investment & Securities (H.K)Ltd.,엔에이치투자증권(주),,,해외 법인,해외 법인 — 계획서 7-2,
1-2 금융 모회사의 종속,스퀘어-디에이밸류신기술투자조합제1호,엔에이치투자증권(주),,,명목회사·펀드·SPC·신탁 상품,펀드·SPC·투자조합·신탁 상품·명목회사 — 계획서 7-2,
1-2 금융 모회사의 종속,NH Absolute Return Partners Pte.Ltd,엔에이치투자증권(주),,,해외 법인,해외 법인 — 계획서 7-2,
1-2 금융 모회사의 종속,엔에이치-호라이즌세컨더리신기술조합,엔에이치투자증권(주),,,명목회사·펀드·SPC·신탁 상품,펀드·SPC·투자조합·신탁 상품·명목회사 — 계획서 7-2,
1-2 금융 모회사의 종속,레이크브릿지-삼성증권성장기업1호신기술사업투자조합,엔에이치투자증권(주),,,명목회사·펀드·SPC·신탁 상품,펀드·SPC·투자조합·신탁 상품·명목회사 — 계획서 7-2,
1-2 금융 모회사의 종속,리커버리파트너스㈜,엔에이치투자증권(주),,,우선주,우선주 등 — 지배력 판단에 쓰지 않음,
1-2 금융 모회사의 종속,에이치비 러닝메이트 투자조합,엔에이치투자증권(주),,,명목회사·펀드·SPC·신탁 상품,펀드·SPC·투자조합·신탁 상품·명목회사 — 계획서 7-2,
1-2 금융 모회사의 종속,NH Absolute Global Opportunity Fund,엔에이치투자증권(주),,,해외 법인,해외 법인 — 계획서 7-2,
1-2 금융 모회사의 종속,펜타스톤브릿지1호신기술투자조합,엔에이치투자증권(주),,,명목회사·펀드·SPC·신탁 상품,펀드·SPC·투자조합·신탁 상품·명목회사 — 계획서 7-2,
1-2 금융 모회사의 종속,에스제이지피와이지신기술투자조합제1호,엔에이치투자증권(주),,,명목회사·펀드·SPC·신탁 상품,펀드·SPC·투자조합·신탁 상품·명목회사 — 계획서 7-2,
1-2 금융 모회사의 종속,NH Absolute Return Investment Strategies Fund,엔에이치투자증권(주),,,해외 법인,해외 법인 — 계획서 7-2,
1-2 금융 모회사의 종속,엔에이치디지털얼라이언스펀드,엔에이치투자증권(주),,,명목회사·펀드·SPC·신탁 상품,펀드·SPC·투자조합·신탁 상품·명목회사 — 계획서 7-2,
1-2 금융 모회사의 종속,PT.NH Korindo Securitas Indonesia,엔에이치투자증권(주),,,해외 법인,해외 법인 — 계획서 7-2,
1-2 금융 모회사의 종속,뉴메인-원티드랩1호신기술조합,엔에이치투자증권(주),,,명목회사·펀드·SPC·신탁 상품,펀드·SPC·투자조합·신탁 상품·명목회사 — 계획서 7-2,
1-2 금융 모회사의 종속,"NH Securities Vietnam Co.,Ltd.",엔에이치투자증권(주),,,해외 법인,해외 법인 — 계획서 7-2,
1-2 금융 모회사의 종속,하이와이지윈윈신기술투자조합제2호,엔에이치투자증권(주),,,명목회사·펀드·SPC·신탁 상품,펀드·SPC·투자조합·신탁 상품·명목회사 — 계획서 7-2,
1-2 금융 모회사의 종속,SKYWALK-KAITitan신기술투자조합1호,엔에이치투자증권(주),,,명목회사·펀드·SPC·신탁 상품,펀드·SPC·투자조합·신탁 상품·명목회사 — 계획서 7-2,
1-2 금융 모회사의 종속,북경NH투자자문유한공사,엔에이치투자증권(주),,,해외 법인,해외 법인 — 계획서 7-2,
1-2 금융 모회사의 종속,데일리바이오헬스케어6호창업벤처전문사모투자합자회사,엔에이치투자증권(주),,,명목회사·펀드·SPC·신탁 상품,펀드·SPC·투자조합·신탁 상품·명목회사 — 계획서 7-2,
1-2 금융 모회사의 종속,마그나K뷰티-I펀드,엔에이치투자증권(주),,,명목회사·펀드·SPC·신탁 상품,펀드·SPC·투자조합·신탁 상품·명목회사 — 계획서 7-2,
1-2 금융 모회사의 종속,에스제이지Pre-IPO신기술투자조합제2호,엔에이치투자증권(주),,,명목회사·펀드·SPC·신탁 상품,펀드·SPC·투자조합·신탁 상품·명목회사 — 계획서 7-2,
1-2 금융 모회사의 종속,KIWOOM ASSET MANAGEMENT ASIA PTE. LTD.,키움증권(주),,,해외 법인,해외 법인 — 계획서 7-2,
1-2 금융 모회사의 종속,대신-컴파-패스웨이 신기술투자조합 제1호,키움증권(주),,,명목회사·펀드·SPC·신탁 상품,펀드·SPC·투자조합·신탁 상품·명목회사 — 계획서 7-2,
1-2 금융 모회사의 종속,씨씨지아이 라이프 그로쓰 사모투자합자회사,키움증권(주),,,명목회사·펀드·SPC·신탁 상품,펀드·SPC·투자조합·신탁 상품·명목회사 — 계획서 7-2,
1-2 금융 모회사의 종속,플렉서스 에스제이지 바이오 1호 투자조합,키움증권(주),,,명목회사·펀드·SPC·신탁 상품,펀드·SPC·투자조합·신탁 상품·명목회사 — 계획서 7-2,
1-2 금융 모회사의 종속,앨리스파트너스 11호 벤처투자조합,키움증권(주),,,명목회사·펀드·SPC·신탁 상품,펀드·SPC·투자조합·신탁 상품·명목회사 — 계획서 7-2,
1-2 금융 모회사의 종속,Kiwoom Securities Holdings USA Inc.,키움증권(주),,,해외 법인,해외 법인 — 계획서 7-2,
1-2 금융 모회사의 종속,프렌드 신기술사업투자조합 36호,키움증권(주),,,명목회사·펀드·SPC·신탁 상품,펀드·SPC·투자조합·신탁 상품·명목회사 — 계획서 7-2,
1-2 금융 모회사의 종속,하랑바이오신기술투자조합 2호,키움증권(주),,,명목회사·펀드·SPC·신탁 상품,펀드·SPC·투자조합·신탁 상품·명목회사 — 계획서 7-2,
1-2 금융 모회사의 종속,프렌드 신기술사업투자조합 24호,키움증권(주),,,명목회사·펀드·SPC·신탁 상품,펀드·SPC·투자조합·신탁 상품·명목회사 — 계획서 7-2,
1-2 금융 모회사의 종속,키움크리스 제일호 사모투자합자회사,키움증권(주),,,명목회사·펀드·SPC·신탁 상품,펀드·SPC·투자조합·신탁 상품·명목회사 — 계획서 7-2,
1-2 금융 모회사의 종속,푸른 단델리온 배터리 신기술투자조합,키움증권(주),,,명목회사·펀드·SPC·신탁 상품,펀드·SPC·투자조합·신탁 상품·명목회사 — 계획서 7-2,
1-2 금융 모회사의 종속,Kiwoom Asia Feeder Fund,키움증권(주),,,해외 법인,해외 법인 — 계획서 7-2,
1-2 금융 모회사의 종속,포지티브 로보틱스 벤처투자조합 제1호,키움증권(주),,,명목회사·펀드·SPC·신탁 상품,펀드·SPC·투자조합·신탁 상품·명목회사 — 계획서 7-2,
1-2 금융 모회사의 종속,Kiwoom Asia Growth Fund I,키움증권(주),,,해외 법인,해외 법인 — 계획서 7-2,
1-2 금융 모회사의 종속,Kiwoom Asia Growth Fund Ⅱ,키움증권(주),,,해외 법인,해외 법인 — 계획서 7-2,
1-2 금융 모회사의 종속,다우홍콩유한공사,키움증권(주),,,해외 법인,해외 법인 — 계획서 7-2,
1-2 금융 모회사의 종속,키움-VEP 1호 신기술사업투자조합,키움증권(주),,,명목회사·펀드·SPC·신탁 상품,펀드·SPC·투자조합·신탁 상품·명목회사 — 계획서 7-2,
1-2 금융 모회사의 종속,아크 앤코어 에듀테크 신기술투자조합 제1호,키움증권(주),,,명목회사·펀드·SPC·신탁 상품,펀드·SPC·투자조합·신탁 상품·명목회사 — 계획서 7-2,
1-2 금융 모회사의 종속,PT Kiwoom sekuritas Indonesia,키움증권(주),,,해외 법인,해외 법인 — 계획서 7-2,
1-2 금융 모회사의 종속,BNW-키움 엔이엑스 PEF,키움증권(주),,,명목회사·펀드·SPC·신탁 상품,펀드·SPC·투자조합·신탁 상품·명목회사 — 계획서 7-2,
1-2 금융 모회사의 종속,원신한글로벌신기술투자조합4호,키움증권(주),,,명목회사·펀드·SPC·신탁 상품,펀드·SPC·투자조합·신탁 상품·명목회사 — 계획서 7-2,
1-2 금융 모회사의 종속,케이와이 글로벌셀엔진 사모투자합자회사 제1호,키움증권(주),,,명목회사·펀드·SPC·신탁 상품,펀드·SPC·투자조합·신탁 상품·명목회사 — 계획서 7-2,
1-2 금융 모회사의 종속,아이비케이에스 혁신 소부장 신기술투자조합 제2호,키움증권(주),,,명목회사·펀드·SPC·신탁 상품,펀드·SPC·투자조합·신탁 상품·명목회사 — 계획서 7-2,
1-2 금융 모회사의 종속,아이온 코너스톤 로봇 신기술조합,키움증권(주),,,명목회사·펀드·SPC·신탁 상품,펀드·SPC·투자조합·신탁 상품·명목회사 — 계획서 7-2,
1-2 금융 모회사의 종속,아트만-JB-글로벌원 신기술조합,키움증권(주),,,명목회사·펀드·SPC·신탁 상품,펀드·SPC·투자조합·신탁 상품·명목회사 — 계획서 7-2,
1-2 금융 모회사의 종속,키움홍콩,키움증권(주),,,해외 법인,해외 법인 — 계획서 7-2,
1-2 금융 모회사의 종속,이노-엔베스터 테라뷰 펀드,키움증권(주),,,명목회사·펀드·SPC·신탁 상품,펀드·SPC·투자조합·신탁 상품·명목회사 — 계획서 7-2,
1-2 금융 모회사의 종속,딥테크신기술투자조합1호,키움증권(주),,,명목회사·펀드·SPC·신탁 상품,펀드·SPC·투자조합·신탁 상품·명목회사 — 계획서 7-2,
1-2 금융 모회사의 종속,대신 신기술투자조합 제15호,키움증권(주),,,명목회사·펀드·SPC·신탁 상품,펀드·SPC·투자조합·신탁 상품·명목회사 — 계획서 7-2,
1-2 금융 모회사의 종속,라이프스페이스타임 신기술투자조합 제2호,키움증권(주),,,명목회사·펀드·SPC·신탁 상품,펀드·SPC·투자조합·신탁 상품·명목회사 — 계획서 7-2,
1-2 금융 모회사의 종속,Kiwoom Daou Japan Venture Fund 1,키움증권(주),,,해외 법인,해외 법인 — 계획서 7-2,
1-2 금융 모회사의 종속,베스티안-카스피안 T 6호 신기술투자조합,키움증권(주),,,명목회사·펀드·SPC·신탁 상품,펀드·SPC·투자조합·신탁 상품·명목회사 — 계획서 7-2,
1-2 금융 모회사의 종속,브릿지-엠티아이 바이오 신기술투자조합,키움증권(주),,,명목회사·펀드·SPC·신탁 상품,펀드·SPC·투자조합·신탁 상품·명목회사 — 계획서 7-2,
1-2 금융 모회사의 종속,메리츠-케이클라비스 신기술조합 제일호,삼성증권(주),,,명목회사·펀드·SPC·신탁 상품,펀드·SPC·투자조합·신탁 상품·명목회사 — 계획서 7-2,
1-2 금융 모회사의 종속,레이크브릿지-삼성증권 성장기업 제1호 신기술조합,삼성증권(주),,,명목회사·펀드·SPC·신탁 상품,펀드·SPC·투자조합·신탁 상품·명목회사 — 계획서 7-2,
1-2 금융 모회사의 종속,티티유이베스트핀테크신기술조합제77호,삼성증권(주),,,명목회사·펀드·SPC·신탁 상품,펀드·SPC·투자조합·신탁 상품·명목회사 — 계획서 7-2,
1-2 금융 모회사의 종속,디에이 프롭테크 신기술투자조합 제1호,삼성증권(주),,,명목회사·펀드·SPC·신탁 상품,펀드·SPC·투자조합·신탁 상품·명목회사 — 계획서 7-2,
1-2 금융 모회사의 종속,삼성 콜렉션 프리미엄 신기술사업투자조합 제1호,삼성증권(주),,,명목회사·펀드·SPC·신탁 상품,펀드·SPC·투자조합·신탁 상품·명목회사 — 계획서 7-2,
1-2 금융 모회사의 종속,삼성 AI반도체 신기술사업투자조합 제2호,삼성증권(주),,,명목회사·펀드·SPC·신탁 상품,펀드·SPC·투자조합·신탁 상품·명목회사 — 계획서 7-2,
1-2 금융 모회사의 종속,삼성-안다H 메자닌 신기술사업투자조합 제1호,삼성증권(주),,,명목회사·펀드·SPC·신탁 상품,펀드·SPC·투자조합·신탁 상품·명목회사 — 계획서 7-2,
1-2 금융 모회사의 종속,GEN2 KS Korea Credit Fund 1 IC,삼성증권(주),,,해외 법인,해외 법인 — 계획서 7-2,
1-2 금융 모회사의 종속,"Caldera Pacific Haku II,L.P.",삼성증권(주),,,해외 법인,해외 법인 — 계획서 7-2,
1-2 금융 모회사의 종속,Samsung Securities (Europe) Limited.,삼성증권(주),,,해외 법인,해외 법인 — 계획서 7-2,
1-2 금융 모회사의 종속,Samsung Securities (America) Inc.,삼성증권(주),,,해외 법인,해외 법인 — 계획서 7-2,
1-2 금융 모회사의 종속,Samsung Securities (Asia) Limited.,삼성증권(주),,,해외 법인,해외 법인 — 계획서 7-2,
1-2 금융 모회사의 종속,Daishin NY LLC,대신증권(주),,,해외 법인,해외 법인 — 계획서 7-2,
1-2 금융 모회사의 종속,DS 378 WEA LLC,대신증권(주),,,해외 법인,해외 법인 — 계획서 7-2,
1-2 금융 모회사의 종속,Invest 400 MA LLC,대신증권(주),,,해외 법인,해외 법인 — 계획서 7-2,
1-2 금융 모회사의 종속,대신-케이앤티 신기술투자조합 제1호,대신증권(주),,,명목회사·펀드·SPC·신탁 상품,펀드·SPC·투자조합·신탁 상품·명목회사 — 계획서 7-2,
1-2 금융 모회사의 종속,대신 신기술투자조합 제15호,대신증권(주),,,명목회사·펀드·SPC·신탁 상품,펀드·SPC·투자조합·신탁 상품·명목회사 — 계획서 7-2,
1-2 금융 모회사의 종속,2025 IBKVC-대신 넥스트 밸류업 펀드,대신증권(주),,,명목회사·펀드·SPC·신탁 상품,펀드·SPC·투자조합·신탁 상품·명목회사 — 계획서 7-2,
1-2 금융 모회사의 종속,Daishin Singapore PTE.LTD,대신증권(주),,,해외 법인,해외 법인 — 계획서 7-2,
1-2 금융 모회사의 종속,Daishin America LLC,대신증권(주),,,해외 법인,해외 법인 — 계획서 7-2,
1-2 금융 모회사의 종속,Daishin Tokyo Godo Kaisha,대신증권(주),,,해외 법인,해외 법인 — 계획서 7-2,
1-2 금융 모회사의 종속,에스제이울트라브이1호투자조합,유안타증권(주),,,명목회사·펀드·SPC·신탁 상품,펀드·SPC·투자조합·신탁 상품·명목회사 — 계획서 7-2,
1-2 금융 모회사의 종속,Orion Squire Capital,유안타증권(주),,,해외 법인,해외 법인 — 계획서 7-2,
1-2 금융 모회사의 종속,Yuanta Financial (Hong Kong) Limited,유안타증권(주),,,해외 법인,해외 법인 — 계획서 7-2,
1-2 금융 모회사의 종속,아이비케이씨(IBKC) 교보 메자닌 신기술사업투자조합 제1호,교보증권(주),,,명목회사·펀드·SPC·신탁 상품,펀드·SPC·투자조합·신탁 상품·명목회사 — 계획서 7-2,
1-2 금융 모회사의 종속,교보 KDBC 머니볼 신기술투자조합 제1호,교보증권(주),,,명목회사·펀드·SPC·신탁 상품,펀드·SPC·투자조합·신탁 상품·명목회사 — 계획서 7-2,
1-2 금융 모회사의 종속,교보증권 V-롱숏일반사모투자신탁,교보증권(주),,,명목회사·펀드·SPC·신탁 상품,펀드·SPC·투자조합·신탁 상품·명목회사 — 계획서 7-2,
1-2 금융 모회사의 종속,Zharyk Zhol Company 2007. LLP,한화투자증권(주),,,해외 법인,해외 법인 — 계획서 7-2,
1-2 금융 모회사의 종속,Pinetree Securities Pte.Ltd.,한화투자증권(주),,,해외 법인,해외 법인 — 계획서 7-2,
1-2 금융 모회사의 종속,Pinetree Securities Corporation,한화투자증권(주),,,해외 법인,해외 법인 — 계획서 7-2,
1-2 금융 모회사의 종속,PT Ciptadana Sekuritas Asia,한화투자증권(주),,,해외 법인,해외 법인 — 계획서 7-2,
1-2 금융 모회사의 종속,한화이에스에스(ESS)신기술투자조합,한화투자증권(주),,,명목회사·펀드·SPC·신탁 상품,펀드·SPC·투자조합·신탁 상품·명목회사 — 계획서 7-2,
1-2 금융 모회사의 종속,밸류시스템 ESG 일반 사모투자신탁,한화투자증권(주),,,명목회사·펀드·SPC·신탁 상품,펀드·SPC·투자조합·신탁 상품·명목회사 — 계획서 7-2,
1-2 금융 모회사의 종속,2020한화미래환경신기술사업투자조합,한화투자증권(주),,,명목회사·펀드·SPC·신탁 상품,펀드·SPC·투자조합·신탁 상품·명목회사 — 계획서 7-2,
1-2 금융 모회사의 종속,PT Ciptadana Asset Management,한화투자증권(주),,,해외 법인,해외 법인 — 계획서 7-2,
1-2 금융 모회사의 종속,KOTAM 항공기 일반 사모특별자산투자신탁 제2호,한화투자증권(주),,,명목회사·펀드·SPC·신탁 상품,펀드·SPC·투자조합·신탁 상품·명목회사 — 계획서 7-2,
1-2 금융 모회사의 종속,티케이지-씨엘1호신기술투자조합,한화투자증권(주),,,명목회사·펀드·SPC·신탁 상품,펀드·SPC·투자조합·신탁 상품·명목회사 — 계획서 7-2,
1-2 금융 모회사의 종속,한화 라플라스 벤처투자조합 4호,한화투자증권(주),,,명목회사·펀드·SPC·신탁 상품,펀드·SPC·투자조합·신탁 상품·명목회사 — 계획서 7-2,
1-2 금융 모회사의 종속,원익 2025 넥스트 아이콘 펀드,한화투자증권(주),,,명목회사·펀드·SPC·신탁 상품,펀드·SPC·투자조합·신탁 상품·명목회사 — 계획서 7-2,
1-2 금융 모회사의 종속,멜론에셋일반사모투자신탁제13호,한화투자증권(주),,,명목회사·펀드·SPC·신탁 상품,펀드·SPC·투자조합·신탁 상품·명목회사 — 계획서 7-2,
1-2 금융 모회사의 종속,누림에이스하이일드일반사모증권제2호,DB증권(주),,,명목회사·펀드·SPC·신탁 상품,펀드·SPC·투자조합·신탁 상품·명목회사 — 계획서 7-2,
1-2 금융 모회사의 종속,케이방산1호신기술사업투자조합,DB증권(주),,,명목회사·펀드·SPC·신탁 상품,펀드·SPC·투자조합·신탁 상품·명목회사 — 계획서 7-2,
1-2 금융 모회사의 종속,한화현대차에이티피신기술조합 1호,현대차증권(주),,,명목회사·펀드·SPC·신탁 상품,펀드·SPC·투자조합·신탁 상품·명목회사 — 계획서 7-2,
1-2 금융 모회사의 종속,크리노베이션미래신기술조합,현대차증권(주),,,명목회사·펀드·SPC·신탁 상품,펀드·SPC·투자조합·신탁 상품·명목회사 — 계획서 7-2,
1-2 금융 모회사의 종속,Global Gateway Access Ⅰ Ltd,유진투자증권(주),,,해외 법인,해외 법인 — 계획서 7-2,
1-2 금융 모회사의 종속,케이클라비스 메티스 신기술조합 제일호,유진투자증권(주),,,명목회사·펀드·SPC·신탁 상품,펀드·SPC·투자조합·신탁 상품·명목회사 — 계획서 7-2,
1-2 금융 모회사의 종속,Global Gateway Access III Ltd_Fazz,유진투자증권(주),,,해외 법인,해외 법인 — 계획서 7-2,
1-2 금융 모회사의 종속,아이엠(iM) AI헬스케어 벤처펀드,유진투자증권(주),,,명목회사·펀드·SPC·신탁 상품,펀드·SPC·투자조합·신탁 상품·명목회사 — 계획서 7-2,
1-2 금융 모회사의 종속,iM-IV AI항공우주 벤처펀드,유진투자증권(주),,,명목회사·펀드·SPC·신탁 상품,펀드·SPC·투자조합·신탁 상품·명목회사 — 계획서 7-2,
1-2 금융 모회사의 종속,유진 이노베이티브 헬스케어 1호 신기술사업투자조합,유진투자증권(주),,,명목회사·펀드·SPC·신탁 상품,펀드·SPC·투자조합·신탁 상품·명목회사 — 계획서 7-2,
1-2 금융 모회사의 종속,원신한 인슈어테크 신기술투자조합 제1호,유진투자증권(주),,,명목회사·펀드·SPC·신탁 상품,펀드·SPC·투자조합·신탁 상품·명목회사 — 계획서 7-2,
1-2 금융 모회사의 종속,유진 뉴컬쳐 1호,유진투자증권(주),,,명목회사·펀드·SPC·신탁 상품,펀드·SPC·투자조합·신탁 상품·명목회사 — 계획서 7-2,
1-2 금융 모회사의 종속,KQ Innovation Holdings,유진투자증권(주),,,해외 법인,해외 법인 — 계획서 7-2,
1-2 금융 모회사의 종속,유진아시아푸드테크 신기술투자조합 1호,유진투자증권(주),,,명목회사·펀드·SPC·신탁 상품,펀드·SPC·투자조합·신탁 상품·명목회사 — 계획서 7-2,
1-2 금융 모회사의 종속,유진-KDBC Pre-IPO 신기술조합,유진투자증권(주),,,명목회사·펀드·SPC·신탁 상품,펀드·SPC·투자조합·신탁 상품·명목회사 — 계획서 7-2,
1-2 금융 모회사의 종속,유진-스킬라 NFI 신기술조합,유진투자증권(주),,,명목회사·펀드·SPC·신탁 상품,펀드·SPC·투자조합·신탁 상품·명목회사 — 계획서 7-2,
1-2 금융 모회사의 종속,Daol (Thailand) PCL,다올투자증권(주),,,해외 법인,해외 법인 — 계획서 7-2,
1-2 금융 모회사의 종속,"Daol New York, LLC",다올투자증권(주),,,해외 법인,해외 법인 — 계획서 7-2,
1-2 금융 모회사의 종속,라이프-대아 스마트 에너지 신기술투자조합 LP출자,다올투자증권(주),,,명목회사·펀드·SPC·신탁 상품,펀드·SPC·투자조합·신탁 상품·명목회사 — 계획서 7-2,
1-2 금융 모회사의 종속,에스앤에스-엘로힘 2호 신기술사업조합,신영증권(주),,,명목회사·펀드·SPC·신탁 상품,펀드·SPC·투자조합·신탁 상품·명목회사 — 계획서 7-2,
1-2 금융 모회사의 종속,신영젠티움신기술 사업투자조합,신영증권(주),,,명목회사·펀드·SPC·신탁 상품,펀드·SPC·투자조합·신탁 상품·명목회사 — 계획서 7-2,
1-2 금융 모회사의 종속,엔슬13호벤처투자조합,SK증권(주),,,명목회사·펀드·SPC·신탁 상품,펀드·SPC·투자조합·신탁 상품·명목회사 — 계획서 7-2,
1-2 금융 모회사의 종속,GP K-5G Fund 1,SK증권(주),,,해외 법인,해외 법인 — 계획서 7-2,
1-2 금융 모회사의 종속,에스케이-뉴메인 메자닌 신기술금융조합,SK증권(주),,,명목회사·펀드·SPC·신탁 상품,펀드·SPC·투자조합·신탁 상품·명목회사 — 계획서 7-2,
1-2 금융 모회사의 종속,SK Securities Investment Asia Ltd,SK증권(주),,,해외 법인,해외 법인 — 계획서 7-2,
1-2 금융 모회사의 종속,에스케이에스 마이데이터 사모투자합자회사,SK증권(주),,,명목회사·펀드·SPC·신탁 상품,펀드·SPC·투자조합·신탁 상품·명목회사 — 계획서 7-2,
1-2 금융 모회사의 종속,제이앤더블유글로벌핀테크사모투자합자회사,SK증권(주),,,명목회사·펀드·SPC·신탁 상품,펀드·SPC·투자조합·신탁 상품·명목회사 — 계획서 7-2,
1-2 금융 모회사의 종속,로드제일호바이오사모투자합자회사,SK증권(주),,,명목회사·펀드·SPC·신탁 상품,펀드·SPC·투자조합·신탁 상품·명목회사 — 계획서 7-2,
1-2 금융 모회사의 종속,리오제이호사모투자합자회사,SK증권(주),,,명목회사·펀드·SPC·신탁 상품,펀드·SPC·투자조합·신탁 상품·명목회사 — 계획서 7-2,
1-2 금융 모회사의 종속,로드제이호이에스지사모투자합자회사,SK증권(주),,,명목회사·펀드·SPC·신탁 상품,펀드·SPC·투자조합·신탁 상품·명목회사 — 계획서 7-2,
1-2 금융 모회사의 종속,SKS-스타벤처스 제1호,SK증권(주),,,명목회사·펀드·SPC·신탁 상품,펀드·SPC·투자조합·신탁 상품·명목회사 — 계획서 7-2,
1-2 금융 모회사의 종속,스타이노베이션 제2호 벤처투자조합,SK증권(주),,,명목회사·펀드·SPC·신탁 상품,펀드·SPC·투자조합·신탁 상품·명목회사 — 계획서 7-2,
1-2 금융 모회사의 종속,페이민트㈜,주식회사 카카오페이,금융 키워드 없음,,비금융 추정 (코드·키워드 없음),코드 없음·금융 키워드 없음 — 비금융 추정 (검토 파일 확인),
1-2 금융 모회사의 종속,KB데이타시스템,(주)KB금융지주,금융업 아님,,금융업 아님 (표준산업분류),표준산업분류 58221 — 금융업 아님,58221
1-2 금융 모회사의 종속,신한DS,(주)신한금융지주회사,금융 키워드 없음,,비금융 추정 (코드·키워드 없음),코드 없음·금융 키워드 없음 — 비금융 추정 (검토 파일 확인),
1-2 금융 모회사의 종속,신한리츠운용,(주)신한금융지주회사,금융업 아님,,금융업 아님 (표준산업분류),표준산업분류 68 — 금융업 아님,68
1-2 금융 모회사의 종속,SHC매니지먼트,(주)신한금융지주회사,금융 키워드 없음,,비금융 추정 (코드·키워드 없음),코드 없음·금융 키워드 없음 — 비금융 추정 (검토 파일 확인),
1-2 금융 모회사의 종속,삼성카드 고객서비스,삼성카드(주),금융지원 서비스,,포트폴리오 없음 (GA·손해사정·IT·대부업·신용정보),손해사정·모집·고객센터·IT·신용정보 등 서비스 법인 — 포트폴리오 없음,66199
1-2 금융 모회사의 종속,하나금융티아이,(주)하나금융지주,금융업 아님,,금융업 아님 (표준산업분류),표준산업분류 58221 — 금융업 아님,58221
1-2 금융 모회사의 종속,㈜우리금융경영연구소,(주)우리금융지주,금융업 아님,,금융업 아님 (표준산업분류),표준산업분류 70201 — 금융업 아님,70201
1-2 금융 모회사의 종속,우리에프아이에스㈜,(주)우리금융지주,금융업 아님,,금융업 아님 (표준산업분류),표준산업분류 62021 — 금융업 아님,62021
1-2 금융 모회사의 종속,우리신용정보㈜,(주)우리금융지주,금융업 아님,,금융업 아님 (표준산업분류),표준산업분류 75993 — 금융업 아님,75993
1-2 금융 모회사의 종속,BNK신용정보(주),(주)BNK금융지주,금융업 아님,,금융업 아님 (표준산업분류),표준산업분류 75993 — 금융업 아님,75993
1-2 금융 모회사의 종속,(주)BNK시스템,(주)BNK금융지주,금융업 아님,,금융업 아님 (표준산업분류),표준산업분류 62021 — 금융업 아님,62021
1-2 금융 모회사의 종속,(주)iM데이터시스템,(주)아이엠금융지주,금융업 아님,,금융업 아님 (표준산업분류),표준산업분류 62010 — 금융업 아님,62010
1-2 금융 모회사의 종속,삼성노블라이프,삼성생명보험(주),금융업 아님,,금융업 아님 (표준산업분류),표준산업분류 87112 — 금융업 아님,87112
1-2 금융 모회사의 종속,(주)iM신용정보,(주)아이엠금융지주,금융지원 서비스,,포트폴리오 없음 (GA·손해사정·IT·대부업·신용정보),손해사정·모집·고객센터·IT·신용정보 등 서비스 법인 — 포트폴리오 없음,
1-2 금융 모회사의 종속,삼성생명금융서비스,삼성생명보험(주),보험 모집·대리,,포트폴리오 없음 (GA·손해사정·IT·대부업·신용정보),보험 모집·대리 — 인수·여신 포트폴리오 없음,66202
1-2 금융 모회사의 종속,삼성화재서비스손해사정(주),삼성화재해상보험(주),기타 금융서비스(확인 필요),,포트폴리오 없음 (GA·손해사정·IT·대부업·신용정보),손해사정·모집·고객센터·IT·신용정보 등 서비스 법인 — 포트폴리오 없음,66
1-2 금융 모회사의 종속,한화생명금융서비스(주),한화생명보험(주),보험 모집·대리,,포트폴리오 없음 (GA·손해사정·IT·대부업·신용정보),보험 모집·대리 — 인수·여신 포트폴리오 없음,66202
1-2 금융 모회사의 종속,한화라이프랩,한화생명보험(주),보험 모집·대리,,포트폴리오 없음 (GA·손해사정·IT·대부업·신용정보),보험 모집·대리 — 인수·여신 포트폴리오 없음,66202
1-2 금융 모회사의 종속,63씨티,한화생명보험(주),금융 키워드 없음,,비금융 추정 (코드·키워드 없음),코드 없음·금융 키워드 없음 — 비금융 추정 (검토 파일 확인),
1-2 금융 모회사의 종속,한화손해사정,한화생명보험(주),보험 관련 서비스,,포트폴리오 없음 (GA·손해사정·IT·대부업·신용정보),보험 관련 서비스 — 인수·여신 포트폴리오 없음,66209
1-2 금융 모회사의 종속,대신경제연구소,대신증권(주),금융업 아님,,금융업 아님 (표준산업분류),표준산업분류 71531 — 금융업 아님,71531
1-2 금융 모회사의 종속,대신자산신탁,대신증권(주),금융업 아님,,금융업 아님 (표준산업분류),표준산업분류 6812 — 금융업 아님,6812
1-2 금융 모회사의 종속,삼성화재애니카손해사정(주),삼성화재해상보험(주),보험 관련 서비스,,포트폴리오 없음 (GA·손해사정·IT·대부업·신용정보),보험 관련 서비스 — 인수·여신 포트폴리오 없음,66201
1-2 금융 모회사의 종속,DB씨앤에스자동차손해사정(주),DB손해보험(주),보험 관련 서비스,,포트폴리오 없음 (GA·손해사정·IT·대부업·신용정보),보험 관련 서비스 — 인수·여신 포트폴리오 없음,66201
1-2 금융 모회사의 종속,(주)삼성화재금융서비스보험대리점,삼성화재해상보험(주),보험 모집·대리,,포트폴리오 없음 (GA·손해사정·IT·대부업·신용정보),보험 모집·대리 — 인수·여신 포트폴리오 없음,66202
1-2 금융 모회사의 종속,삼성화재 중아Agency,삼성화재해상보험(주),손해보험,,포트폴리오 없음 (GA·손해사정·IT·대부업·신용정보),손해사정·모집·고객센터·IT·신용정보 등 서비스 법인 — 포트폴리오 없음,
1-2 금융 모회사의 종속,DB손사,DB손해보험(주),금융 키워드 없음,,비금융 추정 (코드·키워드 없음),코드 없음·금융 키워드 없음 — 비금융 추정 (검토 파일 확인),
1-2 금융 모회사의 종속,DB씨에이에스손해사정(주),DB손해보험(주),보험 관련 서비스,,포트폴리오 없음 (GA·손해사정·IT·대부업·신용정보),보험 관련 서비스 — 인수·여신 포트폴리오 없음,66201
1-2 금융 모회사의 종속,DB씨에스아이손해사정(주),DB손해보험(주),보험 관련 서비스,,포트폴리오 없음 (GA·손해사정·IT·대부업·신용정보),보험 관련 서비스 — 인수·여신 포트폴리오 없음,66201
1-2 금융 모회사의 종속,현대씨앤알,현대해상화재보험(주),금융업 아님,,금융업 아님 (표준산업분류),표준산업분류 74100 — 금융업 아님,74100
1-2 금융 모회사의 종속,Hyundai.U.K Underwriting(로이드),현대해상화재보험(주),금융 키워드 없음,,비금융 추정 (코드·키워드 없음),코드 없음·금융 키워드 없음 — 비금융 추정 (검토 파일 확인),
1-2 금융 모회사의 종속,현대하이라이프손해사정,현대해상화재보험(주),보험 관련 서비스,,포트폴리오 없음 (GA·손해사정·IT·대부업·신용정보),보험 관련 서비스 — 인수·여신 포트폴리오 없음,66201
1-2 금융 모회사의 종속,현대하이카손해사정,현대해상화재보험(주),보험 관련 서비스,,포트폴리오 없음 (GA·손해사정·IT·대부업·신용정보),보험 관련 서비스 — 인수·여신 포트폴리오 없음,66201
1-2 금융 모회사의 종속,마이금융파트너,현대해상화재보험(주),기타 보험(확인 필요),,포트폴리오 없음 (GA·손해사정·IT·대부업·신용정보),손해사정·모집·고객센터·IT·신용정보 등 서비스 법인 — 포트폴리오 없음,651
1-2 금융 모회사의 종속,㈜아이비케이서비스,중소기업은행,금융업 아님,,금융업 아님 (표준산업분류),표준산업분류 68211 — 금융업 아님,68211
1-2 금융 모회사의 종속,아이비케이신용정보㈜,중소기업은행,금융업 아님,,금융업 아님 (표준산업분류),표준산업분류 75993 — 금융업 아님,75993
1-2 금융 모회사의 종속,삼성생명서비스손해사정,삼성생명보험(주),보험 관련 서비스,,포트폴리오 없음 (GA·손해사정·IT·대부업·신용정보),보험 관련 서비스 — 인수·여신 포트폴리오 없음,66209
1-2 금융 모회사의 종속,케이피보험서비스㈜,주식회사 카카오페이,보험 모집·대리,,포트폴리오 없음 (GA·손해사정·IT·대부업·신용정보),보험 모집·대리 — 인수·여신 포트폴리오 없음,66202
1-2 금융 모회사의 종속,에스지아이신용정보(주),서울보증보험(주),금융업 아님,,금융업 아님 (표준산업분류),표준산업분류 75993 — 금융업 아님,75993
1-2 금융 모회사의 종속,수원학교사랑,미래에셋생명보험(주),금융업 아님,,금융업 아님 (표준산업분류),표준산업분류 68211 — 금융업 아님,68211
1-2 금융 모회사의 종속,(주)뉴지스탁,(주)아이엠금융지주,금융업 아님,,금융업 아님 (표준산업분류),표준산업분류 63991 — 금융업 아님,63991
1-2 금융 모회사의 종속,히어로손해사정,한화손해보험(주),보험 관련 서비스,,포트폴리오 없음 (GA·손해사정·IT·대부업·신용정보),보험 관련 서비스 — 인수·여신 포트폴리오 없음,66201
1-2 금융 모회사의 종속,㈜아이비케이시스템,중소기업은행,금융업 아님,,금융업 아님 (표준산업분류),표준산업분류 58221 — 금융업 아님,58221
1-2b 명단 밖 코스피 모회사의 종속,,맥쿼리한국인프라투융자회사,,,자료 문제 (조회 실패·출자현황 없음·지분율 오류),"출자현황 자료 없음 — 원문 확인, 필요하면 수동 입력 파일에 적음 (2025 사업보고서 013; 2025 3분기보고서 013; 2025 반기보고서 013; 2024 사업보고서 013)",
1-2b 명단 밖 코스피 모회사의 종속,TAKA INTERNATIONAL INC.,(주)우진,,,해외 법인,해외 법인 — 계획서 7-2,
1-2b 명단 밖 코스피 모회사의 종속,SAMWHA EUROPE GMBH,삼화콘덴서공업(주),,,해외 법인,해외 법인 — 계획서 7-2,
1-2b 명단 밖 코스피 모회사의 종속,"SAMWHA HONGKONG CO., LTD",삼화콘덴서공업(주),,,해외 법인,해외 법인 — 계획서 7-2,
1-2b 명단 밖 코스피 모회사의 종속,SAMWHA INDIA ENERGY SAVINGS PVT. LTD,삼화콘덴서공업(주),,,해외 법인,해외 법인 — 계획서 7-2,
1-2b 명단 밖 코스피 모회사의 종속,우진주소기계(영파)유한공사,(주)우진플라임,,,해외 법인,해외 법인 — 계획서 7-2,
1-2b 명단 밖 코스피 모회사의 종속,"WOOJIN PLAIMM (America), INC.",(주)우진플라임,,,해외 법인,해외 법인 — 계획서 7-2,
1-2b 명단 밖 코스피 모회사의 종속,"WJP MACHINERY, S.A. DE C.V",(주)우진플라임,,,해외 법인,해외 법인 — 계획서 7-2,
1-2b 명단 밖 코스피 모회사의 종속,WOOJIN PLAIMM GmbH,(주)우진플라임,,,해외 법인,해외 법인 — 계획서 7-2,
1-2b 명단 밖 코스피 모회사의 종속,"SEOYON E-HWA INTERIOR SYSTEMS GEORGIA, INC.",(주)서연이화,,,해외 법인,해외 법인 — 계획서 7-2,
1-2b 명단 밖 코스피 모회사의 종속,"SEOYON E-HWA MANUFACTURING SAVANNAH, INC.",(주)서연이화,,,해외 법인,해외 법인 — 계획서 7-2,
1-2b 명단 밖 코스피 모회사의 종속,SEOYON E-HWA TEXAS INC.,(주)서연이화,,,해외 법인,해외 법인 — 계획서 7-2,
1-2b 명단 밖 코스피 모회사의 종속,SEOYON E-HWA FABRICACAO DE SISTEMA INTERIOR AUTOMOTIVO BRASIL LTDA,(주)서연이화,,,해외 법인,해외 법인 — 계획서 7-2,
1-2b 명단 밖 코스피 모회사의 종속,"SEOYON E-HWA AUTOMOTIVE MEXICO, S. DE R.L. DE C.V.",(주)서연이화,,,해외 법인,해외 법인 — 계획서 7-2,
1-2b 명단 밖 코스피 모회사의 종속,SEOYON NORTH AMERICA S. DE R.L. DE C.V.,(주)서연이화,,,해외 법인,해외 법인 — 계획서 7-2,
1-2b 명단 밖 코스피 모회사의 종속,ASSAN HANIL OTOMOTIV SANAYI VE TICARET ANONIM SIRKETI,(주)서연이화,,,해외 법인,해외 법인 — 계획서 7-2,
1-2b 명단 밖 코스피 모회사의 종속,SEOYON EHWA SINGAPORE PTE. LTD.,(주)서연이화,,,해외 법인,해외 법인 — 계획서 7-2,
1-2b 명단 밖 코스피 모회사의 종속,"JIANGSU SEOYON E-HWA AUTOMOTIVE PARTS CO., LTD.",(주)서연이화,,,해외 법인,해외 법인 — 계획서 7-2,
1-2b 명단 밖 코스피 모회사의 종속,SEOYON E-HWA AUTOMOTIVE SLOVAKIA s.r.o.,(주)서연이화,,,해외 법인,해외 법인 — 계획서 7-2,
1-2b 명단 밖 코스피 모회사의 종속,SEOYON E-HWA SUMMIT AUTOMOTIVE INDIA PRIVATE LIMITED,(주)서연이화,,,해외 법인,해외 법인 — 계획서 7-2,
1-2b 명단 밖 코스피 모회사의 종속,SEOYON E-HWA SUMMIT AUTOMOTIVE CHENNAI PRIVATE LIMITED,(주)서연이화,,,해외 법인,해외 법인 — 계획서 7-2,
1-2b 명단 밖 코스피 모회사의 종속,SEOYON E-HWA SUMMIT AUTOMOTIVE ANANTAPUR PRIVATE LIMITED,(주)서연이화,,,해외 법인,해외 법인 — 계획서 7-2,
1-2b 명단 밖 코스피 모회사의 종속,"SEOYON E-HWA INTERIOR SYSTEMS ALABAMA, LLC",(주)서연이화,,,해외 법인,해외 법인 — 계획서 7-2,
1-2b 명단 밖 코스피 모회사의 종속,극동유화(남녕) 무역유한공사,극동유화(주),,,해외 법인,해외 법인 — 계획서 7-2,
1-2b 명단 밖 코스피 모회사의 종속,에스앤피혁신기술1호 조합,제일파마홀딩스(주),,,명목회사·펀드·SPC·신탁 상품,펀드·SPC·투자조합·신탁 상품·명목회사 — 계획서 7-2,
1-2b 명단 밖 코스피 모회사의 종속,Hwaseung Automotive Bulgaria Ltd,(주)화승코퍼레이션,,,해외 법인,해외 법인 — 계획서 7-2,
1-2b 명단 밖 코스피 모회사의 종속,화승특종고무(태창)유한공사,(주)화승코퍼레이션,,,해외 법인,해외 법인 — 계획서 7-2,
1-2b 명단 밖 코스피 모회사의 종속,Hwaseung Material India Private Ltd.,(주)화승코퍼레이션,,,해외 법인,해외 법인 — 계획서 7-2,
1-2b 명단 밖 코스피 모회사의 종속,HWASEUNG MATERIAL VIETNAM COMPANY LIMITED,(주)화승코퍼레이션,,,해외 법인,해외 법인 — 계획서 7-2,
1-2b 명단 밖 코스피 모회사의 종속,화승기차배건(태창)유한공사,(주)화승코퍼레이션,,,해외 법인,해외 법인 — 계획서 7-2,
1-2b 명단 밖 코스피 모회사의 종속,HSI Automotives Private Ltd,(주)화승코퍼레이션,,,해외 법인,해외 법인 — 계획서 7-2,
1-2b 명단 밖 코스피 모회사의 종속,Hwaseung Automotive America Holdings Inc.,(주)화승코퍼레이션,,,해외 법인,해외 법인 — 계획서 7-2,
1-2b 명단 밖 코스피 모회사의 종속,Hwaseung IA Automotives Private Ltd,(주)화승코퍼레이션,,,해외 법인,해외 법인 — 계획서 7-2,
1-2b 명단 밖 코스피 모회사의 종속,"Hwaseung Vietnam Haiphong Automotive Co.,Ltd.",(주)화승코퍼레이션,,,해외 법인,해외 법인 — 계획서 7-2,
1-2b 명단 밖 코스피 모회사의 종속,Hwaseung Europe GmbH,(주)화승코퍼레이션,,,해외 법인,해외 법인 — 계획서 7-2,
1-2b 명단 밖 코스피 모회사의 종속,PT. HWASEUNG AUTOMOTIVE INDONESIA,(주)화승코퍼레이션,,,해외 법인,해외 법인 — 계획서 7-2,
1-2b 명단 밖 코스피 모회사의 종속,WL HOLDINGS USA LLC,(주)원림,,,해외 법인,해외 법인 — 계획서 7-2,
1-2b 명단 밖 코스피 모회사의 종속,"THN AUTOPARTS MEXICO, S.A.DEC.V.",(주)티에이치엔,,,해외 법인,해외 법인 — 계획서 7-2,
1-2b 명단 밖 코스피 모회사의 종속,"THN AUTOMOTIVE SYSTEMS VietNam CO., Ltd",(주)티에이치엔,,,해외 법인,해외 법인 — 계획서 7-2,
1-2b 명단 밖 코스피 모회사의 종속,THN AUTO. PARTS MANUFACTURING BRASIL S.A,(주)티에이치엔,,,해외 법인,해외 법인 — 계획서 7-2,
1-2b 명단 밖 코스피 모회사의 종속,THN PARAGUAY S.A,(주)티에이치엔,,,해외 법인,해외 법인 — 계획서 7-2,
1-2b 명단 밖 코스피 모회사의 종속,THN AUTOPARTS PHILIPPINES INC,(주)티에이치엔,,,해외 법인,해외 법인 — 계획서 7-2,
1-2b 명단 밖 코스피 모회사의 종속,"THN Autoparts VietNam CO., Ltd",(주)티에이치엔,,,해외 법인,해외 법인 — 계획서 7-2,
1-2b 명단 밖 코스피 모회사의 종속,이지스일반사모부동산투자신탁97호<종류C2(제3종) 수익증권>,주식회사 이지스밸류플러스위탁관리부동산투자회사,,,명목회사·펀드·SPC·신탁 상품,펀드·SPC·투자조합·신탁 상품·명목회사 — 계획서 7-2,
1-2b 명단 밖 코스피 모회사의 종속,(주)이지스데이터센터위탁관리부동산투자회사,주식회사 이지스밸류플러스위탁관리부동산투자회사,,,명목회사·펀드·SPC·신탁 상품,펀드·SPC·투자조합·신탁 상품·명목회사 — 계획서 7-2,
1-2b 명단 밖 코스피 모회사의 종속,(주)카이트제이십호위탁관리부동산투자회사,주식회사 이지스밸류플러스위탁관리부동산투자회사,,,명목회사·펀드·SPC·신탁 상품,펀드·SPC·투자조합·신탁 상품·명목회사 — 계획서 7-2,
1-2b 명단 밖 코스피 모회사의 종속,이지스일반사모부동산투자신탁248호 <제1종 수익증권>,주식회사 이지스밸류플러스위탁관리부동산투자회사,,,명목회사·펀드·SPC·신탁 상품,펀드·SPC·투자조합·신탁 상품·명목회사 — 계획서 7-2,
1-2b 명단 밖 코스피 모회사의 종속,이지스일반사모부동산투자신탁25호 <제2종 수익증권>,주식회사 이지스밸류플러스위탁관리부동산투자회사,,,명목회사·펀드·SPC·신탁 상품,펀드·SPC·투자조합·신탁 상품·명목회사 — 계획서 7-2,
1-2b 명단 밖 코스피 모회사의 종속,이지스일반사모부동산투자신탁97호<종류C2(제3종) 수익증권>,주식회사 이지스밸류플러스위탁관리부동산투자회사,,,명목회사·펀드·SPC·신탁 상품,펀드·SPC·투자조합·신탁 상품·명목회사 — 계획서 7-2,
1-2b 명단 밖 코스피 모회사의 종속,(주)이지스데이터센터위탁관리부동산투자회사,주식회사 이지스밸류플러스위탁관리부동산투자회사,,,명목회사·펀드·SPC·신탁 상품,펀드·SPC·투자조합·신탁 상품·명목회사 — 계획서 7-2,
1-2b 명단 밖 코스피 모회사의 종속,(주)카이트제이십호위탁관리부동산투자회사,주식회사 이지스밸류플러스위탁관리부동산투자회사,,,명목회사·펀드·SPC·신탁 상품,펀드·SPC·투자조합·신탁 상품·명목회사 — 계획서 7-2,
1-2b 명단 밖 코스피 모회사의 종속,이지스일반사모부동산투자신탁248호 <제1종 수익증권>,주식회사 이지스밸류플러스위탁관리부동산투자회사,,,명목회사·펀드·SPC·신탁 상품,펀드·SPC·투자조합·신탁 상품·명목회사 — 계획서 7-2,
1-2b 명단 밖 코스피 모회사의 종속,이지스일반사모부동산투자신탁25호 <제2종 수익증권>,주식회사 이지스밸류플러스위탁관리부동산투자회사,,,명목회사·펀드·SPC·신탁 상품,펀드·SPC·투자조합·신탁 상품·명목회사 — 계획서 7-2,
1-2b 명단 밖 코스피 모회사의 종속,청도복고전자유한공사,쿠쿠홀딩스(주),,,해외 법인,해외 법인 — 계획서 7-2,
1-2b 명단 밖 코스피 모회사의 종속,CUCKOO ELECTRONICS MALAYSIA Sdn Bhd,쿠쿠홀딩스(주),,,해외 법인,해외 법인 — 계획서 7-2,
1-2b 명단 밖 코스피 모회사의 종속,"CUCKOO ELECTRONICS AMERICA, INC.",쿠쿠홀딩스(주),,,해외 법인,해외 법인 — 계획서 7-2,
1-2b 명단 밖 코스피 모회사의 종속,CUCKOO VINA COMPANY LIMITED,쿠쿠홀딩스(주),,,해외 법인,해외 법인 — 계획서 7-2,
1-2b 명단 밖 코스피 모회사의 종속,CUCKOO OCEANIA PTY. LTD,쿠쿠홀딩스(주),,,해외 법인,해외 법인 — 계획서 7-2,
1-2b 명단 밖 코스피 모회사의 종속,PT. CUCKOO GLOBAL INDOESIA,쿠쿠홀딩스(주),,,해외 법인,해외 법인 — 계획서 7-2,
1-2b 명단 밖 코스피 모회사의 종속,"KEC HK CORP., LTD.",(주)한국전자홀딩스,,,해외 법인,해외 법인 — 계획서 7-2,
1-2b 명단 밖 코스피 모회사의 종속,"KEC SINGAPORE PTE., LTD.",(주)한국전자홀딩스,,,해외 법인,해외 법인 — 계획서 7-2,
1-2b 명단 밖 코스피 모회사의 종속,"KEC TAIWAN CO., LTD.",(주)한국전자홀딩스,,,해외 법인,해외 법인 — 계획서 7-2,
1-2b 명단 밖 코스피 모회사의 종속,"KEC JAPAN CO., LTD.",(주)한국전자홀딩스,,,해외 법인,해외 법인 — 계획서 7-2,
1-2b 명단 밖 코스피 모회사의 종속,㈜제이알제26호위탁 관리부동산투자회사,(주)제이알글로벌위탁관리부동산투자회사,,,명목회사·펀드·SPC·신탁 상품,펀드·SPC·투자조합·신탁 상품·명목회사 — 계획서 7-2,
1-2b 명단 밖 코스피 모회사의 종속,㈜제이알제28호위탁 관리부동산투자회사,(주)제이알글로벌위탁관리부동산투자회사,,,명목회사·펀드·SPC·신탁 상품,펀드·SPC·투자조합·신탁 상품·명목회사 — 계획서 7-2,
1-2b 명단 밖 코스피 모회사의 종속,㈜제이알제26호위탁 관리부동산투자회사,(주)제이알글로벌위탁관리부동산투자회사,,,명목회사·펀드·SPC·신탁 상품,펀드·SPC·투자조합·신탁 상품·명목회사 — 계획서 7-2,
1-2b 명단 밖 코스피 모회사의 종속,㈜제이알제28호위탁 관리부동산투자회사,(주)제이알글로벌위탁관리부동산투자회사,,,명목회사·펀드·SPC·신탁 상품,펀드·SPC·투자조합·신탁 상품·명목회사 — 계획서 7-2,
1-2b 명단 밖 코스피 모회사의 종속,삼하세원기차 과기유한공사,(주)세원정공,,,해외 법인,해외 법인 — 계획서 7-2,
1-2b 명단 밖 코스피 모회사의 종속,"KCTC VIETNAM Co., Ltd.",(주)케이씨티시,,,해외 법인,해외 법인 — 계획서 7-2,
1-2b 명단 밖 코스피 모회사의 종속,"KCTC VINA Co., Ltd.",(주)케이씨티시,,,해외 법인,해외 법인 — 계획서 7-2,
1-2b 명단 밖 코스피 모회사의 종속,대련고려종합물류유한공사,(주)케이씨티시,,,해외 법인,해외 법인 — 계획서 7-2,
1-2b 명단 밖 코스피 모회사의 종속,"KCTC THAI INTERNATIONAL Co., Ltd.",(주)케이씨티시,,,해외 법인,해외 법인 — 계획서 7-2,
1-2b 명단 밖 코스피 모회사의 종속,"KCTC THAI LOGISTICS Co., Ltd.",(주)케이씨티시,,,해외 법인,해외 법인 — 계획서 7-2,
1-2b 명단 밖 코스피 모회사의 종속,"KCTC MENA DMCC Co., Ltd.",(주)케이씨티시,,,해외 법인,해외 법인 — 계획서 7-2,
1-2b 명단 밖 코스피 모회사의 종속,"KCTC SAUDI LOGISTIC Co.,Ltd.",(주)케이씨티시,,,해외 법인,해외 법인 — 계획서 7-2,
1-2b 명단 밖 코스피 모회사의 종속,CUCKOO International (MAL) BERHAD,쿠쿠홈시스 주식회사,,,해외 법인,해외 법인 — 계획서 7-2,
1-2b 명단 밖 코스피 모회사의 종속,CUCKOO APPLIANCES PRIVATE LIMITED,쿠쿠홈시스 주식회사,,,해외 법인,해외 법인 — 계획서 7-2,
1-2b 명단 밖 코스피 모회사의 종속,"CUCKOO Rental America, Inc",쿠쿠홈시스 주식회사,,,해외 법인,해외 법인 — 계획서 7-2,
1-2b 명단 밖 코스피 모회사의 종속,"Pangrim Neotex Co.,Ltd",(주)방림,,,해외 법인,해외 법인 — 계획서 7-2,
1-2b 명단 밖 코스피 모회사의 종속,,이구산업(주),,,자료 문제 (조회 실패·출자현황 없음·지분율 오류),"출자현황 자료 없음 — 원문 확인, 필요하면 수동 입력 파일에 적음 (2025 사업보고서 표 형식 아님(숫자 지분율 없음); 2025 3분기보고서 표 형식 아님(숫자 지분율 없음); 2025 반기보고서 표 형식 아님(숫자 지분율 없음); 2024 사업보고서 표 형식 아님(숫자 지분율 없음))",
1-2b 명단 밖 코스피 모회사의 종속,골든오크 오퍼튜니티 펀드,(주)경방,,,명목회사·펀드·SPC·신탁 상품,펀드·SPC·투자조합·신탁 상품·명목회사 — 계획서 7-2,
1-2b 명단 밖 코스피 모회사의 종속,코람코가치투자제4의3호위탁관리자부동산투자회사,(주)경방,,,명목회사·펀드·SPC·신탁 상품,펀드·SPC·투자조합·신탁 상품·명목회사 — 계획서 7-2,
1-2b 명단 밖 코스피 모회사의 종속,에이치와이케이제일호사모투자합자회사,(주)경방,,,명목회사·펀드·SPC·신탁 상품,펀드·SPC·투자조합·신탁 상품·명목회사 — 계획서 7-2,
1-2b 명단 밖 코스피 모회사의 종속,,한국화장품(주),,,자료 문제 (조회 실패·출자현황 없음·지분율 오류),"출자현황 자료 없음 — 원문 확인, 필요하면 수동 입력 파일에 적음 (2025 사업보고서 표 형식 아님(숫자 지분율 없음); 2025 3분기보고서 표 형식 아님(숫자 지분율 없음); 2025 반기보고서 표 형식 아님(숫자 지분율 없음); 2024 사업보고서 표 형식 아님(숫자 지분율 없음))",
1-2b 명단 밖 코스피 모회사의 종속,일조애사비기차배건유한공사 (RSP),유성기업(주),,,해외 법인,해외 법인 — 계획서 7-2,
1-2b 명단 밖 코스피 모회사의 종속,,(주)혜인,,,자료 문제 (조회 실패·출자현황 없음·지분율 오류),"출자현황 자료 없음 — 원문 확인, 필요하면 수동 입력 파일에 적음 (2025 사업보고서 표 형식 아님(숫자 지분율 없음); 2025 3분기보고서 표 형식 아님(숫자 지분율 없음); 2025 반기보고서 표 형식 아님(숫자 지분율 없음); 2024 사업보고서 표 형식 아님(숫자 지분율 없음))",
1-2b 명단 밖 코스피 모회사의 종속,Hanil Development,한일홀딩스(주),,,해외 법인,해외 법인 — 계획서 7-2,
1-2b 명단 밖 코스피 모회사의 종속,스타트업 코리아 에이치 알파플러스펀드,한일홀딩스(주),,,명목회사·펀드·SPC·신탁 상품,펀드·SPC·투자조합·신탁 상품·명목회사 — 계획서 7-2,
1-2b 명단 밖 코스피 모회사의 종속,Amass Star V.C. corp,한일홀딩스(주),,,해외 법인,해외 법인 — 계획서 7-2,
1-2b 명단 밖 코스피 모회사의 종속,에이치스마트테크신기술투자조합1호,한일홀딩스(주),,,명목회사·펀드·SPC·신탁 상품,펀드·SPC·투자조합·신탁 상품·명목회사 — 계획서 7-2,
1-2b 명단 밖 코스피 모회사의 종속,"TWO AND ONE CO., LTD.",(주)제이에스코퍼레이션,,,해외 법인,해외 법인 — 계획서 7-2,
1-2b 명단 밖 코스피 모회사의 종속,PT. JS JAKARTA,(주)제이에스코퍼레이션,,,해외 법인,해외 법인 — 계획서 7-2,
1-2b 명단 밖 코스피 모회사의 종속,JS VINA LTD.,(주)제이에스코퍼레이션,,,해외 법인,해외 법인 — 계획서 7-2,
1-2b 명단 밖 코스피 모회사의 종속,"JS LEATHER COLLECTION PHNOM PENH CO., LTD.",(주)제이에스코퍼레이션,,,해외 법인,해외 법인 — 계획서 7-2,
1-2b 명단 밖 코스피 모회사의 종속,JS CORP DONGGUAN LTD,(주)제이에스코퍼레이션,,,해외 법인,해외 법인 — 계획서 7-2,
1-2b 명단 밖 코스피 모회사의 종속,PT. JSCORP BOYOLALI INDONESIA,(주)제이에스코퍼레이션,,,해외 법인,해외 법인 — 계획서 7-2,
1-2b 명단 밖 코스피 모회사의 종속,JS Corp USA,(주)제이에스코퍼레이션,,,해외 법인,해외 법인 — 계획서 7-2,
1-2b 명단 밖 코스피 모회사의 종속,SNT Daewoo India Private Ltd,SNT모티브(주),,,해외 법인,해외 법인 — 계획서 7-2,
1-2b 명단 밖 코스피 모회사의 종속,SNT America Ltd,SNT모티브(주),,,해외 법인,해외 법인 — 계획서 7-2,
1-2b 명단 밖 코스피 모회사의 종속,SNT대우기차부건(곤산)유한공사,SNT모티브(주),,,해외 법인,해외 법인 — 계획서 7-2,
1-2b 명단 밖 코스피 모회사의 종속,SNT USA Ltd,SNT모티브(주),,,해외 법인,해외 법인 — 계획서 7-2,
1-2b 명단 밖 코스피 모회사의 종속,SNT Motiv India Private Ltd,SNT모티브(주),,,해외 법인,해외 법인 — 계획서 7-2,
1-2b 명단 밖 코스피 모회사의 종속,SNT Global INC,SNT모티브(주),,,해외 법인,해외 법인 — 계획서 7-2,
1-2b 명단 밖 코스피 모회사의 종속,"CHOKWANG VINA CO.,LTD.",조광페인트(주),,,해외 법인,해외 법인 — 계획서 7-2,
1-2b 명단 밖 코스피 모회사의 종속,SHINWON GUATEMALA S.A,(주)신원,,,해외 법인,해외 법인 — 계획서 7-2,
1-2b 명단 밖 코스피 모회사의 종속,"SHINWON EBENEZER HK CO., LTD",(주)신원,,,해외 법인,해외 법인 — 계획서 7-2,
1-2b 명단 밖 코스피 모회사의 종속,SHINWON EBENEZER USA INC,(주)신원,,,해외 법인,해외 법인 — 계획서 7-2,
1-2b 명단 밖 코스피 모회사의 종속,"EBENEZER NICARAGUA, S.A.",(주)신원,,,해외 법인,해외 법인 — 계획서 7-2,
1-2b 명단 밖 코스피 모회사의 종속,"FASHION STITCH NOAH, S.A.",(주)신원,,,해외 법인,해외 법인 — 계획서 7-2,
1-2b 명단 밖 코스피 모회사의 종속,PT. FASHION STITCH JOSHUA,(주)신원,,,해외 법인,해외 법인 — 계획서 7-2,
1-2b 명단 밖 코스피 모회사의 종속,"EBENEZER MANAGUA, S.A.",(주)신원,,,해외 법인,해외 법인 — 계획서 7-2,
1-2b 명단 밖 코스피 모회사의 종속,"DANIEL TEX, S.A.",(주)신원,,,해외 법인,해외 법인 — 계획서 7-2,
1-2b 명단 밖 코스피 모회사의 종속,"SHINWON CENTRAL AMERICA, S.A.",(주)신원,,,해외 법인,해외 법인 — 계획서 7-2,
1-2b 명단 밖 코스피 모회사의 종속,SHINWON EBENEZER INDIA PRIVATE LIMITED,(주)신원,,,해외 법인,해외 법인 — 계획서 7-2,
1-2b 명단 밖 코스피 모회사의 종속,"FASHION STITCH GUATEMALA, S.A.",(주)신원,,,해외 법인,해외 법인 — 계획서 7-2,
1-2b 명단 밖 코스피 모회사의 종속,SHINWON EBENERZER NEW YORK INC,(주)신원,,,해외 법인,해외 법인 — 계획서 7-2,
1-2b 명단 밖 코스피 모회사의 종속,"OMEGA TEX, S.A.",(주)신원,,,해외 법인,해외 법인 — 계획서 7-2,
1-2b 명단 밖 코스피 모회사의 종속,"MODAS BLUE, S.A.",(주)신원,,,해외 법인,해외 법인 — 계획서 7-2,
1-2b 명단 밖 코스피 모회사의 종속,"SHINWON EBENEZER VIETNAM CO.,LTD",(주)신원,,,해외 법인,해외 법인 — 계획서 7-2,
1-2b 명단 밖 코스피 모회사의 종속,"SHINWON EBENEZER HANOI CO.,LTD",(주)신원,,,해외 법인,해외 법인 — 계획서 7-2,
1-2b 명단 밖 코스피 모회사의 종속,PT. SHINWON EBENEZER,(주)신원,,,해외 법인,해외 법인 — 계획서 7-2,
1-2b 명단 밖 코스피 모회사의 종속,PT. SHINWON INDONESIA,(주)신원,,,해외 법인,해외 법인 — 계획서 7-2,
1-2b 명단 밖 코스피 모회사의 종속,"ILSHIN VIETNAMCO.,LTD",일신방직(주),,,해외 법인,해외 법인 — 계획서 7-2,
1-2b 명단 밖 코스피 모회사의 종속,ILSHIN HOLDINGS S.A,일신방직(주),,,해외 법인,해외 법인 — 계획서 7-2,
1-2b 명단 밖 코스피 모회사의 종속,STX International Trading (Singapore) Pte. Ltd.,(주)STX,,,해외 법인,해외 법인 — 계획서 7-2,
1-2b 명단 밖 코스피 모회사의 종속,STX Global India Private Ltd.,(주)STX,,,해외 법인,해외 법인 — 계획서 7-2,
1-2b 명단 밖 코스피 모회사의 종속,STX Ghana Ltd.,(주)STX,,,해외 법인,해외 법인 — 계획서 7-2,
1-2b 명단 밖 코스피 모회사의 종속,"STX TIMOR CORPORATION,UNPESSOAL, LDA",(주)STX,,,해외 법인,해외 법인 — 계획서 7-2,
1-2b 명단 밖 코스피 모회사의 종속,KIM LLC,(주)STX,,,해외 법인,해외 법인 — 계획서 7-2,
1-2b 명단 밖 코스피 모회사의 종속,STX Forest LLC,(주)STX,,,해외 법인,해외 법인 — 계획서 7-2,
1-2b 명단 밖 코스피 모회사의 종속,STX FOREST MALAYSIA SDN. BHD.,(주)STX,,,해외 법인,해외 법인 — 계획서 7-2,
1-2b 명단 밖 코스피 모회사의 종속,PT. SATYA NUSANTARA SINERGI,(주)STX,,,해외 법인,해외 법인 — 계획서 7-2,
1-2b 명단 밖 코스피 모회사의 종속,PT. ESA STX SINERGI,(주)STX,,,해외 법인,해외 법인 — 계획서 7-2,
1-2b 명단 밖 코스피 모회사의 종속,STX VIETNAM CO LTD,(주)STX,,,해외 법인,해외 법인 — 계획서 7-2,
1-2b 명단 밖 코스피 모회사의 종속,STX Middle East FZE,(주)STX,,,해외 법인,해외 법인 — 계획서 7-2,
1-2b 명단 밖 코스피 모회사의 종속,STX Japan Corporation,(주)STX,,,해외 법인,해외 법인 — 계획서 7-2,
1-2b 명단 밖 코스피 모회사의 종속,STX (Shanghai) Corporation,(주)STX,,,해외 법인,해외 법인 — 계획서 7-2,
1-2b 명단 밖 코스피 모회사의 종속,LS PHOENIX INTERNATIONAL PRIVATE LIMITED,(주)LS,,,해외 법인,해외 법인 — 계획서 7-2,
1-2b 명단 밖 코스피 모회사의 종속,LS GIDC Pte Ltd.,(주)LS,,,해외 법인,해외 법인 — 계획서 7-2,
1-2b 명단 밖 코스피 모회사의 종속,미래에셋글로벌혁신성장투자조합1호,(주)LS,,,명목회사·펀드·SPC·신탁 상품,펀드·SPC·투자조합·신탁 상품·명목회사 — 계획서 7-2,
1-2b 명단 밖 코스피 모회사의 종속,LS Japan,(주)LS,,,해외 법인,해외 법인 — 계획서 7-2,
1-2b 명단 밖 코스피 모회사의 종속,PT DAESANG AGUNG INDONESIA,대상홀딩스(주),,,해외 법인,해외 법인 — 계획서 7-2,
1-2b 명단 밖 코스피 모회사의 종속,DSH DE INC,대상홀딩스(주),,,해외 법인,해외 법인 — 계획서 7-2,
1-2b 명단 밖 코스피 모회사의 종속,SANTERRA BIOHOLDINGS PTE. LTD.,대상홀딩스(주),,,해외 법인,해외 법인 — 계획서 7-2,
1-2b 명단 밖 코스피 모회사의 종속,애플트리2호 엔코어신기술사업 투자조합,대상홀딩스(주),,,명목회사·펀드·SPC·신탁 상품,펀드·SPC·투자조합·신탁 상품·명목회사 — 계획서 7-2,
1-2b 명단 밖 코스피 모회사의 종속,PT.SINTANGRAYA,대상홀딩스(주),,,해외 법인,해외 법인 — 계획서 7-2,
1-2b 명단 밖 코스피 모회사의 종속,,(주)코람코더원위탁관리부동산투자회사,,,자료 문제 (조회 실패·출자현황 없음·지분율 오류),"출자현황 자료 없음 — 원문 확인, 필요하면 수동 입력 파일에 적음 (2025 사업보고서 표 형식 아님(숫자 지분율 없음); 2025 3분기보고서 013; 2025 반기보고서 013; 2024 사업보고서 표 형식 아님(숫자 지분율 없음))",
1-2b 명단 밖 코스피 모회사의 종속,Songwon Group Holding AG,송원산업(주),,,해외 법인,해외 법인 — 계획서 7-2,
1-2b 명단 밖 코스피 모회사의 종속,,부산주공(주),,,자료 문제 (조회 실패·출자현황 없음·지분율 오류),"출자현황 자료 없음 — 원문 확인, 필요하면 수동 입력 파일에 적음 (2025 사업보고서 표 형식 아님(숫자 지분율 없음); 2025 3분기보고서 표 형식 아님(숫자 지분율 없음); 2025 반기보고서 표 형식 아님(숫자 지분율 없음); 2024 사업보고서 표 형식 아님(숫자 지분율 없음))",
1-2b 명단 밖 코스피 모회사의 종속,"MEXKET, S. DE R.L. DE C.V.",한국단자공업(주),,,해외 법인,해외 법인 — 계획서 7-2,
1-2b 명단 밖 코스피 모회사의 종속,KET USA,한국단자공업(주),,,해외 법인,해외 법인 — 계획서 7-2,
1-2b 명단 밖 코스피 모회사의 종속,"KET JAPAN CO.,LTD",한국단자공업(주),,,해외 법인,해외 법인 — 계획서 7-2,
1-2b 명단 밖 코스피 모회사의 종속,"KET VINA CO., LTD.",한국단자공업(주),,,해외 법인,해외 법인 — 계획서 7-2,
1-2b 명단 밖 코스피 모회사의 종속,위해신개제 전자유한공사,한국단자공업(주),,,해외 법인,해외 법인 — 계획서 7-2,
1-2b 명단 밖 코스피 모회사의 종속,KET POLAND SP.Z.O.O,한국단자공업(주),,,해외 법인,해외 법인 — 계획서 7-2,
1-2b 명단 밖 코스피 모회사의 종속,"Doosan Bobcat North America, Inc.",두산밥캣 주식회사,,,해외 법인,해외 법인 — 계획서 7-2,
1-2b 명단 밖 코스피 모회사의 종속,Doosan Bobcat Singapore Pte. Ltd.,두산밥캣 주식회사,,,해외 법인,해외 법인 — 계획서 7-2,
1-2b 명단 밖 코스피 모회사의 종속,Doosan Bobcat EMEA s.r.o.,두산밥캣 주식회사,,,해외 법인,해외 법인 — 계획서 7-2,
1-2b 명단 밖 코스피 모회사의 종속,Doosan Bobcat Germany Frankfurt GmbH,두산밥캣 주식회사,,,해외 법인,해외 법인 — 계획서 7-2,
1-2b 명단 밖 코스피 모회사의 종속,클린에너지위탁관리 부동산투자회사(주),에스케이위탁관리부동산투자회사 주식회사,,,명목회사·펀드·SPC·신탁 상품,펀드·SPC·투자조합·신탁 상품·명목회사 — 계획서 7-2,
1-2b 명단 밖 코스피 모회사의 종속,토털밸류제1호 위탁관리부동산 투자회사(주),에스케이위탁관리부동산투자회사 주식회사,,,명목회사·펀드·SPC·신탁 상품,펀드·SPC·투자조합·신탁 상품·명목회사 — 계획서 7-2,
1-2b 명단 밖 코스피 모회사의 종속,클린에너지위탁관리 부동산투자회사(주),에스케이위탁관리부동산투자회사 주식회사,,,명목회사·펀드·SPC·신탁 상품,펀드·SPC·투자조합·신탁 상품·명목회사 — 계획서 7-2,
1-2b 명단 밖 코스피 모회사의 종속,토털밸류제1호 위탁관리부동산 투자회사(주),에스케이위탁관리부동산투자회사 주식회사,,,명목회사·펀드·SPC·신탁 상품,펀드·SPC·투자조합·신탁 상품·명목회사 — 계획서 7-2,
1-2b 명단 밖 코스피 모회사의 종속,클린에너지위탁관리 부동산투자회사㈜,에스케이위탁관리부동산투자회사 주식회사,,,명목회사·펀드·SPC·신탁 상품,펀드·SPC·투자조합·신탁 상품·명목회사 — 계획서 7-2,
1-2b 명단 밖 코스피 모회사의 종속,토털밸류제1호 위탁관리부동산 투자회사㈜,에스케이위탁관리부동산투자회사 주식회사,,,명목회사·펀드·SPC·신탁 상품,펀드·SPC·투자조합·신탁 상품·명목회사 — 계획서 7-2,
1-2b 명단 밖 코스피 모회사의 종속,클린에너지위탁관리 부동산투자회사㈜,에스케이위탁관리부동산투자회사 주식회사,,,명목회사·펀드·SPC·신탁 상품,펀드·SPC·투자조합·신탁 상품·명목회사 — 계획서 7-2,
1-2b 명단 밖 코스피 모회사의 종속,토털밸류제1호 위탁관리부동산 투자회사㈜,에스케이위탁관리부동산투자회사 주식회사,,,명목회사·펀드·SPC·신탁 상품,펀드·SPC·투자조합·신탁 상품·명목회사 — 계획서 7-2,
1-2b 명단 밖 코스피 모회사의 종속,태양프라이맥스 기배(장가항)유한공사,태양금속공업(주),,,해외 법인,해외 법인 — 계획서 7-2,
1-2b 명단 밖 코스피 모회사의 종속,연대태양금속유한공사,태양금속공업(주),,,해외 법인,해외 법인 — 계획서 7-2,
1-2b 명단 밖 코스피 모회사의 종속,태양금속인도유한공사,태양금속공업(주),,,해외 법인,해외 법인 — 계획서 7-2,
1-2b 명단 밖 코스피 모회사의 종속,TMC-NA Taeyang Metal North America LLC,태양금속공업(주),,,해외 법인,해외 법인 — 계획서 7-2,
1-2b 명단 밖 코스피 모회사의 종속,Myanmar SungShin,성신양회(주),,,해외 법인,해외 법인 — 계획서 7-2,
1-2b 명단 밖 코스피 모회사의 종속,JinSung International,성신양회(주),,,해외 법인,해외 법인 — 계획서 7-2,
1-2b 명단 밖 코스피 모회사의 종속,JinSung RMC,성신양회(주),,,해외 법인,해외 법인 — 계획서 7-2,
1-2b 명단 밖 코스피 모회사의 종속,이에스알켄달스퀘어에셋1호위탁관리부동산투자회사(주),이에스알켄달스퀘어위탁관리부동산투자회사주식회사,,,명목회사·펀드·SPC·신탁 상품,펀드·SPC·투자조합·신탁 상품·명목회사 — 계획서 7-2,
1-2b 명단 밖 코스피 모회사의 종속,이에스알켄달스퀘어에셋2호위탁관리부동산투자회사(주),이에스알켄달스퀘어위탁관리부동산투자회사주식회사,,,명목회사·펀드·SPC·신탁 상품,펀드·SPC·투자조합·신탁 상품·명목회사 — 계획서 7-2,
1-2b 명단 밖 코스피 모회사의 종속,이에스알켄달스퀘어에셋1호위탁관리부동산투자회사(주),이에스알켄달스퀘어위탁관리부동산투자회사주식회사,,,명목회사·펀드·SPC·신탁 상품,펀드·SPC·투자조합·신탁 상품·명목회사 — 계획서 7-2,
1-2b 명단 밖 코스피 모회사의 종속,이에스알켄달스퀘어에셋2호위탁관리부동산투자회사(주),이에스알켄달스퀘어위탁관리부동산투자회사주식회사,,,명목회사·펀드·SPC·신탁 상품,펀드·SPC·투자조합·신탁 상품·명목회사 — 계획서 7-2,
1-2b 명단 밖 코스피 모회사의 종속,이에스알켄달스퀘어에셋3호위탁관리부동산투자회사(주),이에스알켄달스퀘어위탁관리부동산투자회사주식회사,,,명목회사·펀드·SPC·신탁 상품,펀드·SPC·투자조합·신탁 상품·명목회사 — 계획서 7-2,
1-2b 명단 밖 코스피 모회사의 종속,우진서안안장 유한공사,(주)우진아이엔에스,,,해외 법인,해외 법인 — 계획서 7-2,
1-2b 명단 밖 코스피 모회사의 종속,"DUKSUNG(G.Z)CO.,LTD.",(주)덕성,,,해외 법인,해외 법인 — 계획서 7-2,
1-2b 명단 밖 코스피 모회사의 종속,"DUKSUNG VINA CO.,LTD.",(주)덕성,,,해외 법인,해외 법인 — 계획서 7-2,
1-2b 명단 밖 코스피 모회사의 종속,PT.DUKSUNG ECOTECH INDONESIA,(주)덕성,,,해외 법인,해외 법인 — 계획서 7-2,
1-2b 명단 밖 코스피 모회사의 종속,"Tianjin Samsung Electro- Mechanics Co., Ltd.",삼성전기(주),,,해외 법인,해외 법인 — 계획서 7-2,
1-2b 명단 밖 코스피 모회사의 종속,"Samsung Electro-Mechanics (Shenzhen) Co., Ltd.",삼성전기(주),,,해외 법인,해외 법인 — 계획서 7-2,
1-2b 명단 밖 코스피 모회사의 종속,"Samsung Electro-Mechanics Japan Co., Ltd.",삼성전기(주),,,해외 법인,해외 법인 — 계획서 7-2,
1-2b 명단 밖 코스피 모회사의 종속,Samsung Electro-Mechanics Software India Bangalore Private Limited,삼성전기(주),,,해외 법인,해외 법인 — 계획서 7-2,
1-2b 명단 밖 코스피 모회사의 종속,SVIC 47호 신기술사업투자조합,삼성전기(주),,,명목회사·펀드·SPC·신탁 상품,펀드·SPC·투자조합·신탁 상품·명목회사 — 계획서 7-2,
1-2b 명단 밖 코스피 모회사의 종속,"Samsung Electro-Mechanics Philippines., Corp.",삼성전기(주),,,해외 법인,해외 법인 — 계획서 7-2,
1-2b 명단 밖 코스피 모회사의 종속,"Samsung High-Tech Electro- Mechanics(Tianjin) Co., Ltd.",삼성전기(주),,,해외 법인,해외 법인 — 계획서 7-2,
1-2b 명단 밖 코스피 모회사의 종속,"Samsung Electro-Mechanics Vietnam Co., Ltd.",삼성전기(주),,,해외 법인,해외 법인 — 계획서 7-2,
1-2b 명단 밖 코스피 모회사의 종속,"Samsung Electro-Mechanics America, Inc.",삼성전기(주),,,해외 법인,해외 법인 — 계획서 7-2,
1-2b 명단 밖 코스피 모회사의 종속,Samsung Electro-Mechanics Mexico S.A. de C.V.,삼성전기(주),,,해외 법인,해외 법인 — 계획서 7-2,
1-2b 명단 밖 코스피 모회사의 종속,Samsung Electro-Mechanics GmbH,삼성전기(주),,,해외 법인,해외 법인 — 계획서 7-2,
1-2b 명단 밖 코스피 모회사의 종속,Calamba Premier Realty Coporation,삼성전기(주),,,해외 법인,해외 법인 — 계획서 7-2,
1-2b 명단 밖 코스피 모회사의 종속,Samsung Electro-Mechanics Pte Ltd.,삼성전기(주),,,해외 법인,해외 법인 — 계획서 7-2,
1-2b 명단 밖 코스피 모회사의 종속,"Lafuma (Beijing) Co., Ltd.",(주)LF,,,해외 법인,해외 법인 — 계획서 7-2,
1-2b 명단 밖 코스피 모회사의 종속,코람코멀티블라인드전문투자형사모투자신탁제27호,(주)LF,,,명목회사·펀드·SPC·신탁 상품,펀드·SPC·투자조합·신탁 상품·명목회사 — 계획서 7-2,
1-2b 명단 밖 코스피 모회사의 종속,코람코멀티블라인드전문투자형사모투자신탁제28호,(주)LF,,,명목회사·펀드·SPC·신탁 상품,펀드·SPC·투자조합·신탁 상품·명목회사 — 계획서 7-2,
1-2b 명단 밖 코스피 모회사의 종속,TetonBros.,(주)LF,,,해외 법인,해외 법인 — 계획서 7-2,
1-2b 명단 밖 코스피 모회사의 종속,소프트산업육성투자조합,(주)LF,,,명목회사·펀드·SPC·신탁 상품,펀드·SPC·투자조합·신탁 상품·명목회사 — 계획서 7-2,
1-2b 명단 밖 코스피 모회사의 종속,메자닌그로쓰신기술투자조합,(주)LF,,,명목회사·펀드·SPC·신탁 상품,펀드·SPC·투자조합·신탁 상품·명목회사 — 계획서 7-2,
1-2b 명단 밖 코스피 모회사의 종속,Polaris S.R.L,(주)LF,,,해외 법인,해외 법인 — 계획서 7-2,
1-2b 명단 밖 코스피 모회사의 종속,"Life in Future (LF) H.K Co., Ltd.",(주)LF,,,해외 법인,해외 법인 — 계획서 7-2,
1-2b 명단 밖 코스피 모회사의 종속,SSV,(주)SG세계물산,,,해외 법인,해외 법인 — 계획서 7-2,
1-2b 명단 밖 코스피 모회사의 종속,HCMC,(주)SG세계물산,,,해외 법인,해외 법인 — 계획서 7-2,
1-2b 명단 밖 코스피 모회사의 종속,COSMO,(주)SG세계물산,,,해외 법인,해외 법인 — 계획서 7-2,
1-2b 명단 밖 코스피 모회사의 종속,COLOMBO JAPAN,(주)SG세계물산,,,해외 법인,해외 법인 — 계획서 7-2,
1-2b 명단 밖 코스피 모회사의 종속,,유엔젤(주),,,자료 문제 (조회 실패·출자현황 없음·지분율 오류),"출자현황 자료 없음 — 원문 확인, 필요하면 수동 입력 파일에 적음 (2025 사업보고서 표 형식 아님(숫자 지분율 없음); 2025 3분기보고서 표 형식 아님(숫자 지분율 없음); 2025 반기보고서 표 형식 아님(숫자 지분율 없음); 2024 사업보고서 표 형식 아님(숫자 지분율 없음))",
1-2b 명단 밖 코스피 모회사의 종속,,태원물산(주),,,자료 문제 (조회 실패·출자현황 없음·지분율 오류),"출자현황 자료 없음 — 원문 확인, 필요하면 수동 입력 파일에 적음 (2025 사업보고서 표 형식 아님(숫자 지분율 없음); 2025 3분기보고서 표 형식 아님(숫자 지분율 없음); 2025 반기보고서 표 형식 아님(숫자 지분율 없음); 2024 사업보고서 표 형식 아님(숫자 지분율 없음))",
1-2b 명단 밖 코스피 모회사의 종속,SK Gas International Pte.Ltd,SK가스(주),,,해외 법인,해외 법인 — 계획서 7-2,
1-2b 명단 밖 코스피 모회사의 종속,I.net,SK가스(주),,,해외 법인,해외 법인 — 계획서 7-2,
1-2b 명단 밖 코스피 모회사의 종속,Gridflex,SK가스(주),,,해외 법인,해외 법인 — 계획서 7-2,
1-2b 명단 밖 코스피 모회사의 종속,SK Gas USA Inc.,SK가스(주),,,해외 법인,해외 법인 — 계획서 7-2,
1-2b 명단 밖 코스피 모회사의 종속,DAE-IL USA,(주)디아이씨,,,해외 법인,해외 법인 — 계획서 7-2,
1-2b 명단 밖 코스피 모회사의 종속,대일기배유한공사,(주)디아이씨,,,해외 법인,해외 법인 — 계획서 7-2,
1-2b 명단 밖 코스피 모회사의 종속,"Daeduck Vietnam Co.,Ltd.",대덕전자(주),,,해외 법인,해외 법인 — 계획서 7-2,
1-2b 명단 밖 코스피 모회사의 종속,"Daeduck Electronics (SHANGHAI) Co., Ltd.",대덕전자(주),,,해외 법인,해외 법인 — 계획서 7-2,
1-2b 명단 밖 코스피 모회사의 종속,"DD USA, INC.",대덕전자(주),,,해외 법인,해외 법인 — 계획서 7-2,
1-2b 명단 밖 코스피 모회사의 종속,금강 미국,금강공업(주),,,해외 법인,해외 법인 — 계획서 7-2,
1-2b 명단 밖 코스피 모회사의 종속,금강 베트남,금강공업(주),,,해외 법인,해외 법인 — 계획서 7-2,
1-2b 명단 밖 코스피 모회사의 종속,"INHEE(VIETNAM)Co., Ltd",(주)벽산,,,해외 법인,해외 법인 — 계획서 7-2,
1-2b 명단 밖 코스피 모회사의 종속,ELIM Brontier,(주)벽산,,,해외 법인,해외 법인 — 계획서 7-2,
1-2b 명단 밖 코스피 모회사의 종속,스타트업 코리아 KOLMAR-DTNI K-뷰티 펀드,한국콜마(주),,,명목회사·펀드·SPC·신탁 상품,펀드·SPC·투자조합·신탁 상품·명목회사 — 계획서 7-2,
1-2b 명단 밖 코스피 모회사의 종속,"Kolmar Cosmetics (Beijing) Co., Ltd.",한국콜마(주),,,해외 법인,해외 법인 — 계획서 7-2,
1-2b 명단 밖 코스피 모회사의 종속,"Kolmar Cosmetics (Wuxi) Co., Ltd.",한국콜마(주),,,해외 법인,해외 법인 — 계획서 7-2,
1-2b 명단 밖 코스피 모회사의 종속,"HK Kolmar Laboratories, Inc.",한국콜마(주),,,해외 법인,해외 법인 — 계획서 7-2,
1-2b 명단 밖 코스피 모회사의 종속,"HK Kolmar Canada, Inc.",한국콜마(주),,,해외 법인,해외 법인 — 계획서 7-2,
1-2b 명단 밖 코스피 모회사의 종속,"Seokoh Canada, Inc.",한국콜마(주),,,해외 법인,해외 법인 — 계획서 7-2,
1-2b 명단 밖 코스피 모회사의 종속,TIANJIN SAMWHA,삼화전기(주),,,해외 법인,해외 법인 — 계획서 7-2,
1-2b 명단 밖 코스피 모회사의 종속,SAMWHA HONGKONG,삼화전기(주),,,해외 법인,해외 법인 — 계획서 7-2,
1-2b 명단 밖 코스피 모회사의 종속,SAMWHA EUROPE,삼화전기(주),,,해외 법인,해외 법인 — 계획서 7-2,
1-2b 명단 밖 코스피 모회사의 종속,SAMWHA INDIA,삼화전기(주),,,해외 법인,해외 법인 — 계획서 7-2,
1-2b 명단 밖 코스피 모회사의 종속,HYUNDAI CORP.USA,현대코퍼레이션(주),,,해외 법인,해외 법인 — 계획서 7-2,
1-2b 명단 밖 코스피 모회사의 종속,POS-HYUNDAI STEEL MFG.(I) PVT.LTD,현대코퍼레이션(주),,,해외 법인,해외 법인 — 계획서 7-2,
1-2b 명단 밖 코스피 모회사의 종속,PT HD INTI DEVE.,현대코퍼레이션(주),,,해외 법인,해외 법인 — 계획서 7-2,
1-2b 명단 밖 코스피 모회사의 종속,HYUNDAI YEMEN LNG COMPANY LIMITED,현대코퍼레이션(주),,,해외 법인,해외 법인 — 계획서 7-2,
1-2b 명단 밖 코스피 모회사의 종속,HY AUTO SOLUTION LLC,현대코퍼레이션(주),,,해외 법인,해외 법인 — 계획서 7-2,
1-2b 명단 밖 코스피 모회사의 종속,KCA 이에스지1호 사모투자 합자회사,현대코퍼레이션(주),,,명목회사·펀드·SPC·신탁 상품,펀드·SPC·투자조합·신탁 상품·명목회사 — 계획서 7-2,
1-2b 명단 밖 코스피 모회사의 종속,"HYUNDAI AUSTRAILIA PTY.,LTD.",현대코퍼레이션(주),,,해외 법인,해외 법인 — 계획서 7-2,
1-2b 명단 밖 코스피 모회사의 종속,신한알파서소문위탁관리부동산투자회사,현대코퍼레이션(주),,,명목회사·펀드·SPC·신탁 상품,펀드·SPC·투자조합·신탁 상품·명목회사 — 계획서 7-2,
1-2b 명단 밖 코스피 모회사의 종속,HYUNDAI CORP.EUROPE GMBH,현대코퍼레이션(주),,,해외 법인,해외 법인 — 계획서 7-2,
1-2b 명단 밖 코스피 모회사의 종속,"HYUNDAI JAPAN CO.,LTD.",현대코퍼레이션(주),,,해외 법인,해외 법인 — 계획서 7-2,
1-2b 명단 밖 코스피 모회사의 종속,HYUNDAI CORPORATION SINGAPORE PTE. LTD.,현대코퍼레이션(주),,,해외 법인,해외 법인 — 계획서 7-2,
1-2b 명단 밖 코스피 모회사의 종속,HYUNDAI CANADA INC.,현대코퍼레이션(주),,,해외 법인,해외 법인 — 계획서 7-2,
1-2b 명단 밖 코스피 모회사의 종속,"HYUNDAI CORPORATION SHANGHAI CO.,LTD.",현대코퍼레이션(주),,,해외 법인,해외 법인 — 계획서 7-2,
1-2b 명단 밖 코스피 모회사의 종속,PT HYUNDAI CORP INDONESIA,현대코퍼레이션(주),,,해외 법인,해외 법인 — 계획서 7-2,
1-2b 명단 밖 코스피 모회사의 종속,"HYUNDAI CORPORATION MEXICO, S. DE R.L. DE C.V.",현대코퍼레이션(주),,,해외 법인,해외 법인 — 계획서 7-2,
1-2b 명단 밖 코스피 모회사의 종속,한섬상해(상무) 유한공사,(주)한섬,,,해외 법인,해외 법인 — 계획서 7-2,
1-2b 명단 밖 코스피 모회사의 종속,"Kumho-Sunny Plastics Technology(Thailand)Co.,Ltd",금호석유화학(주),,,해외 법인,해외 법인 — 계획서 7-2,
1-2b 명단 밖 코스피 모회사의 종속,KUMHO PETROCHEMICAL MALAYSIA Sdn. Bhd.,금호석유화학(주),,,해외 법인,해외 법인 — 계획서 7-2,
1-2b 명단 밖 코스피 모회사의 종속,PT KUMHO PETROCHEMICAL INDONESIA,금호석유화학(주),,,해외 법인,해외 법인 — 계획서 7-2,
1-2b 명단 밖 코스피 모회사의 종속,KKPC AMERICA. Inc,금호석유화학(주),,,해외 법인,해외 법인 — 계획서 7-2,
1-2b 명단 밖 코스피 모회사의 종속,Kumho Petrochemical Germany GmbH,금호석유화학(주),,,해외 법인,해외 법인 — 계획서 7-2,
1-2b 명단 밖 코스피 모회사의 종속,브이아이 아름다운인생 이벤트드리븐 일반 사모투자신탁 1호,금호석유화학(주),,,명목회사·펀드·SPC·신탁 상품,펀드·SPC·투자조합·신탁 상품·명목회사 — 계획서 7-2,
1-2b 명단 밖 코스피 모회사의 종속,상해금호일려소료유한공사,금호석유화학(주),,,해외 법인,해외 법인 — 계획서 7-2,
1-2b 명단 밖 코스피 모회사의 종속,금호페트로홀딩스유한공사,금호석유화학(주),,,해외 법인,해외 법인 — 계획서 7-2,
1-2b 명단 밖 코스피 모회사의 종속,"CHOSUN VINACO., LTD",CS 홀딩스(주),,,해외 법인,해외 법인 — 계획서 7-2,
1-2b 명단 밖 코스피 모회사의 종속,"CHOSUN WELDING (THAILAND) CO.,LTD",CS 홀딩스(주),,,해외 법인,해외 법인 — 계획서 7-2,
1-2b 명단 밖 코스피 모회사의 종속,Suheung-America Corp.,(주)서흥,,,해외 법인,해외 법인 — 계획서 7-2,
1-2b 명단 밖 코스피 모회사의 종속,"Suheung-Vietnam Co.,Ltd.",(주)서흥,,,해외 법인,해외 법인 — 계획서 7-2,
1-2b 명단 밖 코스피 모회사의 종속,"Suheung-Japan Co.,Ltd..",(주)서흥,,,해외 법인,해외 법인 — 계획서 7-2,
1-2b 명단 밖 코스피 모회사의 종속,Suheung-Europe GmbH,(주)서흥,,,해외 법인,해외 법인 — 계획서 7-2,
1-2b 명단 밖 코스피 모회사의 종속,플레르신기술조합 제91호,(주)비비안,,,명목회사·펀드·SPC·신탁 상품,펀드·SPC·투자조합·신탁 상품·명목회사 — 계획서 7-2,
1-2b 명단 밖 코스피 모회사의 종속,티에스투자조합,(주)비비안,,,명목회사·펀드·SPC·신탁 상품,펀드·SPC·투자조합·신탁 상품·명목회사 — 계획서 7-2,
1-2b 명단 밖 코스피 모회사의 종속,barbara paris,(주)비비안,,,해외 법인,해외 법인 — 계획서 7-2,
1-2b 명단 밖 코스피 모회사의 종속,DSR INTERNATIONAL CORP,DSR(주),,,해외 법인,해외 법인 — 계획서 7-2,
1-2b 명단 밖 코스피 모회사의 종속,청도DSR제강유한공사,DSR(주),,,해외 법인,해외 법인 — 계획서 7-2,
1-2b 명단 밖 코스피 모회사의 종속,"DSR VINA CO.,Ltd",DSR(주),,,해외 법인,해외 법인 — 계획서 7-2,
1-2b 명단 밖 코스피 모회사의 종속,"Dongyang Mechatronics Jiangyin Co., Ltd.",디와이파워(주),,,해외 법인,해외 법인 — 계획서 7-2,
1-2b 명단 밖 코스피 모회사의 종속,DY POWER INDIA Pvt.,디와이파워(주),,,해외 법인,해외 법인 — 계획서 7-2,
1-2b 명단 밖 코스피 모회사의 종속,DY AMERICA Inc.,디와이파워(주),,,해외 법인,해외 법인 — 계획서 7-2,
1-2b 명단 밖 코스피 모회사의 종속,Bionote USA Inc,(주)바이오노트,,,해외 법인,해외 법인 — 계획서 7-2,
1-2b 명단 밖 코스피 모회사의 종속,Bionote India Healthcare Private Limited,(주)바이오노트,,,해외 법인,해외 법인 — 계획서 7-2,
1-2b 명단 밖 코스피 모회사의 종속,"Bionote Shanghai Co., Ltd.",(주)바이오노트,,,해외 법인,해외 법인 — 계획서 7-2,
1-2b 명단 밖 코스피 모회사의 종속,PT STANDARD Biosensor Healthcare,(주)바이오노트,,,해외 법인,해외 법인 — 계획서 7-2,
1-2b 명단 밖 코스피 모회사의 종속,Singsong (H.K) Ltd.,신송홀딩스(주),,,해외 법인,해외 법인 — 계획서 7-2,
1-2b 명단 밖 코스피 모회사의 종속,Singsong Global Singapore Pte. Ltd,신송홀딩스(주),,,해외 법인,해외 법인 — 계획서 7-2,
1-2b 명단 밖 코스피 모회사의 종속,SINGSONG LLC,신송홀딩스(주),,,해외 법인,해외 법인 — 계획서 7-2,
1-2b 명단 밖 코스피 모회사의 종속,Trek Inc. (해외투자법인),대창단조(주),,,해외 법인,해외 법인 — 계획서 7-2,
1-2b 명단 밖 코스피 모회사의 종속,Track Design India Private Limited (해외투자법인),대창단조(주),,,해외 법인,해외 법인 — 계획서 7-2,
1-2b 명단 밖 코스피 모회사의 종속,"SUNWAY DAECHANG FORGING (ANHUI) CO., LTD. (해외투자법인)",대창단조(주),,,해외 법인,해외 법인 — 계획서 7-2,
1-2b 명단 밖 코스피 모회사의 종속,삼화유럽,삼화전자공업(주),,,해외 법인,해외 법인 — 계획서 7-2,
1-2b 명단 밖 코스피 모회사의 종속,삼화홍콩,삼화전자공업(주),,,해외 법인,해외 법인 — 계획서 7-2,
1-2b 명단 밖 코스피 모회사의 종속,KPIC DAWN (SHANGHAI) POLYMER,대한유화(주),,,해외 법인,해외 법인 — 계획서 7-2,
1-2b 명단 밖 코스피 모회사의 종속,YUHAN USA CORPORATION,(주)유한양행,,,해외 법인,해외 법인 — 계획서 7-2,
1-2b 명단 밖 코스피 모회사의 종속,YUHAN Hong Kong Limited,(주)유한양행,,,해외 법인,해외 법인 — 계획서 7-2,
1-2b 명단 밖 코스피 모회사의 종속,Yuhan ANZ Pty Ltd.,(주)유한양행,,,해외 법인,해외 법인 — 계획서 7-2,
1-2b 명단 밖 코스피 모회사의 종속,SUNGMOON ELECTRONICS INDIA PRIVATE LIMITED,성문전자(주),,,해외 법인,해외 법인 — 계획서 7-2,
1-2b 명단 밖 코스피 모회사의 종속,청도성문전자유한공사,성문전자(주),,,해외 법인,해외 법인 — 계획서 7-2,
1-2b 명단 밖 코스피 모회사의 종속,WOOSHIN HOLDING CORPORATION,(주)우신시스템,,,해외 법인,해외 법인 — 계획서 7-2,
1-2b 명단 밖 코스피 모회사의 종속,Wooshin Safety Systems Holding Corporation North America LLC,(주)우신시스템,,,해외 법인,해외 법인 — 계획서 7-2,
1-2b 명단 밖 코스피 모회사의 종속,Wooshin Safety Systems Holding Corporation,(주)우신시스템,,,해외 법인,해외 법인 — 계획서 7-2,
1-2b 명단 밖 코스피 모회사의 종속,WS SAFETY SYSTEMS MEXICO SA DE CV,(주)우신시스템,,,해외 법인,해외 법인 — 계획서 7-2,
1-2b 명단 밖 코스피 모회사의 종속,WOOSHIN SAFETY SYSTEMS INDIA PVT LTD,(주)우신시스템,,,해외 법인,해외 법인 — 계획서 7-2,
1-2b 명단 밖 코스피 모회사의 종속,"Jiangsu Wooshin Safety Systems Co., Ltd.",(주)우신시스템,,,해외 법인,해외 법인 — 계획서 7-2,
1-2b 명단 밖 코스피 모회사의 종속,무한우신기계유한공사,(주)우신시스템,,,해외 법인,해외 법인 — 계획서 7-2,
1-2b 명단 밖 코스피 모회사의 종속,"WOOSHIN PROPERTIES, LLC",(주)우신시스템,,,해외 법인,해외 법인 — 계획서 7-2,
1-2b 명단 밖 코스피 모회사의 종속,WOOSHIN NORTH AMERICA LLC,(주)우신시스템,,,해외 법인,해외 법인 — 계획서 7-2,
1-2b 명단 밖 코스피 모회사의 종속,D.I Japan Corporation,(주)디아이,,,해외 법인,해외 법인 — 계획서 7-2,
1-2b 명단 밖 코스피 모회사의 종속,"Suzhou Dl Electronics Co.,Ltd",(주)디아이,,,해외 법인,해외 법인 — 계획서 7-2,
1-2b 명단 밖 코스피 모회사의 종속,GS Collective Fund II LLC,(주)GS,,,해외 법인,해외 법인 — 계획서 7-2,
1-2b 명단 밖 코스피 모회사의 종속,GS Infinity Corp,(주)GS,,,해외 법인,해외 법인 — 계획서 7-2,
1-2b 명단 밖 코스피 모회사의 종속,Dione Limited,(주)GS,,,해외 법인,해외 법인 — 계획서 7-2,
1-2b 명단 밖 코스피 모회사의 종속,GS Beyond Corp,(주)GS,,,해외 법인,해외 법인 — 계획서 7-2,
1-2b 명단 밖 코스피 모회사의 종속,GS Collective Fund I LLC,(주)GS,,,해외 법인,해외 법인 — 계획서 7-2,
1-2b 명단 밖 코스피 모회사의 종속,강음한일강철유한공사,(주)하이스틸,,,해외 법인,해외 법인 — 계획서 7-2,
1-2b 명단 밖 코스피 모회사의 종속,유암코아이비케이에스 신기술투자조합,(주)하이스틸,,,명목회사·펀드·SPC·신탁 상품,펀드·SPC·투자조합·신탁 상품·명목회사 — 계획서 7-2,
1-2b 명단 밖 코스피 모회사의 종속,퍼시픽제3호일반사모부동산투자유한회사,(주)제주항공,,,명목회사·펀드·SPC·신탁 상품,펀드·SPC·투자조합·신탁 상품·명목회사 — 계획서 7-2,
1-2b 명단 밖 코스피 모회사의 종속,"LG Holdings Japan Co., Ltd.",(주)LG,,,해외 법인,해외 법인 — 계획서 7-2,
1-2b 명단 밖 코스피 모회사의 종속,"General Atlantic (GRSH) Bermuda Coinvest, L.P.",(주)LG,,,해외 법인,해외 법인 — 계획서 7-2,
1-2b 명단 밖 코스피 모회사의 종속,"VFF IV Co-Invest 4-C, L.P.",(주)LG,,,해외 법인,해외 법인 — 계획서 7-2,
1-2b 명단 밖 코스피 모회사의 종속,IOBED(M) SDN. BD,코웨이(주),,,해외 법인,해외 법인 — 계획서 7-2,
1-2b 명단 밖 코스피 모회사의 종속,"Coway (Thailand) Co.,Ltd.",코웨이(주),,,해외 법인,해외 법인 — 계획서 7-2,
1-2b 명단 밖 코스피 모회사의 종속,Coway (M) Sdn Bhd.,코웨이(주),,,해외 법인,해외 법인 — 계획서 7-2,
1-2b 명단 밖 코스피 모회사의 종속,Coway USA Inc.,코웨이(주),,,해외 법인,해외 법인 — 계획서 7-2,
1-2b 명단 밖 코스피 모회사의 종속,"Coway China Co.,Ltd.",코웨이(주),,,해외 법인,해외 법인 — 계획서 7-2,
1-2b 명단 밖 코스피 모회사의 종속,PT COWAY INTERNATIONAL INDONESIA,코웨이(주),,,해외 법인,해외 법인 — 계획서 7-2,
1-2b 명단 밖 코스피 모회사의 종속,"COWAY VINA CO., LTD.",코웨이(주),,,해외 법인,해외 법인 — 계획서 7-2,
1-2b 명단 밖 코스피 모회사의 종속,Coway Europe B.V.,코웨이(주),,,해외 법인,해외 법인 — 계획서 7-2,
1-2b 명단 밖 코스피 모회사의 종속,키움로지스틱스일반사모부동산투자신탁제3호,코웨이(주),,,명목회사·펀드·SPC·신탁 상품,펀드·SPC·투자조합·신탁 상품·명목회사 — 계획서 7-2,
1-2b 명단 밖 코스피 모회사의 종속,COWAY SINGAPORE PTE. LTD.,코웨이(주),,,해외 법인,해외 법인 — 계획서 7-2,
1-2b 명단 밖 코스피 모회사의 종속,"NECOA HOLDINGS, INC",코웨이(주),,,해외 법인,해외 법인 — 계획서 7-2,
1-2b 명단 밖 코스피 모회사의 종속,"NECOA, Inc.",코웨이(주),,,해외 법인,해외 법인 — 계획서 7-2,
1-2b 명단 밖 코스피 모회사의 종속,"NECOA TECH, Inc.",코웨이(주),,,해외 법인,해외 법인 — 계획서 7-2,
1-2b 명단 밖 코스피 모회사의 종속,COWAY INDIA PRIVATE LIMITED,코웨이(주),,,해외 법인,해외 법인 — 계획서 7-2,
1-2b 명단 밖 코스피 모회사의 종속,,주식회사 미래에셋글로벌위탁관리부동산투자회사,,,자료 문제 (조회 실패·출자현황 없음·지분율 오류),"출자현황 자료 없음 — 원문 확인, 필요하면 수동 입력 파일에 적음 (2025 사업보고서 표 형식 아님(숫자 지분율 없음); 2025 3분기보고서 013; 2025 반기보고서 표 형식 아님(숫자 지분율 없음); 2024 사업보고서 표 형식 아님(숫자 지분율 없음))",
1-2b 명단 밖 코스피 모회사의 종속,㈜SIMPAC KDA,(주)SIMPAC,,,해외 법인,해외 법인 — 계획서 7-2,
1-2b 명단 밖 코스피 모회사의 종속,Magnesia Global Pte.Ltd.,(주)SIMPAC,,,해외 법인,해외 법인 — 계획서 7-2,
1-2b 명단 밖 코스피 모회사의 종속,SILBRAKOR LTDA.,(주)SIMPAC,,,해외 법인,해외 법인 — 계획서 7-2,
1-2b 명단 밖 코스피 모회사의 종속,블루리프모빌리티스케일업사모투자,(주)SIMPAC,,,명목회사·펀드·SPC·신탁 상품,펀드·SPC·투자조합·신탁 상품·명목회사 — 계획서 7-2,
1-2b 명단 밖 코스피 모회사의 종속,IMM살루스벤처펀드 제2호,(주)SIMPAC,,,명목회사·펀드·SPC·신탁 상품,펀드·SPC·투자조합·신탁 상품·명목회사 — 계획서 7-2,
1-2b 명단 밖 코스피 모회사의 종속,"SIMPAC TIANJIN Co., Ltd.",(주)SIMPAC,,,해외 법인,해외 법인 — 계획서 7-2,
1-2b 명단 밖 코스피 모회사의 종속,"SIMPAC AMERICA Co., Ltd.",(주)SIMPAC,,,해외 법인,해외 법인 — 계획서 7-2,
1-2b 명단 밖 코스피 모회사의 종속,SIMPAC MEXICO S. de R. L. de C. V,(주)SIMPAC,,,해외 법인,해외 법인 — 계획서 7-2,
1-2b 명단 밖 코스피 모회사의 종속,SIMPAC PRES OTOMASYON SISTEMLE,(주)SIMPAC,,,해외 법인,해외 법인 — 계획서 7-2,
1-2b 명단 밖 코스피 모회사의 종속,KTB칸피던스사모부동산 투자신탁제35호,(주)SIMPAC,,,명목회사·펀드·SPC·신탁 상품,펀드·SPC·투자조합·신탁 상품·명목회사 — 계획서 7-2,
1-2b 명단 밖 코스피 모회사의 종속,현대(중국)전제유한공사,현대엘리베이터(주),,,해외 법인,해외 법인 — 계획서 7-2,
1-2b 명단 밖 코스피 모회사의 종속,현대투자파트너스제1호전략투자조합,현대엘리베이터(주),,,명목회사·펀드·SPC·신탁 상품,펀드·SPC·투자조합·신탁 상품·명목회사 — 계획서 7-2,
1-2b 명단 밖 코스피 모회사의 종속,현대투자파트너스제2호벤처투자조합,현대엘리베이터(주),,,명목회사·펀드·SPC·신탁 상품,펀드·SPC·투자조합·신탁 상품·명목회사 — 계획서 7-2,
1-2b 명단 밖 코스피 모회사의 종속,"ADASTRAX, LLC",현대엘리베이터(주),,,해외 법인,해외 법인 — 계획서 7-2,
1-2b 명단 밖 코스피 모회사의 종속,PT. HYUNDAI ELEVATOR INDONESIA,현대엘리베이터(주),,,해외 법인,해외 법인 — 계획서 7-2,
1-2b 명단 밖 코스피 모회사의 종속,TDH Global 2017 LLC,현대엘리베이터(주),,,해외 법인,해외 법인 — 계획서 7-2,
1-2b 명단 밖 코스피 모회사의 종속,와이어드 그린 사모투자합자회사,현대엘리베이터(주),,,명목회사·펀드·SPC·신탁 상품,펀드·SPC·투자조합·신탁 상품·명목회사 — 계획서 7-2,
1-2b 명단 밖 코스피 모회사의 종속,알파플러스 신성장가치 일반 사모투자신탁 1호,현대엘리베이터(주),,,명목회사·펀드·SPC·신탁 상품,펀드·SPC·투자조합·신탁 상품·명목회사 — 계획서 7-2,
1-2b 명단 밖 코스피 모회사의 종속,알파플러스 신성장안정 일반 사모투자신탁 1호,현대엘리베이터(주),,,명목회사·펀드·SPC·신탁 상품,펀드·SPC·투자조합·신탁 상품·명목회사 — 계획서 7-2,
1-2b 명단 밖 코스피 모회사의 종속,베스트리딩 일반 사모투자신탁 1호,현대엘리베이터(주),,,명목회사·펀드·SPC·신탁 상품,펀드·SPC·투자조합·신탁 상품·명목회사 — 계획서 7-2,
1-2b 명단 밖 코스피 모회사의 종속,"KINETIC HYUNDAI ELEVATOR & MOVEMENT TECHNOLOGIES, LTD.",현대엘리베이터(주),,,해외 법인,해외 법인 — 계획서 7-2,
1-2b 명단 밖 코스피 모회사의 종속,혁신성장HIP제3호벤처투자조합,현대엘리베이터(주),,,명목회사·펀드·SPC·신탁 상품,펀드·SPC·투자조합·신탁 상품·명목회사 — 계획서 7-2,
1-2b 명단 밖 코스피 모회사의 종속,스마트HIP 제4호 벤처투자조합,현대엘리베이터(주),,,명목회사·펀드·SPC·신탁 상품,펀드·SPC·투자조합·신탁 상품·명목회사 — 계획서 7-2,
1-2b 명단 밖 코스피 모회사의 종속,HYUNDAI ELEVADORES DO BRASIL LTDA,현대엘리베이터(주),,,해외 법인,해외 법인 — 계획서 7-2,
1-2b 명단 밖 코스피 모회사의 종속,HYUNDAI ELEVATOR MALAYSIA SDN.BHD.,현대엘리베이터(주),,,해외 법인,해외 법인 — 계획서 7-2,
1-2b 명단 밖 코스피 모회사의 종속,"HYUNDAI THANH CONG ELEVATOR VIETNAM CO., LTD.",현대엘리베이터(주),,,해외 법인,해외 법인 — 계획서 7-2,
1-2b 명단 밖 코스피 모회사의 종속,"HYUNDAI ELEVATOR VIETNAM CO., LTD.",현대엘리베이터(주),,,해외 법인,해외 법인 — 계획서 7-2,
1-2b 명단 밖 코스피 모회사의 종속,HYUNDAI ELEVATOR ASANSOR VE SERVIS SANAYI VE TICARET ANONIM SIRKETI,현대엘리베이터(주),,,해외 법인,해외 법인 — 계획서 7-2,
1-2b 명단 밖 코스피 모회사의 종속,"ENEX VINA Co., LTD.",(주)에넥스,,,해외 법인,해외 법인 — 계획서 7-2,
1-2b 명단 밖 코스피 모회사의 종속,청담 메디케어 1호 신기술조합,(주)금호에이치티,,,명목회사·펀드·SPC·신탁 상품,펀드·SPC·투자조합·신탁 상품·명목회사 — 계획서 7-2,
1-2b 명단 밖 코스피 모회사의 종속,플루토 신기술조합 제71호,(주)금호에이치티,,,명목회사·펀드·SPC·신탁 상품,펀드·SPC·투자조합·신탁 상품·명목회사 — 계획서 7-2,
1-2b 명단 밖 코스피 모회사의 종속,"TIANJIN KUMHO HT CO., LTD.",(주)금호에이치티,,,해외 법인,해외 법인 — 계획서 7-2,
1-2b 명단 밖 코스피 모회사의 종속,"S-MAC HT VINA CO., LTD.",(주)금호에이치티,,,해외 법인,해외 법인 — 계획서 7-2,
1-2b 명단 밖 코스피 모회사의 종속,"ESSA HI-TECH CO., LTD.",(주)금호에이치티,,,해외 법인,해외 법인 — 계획서 7-2,
1-2b 명단 밖 코스피 모회사의 종속,"KUMHO HT INDIA PVT., LTD.",(주)금호에이치티,,,해외 법인,해외 법인 — 계획서 7-2,
1-2b 명단 밖 코스피 모회사의 종속,,세방(주),,,자료 문제 (조회 실패·출자현황 없음·지분율 오류),"출자현황 자료 없음 — 원문 확인, 필요하면 수동 입력 파일에 적음 (2025 사업보고서 표 형식 아님(숫자 지분율 없음); 2025 3분기보고서 표 형식 아님(숫자 지분율 없음); 2025 반기보고서 표 형식 아님(숫자 지분율 없음); 2024 사업보고서 표 형식 아님(숫자 지분율 없음))",
1-2b 명단 밖 코스피 모회사의 종속,강음한일강철 유한공사 (해외 비상장법인/종속회사),한일철강(주),,,해외 법인,해외 법인 — 계획서 7-2,
1-2b 명단 밖 코스피 모회사의 종속,"SICHAOXIAN(DALIAN) INTERNATIONAL TRADE CO.,LTD",(주)사조대림,,,해외 법인,해외 법인 — 계획서 7-2,
1-2b 명단 밖 코스피 모회사의 종속,타임폴리오 It's time -Mezzanine G 3호,KPX홀딩스(주),,,명목회사·펀드·SPC·신탁 상품,펀드·SPC·투자조합·신탁 상품·명목회사 — 계획서 7-2,
1-2b 명단 밖 코스피 모회사의 종속,타임폴리오 코스닥벤처 The Unique 대체투자 4호,KPX홀딩스(주),,,명목회사·펀드·SPC·신탁 상품,펀드·SPC·투자조합·신탁 상품·명목회사 — 계획서 7-2,
1-2b 명단 밖 코스피 모회사의 종속,"KPX VINA CO., LTD.",KPX홀딩스(주),,,해외 법인,해외 법인 — 계획서 7-2,
1-2b 명단 밖 코스피 모회사의 종속,비엔비 IPO 벤처 일반 사모투자신탁 제5호,KPX홀딩스(주),,,명목회사·펀드·SPC·신탁 상품,펀드·SPC·투자조합·신탁 상품·명목회사 — 계획서 7-2,
1-2b 명단 밖 코스피 모회사의 종속,마스터 IPO 벤처 일반 사모투자신탁 제1호,KPX홀딩스(주),,,명목회사·펀드·SPC·신탁 상품,펀드·SPC·투자조합·신탁 상품·명목회사 — 계획서 7-2,
1-2b 명단 밖 코스피 모회사의 종속,타임폴리오 코스닥벤처 The Unique 대체투자 3호,KPX홀딩스(주),,,명목회사·펀드·SPC·신탁 상품,펀드·SPC·투자조합·신탁 상품·명목회사 — 계획서 7-2,
1-2b 명단 밖 코스피 모회사의 종속,,영화금속(주),,,자료 문제 (조회 실패·출자현황 없음·지분율 오류),"출자현황 자료 없음 — 원문 확인, 필요하면 수동 입력 파일에 적음 (2025 사업보고서 표 형식 아님(숫자 지분율 없음); 2025 3분기보고서 표 형식 아님(숫자 지분율 없음); 2025 반기보고서 표 형식 아님(숫자 지분율 없음); 2024 사업보고서 표 형식 아님(숫자 지분율 없음))",
1-2b 명단 밖 코스피 모회사의 종속,"HWASEUNG VINA Co.,Ltd",주식회사 화승엔터프라이즈,,,해외 법인,해외 법인 — 계획서 7-2,
1-2b 명단 밖 코스피 모회사의 종속,"Jangchun Shoe Manufacturing Dalian Co.,Ltd",주식회사 화승엔터프라이즈,,,해외 법인,해외 법인 — 계획서 7-2,
1-2b 명단 밖 코스피 모회사의 종속,PT. HWA SEUNG INDONESIA,주식회사 화승엔터프라이즈,,,해외 법인,해외 법인 — 계획서 7-2,
1-2b 명단 밖 코스피 모회사의 종속,HWASEUNG Footwear India Private Limited,주식회사 화승엔터프라이즈,,,해외 법인,해외 법인 — 계획서 7-2,
1-2b 명단 밖 코스피 모회사의 종속,에이치 피아이 2호 신기술사업투자조합,주식회사 화승엔터프라이즈,,,명목회사·펀드·SPC·신탁 상품,펀드·SPC·투자조합·신탁 상품·명목회사 — 계획서 7-2,
1-2b 명단 밖 코스피 모회사의 종속,Dong-A Steel Technology (B) Sdn Bhd,다스코(주),,,해외 법인,해외 법인 — 계획서 7-2,
1-2b 명단 밖 코스피 모회사의 종속,(주)명지3호에너지,다스코(주),,,명목회사·펀드·SPC·신탁 상품,펀드·SPC·투자조합·신탁 상품·명목회사 — 계획서 7-2,
1-2b 명단 밖 코스피 모회사의 종속,Qingdao GMB Machinery Product,지엠비코리아(주),,,해외 법인,해외 법인 — 계획서 7-2,
1-2b 명단 밖 코스피 모회사의 종속,GMB USA INC,지엠비코리아(주),,,해외 법인,해외 법인 — 계획서 7-2,
1-2b 명단 밖 코스피 모회사의 종속,GMB AUTOMOTIVE INDIACHENNAI PRIVATE LIMITED,지엠비코리아(주),,,해외 법인,해외 법인 — 계획서 7-2,
1-2b 명단 밖 코스피 모회사의 종속,GMB-SK증권 WLO 신기술투자조합 제1호,지엠비코리아(주),,,명목회사·펀드·SPC·신탁 상품,펀드·SPC·투자조합·신탁 상품·명목회사 — 계획서 7-2,
1-2b 명단 밖 코스피 모회사의 종속,Qingdao GMB Automotive,지엠비코리아(주),,,해외 법인,해외 법인 — 계획서 7-2,
1-2b 명단 밖 코스피 모회사의 종속,GMB North America,지엠비코리아(주),,,해외 법인,해외 법인 — 계획서 7-2,
1-2b 명단 밖 코스피 모회사의 종속,Hangzhou GMB Automotive,지엠비코리아(주),,,해외 법인,해외 법인 — 계획서 7-2,
1-2b 명단 밖 코스피 모회사의 종속,GMB Automotive NANTONG,지엠비코리아(주),,,해외 법인,해외 법인 — 계획서 7-2,
1-2b 명단 밖 코스피 모회사의 종속,"GMB Rus Automotive, LLC.",지엠비코리아(주),,,해외 법인,해외 법인 — 계획서 7-2,
1-2b 명단 밖 코스피 모회사의 종속,GMB Romania Auto Industry SRL,지엠비코리아(주),,,해외 법인,해외 법인 — 계획서 7-2,
1-2b 명단 밖 코스피 모회사의 종속,청도단석신능원과기유한공사,주식회사 디에스단석,,,해외 법인,해외 법인 — 계획서 7-2,
1-2b 명단 밖 코스피 모회사의 종속,S-International Ltd.,S-Oil(주),,,해외 법인,해외 법인 — 계획서 7-2,
1-2b 명단 밖 코스피 모회사의 종속,S-OIL Singapore Pte. Ltd.,S-Oil(주),,,해외 법인,해외 법인 — 계획서 7-2,
1-2b 명단 밖 코스피 모회사의 종속,S-OIL Europe B.V.,S-Oil(주),,,해외 법인,해외 법인 — 계획서 7-2,
1-2b 명단 밖 코스피 모회사의 종속,SEOHAN AMERICA,한국무브넥스(주),,,해외 법인,해외 법인 — 계획서 7-2,
1-2b 명단 밖 코스피 모회사의 종속,북경서한,한국무브넥스(주),,,해외 법인,해외 법인 — 계획서 7-2,
1-2b 명단 밖 코스피 모회사의 종속,ISU-세컨더리1호투자조합,(주)이수화학                             ,,,명목회사·펀드·SPC·신탁 상품,펀드·SPC·투자조합·신탁 상품·명목회사 — 계획서 7-2,
1-2b 명단 밖 코스피 모회사의 종속,ISU GERMANY GMBH,(주)이수화학                             ,,,해외 법인,해외 법인 — 계획서 7-2,
1-2b 명단 밖 코스피 모회사의 종속,ISU Chemical Australia Pty Ltd,(주)이수화학                             ,,,해외 법인,해외 법인 — 계획서 7-2,
1-2b 명단 밖 코스피 모회사의 종속,신장이수롱쿤농업개발유한공사,(주)이수화학                             ,,,해외 법인,해외 법인 — 계획서 7-2,
1-2b 명단 밖 코스피 모회사의 종속,산동동명이수화학 유한공사,(주)이수화학                             ,,,해외 법인,해외 법인 — 계획서 7-2,
1-2b 명단 밖 코스피 모회사의 종속,JU YOUNG - ISU FUTURE GROW COMPANY LIMITED,(주)이수화학                             ,,,해외 법인,해외 법인 — 계획서 7-2,
1-2b 명단 밖 코스피 모회사의 종속,"Qingdao DN VMS Automotive Co., Ltd.",(주)디엔오토모티브,,,해외 법인,해외 법인 — 계획서 7-2,
1-2b 명단 밖 코스피 모회사의 종속,DN AUTOMOTIVE USA TECH CENTER INC,(주)디엔오토모티브,,,해외 법인,해외 법인 — 계획서 7-2,
1-2b 명단 밖 코스피 모회사의 종속,"DONG AH VINA CO., LTD.",(주)디엔오토모티브,,,해외 법인,해외 법인 — 계획서 7-2,
1-2b 명단 밖 코스피 모회사의 종속,DN Automotive USA Inc.,(주)디엔오토모티브,,,해외 법인,해외 법인 — 계획서 7-2,
1-2b 명단 밖 코스피 모회사의 종속,DN Automotive VMS Ltd.,(주)디엔오토모티브,,,해외 법인,해외 법인 — 계획서 7-2,
1-2b 명단 밖 코스피 모회사의 종속,DN Automotive Germany GmbH,(주)디엔오토모티브,,,해외 법인,해외 법인 — 계획서 7-2,
1-2b 명단 밖 코스피 모회사의 종속,DN Automotive Italy S.R.L.,(주)디엔오토모티브,,,해외 법인,해외 법인 — 계획서 7-2,
1-2b 명단 밖 코스피 모회사의 종속,DN Automotive MEXICO S.A. DE C.V.,(주)디엔오토모티브,,,해외 법인,해외 법인 — 계획서 7-2,
1-2b 명단 밖 코스피 모회사의 종속,DTR VMS INDIA PRIVATE LIMITED,(주)디엔오토모티브,,,해외 법인,해외 법인 — 계획서 7-2,
1-2b 명단 밖 코스피 모회사의 종속,키움증권㈜,(주)다우기술,,,중복 (이미 명단·다른 지배회사·옛 이름),이미 명단에 있음 — 상장 또는 앞 단계 종속,
1-2b 명단 밖 코스피 모회사의 종속,Kiwoom Daou Japan Venture Fund 1,(주)다우기술,,,해외 법인,해외 법인 — 계획서 7-2,
1-2b 명단 밖 코스피 모회사의 종속,다우홍콩(유) *,(주)다우기술,,,해외 법인,해외 법인 — 계획서 7-2,
1-2b 명단 밖 코스피 모회사의 종속,YANBIAN DONGLONG,(주)케이에스에스 해운,,,해외 법인,해외 법인 — 계획서 7-2,
1-2b 명단 밖 코스피 모회사의 종속,FAR EAST VENTURA,(주)케이에스에스 해운,,,해외 법인,해외 법인 — 계획서 7-2,
1-2b 명단 밖 코스피 모회사의 종속,이든일반사모부동산투자신탁17호,SK디앤디(주),,,명목회사·펀드·SPC·신탁 상품,펀드·SPC·투자조합·신탁 상품·명목회사 — 계획서 7-2,
1-2b 명단 밖 코스피 모회사의 종속,이지스전문투자형사모부동산투자신탁135호,SK디앤디(주),,,명목회사·펀드·SPC·신탁 상품,펀드·SPC·투자조합·신탁 상품·명목회사 — 계획서 7-2,
1-2b 명단 밖 코스피 모회사의 종속,코람코전문투자형사모부동산투자신탁제117호,SK디앤디(주),,,명목회사·펀드·SPC·신탁 상품,펀드·SPC·투자조합·신탁 상품·명목회사 — 계획서 7-2,
1-2b 명단 밖 코스피 모회사의 종속,㈜디디아이브이씨제1호위탁관리부동산투자회사,SK디앤디(주),,,명목회사·펀드·SPC·신탁 상품,펀드·SPC·투자조합·신탁 상품·명목회사 — 계획서 7-2,
1-2b 명단 밖 코스피 모회사의 종속,엘비일반사모부동산투자신탁58호,SK디앤디(주),,,명목회사·펀드·SPC·신탁 상품,펀드·SPC·투자조합·신탁 상품·명목회사 — 계획서 7-2,
1-2b 명단 밖 코스피 모회사의 종속,㈜디디아이오에스108위탁관리부동산투자회사,SK디앤디(주),,,명목회사·펀드·SPC·신탁 상품,펀드·SPC·투자조합·신탁 상품·명목회사 — 계획서 7-2,
1-2b 명단 밖 코스피 모회사의 종속,코람코전문투자형사모부동산투자신탁제120호,SK디앤디(주),,,명목회사·펀드·SPC·신탁 상품,펀드·SPC·투자조합·신탁 상품·명목회사 — 계획서 7-2,
1-2b 명단 밖 코스피 모회사의 종속,코람코이천백사물류전문투자형사모부동산투자신탁,SK디앤디(주),,,명목회사·펀드·SPC·신탁 상품,펀드·SPC·투자조합·신탁 상품·명목회사 — 계획서 7-2,
1-2b 명단 밖 코스피 모회사의 종속,,삼정펄프(주),,,자료 문제 (조회 실패·출자현황 없음·지분율 오류),"출자현황 자료 없음 — 원문 확인, 필요하면 수동 입력 파일에 적음 (2025 사업보고서 표 형식 아님(숫자 지분율 없음); 2025 3분기보고서 표 형식 아님(숫자 지분율 없음); 2025 반기보고서 표 형식 아님(숫자 지분율 없음); 2024 사업보고서 표 형식 아님(숫자 지분율 없음))",
1-2b 명단 밖 코스피 모회사의 종속,AMOREPACIFIC Global Operations Limited.,(주)아모레퍼시픽,,,해외 법인,해외 법인 — 계획서 7-2,
1-2b 명단 밖 코스피 모회사의 종속,"AMORE Cosmetics (Shanghai) Co.,Ltd.",(주)아모레퍼시픽,,,해외 법인,해외 법인 — 계획서 7-2,
1-2b 명단 밖 코스피 모회사의 종속,"AMOREPACIFIC (Shanghai) R&I Center Co.,Ltd.",(주)아모레퍼시픽,,,해외 법인,해외 법인 — 계획서 7-2,
1-2b 명단 밖 코스피 모회사의 종속,AMOREPACIFIC Global Operation PTE.LTD.,(주)아모레퍼시픽,,,해외 법인,해외 법인 — 계획서 7-2,
1-2b 명단 밖 코스피 모회사의 종속,Rationale Group Pty Ltd,(주)아모레퍼시픽,,,해외 법인,해외 법인 — 계획서 7-2,
1-2b 명단 밖 코스피 모회사의 종속,"AMOREPACIFIC US Investment, Inc.",(주)아모레퍼시픽,,,해외 법인,해외 법인 — 계획서 7-2,
1-2b 명단 밖 코스피 모회사의 종속,롯데에너지소재펀드,롯데에너지머티리얼즈(주),,,명목회사·펀드·SPC·신탁 상품,펀드·SPC·투자조합·신탁 상품·명목회사 — 계획서 7-2,
1-2b 명단 밖 코스피 모회사의 종속,STX Service Europe,STX엔진(주),,,해외 법인,해외 법인 — 계획서 7-2,
1-2b 명단 밖 코스피 모회사의 종속,STX Service Singapore,STX엔진(주),,,해외 법인,해외 법인 — 계획서 7-2,
1-2b 명단 밖 코스피 모회사의 종속,STX Service Americas,STX엔진(주),,,해외 법인,해외 법인 — 계획서 7-2,
1-2b 명단 밖 코스피 모회사의 종속,㈜양원어울림대한제13호,금호건설(주),,,명목회사·펀드·SPC·신탁 상품,펀드·SPC·투자조합·신탁 상품·명목회사 — 계획서 7-2,
1-2b 명단 밖 코스피 모회사의 종속,"ILSUNG-KUMHO JV Co., Ltd.",금호건설(주),,,해외 법인,해외 법인 — 계획서 7-2,
1-2b 명단 밖 코스피 모회사의 종속,"KUMHO-DONGBU JOINT VENTURE CO., LTD",금호건설(주),,,해외 법인,해외 법인 — 계획서 7-2,
1-2b 명단 밖 코스피 모회사의 종속,"KUMHO-TECHCROSS JV CO., LTD.",금호건설(주),,,해외 법인,해외 법인 — 계획서 7-2,
1-2b 명단 밖 코스피 모회사의 종속,DAESUNG AUSTRALIA,대성산업(주),,,해외 법인,해외 법인 — 계획서 7-2,
1-2b 명단 밖 코스피 모회사의 종속,대성기계(소주)유한공사,대성산업(주),,,해외 법인,해외 법인 — 계획서 7-2,
1-2b 명단 밖 코스피 모회사의 종속,,(주)체시스,,,자료 문제 (조회 실패·출자현황 없음·지분율 오류),"출자현황 자료 없음 — 원문 확인, 필요하면 수동 입력 파일에 적음 (2025 사업보고서 표 형식 아님(숫자 지분율 없음); 2025 3분기보고서 표 형식 아님(숫자 지분율 없음); 2025 반기보고서 표 형식 아님(숫자 지분율 없음); 2024 사업보고서 표 형식 아님(숫자 지분율 없음))",
1-2b 명단 밖 코스피 모회사의 종속,"MIWON VIETCHEM CO., LTD.",미원화학(주),,,해외 법인,해외 법인 — 계획서 7-2,
1-2b 명단 밖 코스피 모회사의 종속,삼영화학 베트남,(주)삼영,,,해외 법인,해외 법인 — 계획서 7-2,
1-2b 명단 밖 코스피 모회사의 종속,DOHWA GREEN ENERGY CO. Ltd,(주)도화엔지니어링,,,해외 법인,해외 법인 — 계획서 7-2,
1-2b 명단 밖 코스피 모회사의 종속,PT. DOHWA CONSTRUCTION INDONESIA,(주)도화엔지니어링,,,해외 법인,해외 법인 — 계획서 7-2,
1-2b 명단 밖 코스피 모회사의 종속,DHE CORPORATION,(주)도화엔지니어링,,,해외 법인,해외 법인 — 계획서 7-2,
1-2b 명단 밖 코스피 모회사의 종속,VM CONSULTORES DE INGENIERIA S.A.,(주)도화엔지니어링,,,해외 법인,해외 법인 — 계획서 7-2,
1-2b 명단 밖 코스피 모회사의 종속,PT. Hidro Jaya Konstruksi,(주)도화엔지니어링,,,해외 법인,해외 법인 — 계획서 7-2,
1-2b 명단 밖 코스피 모회사의 종속,도화에코에너지1호(주),(주)도화엔지니어링,,,명목회사·펀드·SPC·신탁 상품,펀드·SPC·투자조합·신탁 상품·명목회사 — 계획서 7-2,
1-2b 명단 밖 코스피 모회사의 종속,DOHWA RESOURCE DEVELOPMENT CO.Ltd,(주)도화엔지니어링,,,해외 법인,해외 법인 — 계획서 7-2,
1-2b 명단 밖 코스피 모회사의 종속,Dohwa India Private Limited,(주)도화엔지니어링,,,해외 법인,해외 법인 — 계획서 7-2,
1-2b 명단 밖 코스피 모회사의 종속,Dohwa Polska ENG Sp. z o.o.,(주)도화엔지니어링,,,해외 법인,해외 법인 — 계획서 7-2,
1-2b 명단 밖 코스피 모회사의 종속,Dohwa Colombia SAS,(주)도화엔지니어링,,,해외 법인,해외 법인 — 계획서 7-2,
1-2b 명단 밖 코스피 모회사의 종속,"DHJ CO., LTD",(주)도화엔지니어링,,,해외 법인,해외 법인 — 계획서 7-2,
1-2b 명단 밖 코스피 모회사의 종속,Dohwa Middle East Engineering Consultancy,(주)도화엔지니어링,,,해외 법인,해외 법인 — 계획서 7-2,
1-2b 명단 밖 코스피 모회사의 종속,위사강공정소료(무석)유한공사,(주)WISCOM,,,해외 법인,해외 법인 — 계획서 7-2,
1-2b 명단 밖 코스피 모회사의 종속,위희강신재료(강문)유한공사,(주)WISCOM,,,해외 법인,해외 법인 — 계획서 7-2,
1-2b 명단 밖 코스피 모회사의 종속,INFAC INDIA PVT.LTD,(주)인팩,,,해외 법인,해외 법인 — 계획서 7-2,
1-2b 명단 밖 코스피 모회사의 종속,INFAC North America Inc,(주)인팩,,,해외 법인,해외 법인 — 계획서 7-2,
1-2b 명단 밖 코스피 모회사의 종속,INFAC AUTOMOTIVE MEXICO S.A. DE C.V,(주)인팩,,,해외 법인,해외 법인 — 계획서 7-2,
1-2b 명단 밖 코스피 모회사의 종속,INFAC POLAND Sp. z o.o.,(주)인팩,,,해외 법인,해외 법인 — 계획서 7-2,
1-2b 명단 밖 코스피 모회사의 종속,마스터 IPO 벤처K 일반 사모투자신탁,(주)진양홀딩스,,,명목회사·펀드·SPC·신탁 상품,펀드·SPC·투자조합·신탁 상품·명목회사 — 계획서 7-2,
1-2b 명단 밖 코스피 모회사의 종속,엠씨넥스상해전자무역유한공사,(주)엠씨넥스,,,해외 법인,해외 법인 — 계획서 7-2,
1-2b 명단 밖 코스피 모회사의 종속,KISCO SHANGHAI,(주)경인양행,,,해외 법인,해외 법인 — 계획서 7-2,
1-2b 명단 밖 코스피 모회사의 종속,LIANYUNGANG KISCO Chemical,(주)경인양행,,,해외 법인,해외 법인 — 계획서 7-2,
1-2b 명단 밖 코스피 모회사의 종속,KISCO INDIA,(주)경인양행,,,해외 법인,해외 법인 — 계획서 7-2,
1-2b 명단 밖 코스피 모회사의 종속,KIMSOY (BOYA),(주)경인양행,,,해외 법인,해외 법인 — 계획서 7-2,
1-2b 명단 밖 코스피 모회사의 종속,Lilama electric mechanic and environmental corporation,케이씨그린홀딩스(주),,,해외 법인,해외 법인 — 계획서 7-2,
1-2b 명단 밖 코스피 모회사의 종속,"Changchun KC Envirotech Co., Ltd.",케이씨그린홀딩스(주),,,해외 법인,해외 법인 — 계획서 7-2,
1-2b 명단 밖 코스피 모회사의 종속,Lodge Cottrell Ltd.,케이씨그린홀딩스(주),,,해외 법인,해외 법인 — 계획서 7-2,
1-2b 명단 밖 코스피 모회사의 종속,"KC Cottrell Vietnam Co.,Ltd.",케이씨그린홀딩스(주),,,해외 법인,해외 법인 — 계획서 7-2,
1-2b 명단 밖 코스피 모회사의 종속,"Nol-Tec Systems,Inc",케이씨그린홀딩스(주),,,해외 법인,해외 법인 — 계획서 7-2,
1-2b 명단 밖 코스피 모회사의 종속,Eastcam Tech Corp,(주)동인기연,,,해외 법인,해외 법인 — 계획서 7-2,
1-2b 명단 밖 코스피 모회사의 종속,SPIKE INDUSTRIAL INC,(주)동인기연,,,해외 법인,해외 법인 — 계획서 7-2,
1-2b 명단 밖 코스피 모회사의 종속,"Dong In Entech Vina Co., Ltd",(주)동인기연,,,해외 법인,해외 법인 — 계획서 7-2,
1-2b 명단 밖 코스피 모회사의 종속,"PEPPERDIME INC,",(주)동인기연,,,해외 법인,해외 법인 — 계획서 7-2,
1-2b 명단 밖 코스피 모회사의 종속,SPIKE MANUFATURING CORP.,(주)동인기연,,,해외 법인,해외 법인 — 계획서 7-2,
1-2b 명단 밖 코스피 모회사의 종속,"WAYB, Inc.",(주)동인기연,,,해외 법인,해외 법인 — 계획서 7-2,
1-2b 명단 밖 코스피 모회사의 종속,Dong In Sun Bird Corp,(주)동인기연,,,해외 법인,해외 법인 — 계획서 7-2,
1-2b 명단 밖 코스피 모회사의 종속,D.I Dawn Patrol MFG. Corp,(주)동인기연,,,해외 법인,해외 법인 — 계획서 7-2,
1-2b 명단 밖 코스피 모회사의 종속,Mountaineering Instruments Corp,(주)동인기연,,,해외 법인,해외 법인 — 계획서 7-2,
1-2b 명단 밖 코스피 모회사의 종속,Almatech Manufacturing Corp,(주)동인기연,,,해외 법인,해외 법인 — 계획서 7-2,
1-2b 명단 밖 코스피 모회사의 종속,Dong-In Recreational Equipment Manufacturing Corporation,(주)동인기연,,,해외 법인,해외 법인 — 계획서 7-2,
1-2b 명단 밖 코스피 모회사의 종속,Edge Soft Good Solution Inc,(주)동인기연,,,해외 법인,해외 법인 — 계획서 7-2,
1-2b 명단 밖 코스피 모회사의 종속,SCOUT MFG. INDUSTRIAL INC.,(주)동인기연,,,해외 법인,해외 법인 — 계획서 7-2,
1-2b 명단 밖 코스피 모회사의 종속,BONETE INDUSTRIAL MFG. INC.,(주)동인기연,,,해외 법인,해외 법인 — 계획서 7-2,
1-2b 명단 밖 코스피 모회사의 종속,PT.T S I,삼성공조(주),,,해외 법인,해외 법인 — 계획서 7-2,
1-2b 명단 밖 코스피 모회사의 종속,SCC Meters,삼성공조(주),,,해외 법인,해외 법인 — 계획서 7-2,
1-2b 명단 밖 코스피 모회사의 종속,SCC Vietnam,삼성공조(주),,,해외 법인,해외 법인 — 계획서 7-2,
1-2b 명단 밖 코스피 모회사의 종속,NAVER VIETNAM COMPANY LIMITED,네이버(주),,,해외 법인,해외 법인 — 계획서 7-2,
1-2b 명단 밖 코스피 모회사의 종속,에스브이에이콘텐트미디어이호사모투자 합자회사,네이버(주),,,명목회사·펀드·SPC·신탁 상품,펀드·SPC·투자조합·신탁 상품·명목회사 — 계획서 7-2,
1-2b 명단 밖 코스피 모회사의 종속,Mirae Asset-Naver Asia Growth Investment Pte. Ltd.,네이버(주),,,해외 법인,해외 법인 — 계획서 7-2,
1-2b 명단 밖 코스피 모회사의 종속,A Holdings Corporation,네이버(주),,,해외 법인,해외 법인 — 계획서 7-2,
1-2b 명단 밖 코스피 모회사의 종속,WEBTOON Entertainment Inc,네이버(주),,,해외 법인,해외 법인 — 계획서 7-2,
1-2b 명단 밖 코스피 모회사의 종속,와이지 네이버 컨텐츠 & 라이프스타일펀드,네이버(주),,,명목회사·펀드·SPC·신탁 상품,펀드·SPC·투자조합·신탁 상품·명목회사 — 계획서 7-2,
1-2b 명단 밖 코스피 모회사의 종속,"Do Ventures Annex Fund, LP",네이버(주),,,해외 법인,해외 법인 — 계획서 7-2,
1-2b 명단 밖 코스피 모회사의 종속,NAVER CHINA CORPORATION,네이버(주),,,해외 법인,해외 법인 — 계획서 7-2,
1-2b 명단 밖 코스피 모회사의 종속,티비티 글로벌 성장 제1호 투자조합,네이버(주),,,명목회사·펀드·SPC·신탁 상품,펀드·SPC·투자조합·신탁 상품·명목회사 — 계획서 7-2,
1-2b 명단 밖 코스피 모회사의 종속,NAVER France SAS,네이버(주),,,해외 법인,해외 법인 — 계획서 7-2,
1-2b 명단 밖 코스피 모회사의 종속,"PROTON PARENT, INC.",네이버(주),,,해외 법인,해외 법인 — 계획서 7-2,
1-2b 명단 밖 코스피 모회사의 종속,"Naver Partners Fund I, L.P.",네이버(주),,,해외 법인,해외 법인 — 계획서 7-2,
1-2b 명단 밖 코스피 모회사의 종속,"NW HOLDINGS INTERMEDIA, S.L.U.",네이버(주),,,해외 법인,해외 법인 — 계획서 7-2,
1-2b 명단 밖 코스피 모회사의 종속,네이버디지털헬스케어1호투자조합,네이버(주),,,명목회사·펀드·SPC·신탁 상품,펀드·SPC·투자조합·신탁 상품·명목회사 — 계획서 7-2,
1-2b 명단 밖 코스피 모회사의 종속,NAVER U.Hub Inc,네이버(주),,,해외 법인,해외 법인 — 계획서 7-2,
1-2b 명단 밖 코스피 모회사의 종속,N Investment Inc.,네이버(주),,,해외 법인,해외 법인 — 계획서 7-2,
1-2b 명단 밖 코스피 모회사의 종속,미래에셋네이버신성장투자조합1호,네이버(주),,,명목회사·펀드·SPC·신탁 상품,펀드·SPC·투자조합·신탁 상품·명목회사 — 계획서 7-2,
1-2b 명단 밖 코스피 모회사의 종속,알파넥스트미디어이노베이션펀드,네이버(주),,,명목회사·펀드·SPC·신탁 상품,펀드·SPC·투자조합·신탁 상품·명목회사 — 계획서 7-2,
1-2b 명단 밖 코스피 모회사의 종속,티비티 글로벌 성장 제3호 투자조합,네이버(주),,,명목회사·펀드·SPC·신탁 상품,펀드·SPC·투자조합·신탁 상품·명목회사 — 계획서 7-2,
1-2b 명단 밖 코스피 모회사의 종속,NAVER-KTB 오디오콘텐츠 전문투자조합,네이버(주),,,명목회사·펀드·SPC·신탁 상품,펀드·SPC·투자조합·신탁 상품·명목회사 — 계획서 7-2,
1-2b 명단 밖 코스피 모회사의 종속,네이버시너지펀드,네이버(주),,,명목회사·펀드·SPC·신탁 상품,펀드·SPC·투자조합·신탁 상품·명목회사 — 계획서 7-2,
1-2b 명단 밖 코스피 모회사의 종속,K-Fund I(Korelya Capital),네이버(주),,,해외 법인,해외 법인 — 계획서 7-2,
1-2b 명단 밖 코스피 모회사의 종속,네이버 한국투자 힘내라! 게임人 펀드,네이버(주),,,명목회사·펀드·SPC·신탁 상품,펀드·SPC·투자조합·신탁 상품·명목회사 — 계획서 7-2,
1-2b 명단 밖 코스피 모회사의 종속,스프링캠프 초기전문 투자조합 제1호,네이버(주),,,명목회사·펀드·SPC·신탁 상품,펀드·SPC·투자조합·신탁 상품·명목회사 — 계획서 7-2,
1-2b 명단 밖 코스피 모회사의 종속,미래에셋동반성장투자조합1호,네이버(주),,,명목회사·펀드·SPC·신탁 상품,펀드·SPC·투자조합·신탁 상품·명목회사 — 계획서 7-2,
1-2b 명단 밖 코스피 모회사의 종속,"CHINA VENTURES FUND I, LIMITED PARTNERSHIP",네이버(주),,,해외 법인,해외 법인 — 계획서 7-2,
1-2b 명단 밖 코스피 모회사의 종속,NAVER J.Hub Corporation,네이버(주),,,해외 법인,해외 법인 — 계획서 7-2,
1-2b 명단 밖 코스피 모회사의 종속,NAVER Arabia Regional Headquarter,네이버(주),,,해외 법인,해외 법인 — 계획서 7-2,
1-2b 명단 밖 코스피 모회사의 종속,한국콘텐츠공제조합,네이버(주),,,명목회사·펀드·SPC·신탁 상품,펀드·SPC·투자조합·신탁 상품·명목회사 — 계획서 7-2,
1-2b 명단 밖 코스피 모회사의 종속,스프링캠프 초기전문 투자조합 제2호,네이버(주),,,명목회사·펀드·SPC·신탁 상품,펀드·SPC·투자조합·신탁 상품·명목회사 — 계획서 7-2,
1-2b 명단 밖 코스피 모회사의 종속,K-Fund II,네이버(주),,,해외 법인,해외 법인 — 계획서 7-2,
1-2b 명단 밖 코스피 모회사의 종속,스마트 스프링 펀드,네이버(주),,,명목회사·펀드·SPC·신탁 상품,펀드·SPC·투자조합·신탁 상품·명목회사 — 계획서 7-2,
1-2b 명단 밖 코스피 모회사의 종속,스마트대한민국 네이버-스톤브릿지 라이징 투자조합,네이버(주),,,명목회사·펀드·SPC·신탁 상품,펀드·SPC·투자조합·신탁 상품·명목회사 — 계획서 7-2,
1-2b 명단 밖 코스피 모회사의 종속,"Hanssem(China) Investment Holding Co., Ltd.",(주)한샘,,,해외 법인,해외 법인 — 계획서 7-2,
1-2b 명단 밖 코스피 모회사의 종속,Hanssem Inc.,(주)한샘,,,해외 법인,해외 법인 — 계획서 7-2,
1-2b 명단 밖 코스피 모회사의 종속,"SK Life Science, Inc.",에스케이바이오팜 주식회사,,,해외 법인,해외 법인 — 계획서 7-2,
1-2b 명단 밖 코스피 모회사의 종속,SK생물의약과기(상해)유한공사,에스케이바이오팜 주식회사,,,해외 법인,해외 법인 — 계획서 7-2,
1-2b 명단 밖 코스피 모회사의 종속,"SK Life Science Labs, Inc.",에스케이바이오팜 주식회사,,,해외 법인,해외 법인 — 계획서 7-2,
1-2b 명단 밖 코스피 모회사의 종속,Ignis Therapeutics,에스케이바이오팜 주식회사,,,해외 법인,해외 법인 — 계획서 7-2,
1-2b 명단 밖 코스피 모회사의 종속,"Mentis Care, Inc.",에스케이바이오팜 주식회사,,,해외 법인,해외 법인 — 계획서 7-2,
1-2b 명단 밖 코스피 모회사의 종속,SJMFLEX de MEXICO,(주)에스제이엠홀딩스,,,해외 법인,해외 법인 — 계획서 7-2,
1-2b 명단 밖 코스피 모회사의 종속,어랑태양광 발전호 1호,주식회사 신성이엔지,,,명목회사·펀드·SPC·신탁 상품,펀드·SPC·투자조합·신탁 상품·명목회사 — 계획서 7-2,
1-2b 명단 밖 코스피 모회사의 종속,어랑태양광 발전소 2호,주식회사 신성이엔지,,,명목회사·펀드·SPC·신탁 상품,펀드·SPC·투자조합·신탁 상품·명목회사 — 계획서 7-2,
1-2b 명단 밖 코스피 모회사의 종속,어량태양광 발전소 3호,주식회사 신성이엔지,,,명목회사·펀드·SPC·신탁 상품,펀드·SPC·투자조합·신탁 상품·명목회사 — 계획서 7-2,
1-2b 명단 밖 코스피 모회사의 종속,어량태왕광 발전소 4호,주식회사 신성이엔지,,,명목회사·펀드·SPC·신탁 상품,펀드·SPC·투자조합·신탁 상품·명목회사 — 계획서 7-2,
1-2b 명단 밖 코스피 모회사의 종속,어랑태양광발전소5호,주식회사 신성이엔지,,,명목회사·펀드·SPC·신탁 상품,펀드·SPC·투자조합·신탁 상품·명목회사 — 계획서 7-2,
1-2b 명단 밖 코스피 모회사의 종속,어랑태양광발전소6호,주식회사 신성이엔지,,,명목회사·펀드·SPC·신탁 상품,펀드·SPC·투자조합·신탁 상품·명목회사 — 계획서 7-2,
1-2b 명단 밖 코스피 모회사의 종속,어랑태양광발전소7호,주식회사 신성이엔지,,,명목회사·펀드·SPC·신탁 상품,펀드·SPC·투자조합·신탁 상품·명목회사 — 계획서 7-2,
1-2b 명단 밖 코스피 모회사의 종속,어랑태양광발전소8호,주식회사 신성이엔지,,,명목회사·펀드·SPC·신탁 상품,펀드·SPC·투자조합·신탁 상품·명목회사 — 계획서 7-2,
1-2b 명단 밖 코스피 모회사의 종속,신성이엔지베트남,주식회사 신성이엔지,,,해외 법인,해외 법인 — 계획서 7-2,
1-2b 명단 밖 코스피 모회사의 종속,신성이엔지 미국,주식회사 신성이엔지,,,해외 법인,해외 법인 — 계획서 7-2,
1-2b 명단 밖 코스피 모회사의 종속,신성이엔지 필리핀,주식회사 신성이엔지,,,해외 법인,해외 법인 — 계획서 7-2,
1-2b 명단 밖 코스피 모회사의 종속,LSGM,가온전선(주),,,해외 법인,해외 법인 — 계획서 7-2,
1-2b 명단 밖 코스피 모회사의 종속,"LS CABLE & SYSTEM U.S.A.,INC",가온전선(주),,,해외 법인,해외 법인 — 계획서 7-2,
1-2b 명단 밖 코스피 모회사의 종속,,피아이첨단소재(주),,,자료 문제 (조회 실패·출자현황 없음·지분율 오류),"출자현황 자료 없음 — 원문 확인, 필요하면 수동 입력 파일에 적음 (2025 사업보고서 표 형식 아님(숫자 지분율 없음); 2025 3분기보고서 표 형식 아님(숫자 지분율 없음); 2025 반기보고서 표 형식 아님(숫자 지분율 없음); 2024 사업보고서 표 형식 아님(숫자 지분율 없음))",
1-2b 명단 밖 코스피 모회사의 종속,"AUK SEMICONDUCTOR (HK) CO., LTD",광전자(주),,,해외 법인,해외 법인 — 계획서 7-2,
1-2b 명단 밖 코스피 모회사의 종속,"AUK SEMICONDUCTOR (SHANGHAI)CO., LTD.",광전자(주),,,해외 법인,해외 법인 — 계획서 7-2,
1-2b 명단 밖 코스피 모회사의 종속,HANSUNG AR S.A,한성기업(주),,,해외 법인,해외 법인 — 계획서 7-2,
1-2b 명단 밖 코스피 모회사의 종속,"KIRIBATI AND HANSUNG FISHERIES CO.,LTD",한성기업(주),,,해외 법인,해외 법인 — 계획서 7-2,
1-2b 명단 밖 코스피 모회사의 종속,Green Marine Total Services Corporation,신라교역(주),,,해외 법인,해외 법인 — 계획서 7-2,
1-2b 명단 밖 코스피 모회사의 종속,"TARAWA SHIPYARD CO.,LTD",신라교역(주),,,해외 법인,해외 법인 — 계획서 7-2,
1-2b 명단 밖 코스피 모회사의 종속,NAURU FISHERIES DEVELOPMENTCORPORATION,신라교역(주),,,해외 법인,해외 법인 — 계획서 7-2,
1-2b 명단 밖 코스피 모회사의 종속,"PANOFI Co.,LTD",신라교역(주),,,해외 법인,해외 법인 — 계획서 7-2,
1-2b 명단 밖 코스피 모회사의 종속,"KIRIKORE FISHERIES Co.,LTD",신라교역(주),,,해외 법인,해외 법인 — 계획서 7-2,
1-2b 명단 밖 코스피 모회사의 종속,"BH FLEX(HK) Co., Ltd.",(주)비에이치,,,해외 법인,해외 법인 — 계획서 7-2,
1-2b 명단 밖 코스피 모회사의 종속,케이에이아이-에이에이치 미디어커머스2호(KAI-AH 미디어커머스2호),(주)비에이치,,,명목회사·펀드·SPC·신탁 상품,펀드·SPC·투자조합·신탁 상품·명목회사 — 계획서 7-2,
1-2b 명단 밖 코스피 모회사의 종속,BHflex VINA COMPANY LIMITED,(주)비에이치,,,해외 법인,해외 법인 — 계획서 7-2,
1-2b 명단 밖 코스피 모회사의 종속,"GAESUNG BH CO., LTD",(주)비에이치,,,해외 법인,해외 법인 — 계획서 7-2,
1-2b 명단 밖 코스피 모회사의 종속,KUMYANG CHEMICALS HONGKONG,(주)금양,,,해외 법인,해외 법인 — 계획서 7-2,
1-2b 명단 밖 코스피 모회사의 종속,CHARLIZE RESSOURCES SAS,(주)금양,,,해외 법인,해외 법인 — 계획서 7-2,
1-2b 명단 밖 코스피 모회사의 종속,MONLAA LLC,(주)금양,,,해외 법인,해외 법인 — 계획서 7-2,
1-2b 명단 밖 코스피 모회사의 종속,한금화공상해유한공사,(주)금양,,,해외 법인,해외 법인 — 계획서 7-2,
1-2b 명단 밖 코스피 모회사의 종속,"KUMYANG (LIANYUNGANG) CHEMICAL CO., LTD",(주)금양,,,해외 법인,해외 법인 — 계획서 7-2,
1-2b 명단 밖 코스피 모회사의 종속,KUMYANG USA INC.,(주)금양,,,해외 법인,해외 법인 — 계획서 7-2,
1-2b 명단 밖 코스피 모회사의 종속,HAN DONG MAO YI,(주)금양,,,해외 법인,해외 법인 — 계획서 7-2,
1-2b 명단 밖 코스피 모회사의 종속,"KUMYANG NEIMENGGU CHEMICAL CO., LTD.",(주)금양,,,해외 법인,해외 법인 — 계획서 7-2,
1-2b 명단 밖 코스피 모회사의 종속,"HANKUM NEIMENGGU CHEMICAL CO., LTD.",(주)금양,,,해외 법인,해외 법인 — 계획서 7-2,
1-2b 명단 밖 코스피 모회사의 종속,KUMYANG EUROPE GMBH,(주)금양,,,해외 법인,해외 법인 — 계획서 7-2,
1-2b 명단 밖 코스피 모회사의 종속,KUMYANG PAKISTAN LIGHT INDUSTRY (PRIVATE) LIMITED,(주)금양,,,해외 법인,해외 법인 — 계획서 7-2,
1-2b 명단 밖 코스피 모회사의 종속,Daesung America Inc,대성홀딩스(주),,,해외 법인,해외 법인 — 계획서 7-2,
1-2b 명단 밖 코스피 모회사의 종속,대성 글로벌위너 청년창업 투자조합,대성홀딩스(주),,,명목회사·펀드·SPC·신탁 상품,펀드·SPC·투자조합·신탁 상품·명목회사 — 계획서 7-2,
1-2b 명단 밖 코스피 모회사의 종속,대성 W-Jump up 투자조합,대성홀딩스(주),,,명목회사·펀드·SPC·신탁 상품,펀드·SPC·투자조합·신탁 상품·명목회사 — 계획서 7-2,
1-2b 명단 밖 코스피 모회사의 종속,대성 투게더 청년창업 투자조합,대성홀딩스(주),,,명목회사·펀드·SPC·신탁 상품,펀드·SPC·투자조합·신탁 상품·명목회사 — 계획서 7-2,
1-2b 명단 밖 코스피 모회사의 종속,대성 메타버스 스케일업 투자조합,대성홀딩스(주),,,명목회사·펀드·SPC·신탁 상품,펀드·SPC·투자조합·신탁 상품·명목회사 — 계획서 7-2,
1-2b 명단 밖 코스피 모회사의 종속,대성 세컨더리 투자조합 2호,대성홀딩스(주),,,명목회사·펀드·SPC·신탁 상품,펀드·SPC·투자조합·신탁 상품·명목회사 — 계획서 7-2,
1-2b 명단 밖 코스피 모회사의 종속,YOH CVC PTE. LTD.,(주)영원무역홀딩스,,,해외 법인,해외 법인 — 계획서 7-2,
1-2b 명단 밖 코스피 모회사의 종속,YOH CVC Fund 1 Limited Partnership,(주)영원무역홀딩스,,,해외 법인,해외 법인 — 계획서 7-2,
1-2b 명단 밖 코스피 모회사의 종속,QWETO GMBH,(주)영원무역홀딩스,,,해외 법인,해외 법인 — 계획서 7-2,
1-2b 명단 밖 코스피 모회사의 종속,KEPZ,(주)영원무역홀딩스,,,해외 법인,해외 법인 — 계획서 7-2,
1-2b 명단 밖 코스피 모회사의 종속,TWL,(주)영원무역홀딩스,,,해외 법인,해외 법인 — 계획서 7-2,
1-2b 명단 밖 코스피 모회사의 종속,TVL,(주)영원무역홀딩스,,,해외 법인,해외 법인 — 계획서 7-2,
1-2b 명단 밖 코스피 모회사의 종속,PBI,(주)영원무역홀딩스,,,해외 법인,해외 법인 — 계획서 7-2,
1-2b 명단 밖 코스피 모회사의 종속,"YOH, LLC",(주)영원무역홀딩스,,,해외 법인,해외 법인 — 계획서 7-2,
1-2b 명단 밖 코스피 모회사의 종속,HD HYUNDAI ENERGY SOLUTIONSAMERICA INC.,에이치디현대에너지솔루션(주),,,해외 법인,해외 법인 — 계획서 7-2,
1-2b 명단 밖 코스피 모회사의 종속,현대복덕찬음(산동)유한공사,주식회사 현대그린푸드,,,해외 법인,해외 법인 — 계획서 7-2,
1-2b 명단 밖 코스피 모회사의 종속,북경격림복덕찬음 유한공사,주식회사 현대그린푸드,,,해외 법인,해외 법인 — 계획서 7-2,
1-2b 명단 밖 코스피 모회사의 종속,복적식찬음관리(상해) 유한공사,주식회사 현대그린푸드,,,해외 법인,해외 법인 — 계획서 7-2,
1-2b 명단 밖 코스피 모회사의 종속,Hyundai Green Food Mexico S. de R.L. de C.V,주식회사 현대그린푸드,,,해외 법인,해외 법인 — 계획서 7-2,
1-2b 명단 밖 코스피 모회사의 종속,HYUNDAI GREEN FOOD GEORGIA INC.,주식회사 현대그린푸드,,,해외 법인,해외 법인 — 계획서 7-2,
1-2b 명단 밖 코스피 모회사의 종속,"SeAH Global Holdings, Inc.",(주)세아베스틸지주,,,해외 법인,해외 법인 — 계획서 7-2,
1-2b 명단 밖 코스피 모회사의 종속,티비제이디 신기술조합 1호,(주)세아베스틸지주,,,명목회사·펀드·SPC·신탁 상품,펀드·SPC·투자조합·신탁 상품·명목회사 — 계획서 7-2,
1-2b 명단 밖 코스피 모회사의 종속,세아-KAI ESG 신기술투자조합 1호,(주)세아베스틸지주,,,명목회사·펀드·SPC·신탁 상품,펀드·SPC·투자조합·신탁 상품·명목회사 — 계획서 7-2,
1-2b 명단 밖 코스피 모회사의 종속,IMMCETFII재간접일반사모투자신탁제1호,(주)세아베스틸지주,,,명목회사·펀드·SPC·신탁 상품,펀드·SPC·투자조합·신탁 상품·명목회사 — 계획서 7-2,
1-2b 명단 밖 코스피 모회사의 종속,세아 에스앤에스 2024 지역혁신 투자조합,(주)세아베스틸지주,,,명목회사·펀드·SPC·신탁 상품,펀드·SPC·투자조합·신탁 상품·명목회사 — 계획서 7-2,
1-2b 명단 밖 코스피 모회사의 종속,세아-오픈워터 2024 부산지역혁신 투자조합,(주)세아베스틸지주,,,명목회사·펀드·SPC·신탁 상품,펀드·SPC·투자조합·신탁 상품·명목회사 — 계획서 7-2,
1-2b 명단 밖 코스피 모회사의 종속,SeAH Global Inc.,(주)세아베스틸지주,,,해외 법인,해외 법인 — 계획서 7-2,
1-2b 명단 밖 코스피 모회사의 종속,"SeAH Global(Thailand) Co., Ltd.",(주)세아베스틸지주,,,해외 법인,해외 법인 — 계획서 7-2,
1-2b 명단 밖 코스피 모회사의 종속,SeAH Global India Private Limited,(주)세아베스틸지주,,,해외 법인,해외 법인 — 계획서 7-2,
1-2b 명단 밖 코스피 모회사의 종속,"SeAH Global Japan Co., Ltd.",(주)세아베스틸지주,,,해외 법인,해외 법인 — 계획서 7-2,
1-2b 명단 밖 코스피 모회사의 종속,PT. SeAH Global Indonesia,(주)세아베스틸지주,,,해외 법인,해외 법인 — 계획서 7-2,
1-2b 명단 밖 코스피 모회사의 종속,심원기차부건과기 (상숙)유한공사,명신산업(주),,,해외 법인,해외 법인 — 계획서 7-2,
1-2b 명단 밖 코스피 모회사의 종속,"Myoung Shin Fabricante De Carroceria Automotiva. Ltda.,",명신산업(주),,,해외 법인,해외 법인 — 계획서 7-2,
1-2b 명단 밖 코스피 모회사의 종속,"MYOUNGSHIN NA, CORP.",명신산업(주),,,해외 법인,해외 법인 — 계획서 7-2,
1-2b 명단 밖 코스피 모회사의 종속,Pyung-Hwa America Inc,평화산업(주),,,해외 법인,해외 법인 — 계획서 7-2,
1-2b 명단 밖 코스피 모회사의 종속,YCL,(주)영원무역,,,해외 법인,해외 법인 — 계획서 7-2,
1-2b 명단 밖 코스피 모회사의 종속,SDF,(주)영원무역,,,해외 법인,해외 법인 — 계획서 7-2,
1-2b 명단 밖 코스피 모회사의 종속,STL,(주)영원무역,,,해외 법인,해외 법인 — 계획서 7-2,
1-2b 명단 밖 코스피 모회사의 종속,GMC,(주)영원무역,,,해외 법인,해외 법인 — 계획서 7-2,
1-2b 명단 밖 코스피 모회사의 종속,YSP,(주)영원무역,,,해외 법인,해외 법인 — 계획서 7-2,
1-2b 명단 밖 코스피 모회사의 종속,YNL,(주)영원무역,,,해외 법인,해외 법인 — 계획서 7-2,
1-2b 명단 밖 코스피 모회사의 종속,YLS,(주)영원무역,,,해외 법인,해외 법인 — 계획서 7-2,
1-2b 명단 밖 코스피 모회사의 종속,DTL,(주)영원무역,,,해외 법인,해외 법인 — 계획서 7-2,
1-2b 명단 밖 코스피 모회사의 종속,YTL,(주)영원무역,,,해외 법인,해외 법인 — 계획서 7-2,
1-2b 명단 밖 코스피 모회사의 종속,ESL,(주)영원무역,,,해외 법인,해외 법인 — 계획서 7-2,
1-2b 명단 밖 코스피 모회사의 종속,DTI,(주)영원무역,,,해외 법인,해외 법인 — 계획서 7-2,
1-2b 명단 밖 코스피 모회사의 종속,KSL,(주)영원무역,,,해외 법인,해외 법인 — 계획서 7-2,
1-2b 명단 밖 코스피 모회사의 종속,YBL,(주)영원무역,,,해외 법인,해외 법인 — 계획서 7-2,
1-2b 명단 밖 코스피 모회사의 종속,YHL,(주)영원무역,,,해외 법인,해외 법인 — 계획서 7-2,
1-2b 명단 밖 코스피 모회사의 종속,SLS,(주)영원무역,,,해외 법인,해외 법인 — 계획서 7-2,
1-2b 명단 밖 코스피 모회사의 종속,AAI,(주)영원무역,,,해외 법인,해외 법인 — 계획서 7-2,
1-2b 명단 밖 코스피 모회사의 종속,SQA,(주)영원무역,,,해외 법인,해외 법인 — 계획서 7-2,
1-2b 명단 밖 코스피 모회사의 종속,BPL,(주)영원무역,,,해외 법인,해외 법인 — 계획서 7-2,
1-2b 명단 밖 코스피 모회사의 종속,ESP,(주)영원무역,,,해외 법인,해외 법인 — 계획서 7-2,
1-2b 명단 밖 코스피 모회사의 종속,BKS,(주)영원무역,,,해외 법인,해외 법인 — 계획서 7-2,
1-2b 명단 밖 코스피 모회사의 종속,YIA,(주)영원무역,,,해외 법인,해외 법인 — 계획서 7-2,
1-2b 명단 밖 코스피 모회사의 종속,YES,(주)영원무역,,,해외 법인,해외 법인 — 계획서 7-2,
1-2b 명단 밖 코스피 모회사의 종속,TSL,(주)영원무역,,,해외 법인,해외 법인 — 계획서 7-2,
1-2b 명단 밖 코스피 모회사의 종속,CVC Fund1,(주)영원무역,,,해외 법인,해외 법인 — 계획서 7-2,
1-2b 명단 밖 코스피 모회사의 종속,ASI,(주)영원무역,,,해외 법인,해외 법인 — 계획서 7-2,
1-2b 명단 밖 코스피 모회사의 종속,YKE,(주)영원무역,,,해외 법인,해외 법인 — 계획서 7-2,
1-2b 명단 밖 코스피 모회사의 종속,SCOTT,(주)영원무역,,,해외 법인,해외 법인 — 계획서 7-2,
1-2b 명단 밖 코스피 모회사의 종속,MSH,(주)영원무역,,,해외 법인,해외 법인 — 계획서 7-2,
1-2b 명단 밖 코스피 모회사의 종속,YPL,(주)영원무역,,,해외 법인,해외 법인 — 계획서 7-2,
1-2b 명단 밖 코스피 모회사의 종속,YGA,(주)영원무역,,,해외 법인,해외 법인 — 계획서 7-2,
1-2b 명단 밖 코스피 모회사의 종속,YHT,(주)영원무역,,,해외 법인,해외 법인 — 계획서 7-2,
1-2b 명단 밖 코스피 모회사의 종속,YSF,(주)영원무역,,,해외 법인,해외 법인 — 계획서 7-2,
1-2b 명단 밖 코스피 모회사의 종속,(주)세미콜론문래 위탁관리부동산투자회사,주식회사 디앤디플랫폼위탁관리부동산투자회사,,,명목회사·펀드·SPC·신탁 상품,펀드·SPC·투자조합·신탁 상품·명목회사 — 계획서 7-2,
1-2b 명단 밖 코스피 모회사의 종속,(주)디디아이백암로지스틱스 위탁관리부동산투자회사,주식회사 디앤디플랫폼위탁관리부동산투자회사,,,명목회사·펀드·SPC·신탁 상품,펀드·SPC·투자조합·신탁 상품·명목회사 — 계획서 7-2,
1-2b 명단 밖 코스피 모회사의 종속,이지스글로벌일반사모 부동산투자신탁300호,주식회사 디앤디플랫폼위탁관리부동산투자회사,,,명목회사·펀드·SPC·신탁 상품,펀드·SPC·투자조합·신탁 상품·명목회사 — 계획서 7-2,
1-2b 명단 밖 코스피 모회사의 종속,(주)디디아이백암로지스틱스 2호위탁관리부동산투자회사,주식회사 디앤디플랫폼위탁관리부동산투자회사,,,명목회사·펀드·SPC·신탁 상품,펀드·SPC·투자조합·신탁 상품·명목회사 — 계획서 7-2,
1-2b 명단 밖 코스피 모회사의 종속,(주) 세미콜론명동 위탁관리부동산투자회사,주식회사 디앤디플랫폼위탁관리부동산투자회사,,,명목회사·펀드·SPC·신탁 상품,펀드·SPC·투자조합·신탁 상품·명목회사 — 계획서 7-2,
1-2b 명단 밖 코스피 모회사의 종속,(주)세미콜론문래 위탁관리부동산투자회사,주식회사 디앤디플랫폼위탁관리부동산투자회사,,,명목회사·펀드·SPC·신탁 상품,펀드·SPC·투자조합·신탁 상품·명목회사 — 계획서 7-2,
1-2b 명단 밖 코스피 모회사의 종속,(주)디디아이백암로지스틱스 위탁관리부동산투자회사,주식회사 디앤디플랫폼위탁관리부동산투자회사,,,명목회사·펀드·SPC·신탁 상품,펀드·SPC·투자조합·신탁 상품·명목회사 — 계획서 7-2,
1-2b 명단 밖 코스피 모회사의 종속,이지스글로벌일반사모 부동산투자신탁300호,주식회사 디앤디플랫폼위탁관리부동산투자회사,,,명목회사·펀드·SPC·신탁 상품,펀드·SPC·투자조합·신탁 상품·명목회사 — 계획서 7-2,
1-2b 명단 밖 코스피 모회사의 종속,(주)디디아이백암로지스틱스 2호위탁관리부동산투자회사,주식회사 디앤디플랫폼위탁관리부동산투자회사,,,명목회사·펀드·SPC·신탁 상품,펀드·SPC·투자조합·신탁 상품·명목회사 — 계획서 7-2,
1-2b 명단 밖 코스피 모회사의 종속,(주)세미콜론명동 위탁관리부동산투자회사,주식회사 디앤디플랫폼위탁관리부동산투자회사,,,명목회사·펀드·SPC·신탁 상품,펀드·SPC·투자조합·신탁 상품·명목회사 — 계획서 7-2,
1-2b 명단 밖 코스피 모회사의 종속,"SEKISUI YOUNGBO HPP (WUXI) CO., LTD.",영보화학(주),,,해외 법인,해외 법인 — 계획서 7-2,
1-2b 명단 밖 코스피 모회사의 종속,,(주)이스타코,,,자료 문제 (조회 실패·출자현황 없음·지분율 오류),"출자현황 자료 없음 — 원문 확인, 필요하면 수동 입력 파일에 적음 (2025 사업보고서 표 형식 아님(숫자 지분율 없음); 2025 3분기보고서 표 형식 아님(숫자 지분율 없음); 2025 반기보고서 표 형식 아님(숫자 지분율 없음); 2024 사업보고서 표 형식 아님(숫자 지분율 없음))",
1-2b 명단 밖 코스피 모회사의 종속,신영복식 유한공사,(주)신영와코루,,,해외 법인,해외 법인 — 계획서 7-2,
1-2b 명단 밖 코스피 모회사의 종속,(주)마스턴글로벌위탁관리부동산투자회사,주식회사 마스턴프리미어제1호위탁관리부동산투자회사,,,명목회사·펀드·SPC·신탁 상품,펀드·SPC·투자조합·신탁 상품·명목회사 — 계획서 7-2,
1-2b 명단 밖 코스피 모회사의 종속,(주)마스턴글로벌위탁관리부동산투자회사,주식회사 마스턴프리미어제1호위탁관리부동산투자회사,,,명목회사·펀드·SPC·신탁 상품,펀드·SPC·투자조합·신탁 상품·명목회사 — 계획서 7-2,
1-2b 명단 밖 코스피 모회사의 종속,옐로씨에스오엘성장제1호 사모투자 합자회사,에이치엘디앤아이한라(주),,,명목회사·펀드·SPC·신탁 상품,펀드·SPC·투자조합·신탁 상품·명목회사 — 계획서 7-2,
1-2b 명단 밖 코스피 모회사의 종속,에코 리싸이클링 신기술투자조합,에이치엘디앤아이한라(주),,,명목회사·펀드·SPC·신탁 상품,펀드·SPC·투자조합·신탁 상품·명목회사 — 계획서 7-2,
1-2b 명단 밖 코스피 모회사의 종속,동유타임 신기술투자조합 제1호,에이치엘디앤아이한라(주),,,명목회사·펀드·SPC·신탁 상품,펀드·SPC·투자조합·신탁 상품·명목회사 — 계획서 7-2,
1-2b 명단 밖 코스피 모회사의 종속,Halla E&C Mexico S. de R.L. de CV,에이치엘디앤아이한라(주),,,해외 법인,해외 법인 — 계획서 7-2,
1-2b 명단 밖 코스피 모회사의 종속,HL Properties America Corporation,에이치엘디앤아이한라(주),,,해외 법인,해외 법인 — 계획서 7-2,
1-2b 명단 밖 코스피 모회사의 종속,다올KTB칸피던스일반사모부동산투자신탁제57호,에이치엘디앤아이한라(주),,,명목회사·펀드·SPC·신탁 상품,펀드·SPC·투자조합·신탁 상품·명목회사 — 계획서 7-2,
1-2b 명단 밖 코스피 모회사의 종속,염성동국기차 배건유한회사,케이비아이동국실업(주),,,명목회사·펀드·SPC·신탁 상품,펀드·SPC·투자조합·신탁 상품·명목회사 — 계획서 7-2,
1-2b 명단 밖 코스피 모회사의 종속,KDK Automotive GmbH,케이비아이동국실업(주),,,해외 법인,해외 법인 — 계획서 7-2,
1-2b 명단 밖 코스피 모회사의 종속,Dong KooK MEXICO S.A. de C.V.,케이비아이동국실업(주),,,해외 법인,해외 법인 — 계획서 7-2,
1-2b 명단 밖 코스피 모회사의 종속,"APR JAPAN Co., Ltd.",(주)에이피알,,,해외 법인,해외 법인 — 계획서 7-2,
1-2b 명단 밖 코스피 모회사의 종속,APR CANADA ENTERPRISE INC.,(주)에이피알,,,해외 법인,해외 법인 — 계획서 7-2,
1-2b 명단 밖 코스피 모회사의 종속,APR MALAYSIA SDN. BHD.,(주)에이피알,,,해외 법인,해외 법인 — 계획서 7-2,
1-2b 명단 밖 코스피 모회사의 종속,APR FRANCE SAS,(주)에이피알,,,해외 법인,해외 법인 — 계획서 7-2,
1-2b 명단 밖 코스피 모회사의 종속,"APR VINA CO., LTD.",(주)에이피알,,,해외 법인,해외 법인 — 계획서 7-2,
1-2b 명단 밖 코스피 모회사의 종속,APR CORPORATION UK LTD,(주)에이피알,,,해외 법인,해외 법인 — 계획서 7-2,
1-2b 명단 밖 코스피 모회사의 종속,APR HK LIMITED,(주)에이피알,,,해외 법인,해외 법인 — 계획서 7-2,
1-2b 명단 밖 코스피 모회사의 종속,APR SG PTE. LTD.,(주)에이피알,,,해외 법인,해외 법인 — 계획서 7-2,
1-2b 명단 밖 코스피 모회사의 종속,"APR TW CO., LTD.",(주)에이피알,,,해외 법인,해외 법인 — 계획서 7-2,
1-2b 명단 밖 코스피 모회사의 종속,"SHANGHAI APR CO., LIMITED",(주)에이피알,,,해외 법인,해외 법인 — 계획서 7-2,
1-2b 명단 밖 코스피 모회사의 종속,APR US INC,(주)에이피알,,,해외 법인,해외 법인 — 계획서 7-2,
1-2b 명단 밖 코스피 모회사의 종속,ALUKO AMERICA,(주)알루코,,,해외 법인,해외 법인 — 계획서 7-2,
1-2b 명단 밖 코스피 모회사의 종속,한화청주에코파크전문투자형사모특별자산투자신탁1호,SK이터닉스(주),,,명목회사·펀드·SPC·신탁 상품,펀드·SPC·투자조합·신탁 상품·명목회사 — 계획서 7-2,
1-2b 명단 밖 코스피 모회사의 종속,한화음성에코파크일반사모특별자산투자신탁1호,SK이터닉스(주),,,명목회사·펀드·SPC·신탁 상품,펀드·SPC·투자조합·신탁 상품·명목회사 — 계획서 7-2,
1-2b 명단 밖 코스피 모회사의 종속,SK hynix Semiconductor Asia Pte.Ltd.,에스케이하이닉스(주),,,해외 법인,해외 법인 — 계획서 7-2,
1-2b 명단 밖 코스피 모회사의 종속,SK hynix Semiconductor HongKong Ltd.,에스케이하이닉스(주),,,해외 법인,해외 법인 — 계획서 7-2,
1-2b 명단 밖 코스피 모회사의 종속,SK hynix Japan Inc.,에스케이하이닉스(주),,,해외 법인,해외 법인 — 계획서 7-2,
1-2b 명단 밖 코스피 모회사의 종속,SK hynix Semiconductor Taiwan Inc.,에스케이하이닉스(주),,,해외 법인,해외 법인 — 계획서 7-2,
1-2b 명단 밖 코스피 모회사의 종속,SK hynix Semiconductor (China) Ltd.,에스케이하이닉스(주),,,해외 법인,해외 법인 — 계획서 7-2,
1-2b 명단 밖 코스피 모회사의 종속,"HITECH Semiconductor (Wuxi) Co., Ltd.",에스케이하이닉스(주),,,해외 법인,해외 법인 — 계획서 7-2,
1-2b 명단 밖 코스피 모회사의 종속,SK hynix (Wuxi) Semiconductor Sales Ltd.,에스케이하이닉스(주),,,해외 법인,해외 법인 — 계획서 7-2,
1-2b 명단 밖 코스피 모회사의 종속,"SK hynix memory solutions Taiwan, Inc.",에스케이하이닉스(주),,,해외 법인,해외 법인 — 계획서 7-2,
1-2b 명단 밖 코스피 모회사의 종속,SK APTECH Ltd.,에스케이하이닉스(주),,,해외 법인,해외 법인 — 계획서 7-2,
1-2b 명단 밖 코스피 모회사의 종속,SK hynix Ventures Hong Kong Ltd.,에스케이하이닉스(주),,,해외 법인,해외 법인 — 계획서 7-2,
1-2b 명단 밖 코스피 모회사의 종속,"BCPE Pangea Intermediate Holdings Cayman, LP",에스케이하이닉스(주),,,해외 법인,해외 법인 — 계획서 7-2,
1-2b 명단 밖 코스피 모회사의 종속,Gauss Labs Inc.,에스케이하이닉스(주),,,해외 법인,해외 법인 — 계획서 7-2,
1-2b 명단 밖 코스피 모회사의 종속,SK hynix NAND Product Solutions Corp.,에스케이하이닉스(주),,,해외 법인,해외 법인 — 계획서 7-2,
1-2b 명단 밖 코스피 모회사의 종속,"SK hynix Semiconductor (Dalian) Co., Ltd.",에스케이하이닉스(주),,,해외 법인,해외 법인 — 계획서 7-2,
1-2b 명단 밖 코스피 모회사의 종속,SK hynix memory solutions Poland sp. z o.o.,에스케이하이닉스(주),,,해외 법인,해외 법인 — 계획서 7-2,
1-2b 명단 밖 코스피 모회사의 종속,"SK hynix America, Inc.",에스케이하이닉스(주),,,해외 법인,해외 법인 — 계획서 7-2,
1-2b 명단 밖 코스피 모회사의 종속,SK hynix Deutschland GmbH,에스케이하이닉스(주),,,해외 법인,해외 법인 — 계획서 7-2,
1-2b 명단 밖 코스피 모회사의 종속,SK hynix U.K. Ltd.,에스케이하이닉스(주),,,해외 법인,해외 법인 — 계획서 7-2,
1-2b 명단 밖 코스피 모회사의 종속,Planeta Pte.Ltd,SK(주),,,해외 법인,해외 법인 — 계획서 7-2,
1-2b 명단 밖 코스피 모회사의 종속,SK리츠운용(주),SK(주),,,명목회사·펀드·SPC·신탁 상품,펀드·SPC·투자조합·신탁 상품·명목회사 — 계획서 7-2,
1-2b 명단 밖 코스피 모회사의 종속,Golden Pearl EV Solutions Limited,SK(주),,,해외 법인,해외 법인 — 계획서 7-2,
1-2b 명단 밖 코스피 모회사의 종속,SK GI Management,SK(주),,,해외 법인,해외 법인 — 계획서 7-2,
1-2b 명단 밖 코스피 모회사의 종속,"PLUTUS CAPITAL NY, INC.",SK(주),,,해외 법인,해외 법인 — 계획서 7-2,
1-2b 명단 밖 코스피 모회사의 종속,"SK Pharmteco, Inc.",SK(주),,,해외 법인,해외 법인 — 계획서 7-2,
1-2b 명단 밖 코스피 모회사의 종속,"Saturn AgricultureInvestment Co., Limited",SK(주),,,해외 법인,해외 법인 — 계획서 7-2,
1-2b 명단 밖 코스피 모회사의 종속,"Socar Mobility Malaysia,SDN. BHD.",SK(주),,,해외 법인,해외 법인 — 계획서 7-2,
1-2b 명단 밖 코스피 모회사의 종속,"I Cube Capital, Inc.",SK(주),,,해외 법인,해외 법인 — 계획서 7-2,
1-2b 명단 밖 코스피 모회사의 종속,"Tellus Investment Partners, Inc.",SK(주),,,해외 법인,해외 법인 — 계획서 7-2,
1-2b 명단 밖 코스피 모회사의 종속,Einstein Cayman Limited,SK(주),,,해외 법인,해외 법인 — 계획서 7-2,
1-2b 명단 밖 코스피 모회사의 종속,"Roca Capital (舊, SK Japan, Inc.)",SK(주),,,해외 법인,해외 법인 — 계획서 7-2,
1-2b 명단 밖 코스피 모회사의 종속,Castanea Bioscience Inc.,SK(주),,,해외 법인,해외 법인 — 계획서 7-2,
1-2b 명단 밖 코스피 모회사의 종속,"SK AX Beijing Co., Ltd.(舊, SK C&C Beijing Co., Ltd.)",SK(주),,,해외 법인,해외 법인 — 계획서 7-2,
1-2b 명단 밖 코스피 모회사의 종속,"SK AX USA, Inc.(舊, SK C&C USA, Inc.)",SK(주),,,해외 법인,해외 법인 — 계획서 7-2,
1-2b 명단 밖 코스피 모회사의 종속,SK C&C India Pvt. Ltd.,SK(주),,,해외 법인,해외 법인 — 계획서 7-2,
1-2b 명단 밖 코스피 모회사의 종속,S&G Technology,SK(주),,,해외 법인,해외 법인 — 계획서 7-2,
1-2b 명단 밖 코스피 모회사의 종속,9352-7281 Quebec Inc.,SK(주),,,해외 법인,해외 법인 — 계획서 7-2,
1-2b 명단 밖 코스피 모회사의 종속,"SK Life Sciences Labs, Inc.",SK(주),,,해외 법인,해외 법인 — 계획서 7-2,
1-2b 명단 밖 코스피 모회사의 종속,Dogus-SK Private EquityInvestment Company,SK(주),,,해외 법인,해외 법인 — 계획서 7-2,
1-2b 명단 밖 코스피 모회사의 종속,SKC㈜,SK(주),,,해외 법인,해외 법인 — 계획서 7-2,
1-2b 명단 밖 코스피 모회사의 종속,Hermed Capital Health Care Fund L.P.,SK(주),,,해외 법인,해외 법인 — 계획서 7-2,
1-2b 명단 밖 코스피 모회사의 종속,Saturn V Feeder LP,SK(주),,,해외 법인,해외 법인 — 계획서 7-2,
1-2b 명단 밖 코스피 모회사의 종속,"Tellus (HONG KONG)Investment Co., Ltd.",SK(주),,,해외 법인,해외 법인 — 계획서 7-2,
1-2b 명단 밖 코스피 모회사의 종속,Digital Center Capital Inc.,SK(주),,,해외 법인,해외 법인 — 계획서 7-2,
1-2b 명단 밖 코스피 모회사의 종속,Auxo Capital Inc.,SK(주),,,해외 법인,해외 법인 — 계획서 7-2,
1-2b 명단 밖 코스피 모회사의 종속,"Energy Solution Group, Inc",SK(주),,,해외 법인,해외 법인 — 계획서 7-2,
1-2b 명단 밖 코스피 모회사의 종속,TBU,SK(주),,,우선주,우선주 등 — 지배력 판단에 쓰지 않음,
1-2b 명단 밖 코스피 모회사의 종속,Republic AEF International LP,SK(주),,,해외 법인,해외 법인 — 계획서 7-2,
1-2b 명단 밖 코스피 모회사의 종속,MiraiTech Inc.,SK(주),,,해외 법인,해외 법인 — 계획서 7-2,
1-2b 명단 밖 코스피 모회사의 종속,Core Hamony INC,JW홀딩스(주),,,해외 법인,해외 법인 — 계획서 7-2,
1-2b 명단 밖 코스피 모회사의 종속,㈜신한알파광교위탁관리 부동산투자회사,(주)신한알파위탁관리부동산투자회사,,,명목회사·펀드·SPC·신탁 상품,펀드·SPC·투자조합·신탁 상품·명목회사 — 계획서 7-2,
1-2b 명단 밖 코스피 모회사의 종속,㈜신한케이제1호위탁관리 부동산투자회사,(주)신한알파위탁관리부동산투자회사,,,명목회사·펀드·SPC·신탁 상품,펀드·SPC·투자조합·신탁 상품·명목회사 — 계획서 7-2,
1-2b 명단 밖 코스피 모회사의 종속,㈜신한알파남산위탁관리 부동산투자회사,(주)신한알파위탁관리부동산투자회사,,,명목회사·펀드·SPC·신탁 상품,펀드·SPC·투자조합·신탁 상품·명목회사 — 계획서 7-2,
1-2b 명단 밖 코스피 모회사의 종속,㈜신한알파역삼위탁관리 부동산투자회사,(주)신한알파위탁관리부동산투자회사,,,명목회사·펀드·SPC·신탁 상품,펀드·SPC·투자조합·신탁 상품·명목회사 — 계획서 7-2,
1-2b 명단 밖 코스피 모회사의 종속,㈜신한케이제2호위탁관리 부동산투자회사,(주)신한알파위탁관리부동산투자회사,,,명목회사·펀드·SPC·신탁 상품,펀드·SPC·투자조합·신탁 상품·명목회사 — 계획서 7-2,
1-2b 명단 밖 코스피 모회사의 종속,㈜신한신용산위탁관리 부동산투자회사,(주)신한알파위탁관리부동산투자회사,,,명목회사·펀드·SPC·신탁 상품,펀드·SPC·투자조합·신탁 상품·명목회사 — 계획서 7-2,
1-2b 명단 밖 코스피 모회사의 종속,㈜신한알파서초위탁관리 부동산투자회사,(주)신한알파위탁관리부동산투자회사,,,명목회사·펀드·SPC·신탁 상품,펀드·SPC·투자조합·신탁 상품·명목회사 — 계획서 7-2,
1-2b 명단 밖 코스피 모회사의 종속,㈜신한알파서소문위탁관리 부동산투자회사,(주)신한알파위탁관리부동산투자회사,,,명목회사·펀드·SPC·신탁 상품,펀드·SPC·투자조합·신탁 상품·명목회사 — 계획서 7-2,
1-2b 명단 밖 코스피 모회사의 종속,㈜신한알파광교위탁관리 부동산투자회사,(주)신한알파위탁관리부동산투자회사,,,명목회사·펀드·SPC·신탁 상품,펀드·SPC·투자조합·신탁 상품·명목회사 — 계획서 7-2,
1-2b 명단 밖 코스피 모회사의 종속,㈜신한케이제1호위탁관리 부동산투자회사,(주)신한알파위탁관리부동산투자회사,,,명목회사·펀드·SPC·신탁 상품,펀드·SPC·투자조합·신탁 상품·명목회사 — 계획서 7-2,
1-2b 명단 밖 코스피 모회사의 종속,㈜신한알파남산위탁관리 부동산투자회사,(주)신한알파위탁관리부동산투자회사,,,명목회사·펀드·SPC·신탁 상품,펀드·SPC·투자조합·신탁 상품·명목회사 — 계획서 7-2,
1-2b 명단 밖 코스피 모회사의 종속,㈜신한알파역삼위탁관리 부동산투자회사,(주)신한알파위탁관리부동산투자회사,,,명목회사·펀드·SPC·신탁 상품,펀드·SPC·투자조합·신탁 상품·명목회사 — 계획서 7-2,
1-2b 명단 밖 코스피 모회사의 종속,㈜신한케이제2호위탁관리 부동산투자회사,(주)신한알파위탁관리부동산투자회사,,,명목회사·펀드·SPC·신탁 상품,펀드·SPC·투자조합·신탁 상품·명목회사 — 계획서 7-2,
1-2b 명단 밖 코스피 모회사의 종속,㈜신한신용산위탁관리 부동산투자회사,(주)신한알파위탁관리부동산투자회사,,,명목회사·펀드·SPC·신탁 상품,펀드·SPC·투자조합·신탁 상품·명목회사 — 계획서 7-2,
1-2b 명단 밖 코스피 모회사의 종속,㈜신한알파서초위탁관리 부동산투자회사,(주)신한알파위탁관리부동산투자회사,,,명목회사·펀드·SPC·신탁 상품,펀드·SPC·투자조합·신탁 상품·명목회사 — 계획서 7-2,
1-2b 명단 밖 코스피 모회사의 종속,㈜신한알파서소문위탁관리 부동산투자회사,(주)신한알파위탁관리부동산투자회사,,,명목회사·펀드·SPC·신탁 상품,펀드·SPC·투자조합·신탁 상품·명목회사 — 계획서 7-2,
1-2b 명단 밖 코스피 모회사의 종속,사우스뱅크 디스커버리1호 신기술사업투자조합,주식회사 시알홀딩스,,,명목회사·펀드·SPC·신탁 상품,펀드·SPC·투자조합·신탁 상품·명목회사 — 계획서 7-2,
1-2b 명단 밖 코스피 모회사의 종속,사우스뱅크 오퍼튜니티3호 신기술사업투자조합,주식회사 시알홀딩스,,,명목회사·펀드·SPC·신탁 상품,펀드·SPC·투자조합·신탁 상품·명목회사 — 계획서 7-2,
1-2b 명단 밖 코스피 모회사의 종속,장가항포항내화재료유한공사,주식회사 시알홀딩스,,,해외 법인,해외 법인 — 계획서 7-2,
1-2b 명단 밖 코스피 모회사의 종속,CHOSUN REFRACTORIES INDIA PRIVATE LIMITED,주식회사 시알홀딩스,,,해외 법인,해외 법인 — 계획서 7-2,
1-2b 명단 밖 코스피 모회사의 종속,PT. INDONESIA POS CHEMTECH CHOSUN REF,주식회사 시알홀딩스,,,해외 법인,해외 법인 — 계획서 7-2,
1-2b 명단 밖 코스피 모회사의 종속,"CHOSUN REFRACTORIES US, INC",주식회사 시알홀딩스,,,해외 법인,해외 법인 — 계획서 7-2,
1-2b 명단 밖 코스피 모회사의 종속,CRNY378 LLC,주식회사 시알홀딩스,,,해외 법인,해외 법인 — 계획서 7-2,
1-2b 명단 밖 코스피 모회사의 종속,ISP COMPANY,삼영무역(주),,,해외 법인,해외 법인 — 계획서 7-2,
1-2b 명단 밖 코스피 모회사의 종속,CKD Start-UP 3호,(주)경보제약,,,명목회사·펀드·SPC·신탁 상품,펀드·SPC·투자조합·신탁 상품·명목회사 — 계획서 7-2,
1-2b 명단 밖 코스피 모회사의 종속,Prestige Biopharma Belgium BVBA,프레스티지바이오파마,,,해외 법인,해외 법인 — 계획서 7-2,
1-2b 명단 밖 코스피 모회사의 종속,Prestige Biopharma Australia Pty Ltd,프레스티지바이오파마,,,해외 법인,해외 법인 — 계획서 7-2,
1-2b 명단 밖 코스피 모회사의 종속,,케이씨코트렐(주),,,자료 문제 (조회 실패·출자현황 없음·지분율 오류),"출자현황 자료 없음 — 원문 확인, 필요하면 수동 입력 파일에 적음 (2025 사업보고서 표 형식 아님(숫자 지분율 없음); 2025 3분기보고서 표 형식 아님(숫자 지분율 없음); 2025 반기보고서 표 형식 아님(숫자 지분율 없음); 2024 사업보고서 표 형식 아님(숫자 지분율 없음))",
1-2b 명단 밖 코스피 모회사의 종속,SAMHWA CROWN USA,삼화왕관(주),,,해외 법인,해외 법인 — 계획서 7-2,
1-2b 명단 밖 코스피 모회사의 종속,HYBE JAPAN Inc.,(주)하이브,,,해외 법인,해외 법인 — 계획서 7-2,
1-2b 명단 밖 코스피 모회사의 종속,HYBE Holdings Inc,(주)하이브,,,해외 법인,해외 법인 — 계획서 7-2,
1-2b 명단 밖 코스피 모회사의 종속,Binary Singapore Pte. Ltd,(주)하이브,,,해외 법인,해외 법인 — 계획서 7-2,
1-2b 명단 밖 코스피 모회사의 종속,HYBE America Inc.,(주)하이브,,,해외 법인,해외 법인 — 계획서 7-2,
1-2b 명단 밖 코스피 모회사의 종속,HYBE LATIN AMERICA SA de CV,(주)하이브,,,해외 법인,해외 법인 — 계획서 7-2,
1-2b 명단 밖 코스피 모회사의 종속,"HYBE CHINA Co., Ltd.",(주)하이브,,,해외 법인,해외 법인 — 계획서 7-2,
1-2b 명단 밖 코스피 모회사의 종속,에이티유컬쳐테크5호사모투자 합자회사,(주)하이브,,,명목회사·펀드·SPC·신탁 상품,펀드·SPC·투자조합·신탁 상품·명목회사 — 계획서 7-2,
1-2b 명단 밖 코스피 모회사의 종속,HYBE INDIA ENTERTAINMENT PRIVATE LIMITED,(주)하이브,,,해외 법인,해외 법인 — 계획서 7-2,
1-2b 명단 밖 코스피 모회사의 종속,PT.KAHOINDAH CITRAGARMENT (해외법인),호전실업 주식회사,,,해외 법인,해외 법인 — 계획서 7-2,
1-2b 명단 밖 코스피 모회사의 종속,PT.YONGJIN JAVASUKA GARMENT (해외법인),호전실업 주식회사,,,해외 법인,해외 법인 — 계획서 7-2,
1-2b 명단 밖 코스피 모회사의 종속,PT.DAEHWA LEATHER LESTARI (해외법인),호전실업 주식회사,,,해외 법인,해외 법인 — 계획서 7-2,
1-2b 명단 밖 코스피 모회사의 종속,PT.HJL INDO NETWORKS (해외법인),호전실업 주식회사,,,해외 법인,해외 법인 — 계획서 7-2,
1-2b 명단 밖 코스피 모회사의 종속,PT.HOGA REKSA GARMENT (해외법인),호전실업 주식회사,,,해외 법인,해외 법인 — 계획서 7-2,
1-2b 명단 밖 코스피 모회사의 종속,HJ US INC. (해외법인),호전실업 주식회사,,,해외 법인,해외 법인 — 계획서 7-2,
1-2b 명단 밖 코스피 모회사의 종속,PT.HOLIM JAYA INDONESIA (해외법인),호전실업 주식회사,,,해외 법인,해외 법인 — 계획서 7-2,
1-2b 명단 밖 코스피 모회사의 종속,,진양폴리우레탄(주),,,자료 문제 (조회 실패·출자현황 없음·지분율 오류),"출자현황 자료 없음 — 원문 확인, 필요하면 수동 입력 파일에 적음 (2025 사업보고서 표 형식 아님(숫자 지분율 없음); 2025 3분기보고서 표 형식 아님(숫자 지분율 없음); 2025 반기보고서 표 형식 아님(숫자 지분율 없음); 2024 사업보고서 표 형식 아님(숫자 지분율 없음))",
1-2b 명단 밖 코스피 모회사의 종속,Mobis Parts Middle East FZE,현대모비스(주),,,해외 법인,해외 법인 — 계획서 7-2,
1-2b 명단 밖 코스피 모회사의 종속,Mobis Parts Europe N.V.,현대모비스(주),,,해외 법인,해외 법인 — 계획서 7-2,
1-2b 명단 밖 코스피 모회사의 종속,"Hyundai Motor (Shanghai) Co., Ltd.",현대모비스(주),,,해외 법인,해외 법인 — 계획서 7-2,
1-2b 명단 밖 코스피 모회사의 종속,"Shanghai Hyundai Mobis Automotive Parts Co., Ltd.",현대모비스(주),,,해외 법인,해외 법인 — 계획서 7-2,
1-2b 명단 밖 코스피 모회사의 종속,"Jiangsu Mobis Automotive Parts Co., Ltd.",현대모비스(주),,,해외 법인,해외 법인 — 계획서 7-2,
1-2b 명단 밖 코스피 모회사의 종속,"Beijing Hyundai Mobis Automotive Parts Co., Ltd.",현대모비스(주),,,해외 법인,해외 법인 — 계획서 7-2,
1-2b 명단 밖 코스피 모회사의 종속,"Beijing Hyundai Mobis Parts Co., Ltd.",현대모비스(주),,,해외 법인,해외 법인 — 계획서 7-2,
1-2b 명단 밖 코스피 모회사의 종속,"Mobis Parts Jiangsu Yueda Trading Co., Ltd.",현대모비스(주),,,해외 법인,해외 법인 — 계획서 7-2,
1-2b 명단 밖 코스피 모회사의 종속,"Wuxi Mobis Automotive AutoParts Co., Ltd.",현대모비스(주),,,해외 법인,해외 법인 — 계획서 7-2,
1-2b 명단 밖 코스피 모회사의 종속,"Mobis America, Inc.",현대모비스(주),,,해외 법인,해외 법인 — 계획서 7-2,
1-2b 명단 밖 코스피 모회사의 종속,"Mobis Parts Australia PTY., Ltd.",현대모비스(주),,,해외 법인,해외 법인 — 계획서 7-2,
1-2b 명단 밖 코스피 모회사의 종속,"American Autoparts, Inc.",현대모비스(주),,,해외 법인,해외 법인 — 계획서 7-2,
1-2b 명단 밖 코스피 모회사의 종속,"Mobis India, Ltd.",현대모비스(주),,,해외 법인,해외 법인 — 계획서 7-2,
1-2b 명단 밖 코스피 모회사의 종속,Mobis India Module Private Limited,현대모비스(주),,,해외 법인,해외 법인 — 계획서 7-2,
1-2b 명단 밖 코스피 모회사의 종속,Mobis Slovakia s.r.o.,현대모비스(주),,,해외 법인,해외 법인 — 계획서 7-2,
1-2b 명단 밖 코스피 모회사의 종속,Mobis Automotive Czech s.r.o.,현대모비스(주),,,해외 법인,해외 법인 — 계획서 7-2,
1-2b 명단 밖 코스피 모회사의 종속,"Mobis Module CIS, LLC",현대모비스(주),,,해외 법인,해외 법인 — 계획서 7-2,
1-2b 명단 밖 코스피 모회사의 종속,"Tianjin Mobis Automotive Parts Co., Ltd.",현대모비스(주),,,해외 법인,해외 법인 — 계획서 7-2,
1-2b 명단 밖 코스피 모회사의 종속,Mobis Brasil Fabricacao De Auto Pecas LTDA,현대모비스(주),,,해외 법인,해외 법인 — 계획서 7-2,
1-2b 명단 밖 코스피 모회사의 종속,Mobis Automotive and Module Industry Trade Co. - Joint Stock Company,현대모비스(주),,,해외 법인,해외 법인 — 계획서 7-2,
1-2b 명단 밖 코스피 모회사의 종속,Mobis Parts Canada Corporation,현대모비스(주),,,해외 법인,해외 법인 — 계획서 7-2,
1-2b 명단 밖 코스피 모회사의 종속,Hyundai Mobis Mexico. S. DE R.L. DE C.V.,현대모비스(주),,,해외 법인,해외 법인 — 계획서 7-2,
1-2b 명단 밖 코스피 모회사의 종속,Mobis Automotive System Czech S.R.O.,현대모비스(주),,,해외 법인,해외 법인 — 계획서 7-2,
1-2b 명단 밖 코스피 모회사의 종속,ChongQing Hyundai Mobis Automotive Parts Co. Ltd.,현대모비스(주),,,해외 법인,해외 법인 — 계획서 7-2,
1-2b 명단 밖 코스피 모회사의 종속,"Jiangsu Yueda New Energy Battery Co., Ltd.",현대모비스(주),,,해외 법인,해외 법인 — 계획서 7-2,
1-2b 명단 밖 코스피 모회사의 종속,Mobis Spain Electrified Powertrain S.L,현대모비스(주),,,해외 법인,해외 법인 — 계획서 7-2,
1-2b 명단 밖 코스피 모회사의 종속,Mobis Hungary kft.,현대모비스(주),,,해외 법인,해외 법인 — 계획서 7-2,
1-2b 명단 밖 코스피 모회사의 종속,PT. Hyundai Energy Indonesia,현대모비스(주),,,해외 법인,해외 법인 — 계획서 7-2,
1-2b 명단 밖 코스피 모회사의 종속,"Mobis Parts (Thailand) Co.,Ltd.",현대모비스(주),,,해외 법인,해외 법인 — 계획서 7-2,
1-2b 명단 밖 코스피 모회사의 종속,"ACVC PARTNERS FUND I, LP",현대모비스(주),,,해외 법인,해외 법인 — 계획서 7-2,
1-2b 명단 밖 코스피 모회사의 종속,Smart World Innovation Fund LP,현대모비스(주),,,해외 법인,해외 법인 — 계획서 7-2,
1-2b 명단 밖 코스피 모회사의 종속,"SUPERNAL, LLC",현대모비스(주),,,해외 법인,해외 법인 — 계획서 7-2,
1-2b 명단 밖 코스피 모회사의 종속,POSCO INTERNATIONAL JAPAN CORP.,(주)포스코인터내셔널,,,해외 법인,해외 법인 — 계획서 7-2,
1-2b 명단 밖 코스피 모회사의 종속,POSCO INTERNATIONAL SINGAPORE PTE. LTD.,(주)포스코인터내셔널,,,해외 법인,해외 법인 — 계획서 7-2,
1-2b 명단 밖 코스피 모회사의 종속,POSCO INTERNATIONAL ITALIA S.R.L.,(주)포스코인터내셔널,,,해외 법인,해외 법인 — 계획서 7-2,
1-2b 명단 밖 코스피 모회사의 종속,"POSCO INTERNATIONAL (CHINA) CO.,LTD.",(주)포스코인터내셔널,,,해외 법인,해외 법인 — 계획서 7-2,
1-2b 명단 밖 코스피 모회사의 종속,POSCO INTERNATIONAL MYANMAR CORPORATION LIMITED,(주)포스코인터내셔널,,,해외 법인,해외 법인 — 계획서 7-2,
1-2b 명단 밖 코스피 모회사의 종속,POSCO INTERNATIONAL MEXICO S.A. de C.V.,(주)포스코인터내셔널,,,해외 법인,해외 법인 — 계획서 7-2,
1-2b 명단 밖 코스피 모회사의 종속,POSCO INTERNATIONAL Malaysia Sdn. Bhd.,(주)포스코인터내셔널,,,해외 법인,해외 법인 — 계획서 7-2,
1-2b 명단 밖 코스피 모회사의 종속,"POSCO INTERNATIONAL SHANGHAI CO.,LTD.",(주)포스코인터내셔널,,,해외 법인,해외 법인 — 계획서 7-2,
1-2b 명단 밖 코스피 모회사의 종속,POSCO INTERNATIONAL INDIA PVT. LTD.,(주)포스코인터내셔널,,,해외 법인,해외 법인 — 계획서 7-2,
1-2b 명단 밖 코스피 모회사의 종속,POSCO INTERNATIONAL VIETNAM CO. LTD.,(주)포스코인터내셔널,,,해외 법인,해외 법인 — 계획서 7-2,
1-2b 명단 밖 코스피 모회사의 종속,POSCO INTERNATIONAL TEXTILE LLC.,(주)포스코인터내셔널,,,해외 법인,해외 법인 — 계획서 7-2,
1-2b 명단 밖 코스피 모회사의 종속,POSCO INTERNATIONAL AUSTRALIA HOLDINGS PTY LTD,(주)포스코인터내셔널,,,해외 법인,해외 법인 — 계획서 7-2,
1-2b 명단 밖 코스피 모회사의 종속,"POSCO International (Thailand) Co., Ltd.",(주)포스코인터내셔널,,,해외 법인,해외 법인 — 계획서 7-2,
1-2b 명단 밖 코스피 모회사의 종속,PT. POSCO INTERNATIONAL INDONESIA,(주)포스코인터내셔널,,,해외 법인,해외 법인 — 계획서 7-2,
1-2b 명단 밖 코스피 모회사의 종속,AGPA PTE. LTD.,(주)포스코인터내셔널,,,해외 법인,해외 법인 — 계획서 7-2,
1-2b 명단 밖 코스피 모회사의 종속,PI AAPC CORPORATION,(주)포스코인터내셔널,,,해외 법인,해외 법인 — 계획서 7-2,
1-2b 명단 밖 코스피 모회사의 종속,BRASIL SAO PAULO STEEL PROCESSING CENTER,(주)포스코인터내셔널,,,해외 법인,해외 법인 — 계획서 7-2,
1-2b 명단 밖 코스피 모회사의 종속,"POSCO INTERNATIONAL UKRAINE, LLC.",(주)포스코인터내셔널,,,해외 법인,해외 법인 — 계획서 7-2,
1-2b 명단 밖 코스피 모회사의 종속,GRAIN TERMINAL HOLDING PTE. LTD.,(주)포스코인터내셔널,,,해외 법인,해외 법인 — 계획서 7-2,
1-2b 명단 밖 코스피 모회사의 종속,POSCO SOUTH EAST ASIA PTE. LTD.,(주)포스코인터내셔널,,,해외 법인,해외 법인 — 계획서 7-2,
1-2b 명단 밖 코스피 모회사의 종속,POSCO INTERNATIONAL GLOBAL DEVELOPMENT PTE. LTD.,(주)포스코인터내셔널,,,해외 법인,해외 법인 — 계획서 7-2,
1-2b 명단 밖 코스피 모회사의 종속,"POSCO INTERNATIONAL INDIA E-MOBILITY Pvt., Ltd.",(주)포스코인터내셔널,,,해외 법인,해외 법인 — 계획서 7-2,
1-2b 명단 밖 코스피 모회사의 종속,POSCO INTERNATIONAL E&P MALAYSIA SDN. BHD.,(주)포스코인터내셔널,,,해외 법인,해외 법인 — 계획서 7-2,
1-2b 명단 밖 코스피 모회사의 종속,SENEX HOLDINGS PTY LTD,(주)포스코인터내셔널,,,해외 법인,해외 법인 — 계획서 7-2,
1-2b 명단 밖 코스피 모회사의 종속,POSCO INTERNATIONAL Mexico e-Mobility S.A DE C.V.,(주)포스코인터내셔널,,,해외 법인,해외 법인 — 계획서 7-2,
1-2b 명단 밖 코스피 모회사의 종속,PT POSCO INTERNATIONAL E&P INDONESIA,(주)포스코인터내셔널,,,해외 법인,해외 법인 — 계획서 7-2,
1-2b 명단 밖 코스피 모회사의 종속,POSCO INTERNATIONAL E&P USA Inc.,(주)포스코인터내셔널,,,해외 법인,해외 법인 — 계획서 7-2,
1-2b 명단 밖 코스피 모회사의 종속,PT.KRAKATAU POSCO ENERGY,(주)포스코인터내셔널,,,해외 법인,해외 법인 — 계획서 7-2,
1-2b 명단 밖 코스피 모회사의 종속,"POSCO INTERNATIONAL POLAND E-MOBILITY SP. Z.O.O.,",(주)포스코인터내셔널,,,해외 법인,해외 법인 — 계획서 7-2,
1-2b 명단 밖 코스피 모회사의 종속,POSCO INTERNATIONAL AMERICA CORP.,(주)포스코인터내셔널,,,해외 법인,해외 법인 — 계획서 7-2,
1-2b 명단 밖 코스피 모회사의 종속,POSCO INTERNATIONAL DEUTSCHLAND GmbH,(주)포스코인터내셔널,,,해외 법인,해외 법인 — 계획서 7-2,
1-2b 명단 밖 코스피 모회사의 종속,SAMIL PHARMACEUTICAL COMPANY LIMITED (해외),삼일제약(주),,,해외 법인,해외 법인 — 계획서 7-2,
1-2b 명단 밖 코스피 모회사의 종속,"SAMIL PHARMACEUTICAL NORTH AMERICA CO., LTD (해외).",삼일제약(주),,,해외 법인,해외 법인 — 계획서 7-2,
1-2b 명단 밖 코스피 모회사의 종속,PT. ELITE,(주)형지엘리트,,,해외 법인,해외 법인 — 계획서 7-2,
1-2b 명단 밖 코스피 모회사의 종속,신도(청도)전자 유한공사,(주)신도리코,,,해외 법인,해외 법인 — 계획서 7-2,
1-2b 명단 밖 코스피 모회사의 종속,SINDOH(HONG KONG),(주)신도리코,,,해외 법인,해외 법인 — 계획서 7-2,
1-2b 명단 밖 코스피 모회사의 종속,SINDOH VINA,(주)신도리코,,,해외 법인,해외 법인 — 계획서 7-2,
1-2b 명단 밖 코스피 모회사의 종속,신도(청도)판공시통유한공사,(주)신도리코,,,해외 법인,해외 법인 — 계획서 7-2,
1-2b 명단 밖 코스피 모회사의 종속,sindoh japan,(주)신도리코,,,해외 법인,해외 법인 — 계획서 7-2,
1-2b 명단 밖 코스피 모회사의 종속,sindoh property japan,(주)신도리코,,,해외 법인,해외 법인 — 계획서 7-2,
1-2b 명단 밖 코스피 모회사의 종속,Hanon Beijing,한온시스템(주),,,해외 법인,해외 법인 — 계획서 7-2,
1-2b 명단 밖 코스피 모회사의 종속,HASI,한온시스템(주),,,해외 법인,해외 법인 — 계획서 7-2,
1-2b 명단 밖 코스피 모회사의 종속,Hanon Bhiwadi,한온시스템(주),,,해외 법인,해외 법인 — 계획서 7-2,
1-2b 명단 밖 코스피 모회사의 종속,Hanon Japan,한온시스템(주),,,해외 법인,해외 법인 — 계획서 7-2,
1-2b 명단 밖 코스피 모회사의 종속,Hanon Thailand,한온시스템(주),,,해외 법인,해외 법인 — 계획서 7-2,
1-2b 명단 밖 코스피 모회사의 종속,Hanon Slovakia,한온시스템(주),,,해외 법인,해외 법인 — 계획서 7-2,
1-2b 명단 밖 코스피 모회사의 종속,Hanon Turkiye,한온시스템(주),,,해외 법인,해외 법인 — 계획서 7-2,
1-2b 명단 밖 코스피 모회사의 종속,Hanon Portugal,한온시스템(주),,,해외 법인,해외 법인 — 계획서 7-2,
1-2b 명단 밖 코스피 모회사의 종속,Hanon Autopal Service,한온시스템(주),,,해외 법인,해외 법인 — 계획서 7-2,
1-2b 명단 밖 코스피 모회사의 종속,Hanon Autopal,한온시스템(주),,,해외 법인,해외 법인 — 계획서 7-2,
1-2b 명단 밖 코스피 모회사의 종속,Hanon Auto Parts Hungary,한온시스템(주),,,해외 법인,해외 법인 — 계획서 7-2,
1-2b 명단 밖 코스피 모회사의 종속,Hanon Dalian,한온시스템(주),,,해외 법인,해외 법인 — 계획서 7-2,
1-2b 명단 밖 코스피 모회사의 종속,Hanon Hungary,한온시스템(주),,,해외 법인,해외 법인 — 계획서 7-2,
1-2b 명단 밖 코스피 모회사의 종속,Hanon UK,한온시스템(주),,,해외 법인,해외 법인 — 계획서 7-2,
1-2b 명단 밖 코스피 모회사의 종속,Hanon Deutschland,한온시스템(주),,,해외 법인,해외 법인 — 계획서 7-2,
1-2b 명단 밖 코스피 모회사의 종속,Hanon Netherlands,한온시스템(주),,,해외 법인,해외 법인 — 계획서 7-2,
1-2b 명단 밖 코스피 모회사의 종속,Hanon Alabama,한온시스템(주),,,해외 법인,해외 법인 — 계획서 7-2,
1-2b 명단 밖 코스피 모회사의 종속,Hanon USA,한온시스템(주),,,해외 법인,해외 법인 — 계획서 7-2,
1-2b 명단 밖 코스피 모회사의 종속,Hanon Canada,한온시스템(주),,,해외 법인,해외 법인 — 계획서 7-2,
1-2b 명단 밖 코스피 모회사의 종속,Hanon Coclisa,한온시스템(주),,,해외 법인,해외 법인 — 계획서 7-2,
1-2b 명단 밖 코스피 모회사의 종속,Hanon Mexicana,한온시스템(주),,,해외 법인,해외 법인 — 계획서 7-2,
1-2b 명단 밖 코스피 모회사의 종속,Hanon Brazil,한온시스템(주),,,해외 법인,해외 법인 — 계획서 7-2,
1-2b 명단 밖 코스피 모회사의 종속,Hanon Shanghai,한온시스템(주),,,해외 법인,해외 법인 — 계획서 7-2,
1-2b 명단 밖 코스피 모회사의 종속,Hanon South Africa,한온시스템(주),,,해외 법인,해외 법인 — 계획서 7-2,
1-2b 명단 밖 코스피 모회사의 종속,FHTS,한온시스템(주),,,해외 법인,해외 법인 — 계획서 7-2,
1-2b 명단 밖 코스피 모회사의 종속,JCS,한온시스템(주),,,해외 법인,해외 법인 — 계획서 7-2,
1-2b 명단 밖 코스피 모회사의 종속,BBHS,한온시스템(주),,,해외 법인,해외 법인 — 계획서 7-2,
1-2b 명단 밖 코스피 모회사의 종속,Hanon EFP Corporation,한온시스템(주),,,해외 법인,해외 법인 — 계획서 7-2,
1-2b 명단 밖 코스피 모회사의 종속,Hanon Thermal Technology,한온시스템(주),,,해외 법인,해외 법인 — 계획서 7-2,
1-2b 명단 밖 코스피 모회사의 종속,Hanon Chongqing,한온시스템(주),,,해외 법인,해외 법인 — 계획서 7-2,
1-2b 명단 밖 코스피 모회사의 종속,Hanon Nanchang,한온시스템(주),,,해외 법인,해외 법인 — 계획서 7-2,
1-2b 명단 밖 코스피 모회사의 종속,Hanon Nanjing,한온시스템(주),,,해외 법인,해외 법인 — 계획서 7-2,
1-2b 명단 밖 코스피 모회사의 종속,Hanon Yancheng,한온시스템(주),,,해외 법인,해외 법인 — 계획서 7-2,
1-2b 명단 밖 코스피 모회사의 종속,CSG JV,한온시스템(주),,,해외 법인,해외 법인 — 계획서 7-2,
1-2b 명단 밖 코스피 모회사의 종속,FHAC JV,한온시스템(주),,,해외 법인,해외 법인 — 계획서 7-2,
1-2b 명단 밖 코스피 모회사의 종속,ASIANA PHILIPPINES GSA INC,아시아나항공(주),,,해외 법인,해외 법인 — 계획서 7-2,
1-2b 명단 밖 코스피 모회사의 종속,Gate Gourmet Korea,아시아나항공(주),,,해외 법인,해외 법인 — 계획서 7-2,
1-2b 명단 밖 코스피 모회사의 종속,,에어부산 주식회사,,,자료 문제 (조회 실패·출자현황 없음·지분율 오류),"출자현황 자료 없음 — 원문 확인, 필요하면 수동 입력 파일에 적음 (2025 사업보고서 표 형식 아님(숫자 지분율 없음); 2025 3분기보고서 표 형식 아님(숫자 지분율 없음); 2025 반기보고서 표 형식 아님(숫자 지분율 없음); 2024 사업보고서 표 형식 아님(숫자 지분율 없음))",
1-2b 명단 밖 코스피 모회사의 종속,에너지신산업전문투자 사모투자신탁,한국전력공사(주),,,명목회사·펀드·SPC·신탁 상품,펀드·SPC·투자조합·신탁 상품·명목회사 — 계획서 7-2,
1-2b 명단 밖 코스피 모회사의 종속,KEPCO International HongKong Ltd.,한국전력공사(주),,,해외 법인,해외 법인 — 계획서 7-2,
1-2b 명단 밖 코스피 모회사의 종속,KEPCO International Philippines Inc.,한국전력공사(주),,,해외 법인,해외 법인 — 계획서 7-2,
1-2b 명단 밖 코스피 모회사의 종속,KEPCO Gansu International Ltd.,한국전력공사(주),,,해외 법인,해외 법인 — 계획서 7-2,
1-2b 명단 밖 코스피 모회사의 종속,KEPCO Philippines Holdings Inc.,한국전력공사(주),,,해외 법인,해외 법인 — 계획서 7-2,
1-2b 명단 밖 코스피 모회사의 종속,KEPCO Neimenggu International Ltd.,한국전력공사(주),,,해외 법인,해외 법인 — 계획서 7-2,
1-2b 명단 밖 코스피 모회사의 종속,"KEPCO Australia Pty.,Ltd.",한국전력공사(주),,,해외 법인,해외 법인 — 계획서 7-2,
1-2b 명단 밖 코스피 모회사의 종속,KEPCO Shanxi International Ltd.,한국전력공사(주),,,해외 법인,해외 법인 — 계획서 7-2,
1-2b 명단 밖 코스피 모회사의 종속,KEPCO Netherlands B.V.,한국전력공사(주),,,해외 법인,해외 법인 — 계획서 7-2,
1-2b 명단 밖 코스피 모회사의 종속,KEPCO Middle East Holding Company,한국전력공사(주),,,해외 법인,해외 법인 — 계획서 7-2,
1-2b 명단 밖 코스피 모회사의 종속,KEPCO Holdings de Mexico,한국전력공사(주),,,해외 법인,해외 법인 — 계획서 7-2,
1-2b 명단 밖 코스피 모회사의 종속,KST Electric Power Company,한국전력공사(주),,,해외 법인,해외 법인 — 계획서 7-2,
1-2b 명단 밖 코스피 모회사의 종속,KEPCO Netherlands S3 B.V.,한국전력공사(주),,,해외 법인,해외 법인 — 계획서 7-2,
1-2b 명단 밖 코스피 모회사의 종속,KEPCO Netherlands J3 B.V.,한국전력공사(주),,,해외 법인,해외 법인 — 계획서 7-2,
1-2b 명단 밖 코스피 모회사의 종속,Global One Pioneer B.V.,한국전력공사(주),,,해외 법인,해외 법인 — 계획서 7-2,
1-2b 명단 밖 코스피 모회사의 종속,Global Energy Pioneer B.V.,한국전력공사(주),,,해외 법인,해외 법인 — 계획서 7-2,
1-2b 명단 밖 코스피 모회사의 종속,Fujeij Wind Power Company,한국전력공사(주),,,해외 법인,해외 법인 — 계획서 7-2,
1-2b 명단 밖 코스피 모회사의 종속,Chitose Solar Power Plant LLC,한국전력공사(주),,,해외 법인,해외 법인 — 계획서 7-2,
1-2b 명단 밖 코스피 모회사의 종속,KEPCO Mangilao Holdings LLC,한국전력공사(주),,,해외 법인,해외 법인 — 계획서 7-2,
1-2b 명단 밖 코스피 모회사의 종속,"KEPCO California, LLC",한국전력공사(주),,,해외 법인,해외 법인 — 계획서 7-2,
1-2b 명단 밖 코스피 모회사의 종속,Guam Ukudu Power LLC,한국전력공사(주),,,해외 법인,해외 법인 — 계획서 7-2,
1-2b 명단 밖 코스피 모회사의 종속,KEPCO Holding Company,한국전력공사(주),,,해외 법인,해외 법인 — 계획서 7-2,
1-2b 명단 밖 코스피 모회사의 종속,KEPCO Yona America LLC,한국전력공사(주),,,해외 법인,해외 법인 — 계획서 7-2,
1-2b 명단 밖 코스피 모회사의 종속,KEPCO SADAWI -FZCO,한국전력공사(주),,,해외 법인,해외 법인 — 계획서 7-2,
1-2b 명단 밖 코스피 모회사의 종속,한국전력 모펀드,한국전력공사(주),,,명목회사·펀드·SPC·신탁 상품,펀드·SPC·투자조합·신탁 상품·명목회사 — 계획서 7-2,
1-2b 명단 밖 코스피 모회사의 종속,Nghi Son 2 Power LLC,한국전력공사(주),,,해외 법인,해외 법인 — 계획서 7-2,
1-2b 명단 밖 코스피 모회사의 종속,PT Barito Wahana Tenaga,한국전력공사(주),,,해외 법인,해외 법인 — 계획서 7-2,
1-2b 명단 밖 코스피 모회사의 종속,One Energy Aisa Limited,한국전력공사(주),,,해외 법인,해외 법인 — 계획서 7-2,
1-2b 명단 밖 코스피 모회사의 종속,Pulau Indah O&M Sdn. Bhd.,한국전력공사(주),,,해외 법인,해외 법인 — 계획서 7-2,
1-2b 명단 밖 코스피 모회사의 종속,KCS,(주)케이씨씨,,,해외 법인,해외 법인 — 계획서 7-2,
1-2b 명단 밖 코스피 모회사의 종속,KCT,(주)케이씨씨,,,해외 법인,해외 법인 — 계획서 7-2,
1-2b 명단 밖 코스피 모회사의 종속,KCJ,(주)케이씨씨,,,해외 법인,해외 법인 — 계획서 7-2,
1-2b 명단 밖 코스피 모회사의 종속,엠오엠제1호사모투자합자회사,(주)케이씨씨,,,명목회사·펀드·SPC·신탁 상품,펀드·SPC·투자조합·신탁 상품·명목회사 — 계획서 7-2,
1-2b 명단 밖 코스피 모회사의 종속,타이거대체일반사모특별자산투자신탁74호,(주)케이씨씨,,,명목회사·펀드·SPC·신탁 상품,펀드·SPC·투자조합·신탁 상품·명목회사 — 계획서 7-2,
1-2b 명단 밖 코스피 모회사의 종속,SIC Management Ltd,(주)케이씨씨,,,해외 법인,해외 법인 — 계획서 7-2,
1-2b 명단 밖 코스피 모회사의 종속,SIC Investment Ltd,(주)케이씨씨,,,해외 법인,해외 법인 — 계획서 7-2,
1-2b 명단 밖 코스피 모회사의 종속,MOM Holding Company,(주)케이씨씨,,,해외 법인,해외 법인 — 계획서 7-2,
1-2b 명단 밖 코스피 모회사의 종속,PTC,(주)케이씨씨,,,해외 법인,해외 법인 — 계획서 7-2,
1-2b 명단 밖 코스피 모회사의 종속,KCC(HK),(주)케이씨씨,,,해외 법인,해외 법인 — 계획서 7-2,
1-2b 명단 밖 코스피 모회사의 종속,SeAH Wind Ltd.,(주)세아제강지주,,,해외 법인,해외 법인 — 계획서 7-2,
1-2b 명단 밖 코스피 모회사의 종속,KB와이즈스타사모부동산투자신탁제2호(펀드),(주)세아제강지주,,,명목회사·펀드·SPC·신탁 상품,펀드·SPC·투자조합·신탁 상품·명목회사 — 계획서 7-2,
1-2b 명단 밖 코스피 모회사의 종속,HD Hyundai Electric Hungary Kft.,에이치디현대일렉트릭(주),,,해외 법인,해외 법인 — 계획서 7-2,
1-2b 명단 밖 코스피 모회사의 종속,HD Hyundai Electric Texas LLC.,에이치디현대일렉트릭(주),,,해외 법인,해외 법인 — 계획서 7-2,
1-2b 명단 밖 코스피 모회사의 종속,신한-HD Global Green Way 펀드,에이치디현대일렉트릭(주),,,명목회사·펀드·SPC·신탁 상품,펀드·SPC·투자조합·신탁 상품·명목회사 — 계획서 7-2,
1-2b 명단 밖 코스피 모회사의 종속,HD Hyundai Electric Switzerland Ltd.,에이치디현대일렉트릭(주),,,해외 법인,해외 법인 — 계획서 7-2,
1-2b 명단 밖 코스피 모회사의 종속,"HD Hyundai Electric China Co.,Ltd.",에이치디현대일렉트릭(주),,,해외 법인,해외 법인 — 계획서 7-2,
1-2b 명단 밖 코스피 모회사의 종속,"HD Hyundai Power Transformers USA, Inc.",에이치디현대일렉트릭(주),,,해외 법인,해외 법인 — 계획서 7-2,
1-2b 명단 밖 코스피 모회사의 종속,HD Hyundai Electric Arabia L.L.C,에이치디현대일렉트릭(주),,,해외 법인,해외 법인 — 계획서 7-2,
1-2b 명단 밖 코스피 모회사의 종속,HD Hyundai Electric America Corporation,에이치디현대일렉트릭(주),,,해외 법인,해외 법인 — 계획서 7-2,
1-2b 명단 밖 코스피 모회사의 종속,HD Hyundai Electric Europe GmbH,에이치디현대일렉트릭(주),,,해외 법인,해외 법인 — 계획서 7-2,
1-2b 명단 밖 코스피 모회사의 종속,대불그린1호㈜,에이치디현대일렉트릭(주),,,명목회사·펀드·SPC·신탁 상품,펀드·SPC·투자조합·신탁 상품·명목회사 — 계획서 7-2,
1-2b 명단 밖 코스피 모회사의 종속,에스앤피혁신기술1호조합,제일약품(주),,,명목회사·펀드·SPC·신탁 상품,펀드·SPC·투자조합·신탁 상품·명목회사 — 계획서 7-2,
1-2b 명단 밖 코스피 모회사의 종속,PT HARIM FARMSCO INDONESIA,(주)팜스코,,,해외 법인,해외 법인 — 계획서 7-2,
1-2b 명단 밖 코스피 모회사의 종속,PT FARMSCO FEED INDONESIA,(주)팜스코,,,해외 법인,해외 법인 — 계획서 7-2,
1-2b 명단 밖 코스피 모회사의 종속,계룡하나뉴스테이1호,계룡건설산업(주),,,명목회사·펀드·SPC·신탁 상품,펀드·SPC·투자조합·신탁 상품·명목회사 — 계획서 7-2,
1-2b 명단 밖 코스피 모회사의 종속,계룡대한뉴스테이2호,계룡건설산업(주),,,명목회사·펀드·SPC·신탁 상품,펀드·SPC·투자조합·신탁 상품·명목회사 — 계획서 7-2,
1-2b 명단 밖 코스피 모회사의 종속,KYEYONG-SAE-A STX JV,계룡건설산업(주),,,해외 법인,해외 법인 — 계획서 7-2,
1-2b 명단 밖 코스피 모회사의 종속,계룡대한제4호,계룡건설산업(주),,,명목회사·펀드·SPC·신탁 상품,펀드·SPC·투자조합·신탁 상품·명목회사 — 계획서 7-2,
1-2b 명단 밖 코스피 모회사의 종속,ILSUNG-KYERYONGJV,계룡건설산업(주),,,해외 법인,해외 법인 — 계획서 7-2,
1-2b 명단 밖 코스피 모회사의 종속,PKR Corporation,계룡건설산업(주),,,해외 법인,해외 법인 — 계획서 7-2,
1-2b 명단 밖 코스피 모회사의 종속,에스지씨 어센도 CVC 스케일업 투자조합,SGC에너지(주),,,명목회사·펀드·SPC·신탁 상품,펀드·SPC·투자조합·신탁 상품·명목회사 — 계획서 7-2,
1-2b 명단 밖 코스피 모회사의 종속,PT SGC ENERGY Indonesia,SGC에너지(주),,,해외 법인,해외 법인 — 계획서 7-2,
1-2b 명단 밖 코스피 모회사의 종속,신한 에스지씨 ESG 투자조합 제1호,SGC에너지(주),,,명목회사·펀드·SPC·신탁 상품,펀드·SPC·투자조합·신탁 상품·명목회사 — 계획서 7-2,
1-2b 명단 밖 코스피 모회사의 종속,"CS Wind Vietnam Co., Ltd.",씨에스윈드(주),,,해외 법인,해외 법인 — 계획서 7-2,
1-2b 명단 밖 코스피 모회사의 종속,CS Wind Turkey KULE IMALATI AS.,씨에스윈드(주),,,해외 법인,해외 법인 — 계획서 7-2,
1-2b 명단 밖 코스피 모회사의 종속,CS Wind Taiwan Ltd.,씨에스윈드(주),,,해외 법인,해외 법인 — 계획서 7-2,
1-2b 명단 밖 코스피 모회사의 종속,CS Wind America Inc.,씨에스윈드(주),,,해외 법인,해외 법인 — 계획서 7-2,
1-2b 명단 밖 코스피 모회사의 종속,CSWIND PORTUGAL S.A.,씨에스윈드(주),,,해외 법인,해외 법인 — 계획서 7-2,
1-2b 명단 밖 코스피 모회사의 종속,"Vina Halla Heavy Industries Co., Ltd",씨에스윈드(주),,,해외 법인,해외 법인 — 계획서 7-2,
1-2b 명단 밖 코스피 모회사의 종속,CS Wind Denmark ApS,씨에스윈드(주),,,해외 법인,해외 법인 — 계획서 7-2,
1-2b 명단 밖 코스피 모회사의 종속,CS Wind Offshore DK Holding A/S,씨에스윈드(주),,,해외 법인,해외 법인 — 계획서 7-2,
1-2b 명단 밖 코스피 모회사의 종속,토탈패키징 제1호 사모투자 합자회사,씨에스윈드(주),,,명목회사·펀드·SPC·신탁 상품,펀드·SPC·투자조합·신탁 상품·명목회사 — 계획서 7-2,
1-2b 명단 밖 코스피 모회사의 종속,"CS Wind China Co., Ltd.",씨에스윈드(주),,,해외 법인,해외 법인 — 계획서 7-2,
1-2b 명단 밖 코스피 모회사의 종속,CS Wind Canada Inc.,씨에스윈드(주),,,해외 법인,해외 법인 — 계획서 7-2,
1-2b 명단 밖 코스피 모회사의 종속,CS Wind Mexico S.A.de.C.V,씨에스윈드(주),,,해외 법인,해외 법인 — 계획서 7-2,
1-2b 명단 밖 코스피 모회사의 종속,CS Wind Europe Ltd.,씨에스윈드(주),,,해외 법인,해외 법인 — 계획서 7-2,
1-2b 명단 밖 코스피 모회사의 종속,FAMOUS FLEET SDN. BHD.,씨에스윈드(주),,,해외 법인,해외 법인 — 계획서 7-2,
1-2b 명단 밖 코스피 모회사의 종속,CS Wind Malaysia SDN. BHD,씨에스윈드(주),,,해외 법인,해외 법인 — 계획서 7-2,
1-2b 명단 밖 코스피 모회사의 종속,"Samsung Biologics America, Inc.",삼성바이오로직스(주),,,해외 법인,해외 법인 — 계획서 7-2,
1-2b 명단 밖 코스피 모회사의 종속,SVIC 54호 신기술사업투자조합,삼성바이오로직스(주),,,명목회사·펀드·SPC·신탁 상품,펀드·SPC·투자조합·신탁 상품·명목회사 — 계획서 7-2,
1-2b 명단 밖 코스피 모회사의 종속,계양전기(소주) 유한공사,계양전기(주),,,해외 법인,해외 법인 — 계획서 7-2,
1-2b 명단 밖 코스피 모회사의 종속,RFWINDOW JAPAN,(주)주성코퍼레이션,,,해외 법인,해외 법인 — 계획서 7-2,
1-2b 명단 밖 코스피 모회사의 종속,"LS ELECTRIC Japan Co., Ltd.",엘에스일렉트릭 주식회사,,,해외 법인,해외 법인 — 계획서 7-2,
1-2b 명단 밖 코스피 모회사의 종속,LS ELECTRIC Europe B.V.,엘에스일렉트릭 주식회사,,,해외 법인,해외 법인 — 계획서 7-2,
1-2b 명단 밖 코스피 모회사의 종속,LS ELECTRIC Americas Holdings,엘에스일렉트릭 주식회사,,,해외 법인,해외 법인 — 계획서 7-2,
1-2b 명단 밖 코스피 모회사의 종속,"LS ELECTRIC Vietnam Co., Ltd.",엘에스일렉트릭 주식회사,,,해외 법인,해외 법인 — 계획서 7-2,
1-2b 명단 밖 코스피 모회사의 종속,락성전기투자(중국)유한공사,엘에스일렉트릭 주식회사,,,해외 법인,해외 법인 — 계획서 7-2,
1-2b 명단 밖 코스피 모회사의 종속,"LS ELECTRIC INDUSTRY TRADE Co., Ltd.",엘에스일렉트릭 주식회사,,,해외 법인,해외 법인 — 계획서 7-2,
1-2b 명단 밖 코스피 모회사의 종속,"LS ELECTRIC IBERIA, S.L.",엘에스일렉트릭 주식회사,,,해외 법인,해외 법인 — 계획서 7-2,
1-2b 명단 밖 코스피 모회사의 종속,LS Automation Solution Otomasyon Sistemleri,엘에스일렉트릭 주식회사,,,해외 법인,해외 법인 — 계획서 7-2,
1-2b 명단 밖 코스피 모회사의 종속,PT. LS ELECTRIC INDONESIA,엘에스일렉트릭 주식회사,,,해외 법인,해외 법인 — 계획서 7-2,
1-2b 명단 밖 코스피 모회사의 종속,LS ITC㈜,엘에스일렉트릭 주식회사,,,해외 법인,해외 법인 — 계획서 7-2,
1-2b 명단 밖 코스피 모회사의 종속,락성전기(대련) 유한공사,엘에스일렉트릭 주식회사,,,해외 법인,해외 법인 — 계획서 7-2,
1-2b 명단 밖 코스피 모회사의 종속,락성전기(무석) 유한공사,엘에스일렉트릭 주식회사,,,해외 법인,해외 법인 — 계획서 7-2,
1-2b 명단 밖 코스피 모회사의 종속,LS ELECTRIC Middle East FZE,엘에스일렉트릭 주식회사,,,해외 법인,해외 법인 — 계획서 7-2,
1-2b 명단 밖 코스피 모회사의 종속,Lotte Akhtar Beverages (Private) Limited,롯데칠성음료(주),,,해외 법인,해외 법인 — 계획서 7-2,
1-2b 명단 밖 코스피 모회사의 종속,"Pepsi-Cola Products Philippines, Inc.",롯데칠성음료(주),,,해외 법인,해외 법인 — 계획서 7-2,
1-2b 명단 밖 코스피 모회사의 종속,Lotte Beverage America Corp.,롯데칠성음료(주),,,해외 법인,해외 법인 — 계획서 7-2,
1-2b 명단 밖 코스피 모회사의 종속,Lotte Beverage Holdings (Singapore) Pte. Ltd.,롯데칠성음료(주),,,해외 법인,해외 법인 — 계획서 7-2,
1-2b 명단 밖 코스피 모회사의 종속,"LOTTE LIQUOR JAPAN CO., LTD.",롯데칠성음료(주),,,해외 법인,해외 법인 — 계획서 7-2,
1-2b 명단 밖 코스피 모회사의 종속,PT LOTTE RND CENTER INDONESIA,롯데칠성음료(주),,,해외 법인,해외 법인 — 계획서 7-2,
1-2b 명단 밖 코스피 모회사의 종속,낙천칠성(상해)음료유한공사,롯데칠성음료(주),,,해외 법인,해외 법인 — 계획서 7-2,
1-2b 명단 밖 코스피 모회사의 종속,LOTTE CHILSUNG BEVERAGE RUS LLC.,롯데칠성음료(주),,,해외 법인,해외 법인 — 계획서 7-2,
1-2b 명단 밖 코스피 모회사의 종속,LG UPLUS FUND I LLC,(주)LG유플러스,,,해외 법인,해외 법인 — 계획서 7-2,
1-2b 명단 밖 코스피 모회사의 종속,뮤렉스웨이브액티브시니어투자조합,(주)LG유플러스,,,명목회사·펀드·SPC·신탁 상품,펀드·SPC·투자조합·신탁 상품·명목회사 — 계획서 7-2,
1-2b 명단 밖 코스피 모회사의 종속,Dacom America Inc.,(주)LG유플러스,,,해외 법인,해외 법인 — 계획서 7-2,
1-2b 명단 밖 코스피 모회사의 종속,LG UPLUS FUND II LLC,(주)LG유플러스,,,해외 법인,해외 법인 — 계획서 7-2,
1-2b 명단 밖 코스피 모회사의 종속,쉬프트 블루포인트 에이엑스 벤처투자조합,(주)LG유플러스,,,명목회사·펀드·SPC·신탁 상품,펀드·SPC·투자조합·신탁 상품·명목회사 — 계획서 7-2,
1-2b 명단 밖 코스피 모회사의 종속,매그놀리아트리4호 벤처투자조합,(주)LG유플러스,,,명목회사·펀드·SPC·신탁 상품,펀드·SPC·투자조합·신탁 상품·명목회사 — 계획서 7-2,
1-2b 명단 밖 코스피 모회사의 종속,CGI HOLDINGS LIMITED,씨제이씨지브이(주),,,해외 법인,해외 법인 — 계획서 7-2,
1-2b 명단 밖 코스피 모회사의 종속,"CJ CGV AMERICA, INC.",씨제이씨지브이(주),,,해외 법인,해외 법인 — 계획서 7-2,
1-2b 명단 밖 코스피 모회사의 종속,CROWN JADE COMPANY PTE. LTD.,씨제이씨지브이(주),,,해외 법인,해외 법인 — 계획서 7-2,
1-2b 명단 밖 코스피 모회사의 종속,"MARS CINEMA, TOURISM AND SPORTS FACILITIES MANAGEMENT INC.",씨제이씨지브이(주),,,해외 법인,해외 법인 — 계획서 7-2,
1-2b 명단 밖 코스피 모회사의 종속,"HANMI Taiwan Co.,Ltd.",한미반도체(주),,,해외 법인,해외 법인 — 계획서 7-2,
1-2b 명단 밖 코스피 모회사의 종속,"HANMI Vietnam Co.,Ltd.",한미반도체(주),,,해외 법인,해외 법인 — 계획서 7-2,
1-2b 명단 밖 코스피 모회사의 종속,HANMI SINGAPORE Pte. Ltd.,한미반도체(주),,,해외 법인,해외 법인 — 계획서 7-2,
1-2b 명단 밖 코스피 모회사의 종속,국도화공(쿤샨) 유한공사,국도화학(주),,,해외 법인,해외 법인 — 계획서 7-2,
1-2b 명단 밖 코스피 모회사의 종속,Kukdo Chemical India Pvt. Ltd.,국도화학(주),,,해외 법인,해외 법인 — 계획서 7-2,
1-2b 명단 밖 코스피 모회사의 종속,국도화공(닝보) 유한공사,국도화학(주),,,해외 법인,해외 법인 — 계획서 7-2,
1-2b 명단 밖 코스피 모회사의 종속,Kukdo Europe GmbH,국도화학(주),,,해외 법인,해외 법인 — 계획서 7-2,
1-2b 명단 밖 코스피 모회사의 종속,Kukdo Chemical America Inc.,국도화학(주),,,해외 법인,해외 법인 — 계획서 7-2,
1-2b 명단 밖 코스피 모회사의 종속,DS Roppongi M,조선내화 주식회사,,,해외 법인,해외 법인 — 계획서 7-2,
1-2b 명단 밖 코스피 모회사의 종속,아비트리지 제1호 사모투자합자회사,조선내화 주식회사,,,명목회사·펀드·SPC·신탁 상품,펀드·SPC·투자조합·신탁 상품·명목회사 — 계획서 7-2,
1-2b 명단 밖 코스피 모회사의 종속,청도조내상무유한공사,조선내화 주식회사,,,해외 법인,해외 법인 — 계획서 7-2,
1-2b 명단 밖 코스피 모회사의 종속,영구광양내화재료유한공사,조선내화 주식회사,,,해외 법인,해외 법인 — 계획서 7-2,
1-2b 명단 밖 코스피 모회사의 종속,안산포항특종내화재료유한공사,조선내화 주식회사,,,해외 법인,해외 법인 — 계획서 7-2,
1-2b 명단 밖 코스피 모회사의 종속,CHOSUN SARVESH REFRACTORIES PRIVATE LIMITED,조선내화 주식회사,,,해외 법인,해외 법인 — 계획서 7-2,
1-2b 명단 밖 코스피 모회사의 종속,ICT융합펀드,씨제이대한통운(주),,,명목회사·펀드·SPC·신탁 상품,펀드·SPC·투자조합·신탁 상품·명목회사 — 계획서 7-2,
1-2b 명단 밖 코스피 모회사의 종속,미래에셋CJ대한통운신성장투자조합1호,씨제이대한통운(주),,,명목회사·펀드·SPC·신탁 상품,펀드·SPC·투자조합·신탁 상품·명목회사 — 계획서 7-2,
1-2b 명단 밖 코스피 모회사의 종속,케이비-씨제이 벤처펀드 제1호,씨제이대한통운(주),,,명목회사·펀드·SPC·신탁 상품,펀드·SPC·투자조합·신탁 상품·명목회사 — 계획서 7-2,
1-2b 명단 밖 코스피 모회사의 종속,"KOREA EXPRESS SAIGON PORT CO., LTD.",씨제이대한통운(주),,,해외 법인,해외 법인 — 계획서 7-2,
1-2b 명단 밖 코스피 모회사의 종속,CJ E&C MALAYSIA SDN. BHD.,씨제이대한통운(주),,,해외 법인,해외 법인 — 계획서 7-2,
1-2b 명단 밖 코스피 모회사의 종속,"CJ E&C VIETNAM CO., LTD",씨제이대한통운(주),,,해외 법인,해외 법인 — 계획서 7-2,
1-2b 명단 밖 코스피 모회사의 종속,CJ LOGISTICS HOLDINGS AMERICA CORPORATION,씨제이대한통운(주),,,해외 법인,해외 법인 — 계획서 7-2,
1-2b 명단 밖 코스피 모회사의 종속,CJ LOGISTICS JAPAN CORPORATION,씨제이대한통운(주),,,해외 법인,해외 법인 — 계획서 7-2,
1-2b 명단 밖 코스피 모회사의 종속,WATER PIPELINE WORKS LIMITED,씨제이대한통운(주),,,해외 법인,해외 법인 — 계획서 7-2,
1-2b 명단 밖 코스피 모회사의 종속,"KOREA EXPRESS HONG KONG CO., LTD.",씨제이대한통운(주),,,해외 법인,해외 법인 — 계획서 7-2,
1-2b 명단 밖 코스피 모회사의 종속,CJ LOGISTICS MIDDLE EAST FZE,씨제이대한통운(주),,,해외 법인,해외 법인 — 계획서 7-2,
1-2b 명단 밖 코스피 모회사의 종속,KX SMART CARGO HOLDINGS LIMITED,씨제이대한통운(주),,,해외 법인,해외 법인 — 계획서 7-2,
1-2b 명단 밖 코스피 모회사의 종속,CJ LOGISTICS ASIA PTE. LTD.,씨제이대한통운(주),,,해외 법인,해외 법인 — 계획서 7-2,
1-2b 명단 밖 코스피 모회사의 종속,CJ LOGISTICS CHINA HOLDINGS LIMITED,씨제이대한통운(주),,,해외 법인,해외 법인 — 계획서 7-2,
1-2b 명단 밖 코스피 모회사의 종속,"CJ KOREA EXPRESS (CHINA) INVESTMENT CO., LTD",씨제이대한통운(주),,,해외 법인,해외 법인 — 계획서 7-2,
1-2b 명단 밖 코스피 모회사의 종속,CJ DARCL LOGISTICS LIMITED,씨제이대한통운(주),,,해외 법인,해외 법인 — 계획서 7-2,
1-2b 명단 밖 코스피 모회사의 종속,CJ LOGISTICS HONG KONG HOLDINGS LIMITED,씨제이대한통운(주),,,해외 법인,해외 법인 — 계획서 7-2,
1-2b 명단 밖 코스피 모회사의 종속,CJ Logistics SILZ LLC,씨제이대한통운(주),,,해외 법인,해외 법인 — 계획서 7-2,
1-2b 명단 밖 코스피 모회사의 종속,CJ E&C Hungary Kft.,씨제이대한통운(주),,,해외 법인,해외 법인 — 계획서 7-2,
1-2b 명단 밖 코스피 모회사의 종속,CJ LOGISTICS POLAND SP. Z O.O.,씨제이대한통운(주),,,해외 법인,해외 법인 — 계획서 7-2,
1-2b 명단 밖 코스피 모회사의 종속,"Daewoo Engineering & Construction VIETNAM CO.,LTD.",(주)대우건설,,,해외 법인,해외 법인 — 계획서 7-2,
1-2b 명단 밖 코스피 모회사의 종속,Daewoo Engineering & Construction DUQM LLC,(주)대우건설,,,해외 법인,해외 법인 — 계획서 7-2,
1-2b 명단 밖 코스피 모회사의 종속,마스턴제141호용인백암피에프브이(주),(주)대우건설,,,명목회사·펀드·SPC·신탁 상품,펀드·SPC·투자조합·신탁 상품·명목회사 — 계획서 7-2,
1-2b 명단 밖 코스피 모회사의 종속,T&C INVESTMENT GLOBAL PTE. LTD.,(주)대우건설,,,해외 법인,해외 법인 — 계획서 7-2,
1-2b 명단 밖 코스피 모회사의 종속,Daewoo E&C USA Investment INC.,(주)대우건설,,,해외 법인,해외 법인 — 계획서 7-2,
1-2b 명단 밖 코스피 모회사의 종속,PT DAEWOO REKAYASA KONSTRUKSI,(주)대우건설,,,해외 법인,해외 법인 — 계획서 7-2,
1-2b 명단 밖 코스피 모회사의 종속,제이알전문투자형사모부동산투자신탁제22호,(주)대우건설,,,명목회사·펀드·SPC·신탁 상품,펀드·SPC·투자조합·신탁 상품·명목회사 — 계획서 7-2,
1-2b 명단 밖 코스피 모회사의 종속,(주)투게더임대주택위탁관리부동산투자회사,(주)대우건설,,,명목회사·펀드·SPC·신탁 상품,펀드·SPC·투자조합·신탁 상품·명목회사 — 계획서 7-2,
1-2b 명단 밖 코스피 모회사의 종속,MEGAWORLD-DW CO.,(주)대우건설,,,해외 법인,해외 법인 — 계획서 7-2,
1-2b 명단 밖 코스피 모회사의 종속,DW AMERICA DEVEL'T INC.,(주)대우건설,,,해외 법인,해외 법인 — 계획서 7-2,
1-2b 명단 밖 코스피 모회사의 종속,GULF ENG.CONST. & CONTRACT,(주)대우건설,,,해외 법인,해외 법인 — 계획서 7-2,
1-2b 명단 밖 코스피 모회사의 종속,DW ARABIA LTD.,(주)대우건설,,,해외 법인,해외 법인 — 계획서 7-2,
1-2b 명단 밖 코스피 모회사의 종속,DW NIGERIA LTD.,(주)대우건설,,,해외 법인,해외 법인 — 계획서 7-2,
1-2b 명단 밖 코스피 모회사의 종속,DAEWOO-HANEL CORP,(주)대우건설,,,해외 법인,해외 법인 — 계획서 7-2,
1-2b 명단 밖 코스피 모회사의 종속,DAEWOO E & C IRAN,(주)대우건설,,,해외 법인,해외 법인 — 계획서 7-2,
1-2b 명단 밖 코스피 모회사의 종속,V-CITY 21 JOINT STOCK COMPANY,(주)대우건설,,,해외 법인,해외 법인 — 계획서 7-2,
1-2b 명단 밖 코스피 모회사의 종속,DW POWER(INDIA) LTD.,(주)대우건설,,,해외 법인,해외 법인 — 계획서 7-2,
1-2b 명단 밖 코스피 모회사의 종속,Daewoo E&C SPC,(주)대우건설,,,해외 법인,해외 법인 — 계획서 7-2,
1-2b 명단 밖 코스피 모회사의 종속,"DINAMICO CONST,INC.",(주)대우건설,,,해외 법인,해외 법인 — 계획서 7-2,
1-2b 명단 밖 코스피 모회사의 종속,Tan A Dai Thanh-DAEWOO LLC,(주)대우건설,,,해외 법인,해외 법인 — 계획서 7-2,
1-2b 명단 밖 코스피 모회사의 종속,"THT DEVELOPMENT CO.,LTD.",(주)대우건설,,,해외 법인,해외 법인 — 계획서 7-2,
1-2b 명단 밖 코스피 모회사의 종속,Daewoo Engineering & Construction Nigeria Limited,(주)대우건설,,,해외 법인,해외 법인 — 계획서 7-2,
1-2b 명단 밖 코스피 모회사의 종속,Hyosung UK Limited,효성중공업(주),,,해외 법인,해외 법인 — 계획서 7-2,
1-2b 명단 밖 코스피 모회사의 종속,HYOSUNG T&D INDIA Pvt Ltd,효성중공업(주),,,해외 법인,해외 법인 — 계획서 7-2,
1-2b 명단 밖 코스피 모회사의 종속,"Nantong Hyosung Transformer Co., Ltd.",효성중공업(주),,,해외 법인,해외 법인 — 계획서 7-2,
1-2b 명단 밖 코스피 모회사의 종속,Hyosung South Africa (Pty) Ltd,효성중공업(주),,,해외 법인,해외 법인 — 계획서 7-2,
1-2b 명단 밖 코스피 모회사의 종속,"Hyosung HICO, Ltd.",효성중공업(주),,,해외 법인,해외 법인 — 계획서 7-2,
1-2b 명단 밖 코스피 모회사의 종속,Hyosung Vina Construction Company Limited,효성중공업(주),,,해외 법인,해외 법인 — 계획서 7-2,
1-2b 명단 밖 코스피 모회사의 종속,"Hyosung Vina Industrial Machinery Co., Ltd.",효성중공업(주),,,해외 법인,해외 법인 — 계획서 7-2,
1-2b 명단 밖 코스피 모회사의 종속,KB와이즈스타전문투자형사모부동산투자신탁제11호,효성중공업(주),,,명목회사·펀드·SPC·신탁 상품,펀드·SPC·투자조합·신탁 상품·명목회사 — 계획서 7-2,
1-2b 명단 밖 코스피 모회사의 종속,MOMENTUM,한국전력기술(주),,,해외 법인,해외 법인 — 계획서 7-2,
1-2b 명단 밖 코스피 모회사의 종속,천진평화기차배건 유한공사,평화홀딩스(주),,,해외 법인,해외 법인 — 계획서 7-2,
1-2b 명단 밖 코스피 모회사의 종속,Pyung-Hwa India Private Ltd,평화홀딩스(주),,,해외 법인,해외 법인 — 계획서 7-2,
1-2b 명단 밖 코스피 모회사의 종속,Kakao piccoma Corp.,(주)카카오,,,해외 법인,해외 법인 — 계획서 7-2,
1-2b 명단 밖 코스피 모회사의 종속,카카오-씨씨브이씨 제주창조경제혁신펀드,(주)카카오,,,명목회사·펀드·SPC·신탁 상품,펀드·SPC·투자조합·신탁 상품·명목회사 — 계획서 7-2,
1-2b 명단 밖 코스피 모회사의 종속,㈜카카오페이,(주)카카오,,,중복 (이미 명단·다른 지배회사·옛 이름),이미 명단에 있음 — 상장 또는 앞 단계 종속,
1-2b 명단 밖 코스피 모회사의 종속,Kakao G Corp.,(주)카카오,,,해외 법인,해외 법인 — 계획서 7-2,
1-2b 명단 밖 코스피 모회사의 종속,카카오 코파일럿 제1호 펀드,(주)카카오,,,명목회사·펀드·SPC·신탁 상품,펀드·SPC·투자조합·신탁 상품·명목회사 — 계획서 7-2,
1-2b 명단 밖 코스피 모회사의 종속,카카오 코파일럿 제2호 펀드,(주)카카오,,,명목회사·펀드·SPC·신탁 상품,펀드·SPC·투자조합·신탁 상품·명목회사 — 계획서 7-2,
1-2b 명단 밖 코스피 모회사의 종속,다음청년창업투자조합,(주)카카오,,,명목회사·펀드·SPC·신탁 상품,펀드·SPC·투자조합·신탁 상품·명목회사 — 계획서 7-2,
1-2b 명단 밖 코스피 모회사의 종속,유티씨 카카오-SK텔레콤 ESG펀드,(주)카카오,,,명목회사·펀드·SPC·신탁 상품,펀드·SPC·투자조합·신탁 상품·명목회사 — 계획서 7-2,
1-2b 명단 밖 코스피 모회사의 종속,카카오 청년창업펀드,(주)카카오,,,명목회사·펀드·SPC·신탁 상품,펀드·SPC·투자조합·신탁 상품·명목회사 — 계획서 7-2,
1-2b 명단 밖 코스피 모회사의 종속,만쿤(상해)상무 유한공사,한세엠케이(주),,,해외 법인,해외 법인 — 계획서 7-2,
1-2b 명단 밖 코스피 모회사의 종속,가애수복식(상해) 유한공사,한세엠케이(주),,,해외 법인,해외 법인 — 계획서 7-2,
1-2b 명단 밖 코스피 모회사의 종속,Daewoong America INC.,(주)대웅제약,,,해외 법인,해외 법인 — 계획서 7-2,
1-2b 명단 밖 코스피 모회사의 종속,Daewoong Pharmaceutical (India) Private Limited,(주)대웅제약,,,해외 법인,해외 법인 — 계획서 7-2,
1-2b 명단 밖 코스피 모회사의 종속,"Daewoong Pharmaceutical Japan Co., Ltd.",(주)대웅제약,,,해외 법인,해외 법인 — 계획서 7-2,
1-2b 명단 밖 코스피 모회사의 종속,건강한삶기술창업벤처PEF,(주)대웅제약,,,명목회사·펀드·SPC·신탁 상품,펀드·SPC·투자조합·신탁 상품·명목회사 — 계획서 7-2,
1-2b 명단 밖 코스피 모회사의 종속,"Daewoong Innovation Holdings, INC.",(주)대웅제약,,,해외 법인,해외 법인 — 계획서 7-2,
1-2b 명단 밖 코스피 모회사의 종속,Daewoong Pharma Philippines Incorporated,(주)대웅제약,,,해외 법인,해외 법인 — 계획서 7-2,
1-2b 명단 밖 코스피 모회사의 종속,Daewoong Pharmaceutical (Thailand) Company Limited,(주)대웅제약,,,해외 법인,해외 법인 — 계획서 7-2,
1-2b 명단 밖 코스피 모회사의 종속,PT DAEWOONG GROUP INDONESIA,(주)대웅제약,,,해외 법인,해외 법인 — 계획서 7-2,
1-2b 명단 밖 코스피 모회사의 종속,PT Selatox Bio Pharma,(주)대웅제약,,,해외 법인,해외 법인 — 계획서 7-2,
1-2b 명단 밖 코스피 모회사의 종속,"Daewoong Pharmaceutical Hongkong PVT., Limited",(주)대웅제약,,,해외 법인,해외 법인 — 계획서 7-2,
1-2b 명단 밖 코스피 모회사의 종속,Freemind Investments L.P. Series 2,(주)대웅제약,,,해외 법인,해외 법인 — 계획서 7-2,
1-2b 명단 밖 코스피 모회사의 종속,북경대웅위업의약과기유한공사,(주)대웅제약,,,해외 법인,해외 법인 — 계획서 7-2,
1-2b 명단 밖 코스피 모회사의 종속,"LOTTE Fine Chemical Trading (Shanghai) Co., Ltd.",롯데정밀화학(주),,,해외 법인,해외 법인 — 계획서 7-2,
1-2b 명단 밖 코스피 모회사의 종속,LOTTE Fine Chemical Europe GmbH,롯데정밀화학(주),,,해외 법인,해외 법인 — 계획서 7-2,
1-2b 명단 밖 코스피 모회사의 종속,스카이스크래퍼 롱텀 스트래티직 사모투자 합자회사,롯데정밀화학(주),,,명목회사·펀드·SPC·신탁 상품,펀드·SPC·투자조합·신탁 상품·명목회사 — 계획서 7-2,
1-2b 명단 밖 코스피 모회사의 종속,와이어드 기업재무안정(PEF),동일고무벨트(주),,,명목회사·펀드·SPC·신탁 상품,펀드·SPC·투자조합·신탁 상품·명목회사 — 계획서 7-2,
1-2b 명단 밖 코스피 모회사의 종속,"E-MART AMERICA, INC.",(주)이마트,,,해외 법인,해외 법인 — 계획서 7-2,
1-2b 명단 밖 코스피 모회사의 종속,PK RETAIL HOLDINGS,(주)이마트,,,해외 법인,해외 법인 — 계획서 7-2,
1-2b 명단 밖 코스피 모회사의 종속,E-MART EUROPE GmbH,(주)이마트,,,해외 법인,해외 법인 — 계획서 7-2,
1-2b 명단 밖 코스피 모회사의 종속,미래에셋 이마트 신성장투자조합 1호,(주)이마트,,,명목회사·펀드·SPC·신탁 상품,펀드·SPC·투자조합·신탁 상품·명목회사 — 계획서 7-2,
1-2b 명단 밖 코스피 모회사의 종속,Emart Hong Kong Trading Limited,(주)이마트,,,해외 법인,해외 법인 — 계획서 7-2,
1-2b 명단 밖 코스피 모회사의 종속,에스이엔씨피닉스제일차㈜,(주)이마트,,,명목회사·펀드·SPC·신탁 상품,펀드·SPC·투자조합·신탁 상품·명목회사 — 계획서 7-2,
1-2b 명단 밖 코스피 모회사의 종속,에스이엔씨피닉스제이차㈜,(주)이마트,,,명목회사·펀드·SPC·신탁 상품,펀드·SPC·투자조합·신탁 상품·명목회사 — 계획서 7-2,
1-2b 명단 밖 코스피 모회사의 종속,에스이엔씨피닉스제삼차㈜,(주)이마트,,,명목회사·펀드·SPC·신탁 상품,펀드·SPC·투자조합·신탁 상품·명목회사 — 계획서 7-2,
1-2b 명단 밖 코스피 모회사의 종속,에스이엔씨피닉스제사차㈜,(주)이마트,,,명목회사·펀드·SPC·신탁 상품,펀드·SPC·투자조합·신탁 상품·명목회사 — 계획서 7-2,
1-2b 명단 밖 코스피 모회사의 종속,ASIA LEGEND CAPITAL LIMITED,(주)이마트,,,해외 법인,해외 법인 — 계획서 7-2,
1-2b 명단 밖 코스피 모회사의 종속,케이비와이즈스타일반사모부동산투자신탁제5호,(주)이마트,,,명목회사·펀드·SPC·신탁 상품,펀드·SPC·투자조합·신탁 상품·명목회사 — 계획서 7-2,
1-2b 명단 밖 코스피 모회사의 종속,에스피청주일반사모부동산투자회사,(주)이마트,,,명목회사·펀드·SPC·신탁 상품,펀드·SPC·투자조합·신탁 상품·명목회사 — 계획서 7-2,
1-2b 명단 밖 코스피 모회사의 종속,EMART JAPAN Inc.,(주)이마트,,,해외 법인,해외 법인 — 계획서 7-2,
1-2b 명단 밖 코스피 모회사의 종속,에프앤에프파트너스 1호조합,주식회사 에프앤에프홀딩스,,,명목회사·펀드·SPC·신탁 상품,펀드·SPC·투자조합·신탁 상품·명목회사 — 계획서 7-2,
1-2b 명단 밖 코스피 모회사의 종속,IMM Style Venture Fund 1호,주식회사 에프앤에프홀딩스,,,명목회사·펀드·SPC·신탁 상품,펀드·SPC·투자조합·신탁 상품·명목회사 — 계획서 7-2,
1-2b 명단 밖 코스피 모회사의 종속,IMM Style Venture Fund 2호,주식회사 에프앤에프홀딩스,,,명목회사·펀드·SPC·신탁 상품,펀드·SPC·투자조합·신탁 상품·명목회사 — 계획서 7-2,
1-2b 명단 밖 코스피 모회사의 종속,DUVETICA S.R.L,주식회사 에프앤에프홀딩스,,,해외 법인,해외 법인 — 계획서 7-2,
1-2b 명단 밖 코스피 모회사의 종속,F&F BRANDS GROUP INC,주식회사 에프앤에프홀딩스,,,해외 법인,해외 법인 — 계획서 7-2,
1-2b 명단 밖 코스피 모회사의 종속,"SERGIO TACCHINI IP HOLDINGS, INC.",주식회사 에프앤에프,,,해외 법인,해외 법인 — 계획서 7-2,
1-2b 명단 밖 코스피 모회사의 종속,"SERGIO TACCHINI OPERATIONS, INC",주식회사 에프앤에프,,,해외 법인,해외 법인 — 계획서 7-2,
1-2b 명단 밖 코스피 모회사의 종속,FNF HONGKONG LTD,주식회사 에프앤에프,,,해외 법인,해외 법인 — 계획서 7-2,
1-2b 명단 밖 코스피 모회사의 종속,"F&F VIETNAM CO.,LTD",주식회사 에프앤에프,,,해외 법인,해외 법인 — 계획서 7-2,
1-2b 명단 밖 코스피 모회사의 종속,센트로이드 제7호 바이아웃 사모투자합자회사,주식회사 에프앤에프,,,명목회사·펀드·SPC·신탁 상품,펀드·SPC·투자조합·신탁 상품·명목회사 — 계획서 7-2,
1-2b 명단 밖 코스피 모회사의 종속,센트로이드 제7의1호 바이아웃 사모투자합자회사,주식회사 에프앤에프,,,명목회사·펀드·SPC·신탁 상품,펀드·SPC·투자조합·신탁 상품·명목회사 — 계획서 7-2,
1-2b 명단 밖 코스피 모회사의 종속,,케이비발해인프라투융자회사,,,자료 문제 (조회 실패·출자현황 없음·지분율 오류),"출자현황 자료 없음 — 원문 확인, 필요하면 수동 입력 파일에 적음 (2025 사업보고서 013; 2025 3분기보고서 013; 2025 반기보고서 013; 2024 사업보고서 013)",
1-2b 명단 밖 코스피 모회사의 종속,PT Plasma Nutfah Marind Papua,무림피앤피(주),,,해외 법인,해외 법인 — 계획서 7-2,
1-2b 명단 밖 코스피 모회사의 종속,"NPC VINA CO.,LTD.",엔피씨(주),,,해외 법인,해외 법인 — 계획서 7-2,
1-2b 명단 밖 코스피 모회사의 종속,NPC INDUSTRIAL DE MONTERREY,엔피씨(주),,,해외 법인,해외 법인 — 계획서 7-2,
1-2b 명단 밖 코스피 모회사의 종속,"NPC SIAM CO.,LTD.",엔피씨(주),,,해외 법인,해외 법인 — 계획서 7-2,
1-2b 명단 밖 코스피 모회사의 종속,"NPC USA.,INC",엔피씨(주),,,해외 법인,해외 법인 — 계획서 7-2,
1-2b 명단 밖 코스피 모회사의 종속,스타트업 코리아 엔코어 티케이지 1호펀드,엔피씨(주),,,명목회사·펀드·SPC·신탁 상품,펀드·SPC·투자조합·신탁 상품·명목회사 — 계획서 7-2,
1-2b 명단 밖 코스피 모회사의 종속,NPC SANSENG PTE. LTD.,엔피씨(주),,,해외 법인,해외 법인 — 계획서 7-2,
1-2b 명단 밖 코스피 모회사의 종속,NPC NUSAJAYA(M) SDN.BHD.,엔피씨(주),,,해외 법인,해외 법인 — 계획서 7-2,
1-2b 명단 밖 코스피 모회사의 종속,"RIZHAO NPC PLASTIC CO., LTD.",엔피씨(주),,,해외 법인,해외 법인 — 계획서 7-2,
1-2b 명단 밖 코스피 모회사의 종속,TAPEX ELECTRONIC SOLUTIONS (M) SDN. BHD,(주)테이팩스,,,해외 법인,해외 법인 — 계획서 7-2,
1-2b 명단 밖 코스피 모회사의 종속,"TAPEX Technology(Shenzhen) Co.,Ltd.",(주)테이팩스,,,해외 법인,해외 법인 — 계획서 7-2,
1-2b 명단 밖 코스피 모회사의 종속,얼머스 Global Health Care 투자조합,삼진제약(주),,,명목회사·펀드·SPC·신탁 상품,펀드·SPC·투자조합·신탁 상품·명목회사 — 계획서 7-2,
1-2b 명단 밖 코스피 모회사의 종속,,진양산업(주),,,자료 문제 (조회 실패·출자현황 없음·지분율 오류),"출자현황 자료 없음 — 원문 확인, 필요하면 수동 입력 파일에 적음 (2025 사업보고서 표 형식 아님(숫자 지분율 없음); 2025 3분기보고서 표 형식 아님(숫자 지분율 없음); 2025 반기보고서 표 형식 아님(숫자 지분율 없음); 2024 사업보고서 표 형식 아님(숫자 지분율 없음))",
1-2b 명단 밖 코스피 모회사의 종속,"Doosan Robotics Americas, Inc.",두산로보틱스 주식회사,,,해외 법인,해외 법인 — 계획서 7-2,
1-2b 명단 밖 코스피 모회사의 종속,"Dentium USA (미국, 비상장)",(주)덴티움,,,해외 법인,해외 법인 — 계획서 7-2,
1-2b 명단 밖 코스피 모회사의 종속,"Implantium Co.,Ltd. (태국, 비상장)",(주)덴티움,,,해외 법인,해외 법인 — 계획서 7-2,
1-2b 명단 밖 코스피 모회사의 종속,"Shanghai Spring Sun Dental (중국, 비상장)",(주)덴티움,,,해외 법인,해외 법인 — 계획서 7-2,
1-2b 명단 밖 코스피 모회사의 종속,"Implantium Malaysia SDN. BHD (말레이시아, 비상장)",(주)덴티움,,,해외 법인,해외 법인 — 계획서 7-2,
1-2b 명단 밖 코스피 모회사의 종속,"Implantium India Pvt.Ltd. (인도, 비상장)",(주)덴티움,,,해외 법인,해외 법인 — 계획서 7-2,
1-2b 명단 밖 코스피 모회사의 종속,"ICT WORLDWIDE INDONESIA (인도네시아, 비상장)",(주)덴티움,,,해외 법인,해외 법인 — 계획서 7-2,
1-2b 명단 밖 코스피 모회사의 종속,"Dentium Guangzhou Co., Ltd. (중국, 비상장)",(주)덴티움,,,해외 법인,해외 법인 — 계획서 7-2,
1-2b 명단 밖 코스피 모회사의 종속,"Himalayan Digital Center Pvt. Ltd (네팔, 비상장)",(주)덴티움,,,해외 법인,해외 법인 — 계획서 7-2,
1-2b 명단 밖 코스피 모회사의 종속,"BMS TK MEDIKAL DIS TICARET LIMITED SIRKETI (튀르키예, 비상장)",(주)덴티움,,,해외 법인,해외 법인 — 계획서 7-2,
1-2b 명단 밖 코스피 모회사의 종속,"Dentium Setare ye sobhe roshan Co., Ltd (이란, 비상장)",(주)덴티움,,,해외 법인,해외 법인 — 계획서 7-2,
1-2b 명단 밖 코스피 모회사의 종속,"BMS VINA CO.,LTD (베트남, 비상장)",(주)덴티움,,,해외 법인,해외 법인 — 계획서 7-2,
1-2b 명단 밖 코스피 모회사의 종속,"Dentium China Co.,Ltd. (중국, 비상장)",(주)덴티움,,,해외 법인,해외 법인 — 계획서 7-2,
1-2b 명단 밖 코스피 모회사의 종속,"BMS JAPAN (일본, 비상장)",(주)덴티움,,,해외 법인,해외 법인 — 계획서 7-2,
1-2b 명단 밖 코스피 모회사의 종속,"ICT VINA (베트남, 비상장)",(주)덴티움,,,해외 법인,해외 법인 — 계획서 7-2,
1-2b 명단 밖 코스피 모회사의 종속,유한회사 더브라이트,(주)덴티움,,,명목회사·펀드·SPC·신탁 상품,펀드·SPC·투자조합·신탁 상품·명목회사 — 계획서 7-2,
1-2b 명단 밖 코스피 모회사의 종속,BMS Eurasia KFT,(주)덴티움,,,해외 법인,해외 법인 — 계획서 7-2,
1-2b 명단 밖 코스피 모회사의 종속,"BRIGHT STAR TOWER CO.,LTD (베트남, 비상장)",(주)덴티움,,,해외 법인,해외 법인 — 계획서 7-2,
1-2b 명단 밖 코스피 모회사의 종속,"ICT EUROPE GMBH (독일, 비상장)",(주)덴티움,,,해외 법인,해외 법인 — 계획서 7-2,
1-2b 명단 밖 코스피 모회사의 종속,"Dentium Singapore Pte.Ltd (싱가포르, 비상장)",(주)덴티움,,,해외 법인,해외 법인 — 계획서 7-2,
1-2b 명단 밖 코스피 모회사의 종속,"Implantium Hongkong Ltd. (홍콩, 비상장)",(주)덴티움,,,해외 법인,해외 법인 — 계획서 7-2,
1-2b 명단 밖 코스피 모회사의 종속,"Implantium LLC (러시아, 비상장)",(주)덴티움,,,해외 법인,해외 법인 — 계획서 7-2,
1-2b 명단 밖 코스피 모회사의 종속,"DENTIUM SHANGHAI CO.,LTD (중국, 비상장)",(주)덴티움,,,해외 법인,해외 법인 — 계획서 7-2,
1-2b 명단 밖 코스피 모회사의 종속,"Dentium (Shanghai) Medical Technology Co., Ltd (중국, 비상장)",(주)덴티움,,,해외 법인,해외 법인 — 계획서 7-2,
1-2b 명단 밖 코스피 모회사의 종속,"Aju Steel USA, Inc.",아주스틸(주),,,해외 법인,해외 법인 — 계획서 7-2,
1-2b 명단 밖 코스피 모회사의 종속,Aju Poland Sp. Z o.o.,아주스틸(주),,,해외 법인,해외 법인 — 계획서 7-2,
1-2b 명단 밖 코스피 모회사의 종속,Han A Steel Hongkong Co. Ltd.,아주스틸(주),,,해외 법인,해외 법인 — 계획서 7-2,
1-2b 명단 밖 코스피 모회사의 종속,,신일전자(주),,,자료 문제 (조회 실패·출자현황 없음·지분율 오류),"출자현황 자료 없음 — 원문 확인, 필요하면 수동 입력 파일에 적음 (2025 사업보고서 표 형식 아님(숫자 지분율 없음); 2025 3분기보고서 표 형식 아님(숫자 지분율 없음); 2025 반기보고서 표 형식 아님(숫자 지분율 없음); 2024 사업보고서 표 형식 아님(숫자 지분율 없음))",
1-2b 명단 밖 코스피 모회사의 종속,제이비당진페럼빌전문투자형사모투자(유),동국홀딩스(주),,,명목회사·펀드·SPC·신탁 상품,펀드·SPC·투자조합·신탁 상품·명목회사 — 계획서 7-2,
1-2b 명단 밖 코스피 모회사의 종속,Dongkuk International Inc.,동국홀딩스(주),,,해외 법인,해외 법인 — 계획서 7-2,
1-2b 명단 밖 코스피 모회사의 종속,Dongkuk Corporation,동국홀딩스(주),,,해외 법인,해외 법인 — 계획서 7-2,
1-2b 명단 밖 코스피 모회사의 종속,Dongkuk Steel Mexico S.A. de C.V.,동국홀딩스(주),,,해외 법인,해외 법인 — 계획서 7-2,
1-2b 명단 밖 코스피 모회사의 종속,Dongkuk Steel India Pvt. Ltd.,동국홀딩스(주),,,해외 법인,해외 법인 — 계획서 7-2,
1-2b 명단 밖 코스피 모회사의 종속,Dongkuk Steel (Thailand) Ltd.,동국홀딩스(주),,,해외 법인,해외 법인 — 계획서 7-2,
1-2b 명단 밖 코스피 모회사의 종속,"iMarket Asia Co., Ltd.",삼성에스디에스(주),,,해외 법인,해외 법인 — 계획서 7-2,
1-2b 명단 밖 코스피 모회사의 종속,SVIC 50호 신기술사업투자조합,삼성에스디에스(주),,,명목회사·펀드·SPC·신탁 상품,펀드·SPC·투자조합·신탁 상품·명목회사 — 계획서 7-2,
1-2b 명단 밖 코스피 모회사의 종속,SVIC 65호 신기술사업투자조합,삼성에스디에스(주),,,명목회사·펀드·SPC·신탁 상품,펀드·SPC·투자조합·신탁 상품·명목회사 — 계획서 7-2,
1-2b 명단 밖 코스피 모회사의 종속,"Samsung SDS America, Inc.",삼성에스디에스(주),,,해외 법인,해외 법인 — 계획서 7-2,
1-2b 명단 밖 코스피 모회사의 종속,"SAMSUNG SDS GSCL Canada., Ltd.",삼성에스디에스(주),,,해외 법인,해외 법인 — 계획서 7-2,
1-2b 명단 밖 코스피 모회사의 종속,"Samsung SDS Europe, Ltd.",삼성에스디에스(주),,,해외 법인,해외 법인 — 계획서 7-2,
1-2b 명단 밖 코스피 모회사의 종속,"Samsung SDS Global SCL Hungary, Kft.",삼성에스디에스(주),,,해외 법인,해외 법인 — 계획서 7-2,
1-2b 명단 밖 코스피 모회사의 종속,"Samsung SDS Global SCL Slovakia, S.R.O.",삼성에스디에스(주),,,해외 법인,해외 법인 — 계획서 7-2,
1-2b 명단 밖 코스피 모회사의 종속,Samsung SDS Global SCL Poland Sp. Z.o.o.,삼성에스디에스(주),,,해외 법인,해외 법인 — 계획서 7-2,
1-2b 명단 밖 코스피 모회사의 종속,Samsung GSCL Sweden AB,삼성에스디에스(주),,,해외 법인,해외 법인 — 계획서 7-2,
1-2b 명단 밖 코스피 모회사의 종속,Samsung SDS Global SCL France SAS,삼성에스디에스(주),,,해외 법인,해외 법인 — 계획서 7-2,
1-2b 명단 밖 코스피 모회사의 종속,Samsung SDS Global SCL Italy S.R.L. A Socio Unico,삼성에스디에스(주),,,해외 법인,해외 법인 — 계획서 7-2,
1-2b 명단 밖 코스피 모회사의 종속,Samsung SDS Global Supply Chain Logistics Spain S.L.U,삼성에스디에스(주),,,해외 법인,해외 법인 — 계획서 7-2,
1-2b 명단 밖 코스피 모회사의 종속,Samsung SDS Global SCL Netherlands Cooperatief U.A.,삼성에스디에스(주),,,해외 법인,해외 법인 — 계획서 7-2,
1-2b 명단 밖 코스피 모회사의 종속,Samsung SDS Global SCL Germany GmbH,삼성에스디에스(주),,,해외 법인,해외 법인 — 계획서 7-2,
1-2b 명단 밖 코스피 모회사의 종속,Samsung SDS Global SCL Romania S.R.L,삼성에스디에스(주),,,해외 법인,해외 법인 — 계획서 7-2,
1-2b 명단 밖 코스피 모회사의 종속,"Samsung SDS Asia Pacific Pte, Ltd.",삼성에스디에스(주),,,해외 법인,해외 법인 — 계획서 7-2,
1-2b 명단 밖 코스피 모회사의 종속,Samsung Data Systems India Private Limited,삼성에스디에스(주),,,해외 법인,해외 법인 — 계획서 7-2,
1-2b 명단 밖 코스피 모회사의 종속,"Samsung SDS Vietnam Co., Ltd.",삼성에스디에스(주),,,해외 법인,해외 법인 — 계획서 7-2,
1-2b 명단 밖 코스피 모회사의 종속,PT. Samsung SDS Global SCL Indonesia,삼성에스디에스(주),,,해외 법인,해외 법인 — 계획서 7-2,
1-2b 명단 밖 코스피 모회사의 종속,"Samsung SDS Global SCL Philippines Co., Ltd.Inc.",삼성에스디에스(주),,,해외 법인,해외 법인 — 계획서 7-2,
1-2b 명단 밖 코스피 모회사의 종속,"Samsung SDS Global SCL Thailand Co.,Ltd",삼성에스디에스(주),,,해외 법인,해외 법인 — 계획서 7-2,
1-2b 명단 밖 코스피 모회사의 종속,Samsung SDS Malaysia Sdn.Bhd.,삼성에스디에스(주),,,해외 법인,해외 법인 — 계획서 7-2,
1-2b 명단 밖 코스피 모회사의 종속,"SAMSUNG SDS Global SCL Australia Pty.,Ltd.",삼성에스디에스(주),,,해외 법인,해외 법인 — 계획서 7-2,
1-2b 명단 밖 코스피 모회사의 종속,"SDS-ACUTECH CO., Ltd.",삼성에스디에스(주),,,해외 법인,해외 법인 — 계획서 7-2,
1-2b 명단 밖 코스피 모회사의 종속,ALS SDS Joint Stock Company,삼성에스디에스(주),,,해외 법인,해외 법인 — 계획서 7-2,
1-2b 명단 밖 코스피 모회사의 종속,SDS-MP Logistics Joint Stock Company,삼성에스디에스(주),,,해외 법인,해외 법인 — 계획서 7-2,
1-2b 명단 밖 코스피 모회사의 종속,"Samsung SDS China Co., Ltd.",삼성에스디에스(주),,,해외 법인,해외 법인 — 계획서 7-2,
1-2b 명단 밖 코스피 모회사의 종속,Samsung SDS Global SCL Hong Kong Limited,삼성에스디에스(주),,,해외 법인,해외 법인 — 계획서 7-2,
1-2b 명단 밖 코스피 모회사의 종속,Samsung SDS Global SCL Egypt,삼성에스디에스(주),,,해외 법인,해외 법인 — 계획서 7-2,
1-2b 명단 밖 코스피 모회사의 종속,Samsung SDS Global SCL South Africa (PTY) Ltd.,삼성에스디에스(주),,,해외 법인,해외 법인 — 계획서 7-2,
1-2b 명단 밖 코스피 모회사의 종속,Samsung SDS Global SCL Nakliyat ve Lojistik Anonim Sirketi,삼성에스디에스(주),,,해외 법인,해외 법인 — 계획서 7-2,
1-2b 명단 밖 코스피 모회사의 종속,Samsung SDS Global Supply Chain Logistics Middle East,삼성에스디에스(주),,,해외 법인,해외 법인 — 계획서 7-2,
1-2b 명단 밖 코스피 모회사의 종속,Samsung SDS Latin America Tecnologia E Logistica LTDA.,삼성에스디에스(주),,,해외 법인,해외 법인 — 계획서 7-2,
1-2b 명단 밖 코스피 모회사의 종속,INTE-SDS Logistics S.A. de C.V.,삼성에스디에스(주),,,해외 법인,해외 법인 — 계획서 7-2,
1-2b 명단 밖 코스피 모회사의 종속,Samsung SDS Rus Limited Liability Company,삼성에스디에스(주),,,해외 법인,해외 법인 — 계획서 7-2,
1-2b 명단 밖 코스피 모회사의 종속,,삼성에프엔위탁관리부동산투자회사 주식회사,,,자료 문제 (조회 실패·출자현황 없음·지분율 오류),"출자현황 자료 없음 — 원문 확인, 필요하면 수동 입력 파일에 적음 (2025 사업보고서 표 형식 아님(숫자 지분율 없음); 2025 3분기보고서 013; 2025 반기보고서 013; 2024 사업보고서 표 형식 아님(숫자 지분율 없음))",
1-2b 명단 밖 코스피 모회사의 종속,아우름-코리아글로벌바이오 헬스케어신기술투자조합,(주)종근당홀딩스,,,명목회사·펀드·SPC·신탁 상품,펀드·SPC·투자조합·신탁 상품·명목회사 — 계획서 7-2,
1-2b 명단 밖 코스피 모회사의 종속,"Accolade Partners A, L.P.",(주)지에스리테일,,,해외 법인,해외 법인 — 계획서 7-2,
1-2b 명단 밖 코스피 모회사의 종속,True GS Company Limited,(주)지에스리테일,,,해외 법인,해외 법인 — 계획서 7-2,
1-2b 명단 밖 코스피 모회사의 종속,PT MNC GS Homeshopping,(주)지에스리테일,,,해외 법인,해외 법인 — 계획서 7-2,
1-2b 명단 밖 코스피 모회사의 종속,이지스전문투자형사모부동산투자신탁120호,(주)지에스리테일,,,명목회사·펀드·SPC·신탁 상품,펀드·SPC·투자조합·신탁 상품·명목회사 — 계획서 7-2,
1-2b 명단 밖 코스피 모회사의 종속,파빌리온일반사모부동산투자신탁26호,(주)지에스리테일,,,명목회사·펀드·SPC·신탁 상품,펀드·SPC·투자조합·신탁 상품·명목회사 — 계획서 7-2,
1-2b 명단 밖 코스피 모회사의 종속,파빌리온전문투자형사모부동산투자신탁32호,(주)지에스리테일,,,명목회사·펀드·SPC·신탁 상품,펀드·SPC·투자조합·신탁 상품·명목회사 — 계획서 7-2,
1-2b 명단 밖 코스피 모회사의 종속,"GS Retail Vietnam Co, Ltd",(주)지에스리테일,,,해외 법인,해외 법인 — 계획서 7-2,
1-2b 명단 밖 코스피 모회사의 종속,파빌리온전문투자형사모부동산투자신탁38호,(주)지에스리테일,,,명목회사·펀드·SPC·신탁 상품,펀드·SPC·투자조합·신탁 상품·명목회사 — 계획서 7-2,
1-2b 명단 밖 코스피 모회사의 종속,코레이트일반사모부동산투자신탁11호,(주)지에스리테일,,,명목회사·펀드·SPC·신탁 상품,펀드·SPC·투자조합·신탁 상품·명목회사 — 계획서 7-2,
1-2b 명단 밖 코스피 모회사의 종속,캡스톤일반사모부동산투자신탁26호,(주)지에스리테일,,,명목회사·펀드·SPC·신탁 상품,펀드·SPC·투자조합·신탁 상품·명목회사 — 계획서 7-2,
1-2b 명단 밖 코스피 모회사의 종속,로지스프로프로젝트와이일반사모부동산투자회사,(주)지에스리테일,,,명목회사·펀드·SPC·신탁 상품,펀드·SPC·투자조합·신탁 상품·명목회사 — 계획서 7-2,
1-2b 명단 밖 코스피 모회사의 종속,DTNI-전남창조경제혁신펀드,(주)지에스리테일,,,명목회사·펀드·SPC·신탁 상품,펀드·SPC·투자조합·신탁 상품·명목회사 — 계획서 7-2,
1-2b 명단 밖 코스피 모회사의 종속,2015 KIF-스톤브릿지 IT전문투자조합,(주)지에스리테일,,,명목회사·펀드·SPC·신탁 상품,펀드·SPC·투자조합·신탁 상품·명목회사 — 계획서 7-2,
1-2b 명단 밖 코스피 모회사의 종속,미래에셋GS리테일신성장투자조합1호,(주)지에스리테일,,,명목회사·펀드·SPC·신탁 상품,펀드·SPC·투자조합·신탁 상품·명목회사 — 계획서 7-2,
1-2b 명단 밖 코스피 모회사의 종속,PT. GS RETAIL INDONESIA,(주)지에스리테일,,,해외 법인,해외 법인 — 계획서 7-2,
1-2b 명단 밖 코스피 모회사의 종속,"GSLL, Inc",(주)지에스리테일,,,해외 법인,해외 법인 — 계획서 7-2,
1-2b 명단 밖 코스피 모회사의 종속,레버런트-신한 비스타 신기술투자조합,(주)지에스리테일,,,명목회사·펀드·SPC·신탁 상품,펀드·SPC·투자조합·신탁 상품·명목회사 — 계획서 7-2,
1-2b 명단 밖 코스피 모회사의 종속,인트러스김해대동일반사모부동산투자신탁제1호,(주)지에스리테일,,,명목회사·펀드·SPC·신탁 상품,펀드·SPC·투자조합·신탁 상품·명목회사 — 계획서 7-2,
1-2b 명단 밖 코스피 모회사의 종속,"ZINUS, INC.",(주)지누스,,,해외 법인,해외 법인 — 계획서 7-2,
1-2b 명단 밖 코스피 모회사의 종속,PT. ZINUS Furniture Indonesia,(주)지누스,,,해외 법인,해외 법인 — 계획서 7-2,
1-2b 명단 밖 코스피 모회사의 종속,ZINUS Vietnam LLC.,(주)지누스,,,해외 법인,해외 법인 — 계획서 7-2,
1-2b 명단 밖 코스피 모회사의 종속,ZINUS USA INC..,(주)지누스,,,해외 법인,해외 법인 — 계획서 7-2,
1-2b 명단 밖 코스피 모회사의 종속,ZINUS EU LTD.,(주)지누스,,,해외 법인,해외 법인 — 계획서 7-2,
1-2b 명단 밖 코스피 모회사의 종속,PT. ZINUS Dream Indonesia,(주)지누스,,,해외 법인,해외 법인 — 계획서 7-2,
1-2b 명단 밖 코스피 모회사의 종속,ZINUS Malaysia SDN. BHD.,(주)지누스,,,해외 법인,해외 법인 — 계획서 7-2,
1-2b 명단 밖 코스피 모회사의 종속,ZINUS CHILE SPA,(주)지누스,,,해외 법인,해외 법인 — 계획서 7-2,
1-2b 명단 밖 코스피 모회사의 종속,ZINUS NEW ZEALAND LTD.,(주)지누스,,,해외 법인,해외 법인 — 계획서 7-2,
1-2b 명단 밖 코스피 모회사의 종속,"Dreamzinus Mexico, S.A. de C.V.",(주)지누스,,,해외 법인,해외 법인 — 계획서 7-2,
1-2b 명단 밖 코스피 모회사의 종속,ZINUS(Xiamen) INC.,(주)지누스,,,해외 법인,해외 법인 — 계획서 7-2,
1-2b 명단 밖 코스피 모회사의 종속,ZINUS(Fujian) INC.,(주)지누스,,,해외 법인,해외 법인 — 계획서 7-2,
1-2b 명단 밖 코스피 모회사의 종속,ZINUS Canada INC.,(주)지누스,,,해외 법인,해외 법인 — 계획서 7-2,
1-2b 명단 밖 코스피 모회사의 종속,"Mellow, INC.",(주)지누스,,,해외 법인,해외 법인 — 계획서 7-2,
1-2b 명단 밖 코스피 모회사의 종속,ZINUS Australia PTY LTD.,(주)지누스,,,해외 법인,해외 법인 — 계획서 7-2,
1-2b 명단 밖 코스피 모회사의 종속,PT. ZINUS Global Indonesia,(주)지누스,,,해외 법인,해외 법인 — 계획서 7-2,
1-2b 명단 밖 코스피 모회사의 종속,ZINUS Japan K.K.,(주)지누스,,,해외 법인,해외 법인 — 계획서 7-2,
1-2b 명단 밖 코스피 모회사의 종속,ZINUS Singapore PTE. LTD.,(주)지누스,,,해외 법인,해외 법인 — 계획서 7-2,
1-2b 명단 밖 코스피 모회사의 종속,"GIIR America, Inc.",(주)에이치에스애드,,,해외 법인,해외 법인 — 계획서 7-2,
1-2b 명단 밖 코스피 모회사의 종속,"HS AD VIETNAM CO., LTD",(주)에이치에스애드,,,해외 법인,해외 법인 — 계획서 7-2,
1-2b 명단 밖 코스피 모회사의 종속,HS GTM Germany GmbH,(주)에이치에스애드,,,해외 법인,해외 법인 — 계획서 7-2,
1-2b 명단 밖 코스피 모회사의 종속,GllR Communications India Private Limited,(주)에이치에스애드,,,해외 법인,해외 법인 — 계획서 7-2,
1-2b 명단 밖 코스피 모회사의 종속,GIIR UK Limited,(주)에이치에스애드,,,해외 법인,해외 법인 — 계획서 7-2,
1-2b 명단 밖 코스피 모회사의 종속,GIIR Rus LLC,(주)에이치에스애드,,,해외 법인,해외 법인 — 계획서 7-2,
1-2b 명단 밖 코스피 모회사의 종속,GllR Do Brasil Ltda.,(주)에이치에스애드,,,해외 법인,해외 법인 — 계획서 7-2,
1-2b 명단 밖 코스피 모회사의 종속,GIIR Thailand Ltd.,(주)에이치에스애드,,,해외 법인,해외 법인 — 계획서 7-2,
1-2b 명단 밖 코스피 모회사의 종속,GIIR Germany GmbH,(주)에이치에스애드,,,해외 법인,해외 법인 — 계획서 7-2,
1-2b 명단 밖 코스피 모회사의 종속,HS Ad MEA FZ-LLC,(주)에이치에스애드,,,해외 법인,해외 법인 — 계획서 7-2,
1-2b 명단 밖 코스피 모회사의 종속,"HSAD LATIN AMERICA, S.A",(주)에이치에스애드,,,해외 법인,해외 법인 — 계획서 7-2,
1-2b 명단 밖 코스피 모회사의 종속,LS-VINA Cable & System Joint Stock Co.,엘에스에코에너지 주식회사,,,해외 법인,해외 법인 — 계획서 7-2,
1-2b 명단 밖 코스피 모회사의 종속,"LS Cable & System Vietnam Co., Ltd.",엘에스에코에너지 주식회사,,,해외 법인,해외 법인 — 계획서 7-2,
1-2b 명단 밖 코스피 모회사의 종속,"LS-Gaon Cable Myanmar Co.,Ltd",엘에스에코에너지 주식회사,,,해외 법인,해외 법인 — 계획서 7-2,
1-2b 명단 밖 코스피 모회사의 종속,"LS Eco Advanced Cable,.Ltd",엘에스에코에너지 주식회사,,,해외 법인,해외 법인 — 계획서 7-2,
1-2b 명단 밖 코스피 모회사의 종속,"Myanmar POSCO C&C Co.,Ltd.",포스코스틸리온(주),,,해외 법인,해외 법인 — 계획서 7-2,
1-2b 명단 밖 코스피 모회사의 종속,PT.KRAKATAU POSCO FUTUREM,(주)포스코퓨처엠,,,해외 법인,해외 법인 — 계획서 7-2,
1-2b 명단 밖 코스피 모회사의 종속,ZHEJIANG POSCO-HUAYOU ESM,(주)포스코퓨처엠,,,해외 법인,해외 법인 — 계획서 7-2,
1-2b 명단 밖 코스피 모회사의 종속,Posco Future Materials Canada Inc.,(주)포스코퓨처엠,,,해외 법인,해외 법인 — 계획서 7-2,
1-2b 명단 밖 코스피 모회사의 종속,ZHEJIANG HUAYOU-POSCO ESM,(주)포스코퓨처엠,,,해외 법인,해외 법인 — 계획서 7-2,
1-2b 명단 밖 코스피 모회사의 종속,Zhangjiagang Pohang Refractories,(주)포스코퓨처엠,,,해외 법인,해외 법인 — 계획서 7-2,
1-2b 명단 밖 코스피 모회사의 종속,소주해성디에스 무역유한공사,해성디에스(주),,,해외 법인,해외 법인 — 계획서 7-2,
1-2b 명단 밖 코스피 모회사의 종속,"HAESUNG DS PHILIPPINES, INC.",해성디에스(주),,,해외 법인,해외 법인 — 계획서 7-2,
1-2b 명단 밖 코스피 모회사의 종속,"HS Hyosung Chemical Fiber (Jiaxing) Co., Ltd",에이치에스효성첨단소재(주),,,해외 법인,해외 법인 — 계획서 7-2,
1-2b 명단 밖 코스피 모회사의 종속,"TRILLIUM RENEWABLE CHEMICALS, INC",에이치에스효성첨단소재(주),,,해외 법인,해외 법인 — 계획서 7-2,
1-2b 명단 밖 코스피 모회사의 종속,HS Hyosung India,에이치에스효성첨단소재(주),,,해외 법인,해외 법인 — 계획서 7-2,
1-2b 명단 밖 코스피 모회사의 종속,HS Hyosung Luxembourg S.A,에이치에스효성첨단소재(주),,,해외 법인,해외 법인 — 계획서 7-2,
1-2b 명단 밖 코스피 모회사의 종속,"HS Hyosung SteelCord(Qingdao) Co., Ltd",에이치에스효성첨단소재(주),,,해외 법인,해외 법인 — 계획서 7-2,
1-2b 명단 밖 코스피 모회사의 종속,"HS Hyosung Vietnam Co., Ltd.",에이치에스효성첨단소재(주),,,해외 법인,해외 법인 — 계획서 7-2,
1-2b 명단 밖 코스피 모회사의 종속,GST Global GmbH,에이치에스효성첨단소재(주),,,해외 법인,해외 법인 — 계획서 7-2,
1-2b 명단 밖 코스피 모회사의 종속,"HS Hyosung Quang Nam Co., Ltd",에이치에스효성첨단소재(주),,,해외 법인,해외 법인 — 계획서 7-2,
1-2b 명단 밖 코스피 모회사의 종속,"HS Hyosung Carbon Materials (Jiangsu) Co.,Ltd",에이치에스효성첨단소재(주),,,해외 법인,해외 법인 — 계획서 7-2,
1-2b 명단 밖 코스피 모회사의 종속,"HS Hyosung Vina Core Materials Co., Ltd.",에이치에스효성첨단소재(주),,,해외 법인,해외 법인 — 계획서 7-2,
1-2b 명단 밖 코스피 모회사의 종속,천진채홍사료 유한공사,대한제당(주),,,해외 법인,해외 법인 — 계획서 7-2,
1-2b 명단 밖 코스피 모회사의 종속,청도채홍사료 유한공사,대한제당(주),,,해외 법인,해외 법인 — 계획서 7-2,
1-2b 명단 밖 코스피 모회사의 종속,대한제당홍콩 유한공사,대한제당(주),,,해외 법인,해외 법인 — 계획서 7-2,
1-2b 명단 밖 코스피 모회사의 종속,DAESANG AMERICA. INC,대상(주),,,해외 법인,해외 법인 — 계획서 7-2,
1-2b 명단 밖 코스피 모회사의 종속,DAESANG EUROPE B.V,대상(주),,,해외 법인,해외 법인 — 계획서 7-2,
1-2b 명단 밖 코스피 모회사의 종속,DAESANG DUC VIET JSC,대상(주),,,해외 법인,해외 법인 — 계획서 7-2,
1-2b 명단 밖 코스피 모회사의 종속,DAESANG PHILIPPINES CORPORATION,대상(주),,,해외 법인,해외 법인 — 계획서 7-2,
1-2b 명단 밖 코스피 모회사의 종속,대상(연운항)식품유한공사,대상(주),,,해외 법인,해외 법인 — 계획서 7-2,
1-2b 명단 밖 코스피 모회사의 종속,"DSF DE,INC.",대상(주),,,해외 법인,해외 법인 — 계획서 7-2,
1-2b 명단 밖 코스피 모회사의 종속,PT. DAESANG AGUNG INDONESIA,대상(주),,,해외 법인,해외 법인 — 계획서 7-2,
1-2b 명단 밖 코스피 모회사의 종속,유티씨그린바이오투자조합,대상(주),,,명목회사·펀드·SPC·신탁 상품,펀드·SPC·투자조합·신탁 상품·명목회사 — 계획서 7-2,
1-2b 명단 밖 코스피 모회사의 종속,Daesang ChPN Europe,대상(주),,,해외 법인,해외 법인 — 계획서 7-2,
1-2b 명단 밖 코스피 모회사의 종속,PT Daesang Ingredients Indonesia,대상(주),,,해외 법인,해외 법인 — 계획서 7-2,
1-2b 명단 밖 코스피 모회사의 종속,DAESANG AUSTRALIA PTY LTD,대상(주),,,해외 법인,해외 법인 — 계획서 7-2,
1-2b 명단 밖 코스피 모회사의 종속,PT Daesang Food Indonesia,대상(주),,,해외 법인,해외 법인 — 계획서 7-2,
1-2b 명단 밖 코스피 모회사의 종속,"DAESANG VIETNAM CO.,LTD.",대상(주),,,해외 법인,해외 법인 — 계획서 7-2,
1-2b 명단 밖 코스피 모회사의 종속,대상(북경)식품유한공사,대상(주),,,해외 법인,해외 법인 — 계획서 7-2,
1-2b 명단 밖 코스피 모회사의 종속,천진덕풍식품유한공사,대상(주),,,해외 법인,해외 법인 — 계획서 7-2,
1-2b 명단 밖 코스피 모회사의 종속,DAESANG JAPAN. INC,대상(주),,,해외 법인,해외 법인 — 계획서 7-2,
1-2b 명단 밖 코스피 모회사의 종속,"Woosung Viet Nam Co., Ltd.",(주)우성,,,해외 법인,해외 법인 — 계획서 7-2,
1-2b 명단 밖 코스피 모회사의 종속,"Woosung Feed (Dezhou) Co., Ltd.",(주)우성,,,해외 법인,해외 법인 — 계획서 7-2,
1-2b 명단 밖 코스피 모회사의 종속,,한국쉘석유(주),,,자료 문제 (조회 실패·출자현황 없음·지분율 오류),"출자현황 자료 없음 — 원문 확인, 필요하면 수동 입력 파일에 적음 (2025 사업보고서 표 형식 아님(숫자 지분율 없음); 2025 3분기보고서 표 형식 아님(숫자 지분율 없음); 2025 반기보고서 표 형식 아님(숫자 지분율 없음); 2024 사업보고서 표 형식 아님(숫자 지분율 없음))",
1-2b 명단 밖 코스피 모회사의 종속,ROSE x PIEGA SA,(주)씨아이테크,,,해외 법인,해외 법인 — 계획서 7-2,
1-2b 명단 밖 코스피 모회사의 종속,(주)신한글로벌제1호 위탁관리부동산투자회사,(주)신한글로벌액티브위탁관리부동산투자회사,,,명목회사·펀드·SPC·신탁 상품,펀드·SPC·투자조합·신탁 상품·명목회사 — 계획서 7-2,
1-2b 명단 밖 코스피 모회사의 종속,(주)신한글로벌제1호 위탁관리부동산투자회사,(주)신한글로벌액티브위탁관리부동산투자회사,,,명목회사·펀드·SPC·신탁 상품,펀드·SPC·투자조합·신탁 상품·명목회사 — 계획서 7-2,
1-2b 명단 밖 코스피 모회사의 종속,PALAZZO DEL FREDDOGIOVANNI FASSI S.R.L.,해태제과식품주식회사,,,해외 법인,해외 법인 — 계획서 7-2,
1-2b 명단 밖 코스피 모회사의 종속,대교아메리카,(주)대교,,,해외 법인,해외 법인 — 계획서 7-2,
1-2b 명단 밖 코스피 모회사의 종속,대교홍콩유한공사,(주)대교,,,해외 법인,해외 법인 — 계획서 7-2,
1-2b 명단 밖 코스피 모회사의 종속,대교인도네시아,(주)대교,,,해외 법인,해외 법인 — 계획서 7-2,
1-2b 명단 밖 코스피 모회사의 종속,Neon Global co. Ltd.,동아쏘시오홀딩스(주),,,해외 법인,해외 법인 — 계획서 7-2,
1-2b 명단 밖 코스피 모회사의 종속,Metavia Inc,동아쏘시오홀딩스(주),,,해외 법인,해외 법인 — 계획서 7-2,
1-2b 명단 밖 코스피 모회사의 종속,Dong-A America Corporation,동아에스티(주),,,해외 법인,해외 법인 — 계획서 7-2,
1-2b 명단 밖 코스피 모회사의 종속,ITO,동아에스티(주),,,해외 법인,해외 법인 — 계획서 7-2,
1-2b 명단 밖 코스피 모회사의 종속,"Dong-A ST India Pvt., Ltd",동아에스티(주),,,해외 법인,해외 법인 — 계획서 7-2,
1-2b 명단 밖 코스피 모회사의 종속,"MetaVia, Inc.",동아에스티(주),,,해외 법인,해외 법인 — 계획서 7-2,
1-2b 명단 밖 코스피 모회사의 종속,인하브바이오텍7성장사모투자 합자회사,동아에스티(주),,,명목회사·펀드·SPC·신탁 상품,펀드·SPC·투자조합·신탁 상품·명목회사 — 계획서 7-2,
1-2b 명단 밖 코스피 모회사의 종속,"Sunjin Myanmar Co., Ltd",(주)선진,,,해외 법인,해외 법인 — 계획서 7-2,
1-2b 명단 밖 코스피 모회사의 종속,Sunjin India Feeds Private Limited,(주)선진,,,해외 법인,해외 법인 — 계획서 7-2,
1-2b 명단 밖 코스피 모회사의 종속,"Sunjin Vina Co.,Ltd",(주)선진,,,해외 법인,해외 법인 — 계획서 7-2,
1-2b 명단 밖 코스피 모회사의 종속,SUNJIN PHILIPPINES CORPORATION,(주)선진,,,해외 법인,해외 법인 — 계획서 7-2,
1-2b 명단 밖 코스피 모회사의 종속,대성축산영농조합,(주)선진,,,명목회사·펀드·SPC·신탁 상품,펀드·SPC·투자조합·신탁 상품·명목회사 — 계획서 7-2,
1-2b 명단 밖 코스피 모회사의 종속,"Sunjin(Chengdu) Feed Co.,Ltd",(주)선진,,,해외 법인,해외 법인 — 계획서 7-2,
1-2b 명단 밖 코스피 모회사의 종속,"Tieling Sunjin Feed Co.,Ltd",(주)선진,,,해외 법인,해외 법인 — 계획서 7-2,
1-2b 명단 밖 코스피 모회사의 종속,SFS*,샘표식품(주),,,해외 법인,해외 법인 — 계획서 7-2,
1-2b 명단 밖 코스피 모회사의 종속,선부(상해) 상무유한공사,샘표식품(주),,,해외 법인,해외 법인 — 계획서 7-2,
1-2b 명단 밖 코스피 모회사의 종속,,(주)크라운제과,,,자료 문제 (조회 실패·출자현황 없음·지분율 오류),"출자현황 자료 없음 — 원문 확인, 필요하면 수동 입력 파일에 적음 (2025 사업보고서 표 형식 아님(숫자 지분율 없음); 2025 3분기보고서 표 형식 아님(숫자 지분율 없음); 2025 반기보고서 표 형식 아님(숫자 지분율 없음); 2024 사업보고서 표 형식 아님(숫자 지분율 없음))",
1-2b 명단 밖 코스피 모회사의 종속,NAVIEN UBK LLC,(주)경동나비엔,,,해외 법인,해외 법인 — 계획서 7-2,
1-2b 명단 밖 코스피 모회사의 종속,NAVIEN UK LTD,(주)경동나비엔,,,해외 법인,해외 법인 — 계획서 7-2,
1-2b 명단 밖 코스피 모회사의 종속,NAVIEN MEXICO S.A. DE C.V.,(주)경동나비엔,,,해외 법인,해외 법인 — 계획서 7-2,
1-2b 명단 밖 코스피 모회사의 종속,"Beijing Kyungdong Navien Heat EnergyEquipment Co., Ltd.",(주)경동나비엔,,,해외 법인,해외 법인 — 계획서 7-2,
1-2b 명단 밖 코스피 모회사의 종속,"Navien, Inc.",(주)경동나비엔,,,해외 법인,해외 법인 — 계획서 7-2,
1-2b 명단 밖 코스피 모회사의 종속,NAVIEN RUS LLC,(주)경동나비엔,,,해외 법인,해외 법인 — 계획서 7-2,
1-2b 명단 밖 코스피 모회사의 종속,SL America Inc.,에스엘(주),,,해외 법인,해외 법인 — 계획서 7-2,
1-2b 명단 밖 코스피 모회사의 종속,상해회중삼립기차(유),에스엘(주),,,해외 법인,해외 법인 — 계획서 7-2,
1-2b 명단 밖 코스피 모회사의 종속,SL DO BRASIL COMERCIO DE PECAS LTDA,에스엘(주),,,해외 법인,해외 법인 — 계획서 7-2,
1-2b 명단 밖 코스피 모회사의 종속,SL AP PRIVATE LIMITED,에스엘(주),,,해외 법인,해외 법인 — 계획서 7-2,
1-2b 명단 밖 코스피 모회사의 종속,SL Lumax Industries Limited,에스엘(주),,,해외 법인,해외 법인 — 계획서 7-2,
1-2b 명단 밖 코스피 모회사의 종속,SL VALUE INNOVATION CENTER SINGAPORE PTE. LTD.,에스엘(주),,,해외 법인,해외 법인 — 계획서 7-2,
1-2b 명단 밖 코스피 모회사의 종속,삼립(연태)차등유한공사,에스엘(주),,,해외 법인,해외 법인 — 계획서 7-2,
1-2b 명단 밖 코스피 모회사의 종속,상해관리유한공사,에스엘(주),,,해외 법인,해외 법인 — 계획서 7-2,
1-2b 명단 밖 코스피 모회사의 종속,SL Poland Sp. z o.o,에스엘(주),,,해외 법인,해외 법인 — 계획서 7-2,
1-2b 명단 밖 코스피 모회사의 종속,SL CORPORATION ASSESSORIA EMPRESARI,에스엘(주),,,해외 법인,해외 법인 — 계획서 7-2,
1-2b 명단 밖 코스피 모회사의 종속,북경삼립차등(유),에스엘(주),,,해외 법인,해외 법인 — 계획서 7-2,
1-2b 명단 밖 코스피 모회사의 종속,HUSTEEL USA,(주)휴스틸,,,해외 법인,해외 법인 — 계획서 7-2,
1-2b 명단 밖 코스피 모회사의 종속,HUSTEEL CANADA,(주)휴스틸,,,해외 법인,해외 법인 — 계획서 7-2,
1-2b 명단 밖 코스피 모회사의 종속,HUSTEEL AMERICA,(주)휴스틸,,,해외 법인,해외 법인 — 계획서 7-2,
1-2b 명단 밖 코스피 모회사의 종속,KISHIN VIETNAM COMPANY LIMITED,기신정기(주),,,해외 법인,해외 법인 — 계획서 7-2,
1-2b 명단 밖 코스피 모회사의 종속,Baiksan Synthetic India Pvt Ltd,(주)백산,,,해외 법인,해외 법인 — 계획서 7-2,
1-2b 명단 밖 코스피 모회사의 종속,PT. HYUN DONG INDONESIA,(주)백산,,,해외 법인,해외 법인 — 계획서 7-2,
1-2b 명단 밖 코스피 모회사의 종속,PT. CREVIS TEX JAYA,(주)백산,,,해외 법인,해외 법인 — 계획서 7-2,
1-2b 명단 밖 코스피 모회사의 종속,"CHOI & SHIN'S VINA CO., LTD",(주)백산,,,해외 법인,해외 법인 — 계획서 7-2,
1-2b 명단 밖 코스피 모회사의 종속,P.T. BAIKSAN INDONESIA,(주)백산,,,해외 법인,해외 법인 — 계획서 7-2,
1-2b 명단 밖 코스피 모회사의 종속,BAIKSAN AMERICA LLC,(주)백산,,,해외 법인,해외 법인 — 계획서 7-2,
1-2b 명단 밖 코스피 모회사의 종속,"DONGGUAN BAIKSAN CO.,LTD",(주)백산,,,해외 법인,해외 법인 — 계획서 7-2,
1-2b 명단 밖 코스피 모회사의 종속,"BAIKSAN VIETNAM CO.,LTD",(주)백산,,,해외 법인,해외 법인 — 계획서 7-2,
1-2b 명단 밖 코스피 모회사의 종속,"BAIKSAN TEXTILE CO., LTD",(주)백산,,,해외 법인,해외 법인 — 계획서 7-2,
1-2b 명단 밖 코스피 모회사의 종속,DONGGUAN BAIKSAN INTERNATIONAL,(주)백산,,,해외 법인,해외 법인 — 계획서 7-2,
1-2b 명단 밖 코스피 모회사의 종속,"Hansol Logistics(Shanghai) Co., Ltd.",한솔로지스틱스(주),,,해외 법인,해외 법인 — 계획서 7-2,
1-2b 명단 밖 코스피 모회사의 종속,Hansol Gold Point LLC.,한솔로지스틱스(주),,,해외 법인,해외 법인 — 계획서 7-2,
1-2b 명단 밖 코스피 모회사의 종속,"Hansol Logistics(Tianjin) Co., Ltd.",한솔로지스틱스(주),,,해외 법인,해외 법인 — 계획서 7-2,
1-2b 명단 밖 코스피 모회사의 종속,Hansol Logistics India Pvt. Ltd.,한솔로지스틱스(주),,,해외 법인,해외 법인 — 계획서 7-2,
1-2b 명단 밖 코스피 모회사의 종속,Hansol Logistics Malaysia Sdn. Bhd,한솔로지스틱스(주),,,해외 법인,해외 법인 — 계획서 7-2,
1-2b 명단 밖 코스피 모회사의 종속,"Hansol Logistics Vina Co., Ltd.",한솔로지스틱스(주),,,해외 법인,해외 법인 — 계획서 7-2,
1-2b 명단 밖 코스피 모회사의 종속,Hansol Logistics Hungary KFT.,한솔로지스틱스(주),,,해외 법인,해외 법인 — 계획서 7-2,
1-2b 명단 밖 코스피 모회사의 종속,"Hansol Global Logistics USA, INC.",한솔로지스틱스(주),,,해외 법인,해외 법인 — 계획서 7-2,
1-2b 명단 밖 코스피 모회사의 종속,Hansol Logistics Poland Sp. z o.o.,한솔로지스틱스(주),,,해외 법인,해외 법인 — 계획서 7-2,
1-2b 명단 밖 코스피 모회사의 종속,"Hansol Logistics (Yancheng) Co., Ltd.",한솔로지스틱스(주),,,해외 법인,해외 법인 — 계획서 7-2,
1-2b 명단 밖 코스피 모회사의 종속,Hancom SPI Inc,주식회사 한컴라이프케어,,,해외 법인,해외 법인 — 계획서 7-2,
1-2b 명단 밖 코스피 모회사의 종속,YUYU VENTURES LLC,(주)유유제약,,,해외 법인,해외 법인 — 계획서 7-2,
1-2b 명단 밖 코스피 모회사의 종속,Unins(H.K.) International Limited,(주)한독,,,해외 법인,해외 법인 — 계획서 7-2,
1-2b 명단 밖 코스피 모회사의 종속,이노헬스펀드1호,(주)한독,,,명목회사·펀드·SPC·신탁 상품,펀드·SPC·투자조합·신탁 상품·명목회사 — 계획서 7-2,
1-2b 명단 밖 코스피 모회사의 종속,KNN,(주)넥센,,,해외 법인,해외 법인 — 계획서 7-2,
1-2b 명단 밖 코스피 모회사의 종속,"QINGDAO NEXEN CO.,LTD.",(주)넥센,,,해외 법인,해외 법인 — 계획서 7-2,
1-2b 명단 밖 코스피 모회사의 종속,"NEXEN CORPORATION EUROPE, S.R.O",(주)넥센,,,해외 법인,해외 법인 — 계획서 7-2,
1-2b 명단 밖 코스피 모회사의 종속,"NEXEN CORPORATION AMERICA, INC.",(주)넥센,,,해외 법인,해외 법인 — 계획서 7-2,
1-2b 명단 밖 코스피 모회사의 종속,"NEXT CENTURY VENTURES FUND I, LP",(주)넥센,,,해외 법인,해외 법인 — 계획서 7-2,
1-2b 명단 밖 코스피 모회사의 종속,SD Biosensor Healthcare Pvt. Ltd.,에스디바이오센서(주),,,해외 법인,해외 법인 — 계획서 7-2,
1-2b 명단 밖 코스피 모회사의 종속,Mirero Corp.,에스디바이오센서(주),,,해외 법인,해외 법인 — 계획서 7-2,
1-2b 명단 밖 코스피 모회사의 종속,Madeira funding company LLC.,에스디바이오센서(주),,,해외 법인,해외 법인 — 계획서 7-2,
1-2b 명단 밖 코스피 모회사의 종속,Codix bio Limited,에스디바이오센서(주),,,해외 법인,해외 법인 — 계획서 7-2,
1-2b 명단 밖 코스피 모회사의 종속,"Drophil Biotech (Shenzhen) Co.,Ltd.",에스디바이오센서(주),,,해외 법인,해외 법인 — 계획서 7-2,
1-2b 명단 밖 코스피 모회사의 종속,PT. STANDARD BIOSENSOR INDONESIA,에스디바이오센서(주),,,해외 법인,해외 법인 — 계획서 7-2,
1-2b 명단 밖 코스피 모회사의 종속,PT. STANDARD BIOSENSOR HEALTHCARE,에스디바이오센서(주),,,해외 법인,해외 법인 — 계획서 7-2,
1-2b 명단 밖 코스피 모회사의 종속,Eco Diagnostica LTDA,에스디바이오센서(주),,,해외 법인,해외 법인 — 계획서 7-2,
1-2b 명단 밖 코스피 모회사의 종속,Bestbion dx - Diagnostische Produkte und Beratung GmbH,에스디바이오센서(주),,,해외 법인,해외 법인 — 계획서 7-2,
1-2b 명단 밖 코스피 모회사의 종속,Relab S.R.L,에스디바이오센서(주),,,해외 법인,해외 법인 — 계획서 7-2,
1-2b 명단 밖 코스피 모회사의 종속,Columbus Holding Company,에스디바이오센서(주),,,해외 법인,해외 법인 — 계획서 7-2,
1-2b 명단 밖 코스피 모회사의 종속,"Hansol Technics(Thailand) Co.,Ltd.",한솔테크닉스(주),,,해외 법인,해외 법인 — 계획서 7-2,
1-2b 명단 밖 코스피 모회사의 종속,Hansol Technics Europe s.r.o.,한솔테크닉스(주),,,해외 법인,해외 법인 — 계획서 7-2,
1-2b 명단 밖 코스피 모회사의 종속,"Hansol Electronics Vietnam Co.,Ltd",한솔테크닉스(주),,,해외 법인,해외 법인 — 계획서 7-2,
1-2b 명단 밖 코스피 모회사의 종속,"Hansol Precision Materials (KunShan) Co.,Ltd",한솔테크닉스(주),,,해외 법인,해외 법인 — 계획서 7-2,
1-2b 명단 밖 코스피 모회사의 종속,"Hansol Electronics Vietnam Hochiminhcity Co.,Ltd",한솔테크닉스(주),,,해외 법인,해외 법인 — 계획서 7-2,
1-2b 명단 밖 코스피 모회사의 종속,마이다스동아바이오 내비게이터 투자조합,환인제약(주),,,명목회사·펀드·SPC·신탁 상품,펀드·SPC·투자조합·신탁 상품·명목회사 — 계획서 7-2,
1-2b 명단 밖 코스피 모회사의 종속,"Hankook Tire China Co., Ltd",한국타이어앤테크놀로지(주),,,해외 법인,해외 법인 — 계획서 7-2,
1-2b 명단 밖 코스피 모회사의 종속,"Jiangsu Hankook Tire Co., Ltd.",한국타이어앤테크놀로지(주),,,해외 법인,해외 법인 — 계획서 7-2,
1-2b 명단 밖 코스피 모회사의 종속,"Hankook Tyre Australia Pty., LTD.",한국타이어앤테크놀로지(주),,,해외 법인,해외 법인 — 계획서 7-2,
1-2b 명단 밖 코스피 모회사의 종속,Hankook Espana S. A.,한국타이어앤테크놀로지(주),,,해외 법인,해외 법인 — 계획서 7-2,
1-2b 명단 밖 코스피 모회사의 종속,"Chongqing Hankooktire Co., Ltd.",한국타이어앤테크놀로지(주),,,해외 법인,해외 법인 — 계획서 7-2,
1-2b 명단 밖 코스피 모회사의 종속,"Hankook Tire DE Mexico, S.A. DE C.V.",한국타이어앤테크놀로지(주),,,해외 법인,해외 법인 — 계획서 7-2,
1-2b 명단 밖 코스피 모회사의 종속,PT. HANKOOKTIRE INDONESIA,한국타이어앤테크놀로지(주),,,해외 법인,해외 법인 — 계획서 7-2,
1-2b 명단 밖 코스피 모회사의 종속,"Hankook Tire Singapore PTE., Ltd.",한국타이어앤테크놀로지(주),,,해외 법인,해외 법인 — 계획서 7-2,
1-2b 명단 밖 코스피 모회사의 종속,Hankook Tire Malaysia SDN.BHD.,한국타이어앤테크놀로지(주),,,해외 법인,해외 법인 — 계획서 7-2,
1-2b 명단 밖 코스피 모회사의 종속,Hankook Tire America Corp.,한국타이어앤테크놀로지(주),,,해외 법인,해외 법인 — 계획서 7-2,
1-2b 명단 밖 코스피 모회사의 종속,"Hankook Tire Thailand Co.,Ltd.",한국타이어앤테크놀로지(주),,,해외 법인,해외 법인 — 계획서 7-2,
1-2b 명단 밖 코스피 모회사의 종속,Hankook Tire de Colombia Ltda.,한국타이어앤테크놀로지(주),,,해외 법인,해외 법인 — 계획서 7-2,
1-2b 명단 밖 코스피 모회사의 종속,Hankook Tires India LLP,한국타이어앤테크놀로지(주),,,해외 법인,해외 법인 — 계획서 7-2,
1-2b 명단 밖 코스피 모회사의 종속,"Hankook Tyre Australia Retail Pty.,Ltd.",한국타이어앤테크놀로지(주),,,해외 법인,해외 법인 — 계획서 7-2,
1-2b 명단 밖 코스피 모회사의 종속,"Hankook Tire Latam, S.A.",한국타이어앤테크놀로지(주),,,해외 법인,해외 법인 — 계획서 7-2,
1-2b 명단 밖 코스피 모회사의 종속,"Hankook Tire Latin America Distribution Center, S.A.",한국타이어앤테크놀로지(주),,,해외 법인,해외 법인 — 계획서 7-2,
1-2b 명단 밖 코스피 모회사의 종속,Hankook Tire Middle East and Africa FZE,한국타이어앤테크놀로지(주),,,해외 법인,해외 법인 — 계획서 7-2,
1-2b 명단 밖 코스피 모회사의 종속,"Hankook Tire Vietnam. Co., Ltd.",한국타이어앤테크놀로지(주),,,해외 법인,해외 법인 — 계획서 7-2,
1-2b 명단 밖 코스피 모회사의 종속,Hankook Tire Canada Corp.,한국타이어앤테크놀로지(주),,,해외 법인,해외 법인 — 계획서 7-2,
1-2b 명단 밖 코스피 모회사의 종속,PT. HANKOOK TIRE SALES INDONESIA,한국타이어앤테크놀로지(주),,,해외 법인,해외 법인 — 계획서 7-2,
1-2b 명단 밖 코스피 모회사의 종속,Hankook Tire Chile SPA,한국타이어앤테크놀로지(주),,,해외 법인,해외 법인 — 계획서 7-2,
1-2b 명단 밖 코스피 모회사의 종속,"Hankook Tire Taiwan Co.,Ltd.",한국타이어앤테크놀로지(주),,,해외 법인,해외 법인 — 계획서 7-2,
1-2b 명단 밖 코스피 모회사의 종속,Hankook Gulf Tire LLC,한국타이어앤테크놀로지(주),,,해외 법인,해외 법인 — 계획서 7-2,
1-2b 명단 밖 코스피 모회사의 종속,Hankook Tire &Technology Egypt LLC,한국타이어앤테크놀로지(주),,,해외 법인,해외 법인 — 계획서 7-2,
1-2b 명단 밖 코스피 모회사의 종속,HANKOOK TIRE MOROCCO SAS,한국타이어앤테크놀로지(주),,,해외 법인,해외 법인 — 계획서 7-2,
1-2b 명단 밖 코스피 모회사의 종속,미래에셋OCIO 베스트 솔루션 전문 투자형 사모투자신탁1호,한국타이어앤테크놀로지(주),,,명목회사·펀드·SPC·신탁 상품,펀드·SPC·투자조합·신탁 상품·명목회사 — 계획서 7-2,
1-2b 명단 밖 코스피 모회사의 종속,Hankook Tyre U.K. Ltd.,한국타이어앤테크놀로지(주),,,해외 법인,해외 법인 — 계획서 7-2,
1-2b 명단 밖 코스피 모회사의 종속,DS 사모펀드,한국타이어앤테크놀로지(주),,,명목회사·펀드·SPC·신탁 상품,펀드·SPC·투자조합·신탁 상품·명목회사 — 계획서 7-2,
1-2b 명단 밖 코스피 모회사의 종속,씨엔티테크 제1호 모빌리티 스타트업 투자조합,한국타이어앤테크놀로지(주),,,명목회사·펀드·SPC·신탁 상품,펀드·SPC·투자조합·신탁 상품·명목회사 — 계획서 7-2,
1-2b 명단 밖 코스피 모회사의 종속,AFWP 신기술투자조합 제13호,한국타이어앤테크놀로지(주),,,명목회사·펀드·SPC·신탁 상품,펀드·SPC·투자조합·신탁 상품·명목회사 — 계획서 7-2,
1-2b 명단 밖 코스피 모회사의 종속,Hankook Tire Japan Corp.,한국타이어앤테크놀로지(주),,,해외 법인,해외 법인 — 계획서 7-2,
1-2b 명단 밖 코스피 모회사의 종속,Hankook Tire Europe Holdings B.V.,한국타이어앤테크놀로지(주),,,해외 법인,해외 법인 — 계획서 7-2,
1-2b 명단 밖 코스피 모회사의 종속,Hankook Reifen Deutschland GmbH,한국타이어앤테크놀로지(주),,,해외 법인,해외 법인 — 계획서 7-2,
1-2b 명단 밖 코스피 모회사의 종속,Hankook France S.A.R.L,한국타이어앤테크놀로지(주),,,해외 법인,해외 법인 — 계획서 7-2,
1-2b 명단 밖 코스피 모회사의 종속,Hankook Tire Netherlands B.V.,한국타이어앤테크놀로지(주),,,해외 법인,해외 법인 — 계획서 7-2,
1-2b 명단 밖 코스피 모회사의 종속,브라이튼제2호일반사모부동산투자 유한회사,현대코퍼레이션홀딩스(주),,,명목회사·펀드·SPC·신탁 상품,펀드·SPC·투자조합·신탁 상품·명목회사 — 계획서 7-2,
1-2b 명단 밖 코스피 모회사의 종속,"HYUNDAI INDOCHINA PTE., LTD",현대코퍼레이션홀딩스(주),,,해외 법인,해외 법인 — 계획서 7-2,
1-2b 명단 밖 코스피 모회사의 종속,HYUNDAI EURO PARTNERS LIMITED,현대코퍼레이션홀딩스(주),,,해외 법인,해외 법인 — 계획서 7-2,
1-2b 명단 밖 코스피 모회사의 종속,캡스톤일반사모투자신탁36호,현대코퍼레이션홀딩스(주),,,명목회사·펀드·SPC·신탁 상품,펀드·SPC·투자조합·신탁 상품·명목회사 — 계획서 7-2,
1-2b 명단 밖 코스피 모회사의 종속,PT CKD OTTO PHARMACEUTICALS(인도네시아_비상장),(주)종근당,,,해외 법인,해외 법인 — 계획서 7-2,
1-2b 명단 밖 코스피 모회사의 종속,CKD USA,(주)종근당,,,해외 법인,해외 법인 — 계획서 7-2,
1-2b 명단 밖 코스피 모회사의 종속,"KEC Thailand Co., Ltd.",(주)케이이씨,,,해외 법인,해외 법인 — 계획서 7-2,
1-2b 명단 밖 코스피 모회사의 종속,"WUXI KEC SEMICONDUCTOR CO., LTD.",(주)케이이씨,,,해외 법인,해외 법인 — 계획서 7-2,
1-2b 명단 밖 코스피 모회사의 종속,"COSMAX JAPAN, INC.",코스맥스(주),,,해외 법인,해외 법인 — 계획서 7-2,
1-2b 명단 밖 코스피 모회사의 종속,COSMAX WEST CORPORATION,코스맥스(주),,,해외 법인,해외 법인 — 계획서 7-2,
1-2b 명단 밖 코스피 모회사의 종속,PT. COSMAX INDONESIA,코스맥스(주),,,해외 법인,해외 법인 — 계획서 7-2,
1-2b 명단 밖 코스피 모회사의 종속,COSMAX (THAILAND) COMPANY LIMITED,코스맥스(주),,,해외 법인,해외 법인 — 계획서 7-2,
1-2b 명단 밖 코스피 모회사의 종속,한화클린수소에너지 일반사모특별자산 투자신탁1호,두산퓨얼셀 주식회사,,,명목회사·펀드·SPC·신탁 상품,펀드·SPC·투자조합·신탁 상품·명목회사 — 계획서 7-2,
1-2b 명단 밖 코스피 모회사의 종속,태경비케이 봉성유한공사 (중국합작공장),(주)태경비케이,,,해외 법인,해외 법인 — 계획서 7-2,
1-2b 명단 밖 코스피 모회사의 종속,봉성백광태합 소재유한공사 (중국합작공장),(주)태경비케이,,,해외 법인,해외 법인 — 계획서 7-2,
1-2b 명단 밖 코스피 모회사의 종속,HCEI버텍스제일호사모투자 합자회사,(주)태경비케이,,,명목회사·펀드·SPC·신탁 상품,펀드·SPC·투자조합·신탁 상품·명목회사 — 계획서 7-2,
1-2b 명단 밖 코스피 모회사의 종속,Korea Petroleum SDN. BHD,한국석유공업(주),,,해외 법인,해외 법인 — 계획서 7-2,
1-2b 명단 밖 코스피 모회사의 종속,"KP ART CENTER (THAILAND) CO.,LTD.",한국석유공업(주),,,해외 법인,해외 법인 — 계획서 7-2,
1-2b 명단 밖 코스피 모회사의 종속,아남전자홍콩유한공사,아남전자(주),,,해외 법인,해외 법인 — 계획서 7-2,
1-2b 명단 밖 코스피 모회사의 종속,동관신품전자유한공사,아남전자(주),,,해외 법인,해외 법인 — 계획서 7-2,
1-2b 명단 밖 코스피 모회사의 종속,아남전자베트남유한회사,아남전자(주),,,명목회사·펀드·SPC·신탁 상품,펀드·SPC·투자조합·신탁 상품·명목회사 — 계획서 7-2,
1-2b 명단 밖 코스피 모회사의 종속,KPX CHEMICAL (NANJING),KPX케미칼(주),,,해외 법인,해외 법인 — 계획서 7-2,
1-2b 명단 밖 코스피 모회사의 종속,타임폴리오 코스닥벤처 The Unique 대체투자 3호 일반사모투자신탁,KPX케미칼(주),,,명목회사·펀드·SPC·신탁 상품,펀드·SPC·투자조합·신탁 상품·명목회사 — 계획서 7-2,
1-2b 명단 밖 코스피 모회사의 종속,에이벤처스 Growth K 투자조합,KPX케미칼(주),,,명목회사·펀드·SPC·신탁 상품,펀드·SPC·투자조합·신탁 상품·명목회사 — 계획서 7-2,
1-2b 명단 밖 코스피 모회사의 종속,오엔 3호 세컨더리 투자조합,KPX케미칼(주),,,명목회사·펀드·SPC·신탁 상품,펀드·SPC·투자조합·신탁 상품·명목회사 — 계획서 7-2,
1-2b 명단 밖 코스피 모회사의 종속,비엔비 IPO 벤처 일반 사모투자신탁 제5호,KPX케미칼(주),,,명목회사·펀드·SPC·신탁 상품,펀드·SPC·투자조합·신탁 상품·명목회사 — 계획서 7-2,
1-2b 명단 밖 코스피 모회사의 종속,타임폴리오 코스닥벤처 The Unique 대체투자 4호,KPX케미칼(주),,,명목회사·펀드·SPC·신탁 상품,펀드·SPC·투자조합·신탁 상품·명목회사 — 계획서 7-2,
1-2b 명단 밖 코스피 모회사의 종속,타임폴리오 It's Time-Mezzanine G 3호 일반사모투자신탁,KPX케미칼(주),,,명목회사·펀드·SPC·신탁 상품,펀드·SPC·투자조합·신탁 상품·명목회사 — 계획서 7-2,
1-2b 명단 밖 코스피 모회사의 종속,KPX CHEMICAL (GEORGIA),KPX케미칼(주),,,해외 법인,해외 법인 — 계획서 7-2,
1-2b 명단 밖 코스피 모회사의 종속,머스트 손익차등형 일반사모투자신탁 제2호,KPX케미칼(주),,,명목회사·펀드·SPC·신탁 상품,펀드·SPC·투자조합·신탁 상품·명목회사 — 계획서 7-2,
1-2b 명단 밖 코스피 모회사의 종속,KPX CHEMICAL (INDIA),KPX케미칼(주),,,해외 법인,해외 법인 — 계획서 7-2,
1-2b 명단 밖 코스피 모회사의 종속,KPX CHEMICAL (VINA),KPX케미칼(주),,,해외 법인,해외 법인 — 계획서 7-2,
1-2b 명단 밖 코스피 모회사의 종속,KPX Chemical (Thailand),KPX케미칼(주),,,해외 법인,해외 법인 — 계획서 7-2,
1-2b 명단 밖 코스피 모회사의 종속,KPX Chemical (Indonesia),KPX케미칼(주),,,해외 법인,해외 법인 — 계획서 7-2,
1-2b 명단 밖 코스피 모회사의 종속,KPX Chemical (MALAYSIA),KPX케미칼(주),,,해외 법인,해외 법인 — 계획서 7-2,
1-2b 명단 밖 코스피 모회사의 종속,마스터 IPO 벤처 일반 사모투자신탁 제1호,KPX케미칼(주),,,명목회사·펀드·SPC·신탁 상품,펀드·SPC·투자조합·신탁 상품·명목회사 — 계획서 7-2,
1-2b 명단 밖 코스피 모회사의 종속,"LG Innotek Yantai Co., Ltd.",엘지이노텍(주),,,해외 법인,해외 법인 — 계획서 7-2,
1-2b 명단 밖 코스피 모회사의 종속,LG INNOTEK FUND II LLC,엘지이노텍(주),,,해외 법인,해외 법인 — 계획서 7-2,
1-2b 명단 밖 코스피 모회사의 종속,PT LG Innotek Indonesia,엘지이노텍(주),,,해외 법인,해외 법인 — 계획서 7-2,
1-2b 명단 밖 코스피 모회사의 종속,LG Innotek Poland Sp. z o.o.,엘지이노텍(주),,,해외 법인,해외 법인 — 계획서 7-2,
1-2b 명단 밖 코스피 모회사의 종속,LG Innotek Mexico S.A. de C.V.,엘지이노텍(주),,,해외 법인,해외 법인 — 계획서 7-2,
1-2b 명단 밖 코스피 모회사의 종속,"LG Innotek Vietnam Haiphong Co., Ltd.",엘지이노텍(주),,,해외 법인,해외 법인 — 계획서 7-2,
1-2b 명단 밖 코스피 모회사의 종속,"LG Innotek (Taiwan) Co., Ltd.",엘지이노텍(주),,,해외 법인,해외 법인 — 계획서 7-2,
1-2b 명단 밖 코스피 모회사의 종속,"LG Innotek USA, Inc.",엘지이노텍(주),,,해외 법인,해외 법인 — 계획서 7-2,
1-2b 명단 밖 코스피 모회사의 종속,"LG Innotek Trading (Shanghai) Co., Ltd.",엘지이노텍(주),,,해외 법인,해외 법인 — 계획서 7-2,
1-2b 명단 밖 코스피 모회사의 종속,삼성중공업 (영성)유한공사,삼성중공업(주),,,해외 법인,해외 법인 — 계획서 7-2,
1-2b 명단 밖 코스피 모회사의 종속,SVIC73호 신기술사업투자조합,삼성중공업(주),,,명목회사·펀드·SPC·신탁 상품,펀드·SPC·투자조합·신탁 상품·명목회사 — 계획서 7-2,
1-2b 명단 밖 코스피 모회사의 종속,Samsung Heavy Industries India Pvt.Ltd.,삼성중공업(주),,,해외 법인,해외 법인 — 계획서 7-2,
1-2b 명단 밖 코스피 모회사의 종속,Camellia Consulting Corporation,삼성중공업(주),,,해외 법인,해외 법인 — 계획서 7-2,
1-2b 명단 밖 코스피 모회사의 종속,Samsung Heavy Industries (M) SDN.BHD,삼성중공업(주),,,해외 법인,해외 법인 — 계획서 7-2,
1-2b 명단 밖 코스피 모회사의 종속,Samsung Heavy Industries Nigeria Ltd.,삼성중공업(주),,,해외 법인,해외 법인 — 계획서 7-2,
1-2b 명단 밖 코스피 모회사의 종속,SHI-MCI FZE,삼성중공업(주),,,해외 법인,해외 법인 — 계획서 7-2,
1-2b 명단 밖 코스피 모회사의 종속,Samsung Heavy Industries Mozambique LDA,삼성중공업(주),,,해외 법인,해외 법인 — 계획서 7-2,
1-2b 명단 밖 코스피 모회사의 종속,ZVEZDA-Samsung Heavy Industries LLC,삼성중공업(주),,,해외 법인,해외 법인 — 계획서 7-2,
1-2b 명단 밖 코스피 모회사의 종속,Samsung Heavy Industries Rus LLC,삼성중공업(주),,,해외 법인,해외 법인 — 계획서 7-2,
1-2b 명단 밖 코스피 모회사의 종속,스마트신세계포커스투자조합,(주)신세계,,,명목회사·펀드·SPC·신탁 상품,펀드·SPC·투자조합·신탁 상품·명목회사 — 계획서 7-2,
1-2b 명단 밖 코스피 모회사의 종속,시그나이트-썬더벤처투자조합,(주)신세계,,,명목회사·펀드·SPC·신탁 상품,펀드·SPC·투자조합·신탁 상품·명목회사 — 계획서 7-2,
1-2b 명단 밖 코스피 모회사의 종속,GMI,화천기공(주),,,해외 법인,해외 법인 — 계획서 7-2,
1-2b 명단 밖 코스피 모회사의 종속,HMA,화천기공(주),,,해외 법인,해외 법인 — 계획서 7-2,
1-2b 명단 밖 코스피 모회사의 종속,HME,화천기공(주),,,해외 법인,해외 법인 — 계획서 7-2,
1-2b 명단 밖 코스피 모회사의 종속,HAP,화천기공(주),,,해외 법인,해외 법인 — 계획서 7-2,
1-2b 명단 밖 코스피 모회사의 종속,HMI,화천기공(주),,,해외 법인,해외 법인 — 계획서 7-2,
1-2b 명단 밖 코스피 모회사의 종속,(주)신한서부티엔디제1호 위탁관리부동산투자회사,주식회사 신한서부티엔디위탁관리부동산투자회사,,,명목회사·펀드·SPC·신탁 상품,펀드·SPC·투자조합·신탁 상품·명목회사 — 계획서 7-2,
1-2b 명단 밖 코스피 모회사의 종속,(주)신한서부티엔디제2호 위탁관리부동산투자회사,주식회사 신한서부티엔디위탁관리부동산투자회사,,,명목회사·펀드·SPC·신탁 상품,펀드·SPC·투자조합·신탁 상품·명목회사 — 계획서 7-2,
1-2b 명단 밖 코스피 모회사의 종속,(주)신한광화문지타워 위탁관리부동산투자회사,주식회사 신한서부티엔디위탁관리부동산투자회사,,,명목회사·펀드·SPC·신탁 상품,펀드·SPC·투자조합·신탁 상품·명목회사 — 계획서 7-2,
1-2b 명단 밖 코스피 모회사의 종속,(주)신한서부티엔디제1호 위탁관리부동산투자회사,주식회사 신한서부티엔디위탁관리부동산투자회사,,,명목회사·펀드·SPC·신탁 상품,펀드·SPC·투자조합·신탁 상품·명목회사 — 계획서 7-2,
1-2b 명단 밖 코스피 모회사의 종속,(주)신한서부티엔디제2호 위탁관리부동산투자회사,주식회사 신한서부티엔디위탁관리부동산투자회사,,,명목회사·펀드·SPC·신탁 상품,펀드·SPC·투자조합·신탁 상품·명목회사 — 계획서 7-2,
1-2b 명단 밖 코스피 모회사의 종속,(주)신한광화문지타워 위탁관리부동산투자회사,주식회사 신한서부티엔디위탁관리부동산투자회사,,,명목회사·펀드·SPC·신탁 상품,펀드·SPC·투자조합·신탁 상품·명목회사 — 계획서 7-2,
1-2b 명단 밖 코스피 모회사의 종속,12. VEROPE AG,고려제강(주),,,해외 법인,해외 법인 — 계획서 7-2,
1-2b 명단 밖 코스피 모회사의 종속,14. K&S WIRE,고려제강(주),,,해외 법인,해외 법인 — 계획서 7-2,
1-2b 명단 밖 코스피 모회사의 종속,15. Kiswire International S.A,고려제강(주),,,해외 법인,해외 법인 — 계획서 7-2,
1-2b 명단 밖 코스피 모회사의 종속,4. KISWIRE SINGAPORE LTD,고려제강(주),,,해외 법인,해외 법인 — 계획서 7-2,
1-2b 명단 밖 코스피 모회사의 종속,5. KISWIRE SDN. BHD.,고려제강(주),,,해외 법인,해외 법인 — 계획서 7-2,
1-2b 명단 밖 코스피 모회사의 종속,6. KISWIRE JAPAN,고려제강(주),,,해외 법인,해외 법인 — 계획서 7-2,
1-2b 명단 밖 코스피 모회사의 종속,7. KISWIRE AMERICA INC.,고려제강(주),,,해외 법인,해외 법인 — 계획서 7-2,
1-2b 명단 밖 코스피 모회사의 종속,8. KISWIRE HK HOLDING LIMITED,고려제강(주),,,해외 법인,해외 법인 — 계획서 7-2,
1-2b 명단 밖 코스피 모회사의 종속,,(주)대현,,,자료 문제 (조회 실패·출자현황 없음·지분율 오류),"출자현황 자료 없음 — 원문 확인, 필요하면 수동 입력 파일에 적음 (2025 사업보고서 표 형식 아님(숫자 지분율 없음); 2025 3분기보고서 표 형식 아님(숫자 지분율 없음); 2025 반기보고서 표 형식 아님(숫자 지분율 없음); 2024 사업보고서 표 형식 아님(숫자 지분율 없음))",
1-2b 명단 밖 코스피 모회사의 종속,"LX Semicon U.S.A., Inc",(주)엘엑스세미콘,,,해외 법인,해외 법인 — 계획서 7-2,
1-2b 명단 밖 코스피 모회사의 종속,"LX Semicon China Co., Ltd.",(주)엘엑스세미콘,,,해외 법인,해외 법인 — 계획서 7-2,
1-2b 명단 밖 코스피 모회사의 종속,"LX Semicon Japan Co., Ltd.",(주)엘엑스세미콘,,,해외 법인,해외 법인 — 계획서 7-2,
1-2b 명단 밖 코스피 모회사의 종속,"LX Semicon Taiwan Co., Ltd.",(주)엘엑스세미콘,,,해외 법인,해외 법인 — 계획서 7-2,
1-2b 명단 밖 코스피 모회사의 종속,스타트업 코리아 LX-BSK 오픈이노베이션 투자조합,(주)엘엑스세미콘,,,명목회사·펀드·SPC·신탁 상품,펀드·SPC·투자조합·신탁 상품·명목회사 — 계획서 7-2,
1-2b 명단 밖 코스피 모회사의 종속,"Jahwa VINA Co., Ltd.",자화전자(주),,,해외 법인,해외 법인 — 계획서 7-2,
1-2b 명단 밖 코스피 모회사의 종속,JAHWA ELECTRONICS INDIA PRIVATE Ltd.,자화전자(주),,,해외 법인,해외 법인 — 계획서 7-2,
1-2b 명단 밖 코스피 모회사의 종속,"JH VINA CO., LTD",자화전자(주),,,해외 법인,해외 법인 — 계획서 7-2,
1-2b 명단 밖 코스피 모회사의 종속,"Hangzhou Jahwa Electronics Technology Co., Ltd.",자화전자(주),,,해외 법인,해외 법인 — 계획서 7-2,
1-2b 명단 밖 코스피 모회사의 종속,"Qingdao Advanced Materials Co., Ltd.",자화전자(주),,,해외 법인,해외 법인 — 계획서 7-2,
1-2b 명단 밖 코스피 모회사의 종속,"BAOTOU JX ELECTRONICS CO., LTD",자화전자(주),,,해외 법인,해외 법인 — 계획서 7-2,
1-2b 명단 밖 코스피 모회사의 종속,"TELCOWARE USA,INC.",텔코웨어(주),,,해외 법인,해외 법인 — 계획서 7-2,
1-2b 명단 밖 코스피 모회사의 종속,SIDIZ CHINA INC.,(주)시디즈,,,해외 법인,해외 법인 — 계획서 7-2,
1-2b 명단 밖 코스피 모회사의 종속,SIDIZ AMERICA LLC,(주)시디즈,,,해외 법인,해외 법인 — 계획서 7-2,
1-2b 명단 밖 코스피 모회사의 종속,Hyosung Resources(Australia) PTY Ltd,(주)효성,,,해외 법인,해외 법인 — 계획서 7-2,
1-2b 명단 밖 코스피 모회사의 종속,"Epitone, Inc.",(주)효성,,,해외 법인,해외 법인 — 계획서 7-2,
1-2b 명단 밖 코스피 모회사의 종속,Hyosung RUS.,(주)효성,,,해외 법인,해외 법인 — 계획서 7-2,
1-2b 명단 밖 코스피 모회사의 종속,Hyosung Brasil Participacoes LTDA,(주)효성,,,해외 법인,해외 법인 — 계획서 7-2,
1-2b 명단 밖 코스피 모회사의 종속,효성신성장산업펀드,(주)효성,,,명목회사·펀드·SPC·신탁 상품,펀드·SPC·투자조합·신탁 상품·명목회사 — 계획서 7-2,
1-2b 명단 밖 코스피 모회사의 종속,레오9호 효성청년창업펀드,(주)효성,,,명목회사·펀드·SPC·신탁 상품,펀드·SPC·투자조합·신탁 상품·명목회사 — 계획서 7-2,
1-2b 명단 밖 코스피 모회사의 종속,(주)케이프-티노 K-뷰티 제일호 신기술사업투자조합,(주)효성,,,명목회사·펀드·SPC·신탁 상품,펀드·SPC·투자조합·신탁 상품·명목회사 — 계획서 7-2,
1-2b 명단 밖 코스피 모회사의 종속,하나랜드칩사모부동산투자신탁39호,(주)효성,,,명목회사·펀드·SPC·신탁 상품,펀드·SPC·투자조합·신탁 상품·명목회사 — 계획서 7-2,
1-2b 명단 밖 코스피 모회사의 종속,,선도전기(주),,,자료 문제 (조회 실패·출자현황 없음·지분율 오류),"출자현황 자료 없음 — 원문 확인, 필요하면 수동 입력 파일에 적음 (2025 사업보고서 표 형식 아님(숫자 지분율 없음); 2025 3분기보고서 표 형식 아님(숫자 지분율 없음); 2025 반기보고서 표 형식 아님(숫자 지분율 없음); 2024 사업보고서 표 형식 아님(숫자 지분율 없음))",
1-2b 명단 밖 코스피 모회사의 종속,"SANGSIN TECHNOLOGY AMERICA, INC",상신브레이크(주),,,해외 법인,해외 법인 — 계획서 7-2,
1-2b 명단 밖 코스피 모회사의 종속,SANGSIN BRAKE DO BRASIL LIMITADA,상신브레이크(주),,,해외 법인,해외 법인 — 계획서 7-2,
1-2b 명단 밖 코스피 모회사의 종속,SANGSIN BRAKE EUROPE SP.Z O.O.,상신브레이크(주),,,해외 법인,해외 법인 — 계획서 7-2,
1-2b 명단 밖 코스피 모회사의 종속,SANGSIN BRAKE INDIA PRIVATE LIMITED,상신브레이크(주),,,해외 법인,해외 법인 — 계획서 7-2,
1-2b 명단 밖 코스피 모회사의 종속,"SANGSIN BRAKE AMERICA, INC",상신브레이크(주),,,해외 법인,해외 법인 — 계획서 7-2,
1-2b 명단 밖 코스피 모회사의 종속,SANGSIN BRAKE MEXICO S. DE R.L.DE C.V,상신브레이크(주),,,해외 법인,해외 법인 — 계획서 7-2,
1-2b 명단 밖 코스피 모회사의 종속,신한더블유더블유지 에너지펀드PEF,(주)신풍,,,명목회사·펀드·SPC·신탁 상품,펀드·SPC·투자조합·신탁 상품·명목회사 — 계획서 7-2,
1-2b 명단 밖 코스피 모회사의 종속,"HYUNDAI BNG STEEL USA, INC.",현대비앤지스틸(주),,,해외 법인,해외 법인 — 계획서 7-2,
1-2b 명단 밖 코스피 모회사의 종속,피에스 제1호 사모투자합자회사,현대비앤지스틸(주),,,명목회사·펀드·SPC·신탁 상품,펀드·SPC·투자조합·신탁 상품·명목회사 — 계획서 7-2,
1-2b 명단 밖 코스피 모회사의 종속,DER INC.,서울도시가스(주),,,해외 법인,해외 법인 — 계획서 7-2,
1-2b 명단 밖 코스피 모회사의 종속,SCG RESOURCES INC.,서울도시가스(주),,,해외 법인,해외 법인 — 계획서 7-2,
1-2b 명단 밖 코스피 모회사의 종속,SHINE CHILE LTDA.,서울도시가스(주),,,해외 법인,해외 법인 — 계획서 7-2,
1-2b 명단 밖 코스피 모회사의 종속,"POSCO DX CHINA CO.,LTD",(주)포스코디엑스,,,해외 법인,해외 법인 — 계획서 7-2,
1-2b 명단 밖 코스피 모회사의 종속,PT.POSCO DX INDONESIA,(주)포스코디엑스,,,해외 법인,해외 법인 — 계획서 7-2,
1-2b 명단 밖 코스피 모회사의 종속,포스코DX CVC1호 신기술투자조합,(주)포스코디엑스,,,명목회사·펀드·SPC·신탁 상품,펀드·SPC·투자조합·신탁 상품·명목회사 — 계획서 7-2,
1-2b 명단 밖 코스피 모회사의 종속,POSCO DX VIETNAM,(주)포스코디엑스,,,해외 법인,해외 법인 — 계획서 7-2,
1-2b 명단 밖 코스피 모회사의 종속,BGF RETAIL HAWAII CORP.,(주)비지에프리테일,,,해외 법인,해외 법인 — 계획서 7-2,
1-2b 명단 밖 코스피 모회사의 종속,일본한미약품(주),한미사이언스(주),,,해외 법인,해외 법인 — 계획서 7-2,
1-2b 명단 밖 코스피 모회사의 종속,Hanmi Europe Limited,한미사이언스(주),,,해외 법인,해외 법인 — 계획서 7-2,
1-2b 명단 밖 코스피 모회사의 종속,북경한미IT유한공사,한미사이언스(주),,,해외 법인,해외 법인 — 계획서 7-2,
1-2b 명단 밖 코스피 모회사의 종속,"OCI China Co.,Ltd",OCI(주),,,해외 법인,해외 법인 — 계획서 7-2,
1-2b 명단 밖 코스피 모회사의 종속,"OCI Japan Co., Ltd.",OCI(주),,,해외 법인,해외 법인 — 계획서 7-2,
1-2b 명단 밖 코스피 모회사의 종속,Philko Peroxide Corporation,OCI(주),,,해외 법인,해외 법인 — 계획서 7-2,
1-2b 명단 밖 코스피 모회사의 종속,,제일연마공업(주),,,자료 문제 (조회 실패·출자현황 없음·지분율 오류),"출자현황 자료 없음 — 원문 확인, 필요하면 수동 입력 파일에 적음 (2025 사업보고서 표 형식 아님(숫자 지분율 없음); 2025 3분기보고서 표 형식 아님(숫자 지분율 없음); 2025 반기보고서 표 형식 아님(숫자 지분율 없음); 2024 사업보고서 표 형식 아님(숫자 지분율 없음))",
1-2b 명단 밖 코스피 모회사의 종속,동화크립톤 기업가정신 제일호 창업벤처전문사모투자합자회사,동화약품(주),,,명목회사·펀드·SPC·신탁 상품,펀드·SPC·투자조합·신탁 상품·명목회사 — 계획서 7-2,
1-2b 명단 밖 코스피 모회사의 종속,TS Care Joint Stock Company,동화약품(주),,,해외 법인,해외 법인 — 계획서 7-2,
1-2b 명단 밖 코스피 모회사의 종속,Wia Slovakia s.r.o.,현대위아(주),,,해외 법인,해외 법인 — 계획서 7-2,
1-2b 명단 밖 코스피 모회사의 종속,강소현대위아유한공사,현대위아(주),,,해외 법인,해외 법인 — 계획서 7-2,
1-2b 명단 밖 코스피 모회사의 종속,산동현대위아기차발동기유한공사,현대위아(주),,,해외 법인,해외 법인 — 계획서 7-2,
1-2b 명단 밖 코스피 모회사의 종속,Hyundai-Wia india PVT LTD.,현대위아(주),,,해외 법인,해외 법인 — 계획서 7-2,
1-2b 명단 밖 코스피 모회사의 종속,"Hyundai-Wia Mexico, S.de R.L. de C.V.",현대위아(주),,,해외 법인,해외 법인 — 계획서 7-2,
1-2b 명단 밖 코스피 모회사의 종속,HYUNDAI WIA RUS. LLC,현대위아(주),,,해외 법인,해외 법인 — 계획서 7-2,
1-2b 명단 밖 코스피 모회사의 종속,"Hyundai-Wia Alabama, Inc",현대위아(주),,,해외 법인,해외 법인 — 계획서 7-2,
1-2b 명단 밖 코스피 모회사의 종속,META ENE LIMITED,(주)엔케이,,,해외 법인,해외 법인 — 계획서 7-2,
1-2b 명단 밖 코스피 모회사의 종속,NK USA INC,(주)엔케이,,,해외 법인,해외 법인 — 계획서 7-2,
1-2b 명단 밖 코스피 모회사의 종속,"SK Americas, Inc.",SK이노베이션(주),,,해외 법인,해외 법인 — 계획서 7-2,
1-2b 명단 밖 코스피 모회사의 종속,SK innovation outpost Corporation,SK이노베이션(주),,,해외 법인,해외 법인 — 계획서 7-2,
1-2b 명단 밖 코스피 모회사의 종속,SK Technology Innovation Company,SK이노베이션(주),,,해외 법인,해외 법인 — 계획서 7-2,
1-2b 명단 밖 코스피 모회사의 종속,Gemini Partners Pte. Ltd.,SK이노베이션(주),,,해외 법인,해외 법인 — 계획서 7-2,
1-2b 명단 밖 코스피 모회사의 종속,SK South East Asia Investment Pte. Ltd.,SK이노베이션(주),,,해외 법인,해외 법인 — 계획서 7-2,
1-2b 명단 밖 코스피 모회사의 종속,Energy Solution Holdings Inc.,SK이노베이션(주),,,해외 법인,해외 법인 — 계획서 7-2,
1-2b 명단 밖 코스피 모회사의 종속,Prostar Asia-Pacific Energy Infrastructure SK Fund L.P,SK이노베이션(주),,,해외 법인,해외 법인 — 계획서 7-2,
1-2b 명단 밖 코스피 모회사의 종속,"SK E&S Hong Kong Co., Ltd.",SK이노베이션(주),,,해외 법인,해외 법인 — 계획서 7-2,
1-2b 명단 밖 코스피 모회사의 종속,"Prism Energy International Pte., Ltd.",SK이노베이션(주),,,해외 법인,해외 법인 — 계획서 7-2,
1-2b 명단 밖 코스피 모회사의 종속,PRISM Energy International Australia,SK이노베이션(주),,,해외 법인,해외 법인 — 계획서 7-2,
1-2b 명단 밖 코스피 모회사의 종속,"SK E&S Dominicana, S.R.L",SK이노베이션(주),,,해외 법인,해외 법인 — 계획서 7-2,
1-2b 명단 밖 코스피 모회사의 종속,Prism Energy International China Limited,SK이노베이션(주),,,해외 법인,해외 법인 — 계획서 7-2,
1-2b 명단 밖 코스피 모회사의 종속,BU12 Australia Pty. Ltd.,SK이노베이션(주),,,해외 법인,해외 법인 — 계획서 7-2,
1-2b 명단 밖 코스피 모회사의 종속,BU13 Australia Pty. Ltd.,SK이노베이션(주),,,해외 법인,해외 법인 — 계획서 7-2,
1-2b 명단 밖 코스피 모회사의 종속,China Gas-SK E&S LNG Trading Ltd.,SK이노베이션(주),,,해외 법인,해외 법인 — 계획서 7-2,
1-2b 명단 밖 코스피 모회사의 종속,NEW&COMPANY ONE (NEW AND COMPANY ONE) PTE. LTD.,SK이노베이션(주),,,해외 법인,해외 법인 — 계획서 7-2,
1-2b 명단 밖 코스피 모회사의 종속,멀티에셋 신의도 태양광 일반사모투자신탁 제1호,SK이노베이션(주),,,명목회사·펀드·SPC·신탁 상품,펀드·SPC·투자조합·신탁 상품·명목회사 — 계획서 7-2,
1-2b 명단 밖 코스피 모회사의 종속,NEW RENEWABLE ENERGY NO.1 JSC,SK이노베이션(주),,,해외 법인,해외 법인 — 계획서 7-2,
1-2b 명단 밖 코스피 모회사의 종속,SOLWIND ENERGY JOINT STOCK COMPANY,SK이노베이션(주),,,해외 법인,해외 법인 — 계획서 7-2,
1-2b 명단 밖 코스피 모회사의 종속,차파트너스 인천에이치투모빌리티 인프라 사모투자합자회사,SK이노베이션(주),,,명목회사·펀드·SPC·신탁 상품,펀드·SPC·투자조합·신탁 상품·명목회사 — 계획서 7-2,
1-2b 명단 밖 코스피 모회사의 종속,트러스톤 ESG 신재생에너지 일반사모투자신탁 제 1호,SK이노베이션(주),,,명목회사·펀드·SPC·신탁 상품,펀드·SPC·투자조합·신탁 상품·명목회사 — 계획서 7-2,
1-2b 명단 밖 코스피 모회사의 종속,"SK Innovation America, Inc.",SK이노베이션(주),,,해외 법인,해외 법인 — 계획서 7-2,
1-2b 명단 밖 코스피 모회사의 종속,"SK Innovation Insurance (Bermuda), Ltd.",SK이노베이션(주),,,해외 법인,해외 법인 — 계획서 7-2,
1-2b 명단 밖 코스피 모회사의 종속,삼부 카자흐스탄,삼부토건(주),,,해외 법인,해외 법인 — 계획서 7-2,
1-2b 명단 밖 코스피 모회사의 종속,INO LLP,삼부토건(주),,,해외 법인,해외 법인 — 계획서 7-2,
1-2b 명단 밖 코스피 모회사의 종속,SGI -신성장메짜닌펀드,삼호개발(주),,,명목회사·펀드·SPC·신탁 상품,펀드·SPC·투자조합·신탁 상품·명목회사 — 계획서 7-2,
1-2b 명단 밖 코스피 모회사의 종속,SGI-세컨더리투자조합 제2호,삼호개발(주),,,명목회사·펀드·SPC·신탁 상품,펀드·SPC·투자조합·신탁 상품·명목회사 — 계획서 7-2,
1-2b 명단 밖 코스피 모회사의 종속,SGI-Falcon Hydrogen Tech,삼호개발(주),,,해외 법인,해외 법인 — 계획서 7-2,
1-2b 명단 밖 코스피 모회사의 종속,PT. Doosan Heavy Industries Indonesia,두산에너빌리티(주),,,해외 법인,해외 법인 — 계획서 7-2,
1-2b 명단 밖 코스피 모회사의 종속,Doosan Enerbility Japan Corp.,두산에너빌리티(주),,,해외 법인,해외 법인 — 계획서 7-2,
1-2b 명단 밖 코스피 모회사의 종속,Doosan Power Systems India Private Ltd.,두산에너빌리티(주),,,해외 법인,해외 법인 — 계획서 7-2,
1-2b 명단 밖 코스피 모회사의 종속,Doosan Water UK Ltd,두산에너빌리티(주),,,해외 법인,해외 법인 — 계획서 7-2,
1-2b 명단 밖 코스피 모회사의 종속,Doosan Heavy Industries Muscat SPC,두산에너빌리티(주),,,해외 법인,해외 법인 — 계획서 7-2,
1-2b 명단 밖 코스피 모회사의 종속,Doosan Power Systems Arabia Company Limited,두산에너빌리티(주),,,해외 법인,해외 법인 — 계획서 7-2,
1-2b 명단 밖 코스피 모회사의 종속,Azul Torre Construction Corporation,두산에너빌리티(주),,,해외 법인,해외 법인 — 계획서 7-2,
1-2b 명단 밖 코스피 모회사의 종속,Doosan Enerbility America Holdings Inc.,두산에너빌리티(주),,,해외 법인,해외 법인 — 계획서 7-2,
1-2b 명단 밖 코스피 모회사의 종속,Doosan GridTech Inc.,두산에너빌리티(주),,,해외 법인,해외 법인 — 계획서 7-2,
1-2b 명단 밖 코스피 모회사의 종속,Doosan Power Systems S.A.,두산에너빌리티(주),,,해외 법인,해외 법인 — 계획서 7-2,
1-2b 명단 밖 코스피 모회사의 종속,"Doosan Ukudu Power, LLC.",두산에너빌리티(주),,,해외 법인,해외 법인 — 계획서 7-2,
1-2b 명단 밖 코스피 모회사의 종속,"D20 Capital, LLC",두산에너빌리티(주),,,해외 법인,해외 법인 — 계획서 7-2,
1-2b 명단 밖 코스피 모회사의 종속,Doosan Heavy Industries Malaysia Sdn. Bhd,두산에너빌리티(주),,,해외 법인,해외 법인 — 계획서 7-2,
1-2b 명단 밖 코스피 모회사의 종속,"두산건설㈜ 상환전환우선주(주2,3)",두산에너빌리티(주),,,우선주,우선주 등 — 지배력 판단에 쓰지 않음,
1-2b 명단 밖 코스피 모회사의 종속,GME,현대자동차(주),,,해외 법인,해외 법인 — 계획서 7-2,
1-2b 명단 밖 코스피 모회사의 종속,HMMI,현대자동차(주),,,해외 법인,해외 법인 — 계획서 7-2,
1-2b 명단 밖 코스피 모회사의 종속,HHM,현대자동차(주),,,해외 법인,해외 법인 — 계획서 7-2,
1-2b 명단 밖 코스피 모회사의 종속,HTBC,현대자동차(주),,,해외 법인,해외 법인 — 계획서 7-2,
1-2b 명단 밖 코스피 모회사의 종속,HMID,현대자동차(주),,,해외 법인,해외 법인 — 계획서 7-2,
1-2b 명단 밖 코스피 모회사의 종속,SUPERNAL,현대자동차(주),,,해외 법인,해외 법인 — 계획서 7-2,
1-2b 명단 밖 코스피 모회사의 종속,HTV,현대자동차(주),,,해외 법인,해외 법인 — 계획서 7-2,
1-2b 명단 밖 코스피 모회사의 종속,HMBSC,현대자동차(주),,,해외 법인,해외 법인 — 계획서 7-2,
1-2b 명단 밖 코스피 모회사의 종속,HMS,현대자동차(주),,,해외 법인,해외 법인 — 계획서 7-2,
1-2b 명단 밖 코스피 모회사의 종속,HMPH,현대자동차(주),,,해외 법인,해외 법인 — 계획서 7-2,
1-2b 명단 밖 코스피 모회사의 종속,에어플러그,현대자동차(주),,,우선주,우선주 등 — 지배력 판단에 쓰지 않음,
1-2b 명단 밖 코스피 모회사의 종속,제로원 액셀러레이터 투자펀드1호,현대자동차(주),,,명목회사·펀드·SPC·신탁 상품,펀드·SPC·투자조합·신탁 상품·명목회사 — 계획서 7-2,
1-2b 명단 밖 코스피 모회사의 종속,China Mobility Fund,현대자동차(주),,,해외 법인,해외 법인 — 계획서 7-2,
1-2b 명단 밖 코스피 모회사의 종속,BHMC,현대자동차(주),,,해외 법인,해외 법인 — 계획서 7-2,
1-2b 명단 밖 코스피 모회사의 종속,WAE,현대자동차(주),,,해외 법인,해외 법인 — 계획서 7-2,
1-2b 명단 밖 코스피 모회사의 종속,HMGC,현대자동차(주),,,해외 법인,해외 법인 — 계획서 7-2,
1-2b 명단 밖 코스피 모회사의 종속,HMGICS,현대자동차(주),,,해외 법인,해외 법인 — 계획서 7-2,
1-2b 명단 밖 코스피 모회사의 종속,HTWO,현대자동차(주),,,해외 법인,해외 법인 — 계획서 7-2,
1-2b 명단 밖 코스피 모회사의 종속,Motional,현대자동차(주),,,해외 법인,해외 법인 — 계획서 7-2,
1-2b 명단 밖 코스피 모회사의 종속,현대기술투자수소펀드,현대자동차(주),,,명목회사·펀드·SPC·신탁 상품,펀드·SPC·투자조합·신탁 상품·명목회사 — 계획서 7-2,
1-2b 명단 밖 코스피 모회사의 종속,태양광펀드,현대자동차(주),,,명목회사·펀드·SPC·신탁 상품,펀드·SPC·투자조합·신탁 상품·명목회사 — 계획서 7-2,
1-2b 명단 밖 코스피 모회사의 종속,현대차그룹미래차성장펀드,현대자동차(주),,,명목회사·펀드·SPC·신탁 상품,펀드·SPC·투자조합·신탁 상품·명목회사 — 계획서 7-2,
1-2b 명단 밖 코스피 모회사의 종속,42dot,현대자동차(주),,,해외 법인,해외 법인 — 계획서 7-2,
1-2b 명단 밖 코스피 모회사의 종속,AI Alliance Fund,현대자동차(주),,,해외 법인,해외 법인 — 계획서 7-2,
1-2b 명단 밖 코스피 모회사의 종속,Hydrogenic Energy Fund,현대자동차(주),,,해외 법인,해외 법인 — 계획서 7-2,
1-2b 명단 밖 코스피 모회사의 종속,HMG Global LLC,현대자동차(주),,,해외 법인,해외 법인 — 계획서 7-2,
1-2b 명단 밖 코스피 모회사의 종속,Robotics and AI Institute,현대자동차(주),,,해외 법인,해외 법인 — 계획서 7-2,
1-2b 명단 밖 코스피 모회사의 종속,Hyundai Mobility (Thailand),현대자동차(주),,,해외 법인,해외 법인 — 계획서 7-2,
1-2b 명단 밖 코스피 모회사의 종속,타이거대체일반사모부동산투자신탁318호,현대자동차(주),,,명목회사·펀드·SPC·신탁 상품,펀드·SPC·투자조합·신탁 상품·명목회사 — 계획서 7-2,
1-2b 명단 밖 코스피 모회사의 종속,HCM,현대자동차(주),,,해외 법인,해외 법인 — 계획서 7-2,
1-2b 명단 밖 코스피 모회사의 종속,HMMEA,현대자동차(주),,,해외 법인,해외 법인 — 계획서 7-2,
1-2b 명단 밖 코스피 모회사의 종속,에이치엠지에스 유한회사,현대자동차(주),,,명목회사·펀드·SPC·신탁 상품,펀드·SPC·투자조합·신탁 상품·명목회사 — 계획서 7-2,
1-2b 명단 밖 코스피 모회사의 종속,HCV&H2,현대자동차(주),,,해외 법인,해외 법인 — 계획서 7-2,
1-2b 명단 밖 코스피 모회사의 종속,HMMY,현대자동차(주),,,해외 법인,해외 법인 — 계획서 7-2,
1-2b 명단 밖 코스피 모회사의 종속,HTWO Logistics,현대자동차(주),,,해외 법인,해외 법인 — 계획서 7-2,
1-2b 명단 밖 코스피 모회사의 종속,HCMMEA,현대자동차(주),,,해외 법인,해외 법인 — 계획서 7-2,
1-2b 명단 밖 코스피 모회사의 종속,CoMo China,현대자동차(주),,,해외 법인,해외 법인 — 계획서 7-2,
1-2b 명단 밖 코스피 모회사의 종속,Factorial Fund 2 Opportunity,현대자동차(주),,,해외 법인,해외 법인 — 계획서 7-2,
1-2b 명단 밖 코스피 모회사의 종속,제로원3호신기술투자조합,현대자동차(주),,,명목회사·펀드·SPC·신탁 상품,펀드·SPC·투자조합·신탁 상품·명목회사 — 계획서 7-2,
1-2b 명단 밖 코스피 모회사의 종속,이든일반사모부동산투자신탁제17호,현대자동차(주),,,명목회사·펀드·SPC·신탁 상품,펀드·SPC·투자조합·신탁 상품·명목회사 — 계획서 7-2,
1-2b 명단 밖 코스피 모회사의 종속,Maniv Revel Fund,현대자동차(주),,,해외 법인,해외 법인 — 계획서 7-2,
1-2b 명단 밖 코스피 모회사의 종속,HMA,현대자동차(주),,,해외 법인,해외 법인 — 계획서 7-2,
1-2b 명단 밖 코스피 모회사의 종속,HMI,현대자동차(주),,,해외 법인,해외 법인 — 계획서 7-2,
1-2b 명단 밖 코스피 모회사의 종속,HMMC,현대자동차(주),,,해외 법인,해외 법인 — 계획서 7-2,
1-2b 명단 밖 코스피 모회사의 종속,HMB,현대자동차(주),,,해외 법인,해외 법인 — 계획서 7-2,
1-2b 명단 밖 코스피 모회사의 종속,HMTR,현대자동차(주),,,해외 법인,해외 법인 — 계획서 7-2,
1-2b 명단 밖 코스피 모회사의 종속,HT,현대자동차(주),,,해외 법인,해외 법인 — 계획서 7-2,
1-2b 명단 밖 코스피 모회사의 종속,HMF,현대자동차(주),,,해외 법인,해외 법인 — 계획서 7-2,
1-2b 명단 밖 코스피 모회사의 종속,HMD,현대자동차(주),,,해외 법인,해외 법인 — 계획서 7-2,
1-2b 명단 밖 코스피 모회사의 종속,HMES,현대자동차(주),,,해외 법인,해외 법인 — 계획서 7-2,
1-2b 명단 밖 코스피 모회사의 종속,HMCI,현대자동차(주),,,해외 법인,해외 법인 — 계획서 7-2,
1-2b 명단 밖 코스피 모회사의 종속,HMETC,현대자동차(주),,,해외 법인,해외 법인 — 계획서 7-2,
1-2b 명단 밖 코스피 모회사의 종속,HMCIS B.V,현대자동차(주),,,해외 법인,해외 법인 — 계획서 7-2,
1-2b 명단 밖 코스피 모회사의 종속,CMEs,현대자동차(주),,,해외 법인,해외 법인 — 계획서 7-2,
1-2b 명단 밖 코스피 모회사의 종속,HMCA,현대자동차(주),,,해외 법인,해외 법인 — 계획서 7-2,
1-2b 명단 밖 코스피 모회사의 종속,HMP,현대자동차(주),,,해외 법인,해외 법인 — 계획서 7-2,
1-2b 명단 밖 코스피 모회사의 종속,HME,현대자동차(주),,,해외 법인,해외 법인 — 계획서 7-2,
1-2b 명단 밖 코스피 모회사의 종속,HATCI,현대자동차(주),,,해외 법인,해외 법인 — 계획서 7-2,
1-2b 명단 밖 코스피 모회사의 종속,HMCZ,현대자동차(주),,,해외 법인,해외 법인 — 계획서 7-2,
1-2b 명단 밖 코스피 모회사의 종속,HMUK,현대자동차(주),,,해외 법인,해외 법인 — 계획서 7-2,
1-2b 명단 밖 코스피 모회사의 종속,HMM,현대자동차(주),,,해외 법인,해외 법인 — 계획서 7-2,
1-2b 명단 밖 코스피 모회사의 종속,HMJ R&D,현대자동차(주),,,해외 법인,해외 법인 — 계획서 7-2,
1-2b 명단 밖 코스피 모회사의 종속,HMJ,현대자동차(주),,,해외 법인,해외 법인 — 계획서 7-2,
1-2b 명단 밖 코스피 모회사의 종속,HCCA,현대자동차(주),,,해외 법인,해외 법인 — 계획서 7-2,
1-2b 명단 밖 코스피 모회사의 종속,HMNL,현대자동차(주),,,해외 법인,해외 법인 — 계획서 7-2,
1-2b 명단 밖 코스피 모회사의 종속,HTBR,현대자동차(주),,,해외 법인,해외 법인 — 계획서 7-2,
1-2b 명단 밖 코스피 모회사의 종속,HTMV,현대자동차(주),,,해외 법인,해외 법인 — 계획서 7-2,
1-2b 명단 밖 코스피 모회사의 종속,HTCV,현대자동차(주),,,해외 법인,해외 법인 — 계획서 7-2,
1-2b 명단 밖 코스피 모회사의 종속,GMC,현대자동차(주),,,해외 법인,해외 법인 — 계획서 7-2,
1-2b 명단 밖 코스피 모회사의 종속,에이치디씨아이파크제1호 위탁관리부동산투자회사,아이파크현대산업개발(주),,,명목회사·펀드·SPC·신탁 상품,펀드·SPC·투자조합·신탁 상품·명목회사 — 계획서 7-2,
1-2b 명단 밖 코스피 모회사의 종속,에이치디씨아이파크제2호 위탁관리부동산투자회사,아이파크현대산업개발(주),,,명목회사·펀드·SPC·신탁 상품,펀드·SPC·투자조합·신탁 상품·명목회사 — 계획서 7-2,
1-2b 명단 밖 코스피 모회사의 종속,"LG H&H USA, Inc.",(주)LG생활건강,,,해외 법인,해외 법인 — 계획서 7-2,
1-2b 명단 밖 코스피 모회사의 종속,"LG Household & Health Care (Taiwan), Ltd.",(주)LG생활건강,,,해외 법인,해외 법인 — 계획서 7-2,
1-2b 명단 밖 코스피 모회사의 종속,"LG HOUSEHOLD AND HEALTH CARE COSMETICS R AND D (SHANGHAI) CO., LTD.",(주)LG생활건강,,,해외 법인,해외 법인 — 계획서 7-2,
1-2b 명단 밖 코스피 모회사의 종속,LG H&H Tokyo R&D Center Inc.,(주)LG생활건강,,,해외 법인,해외 법인 — 계획서 7-2,
1-2b 명단 밖 코스피 모회사의 종속,"Avon Manufacturing(Guangzhou), Ltd.",(주)LG생활건강,,,해외 법인,해외 법인 — 계획서 7-2,
1-2b 명단 밖 코스피 모회사의 종속,The Avon Company Canada Limited,(주)LG생활건강,,,해외 법인,해외 법인 — 계획서 7-2,
1-2b 명단 밖 코스피 모회사의 종속,LG Household & Health Care (Thailand) Limited,(주)LG생활건강,,,해외 법인,해외 법인 — 계획서 7-2,
1-2b 명단 밖 코스피 모회사의 종속,LG H&H Singapore Private Limited,(주)LG생활건강,,,해외 법인,해외 법인 — 계획서 7-2,
1-2b 명단 밖 코스피 모회사의 종속,Ginza Stefany Inc.,(주)LG생활건강,,,해외 법인,해외 법인 — 계획서 7-2,
1-2b 명단 밖 코스피 모회사의 종속,LG Household & Healthcare Malaysia Sdn. Bhd.,(주)LG생활건강,,,해외 법인,해외 법인 — 계획서 7-2,
1-2b 명단 밖 코스피 모회사의 종속,LG H&H UK LTD,(주)LG생활건강,,,해외 법인,해외 법인 — 계획서 7-2,
1-2b 명단 밖 코스피 모회사의 종속,Boinca Inc.,(주)LG생활건강,,,해외 법인,해외 법인 — 계획서 7-2,
1-2b 명단 밖 코스피 모회사의 종속,"The Creme Shop, Inc.",(주)LG생활건강,,,해외 법인,해외 법인 — 계획서 7-2,
1-2b 명단 밖 코스피 모회사의 종속,"IgniteXL Ventures II, LP",(주)LG생활건강,,,해외 법인,해외 법인 — 계획서 7-2,
1-2b 명단 밖 코스피 모회사의 종속,"Everlife Co., Ltd.",(주)LG생활건강,,,해외 법인,해외 법인 — 계획서 7-2,
1-2b 명단 밖 코스피 모회사의 종속,마크-솔리드원 뷰티인텔리전스펀드 1호,(주)LG생활건강,,,명목회사·펀드·SPC·신탁 상품,펀드·SPC·투자조합·신탁 상품·명목회사 — 계획서 7-2,
1-2b 명단 밖 코스피 모회사의 종속,인포뱅크 뷰티테크 벨류업 벤처투자조합,(주)LG생활건강,,,명목회사·펀드·SPC·신탁 상품,펀드·SPC·투자조합·신탁 상품·명목회사 — 계획서 7-2,
1-2b 명단 밖 코스피 모회사의 종속,"LG Household & Health Care Trading (Shanghai) Co., Ltd",(주)LG생활건강,,,해외 법인,해외 법인 — 계획서 7-2,
1-2b 명단 밖 코스피 모회사의 종속,"Beijing LG Household Chemical Co., Ltd.",(주)LG생활건강,,,해외 법인,해외 법인 — 계획서 7-2,
1-2b 명단 밖 코스피 모회사의 종속,LG VINA COSMETICS COMPANY LIMITED,(주)LG생활건강,,,해외 법인,해외 법인 — 계획서 7-2,
1-2b 명단 밖 코스피 모회사의 종속,(주)대신밸류리츠사모제1호위탁관리부동산투자회사,주식회사 대신밸류리츠위탁관리부동산투자회사,,,명목회사·펀드·SPC·신탁 상품,펀드·SPC·투자조합·신탁 상품·명목회사 — 계획서 7-2,
1-2b 명단 밖 코스피 모회사의 종속,(주)대신밸류리츠사모제1호 위탁관리부동산투자회사,주식회사 대신밸류리츠위탁관리부동산투자회사,,,명목회사·펀드·SPC·신탁 상품,펀드·SPC·투자조합·신탁 상품·명목회사 — 계획서 7-2,
1-2b 명단 밖 코스피 모회사의 종속,(주)대신밸류리츠사모제1호 위탁관리부동산투자회사,주식회사 대신밸류리츠위탁관리부동산투자회사,,,명목회사·펀드·SPC·신탁 상품,펀드·SPC·투자조합·신탁 상품·명목회사 — 계획서 7-2,
1-2b 명단 밖 코스피 모회사의 종속,한화상업설비(상해)유한공사,한화비전(주),,,해외 법인,해외 법인 — 계획서 7-2,
1-2b 명단 밖 코스피 모회사의 종속,"Hanwha Vision America, Inc.",한화비전(주),,,해외 법인,해외 법인 — 계획서 7-2,
1-2b 명단 밖 코스피 모회사의 종속,"Hanwha Vision Europe, Ltd.",한화비전(주),,,해외 법인,해외 법인 — 계획서 7-2,
1-2b 명단 밖 코스피 모회사의 종속,Hanwha Vision Middle East FZE,한화비전(주),,,해외 법인,해외 법인 — 계획서 7-2,
1-2b 명단 밖 코스피 모회사의 종속,Hanwha Vision Vietnam Company Limited,한화비전(주),,,해외 법인,해외 법인 — 계획서 7-2,
1-2b 명단 밖 코스피 모회사의 종속,"Fabless Pioneer Holdings, Inc.",한화비전(주),,,해외 법인,해외 법인 — 계획서 7-2,
1-2b 명단 밖 코스피 모회사의 종속,㈜케이리얼티제11호위탁관리 부동산투자회사,(주)케이티씨에스,,,명목회사·펀드·SPC·신탁 상품,펀드·SPC·투자조합·신탁 상품·명목회사 — 계획서 7-2,
1-2b 명단 밖 코스피 모회사의 종속,강남제비스코(베트남),강남제비스코(주),,,해외 법인,해외 법인 — 계획서 7-2,
1-2b 명단 밖 코스피 모회사의 종속,북경덕양중차기차영 부건유한회사,디와이덕양(주),,,명목회사·펀드·SPC·신탁 상품,펀드·SPC·투자조합·신탁 상품·명목회사 — 계획서 7-2,
1-2b 명단 밖 코스피 모회사의 종속,DY DEOKYANG AMERICA,디와이덕양(주),,,해외 법인,해외 법인 — 계획서 7-2,
1-2b 명단 밖 코스피 모회사의 종속,선양화성덕양자동차 부품유한회사,디와이덕양(주),,,명목회사·펀드·SPC·신탁 상품,펀드·SPC·투자조합·신탁 상품·명목회사 — 계획서 7-2,
1-2b 명단 밖 코스피 모회사의 종속,티케이지브이 1호 신기술사업투자조합,티케이지휴켐스(주),,,명목회사·펀드·SPC·신탁 상품,펀드·SPC·투자조합·신탁 상품·명목회사 — 계획서 7-2,
1-2b 명단 밖 코스피 모회사의 종속,티케이지브이 2호 신기술사업투자조합*,티케이지휴켐스(주),,,명목회사·펀드·SPC·신탁 상품,펀드·SPC·투자조합·신탁 상품·명목회사 — 계획서 7-2,
1-2b 명단 밖 코스피 모회사의 종속,티케이지브이 3호 신기술사업투자조합,티케이지휴켐스(주),,,명목회사·펀드·SPC·신탁 상품,펀드·SPC·투자조합·신탁 상품·명목회사 — 계획서 7-2,
1-2b 명단 밖 코스피 모회사의 종속,CONG TY TNHH MIRAE CORPORATION VINA,미래산업(주),,,해외 법인,해외 법인 — 계획서 7-2,
1-2b 명단 밖 코스피 모회사의 종속,Suzhou Mirae Automation,미래산업(주),,,해외 법인,해외 법인 — 계획서 7-2,
1-2b 명단 밖 코스피 모회사의 종속,Ilsung Development LLC.,일성건설(주),,,해외 법인,해외 법인 — 계획서 7-2,
1-2b 명단 밖 코스피 모회사의 종속,ILSUNG VICTORIA PARAGUAY S.A.,일성건설(주),,,해외 법인,해외 법인 — 계획서 7-2,
1-2b 명단 밖 코스피 모회사의 종속,"ILSUNG-KR JV Co., Ltd.",일성건설(주),,,해외 법인,해외 법인 — 계획서 7-2,
1-2b 명단 밖 코스피 모회사의 종속,PT TERRA LINK TECHNOLOGIES,현대오토에버(주),,,해외 법인,해외 법인 — 계획서 7-2,
1-2b 명단 밖 코스피 모회사의 종속,"Beijing Hyundai information Technology Co., Ltd.",현대오토에버(주),,,해외 법인,해외 법인 — 계획서 7-2,
1-2b 명단 밖 코스피 모회사의 종속,북경마이카스웨이정보기술유한공사,현대오토에버(주),,,해외 법인,해외 법인 — 계획서 7-2,
1-2b 명단 밖 코스피 모회사의 종속,"Autoever Systems China Co., Ltd.",현대오토에버(주),,,해외 법인,해외 법인 — 계획서 7-2,
1-2b 명단 밖 코스피 모회사의 종속,Hyundai Autoever India Pvt. Ltd.,현대오토에버(주),,,해외 법인,해외 법인 — 계획서 7-2,
1-2b 명단 밖 코스피 모회사의 종속,Hyundai Autoever Europe GmbH,현대오토에버(주),,,해외 법인,해외 법인 — 계획서 7-2,
1-2b 명단 밖 코스피 모회사의 종속,"Autoever Systems America, Inc.",현대오토에버(주),,,해외 법인,해외 법인 — 계획서 7-2,
1-2b 명단 밖 코스피 모회사의 종속,Hyundai Autoever Brasil Tecnologia da Informacao Ltda.,현대오토에버(주),,,해외 법인,해외 법인 — 계획서 7-2,
1-2b 명단 밖 코스피 모회사의 종속,"Hyundai Autoever Mexico, S. DE R.L. DE C.V",현대오토에버(주),,,해외 법인,해외 법인 — 계획서 7-2,
1-2b 명단 밖 코스피 모회사의 종속,PT Hyundai Autoever Indonesia,현대오토에버(주),,,해외 법인,해외 법인 — 계획서 7-2,
1-2b 명단 밖 코스피 모회사의 종속,한화해양공정(산동)유한공사,한화오션(주),,,해외 법인,해외 법인 — 계획서 7-2,
1-2b 명단 밖 코스피 모회사의 종속,DSME Kazakhstan LLP,한화오션(주),,,해외 법인,해외 법인 — 계획서 7-2,
1-2b 명단 밖 코스피 모회사의 종속,PT DSME Indonesia,한화오션(주),,,해외 법인,해외 법인 — 계획서 7-2,
1-2b 명단 밖 코스피 모회사의 종속,DY Shipping Ltd.,한화오션(주),,,해외 법인,해외 법인 — 계획서 7-2,
1-2b 명단 밖 코스피 모회사의 종속,DY Tankers Ltd.,한화오션(주),,,해외 법인,해외 법인 — 계획서 7-2,
1-2b 명단 밖 코스피 모회사의 종속,DY Maritime Ltd.,한화오션(주),,,해외 법인,해외 법인 — 계획서 7-2,
1-2b 명단 밖 코스피 모회사의 종속,DY Destiny Ltd.,한화오션(주),,,해외 법인,해외 법인 — 계획서 7-2,
1-2b 명단 밖 코스피 모회사의 종속,Hanwha Ocean USA Holdings Corp.,한화오션(주),,,해외 법인,해외 법인 — 계획서 7-2,
1-2b 명단 밖 코스피 모회사의 종속,"Shandong Lukang Biotechnology Development Co., Ltd.",(주)오리온홀딩스,,,해외 법인,해외 법인 — 계획서 7-2,
1-2b 명단 밖 코스피 모회사의 종속,"Shanghai Anilam Biologics Co., Ltd",(주)오리온홀딩스,,,해외 법인,해외 법인 — 계획서 7-2,
1-2b 명단 밖 코스피 모회사의 종속,대전용산개발㈜,부국증권(주),,,우선주,우선주 등 — 지배력 판단에 쓰지 않음,
1-2b 명단 밖 코스피 모회사의 종속,파주문화공작소,부국증권(주),,,우선주,우선주 등 — 지배력 판단에 쓰지 않음,
1-2b 명단 밖 코스피 모회사의 종속,,(주)한창,,,자료 문제 (조회 실패·출자현황 없음·지분율 오류),"출자현황 자료 없음 — 원문 확인, 필요하면 수동 입력 파일에 적음 (2025 사업보고서 표 형식 아님(숫자 지분율 없음); 2025 3분기보고서 표 형식 아님(숫자 지분율 없음); 2025 반기보고서 표 형식 아님(숫자 지분율 없음); 2024 사업보고서 표 형식 아님(숫자 지분율 없음))",
1-2b 명단 밖 코스피 모회사의 종속,Volta Energy Solutions S.a r.l .,솔루스첨단소재 주식회사,,,해외 법인,해외 법인 — 계획서 7-2,
1-2b 명단 밖 코스피 모회사의 종속,솔루스 고신재료창수 유한공사,솔루스첨단소재 주식회사,,,해외 법인,해외 법인 — 계획서 7-2,
1-2b 명단 밖 코스피 모회사의 종속,청도삼영전자유한공사,삼영전자공업(주),,,해외 법인,해외 법인 — 계획서 7-2,
1-2b 명단 밖 코스피 모회사의 종속,SAJO AMERICA,사조산업(주),,,해외 법인,해외 법인 — 계획서 7-2,
1-2b 명단 밖 코스피 모회사의 종속,YANTAR CO,사조산업(주),,,해외 법인,해외 법인 — 계획서 7-2,
1-2b 명단 밖 코스피 모회사의 종속,ORION CO,사조산업(주),,,해외 법인,해외 법인 — 계획서 7-2,
1-2b 명단 밖 코스피 모회사의 종속,KSFC,사조산업(주),,,해외 법인,해외 법인 — 계획서 7-2,
1-2b 명단 밖 코스피 모회사의 종속,TUSA,사조산업(주),,,해외 법인,해외 법인 — 계획서 7-2,
1-2b 명단 밖 코스피 모회사의 종속,SAJO VANUATU,사조산업(주),,,해외 법인,해외 법인 — 계획서 7-2,
1-2b 명단 밖 코스피 모회사의 종속,세아윈드 RCPS,(주)세아제강,,,우선주,우선주 등 — 지배력 판단에 쓰지 않음,
1-2b 명단 밖 코스피 모회사의 종속,스타트업 코리아 제피러스 혁신펀드,KG스틸(주),,,명목회사·펀드·SPC·신탁 상품,펀드·SPC·투자조합·신탁 상품·명목회사 — 계획서 7-2,
1-2b 명단 밖 코스피 모회사의 종속,동부Singapore Pte. Ltd.,KG스틸(주),,,해외 법인,해외 법인 — 계획서 7-2,
1-2b 명단 밖 코스피 모회사의 종속,제피러스모빌리티벤처투자조합13호,KG스틸(주),,,명목회사·펀드·SPC·신탁 상품,펀드·SPC·투자조합·신탁 상품·명목회사 — 계획서 7-2,
1-2b 명단 밖 코스피 모회사의 종속,지베스코일반투자형사모부동산투자신탁1호,지에스건설(주),,,명목회사·펀드·SPC·신탁 상품,펀드·SPC·투자조합·신탁 상품·명목회사 — 계획서 7-2,
1-2b 명단 밖 코스피 모회사의 종속,"GS Redlands, LLC",지에스건설(주),,,해외 법인,해외 법인 — 계획서 7-2,
1-2b 명단 밖 코스피 모회사의 종속,"GS MINH HUNG SIKICO CO., LTD.",지에스건설(주),,,해외 법인,해외 법인 — 계획서 7-2,
1-2b 명단 밖 코스피 모회사의 종속,"GS E&C Development (Thailand) Co., Ltd",지에스건설(주),,,해외 법인,해외 법인 — 계획서 7-2,
1-2b 명단 밖 코스피 모회사의 종속,GS SPV PTY LTD,지에스건설(주),,,해외 법인,해외 법인 — 계획서 7-2,
1-2b 명단 밖 코스피 모회사의 종속,The Trustee for GS NEL Trust,지에스건설(주),,,해외 법인,해외 법인 — 계획서 7-2,
1-2b 명단 밖 코스피 모회사의 종속,GSFC FUND I LLC,지에스건설(주),,,해외 법인,해외 법인 — 계획서 7-2,
1-2b 명단 밖 코스피 모회사의 종속,ZEIT DEVELOPMENT POLAND LLC,지에스건설(주),,,해외 법인,해외 법인 — 계획서 7-2,
1-2b 명단 밖 코스피 모회사의 종속,"400 LOGUE LP, LLC",지에스건설(주),,,해외 법인,해외 법인 — 계획서 7-2,
1-2b 명단 밖 코스피 모회사의 종속,"400 LOGUE GP, LLC",지에스건설(주),,,해외 법인,해외 법인 — 계획서 7-2,
1-2b 명단 밖 코스피 모회사의 종속,햇들원지붕형태양광1호㈜,지에스건설(주),,,명목회사·펀드·SPC·신탁 상품,펀드·SPC·투자조합·신탁 상품·명목회사 — 계획서 7-2,
1-2b 명단 밖 코스피 모회사의 종속,"Zeit Homes, Inc.",지에스건설(주),,,해외 법인,해외 법인 — 계획서 7-2,
1-2b 명단 밖 코스피 모회사의 종속,Urban Gateway Fund I Limited,지에스건설(주),,,해외 법인,해외 법인 — 계획서 7-2,
1-2b 명단 밖 코스피 모회사의 종속,엑스플로-스마트시티투자조합1호,지에스건설(주),,,명목회사·펀드·SPC·신탁 상품,펀드·SPC·투자조합·신탁 상품·명목회사 — 계획서 7-2,
1-2b 명단 밖 코스피 모회사의 종속,Zeit Green Development India Pvt. Ltd.,지에스건설(주),,,해외 법인,해외 법인 — 계획서 7-2,
1-2b 명단 밖 코스피 모회사의 종속,파빌리온엠씨클라이밋테크제일호사모투자합자회사,지에스건설(주),,,명목회사·펀드·SPC·신탁 상품,펀드·SPC·투자조합·신탁 상품·명목회사 — 계획서 7-2,
1-2b 명단 밖 코스피 모회사의 종속,사상해운대고속도로㈜,지에스건설(주),,,해외 법인,해외 법인 — 계획서 7-2,
1-2b 명단 밖 코스피 모회사의 종속,엑스플로-오픈이노베이션투자조합,지에스건설(주),,,명목회사·펀드·SPC·신탁 상품,펀드·SPC·투자조합·신탁 상품·명목회사 — 계획서 7-2,
1-2b 명단 밖 코스피 모회사의 종속,GAYA STRATEGIC ENTERPRISE CORPORATION PTE. LTD.,지에스건설(주),,,해외 법인,해외 법인 — 계획서 7-2,
1-2b 명단 밖 코스피 모회사의 종속,햇들원지붕형태양광2호㈜,지에스건설(주),,,명목회사·펀드·SPC·신탁 상품,펀드·SPC·투자조합·신탁 상품·명목회사 — 계획서 7-2,
1-2b 명단 밖 코스피 모회사의 종속,GS E&C Brazil Ltda.,지에스건설(주),,,해외 법인,해외 법인 — 계획서 7-2,
1-2b 명단 밖 코스피 모회사의 종속,지베스코일반사모부동산투자회사1호,지에스건설(주),,,명목회사·펀드·SPC·신탁 상품,펀드·SPC·투자조합·신탁 상품·명목회사 — 계획서 7-2,
1-2b 명단 밖 코스피 모회사의 종속,이지스일반사모부동산투자신탁제462호,지에스건설(주),,,명목회사·펀드·SPC·신탁 상품,펀드·SPC·투자조합·신탁 상품·명목회사 — 계획서 7-2,
1-2b 명단 밖 코스피 모회사의 종속,GS E&C INDIA PRIVATE LIMITED,지에스건설(주),,,해외 법인,해외 법인 — 계획서 7-2,
1-2b 명단 밖 코스피 모회사의 종속,VGSI ELEVATOR LIMITED LIABILITY COMPANY,지에스건설(주),,,해외 법인,해외 법인 — 계획서 7-2,
1-2b 명단 밖 코스피 모회사의 종속,VGSI ALUMINIUM FORM LIMITED LIABILITY COMPANY,지에스건설(주),,,해외 법인,해외 법인 — 계획서 7-2,
1-2b 명단 밖 코스피 모회사의 종속,VGSI PILE LIMITED LIABILITY COMPANY,지에스건설(주),,,해외 법인,해외 법인 — 계획서 7-2,
1-2b 명단 밖 코스피 모회사의 종속,PHU MY INNOVATIVE MATERIALS LIMITED LIABILITY COMPANY,지에스건설(주),,,해외 법인,해외 법인 — 계획서 7-2,
1-2b 명단 밖 코스피 모회사의 종속,GS E&C USA Inc,지에스건설(주),,,해외 법인,해외 법인 — 계획서 7-2,
1-2b 명단 밖 코스피 모회사의 종속,GS Construction Arabia Sole Proprietorship Ltd,지에스건설(주),,,해외 법인,해외 법인 — 계획서 7-2,
1-2b 명단 밖 코스피 모회사의 종속,"GS E&C Nanjing Co.,Ltd.",지에스건설(주),,,해외 법인,해외 법인 — 계획서 7-2,
1-2b 명단 밖 코스피 모회사의 종속,GS E&C POLAND SP.ZO.O,지에스건설(주),,,해외 법인,해외 법인 — 계획서 7-2,
1-2b 명단 밖 코스피 모회사의 종속,GS Engineering & Construction Mumbai Pvt. Ltd.,지에스건설(주),,,해외 법인,해외 법인 — 계획서 7-2,
1-2b 명단 밖 코스피 모회사의 종속,Vietnam GS Industry One-Member LLC,지에스건설(주),,,해외 법인,해외 법인 — 계획서 7-2,
1-2b 명단 밖 코스피 모회사의 종속,Vietnam GS Enterprise One Member LLC,지에스건설(주),,,해외 법인,해외 법인 — 계획서 7-2,
1-2b 명단 밖 코스피 모회사의 종속,"GS Engineering & Construction Spain, S.L.",지에스건설(주),,,해외 법인,해외 법인 — 계획서 7-2,
1-2b 명단 밖 코스피 모회사의 종속,GS Village Lake LLC,지에스건설(주),,,해외 법인,해외 법인 — 계획서 7-2,
1-2b 명단 밖 코스피 모회사의 종속,PALA-POWER GENERAL CONSTRUCTION SERVICE (PROPRIETARY) LIMITED,지에스건설(주),,,해외 법인,해외 법인 — 계획서 7-2,
1-2b 명단 밖 코스피 모회사의 종속,GS ENGINEERING & CONSTRUCTION AUSTRALIA PTY LTD,지에스건설(주),,,해외 법인,해외 법인 — 계획서 7-2,
1-2b 명단 밖 코스피 모회사의 종속,PT. GSENC Development Indonesia,지에스건설(주),,,해외 법인,해외 법인 — 계획서 7-2,
1-2b 명단 밖 코스피 모회사의 종속,GS CONSTRUCTION MIDDLE EAST - SOLE PROPRIETORSHIP L.L.C.,지에스건설(주),,,해외 법인,해외 법인 — 계획서 7-2,
1-2b 명단 밖 코스피 모회사의 종속,GS Property Mountain View LLC,지에스건설(주),,,해외 법인,해외 법인 — 계획서 7-2,
1-2b 명단 밖 코스피 모회사의 종속,CHERVONA GORA EKO,지에스건설(주),,,해외 법인,해외 법인 — 계획서 7-2,
1-2b 명단 밖 코스피 모회사의 종속,GS Real Estate Development Company,지에스건설(주),,,해외 법인,해외 법인 — 계획서 7-2,
1-2b 명단 밖 코스피 모회사의 종속,Elements (Europe) Limited,지에스건설(주),,,해외 법인,해외 법인 — 계획서 7-2,
1-2b 명단 밖 코스피 모회사의 종속,"777 WMF, LLC",지에스건설(주),,,해외 법인,해외 법인 — 계획서 7-2,
1-2b 명단 밖 코스피 모회사의 종속,RENEW SOLAR ENERGY (JHARKHAND THREE) PRIVATE LIMITED,지에스건설(주),,,해외 법인,해외 법인 — 계획서 7-2,
1-2b 명단 밖 코스피 모회사의 종속,GS Real Estate Development Company London Ltd.,지에스건설(주),,,해외 법인,해외 법인 — 계획서 7-2,
1-2b 명단 밖 코스피 모회사의 종속,S.I.M JAPAN,삼천리(주),,,해외 법인,해외 법인 — 계획서 7-2,
1-2b 명단 밖 코스피 모회사의 종속,삼천리제1호 스노우볼투자조합,삼천리(주),,,명목회사·펀드·SPC·신탁 상품,펀드·SPC·투자조합·신탁 상품·명목회사 — 계획서 7-2,
1-2b 명단 밖 코스피 모회사의 종속,스타트업코리아 삼천리제1호 초격차투자조합,삼천리(주),,,명목회사·펀드·SPC·신탁 상품,펀드·SPC·투자조합·신탁 상품·명목회사 — 계획서 7-2,
1-2b 명단 밖 코스피 모회사의 종속,미래에셋-삼천리글로벌혁신기업투자조합,삼천리(주),,,명목회사·펀드·SPC·신탁 상품,펀드·SPC·투자조합·신탁 상품·명목회사 — 계획서 7-2,
1-2b 명단 밖 코스피 모회사의 종속,"SIM, a California Corporation",삼천리(주),,,해외 법인,해외 법인 — 계획서 7-2,
1-2b 명단 밖 코스피 모회사의 종속,염성세종기차배건유한공사,에스제이지세종(주),,,해외 법인,해외 법인 — 계획서 7-2,
1-2b 명단 밖 코스피 모회사의 종속,북경세종기차배건유한공사,에스제이지세종(주),,,해외 법인,해외 법인 — 계획서 7-2,
1-2b 명단 밖 코스피 모회사의 종속,"SJG America, Inc.",에스제이지세종(주),,,해외 법인,해외 법인 — 계획서 7-2,
1-2b 명단 밖 코스피 모회사의 종속,SJG Czech S.R.O,에스제이지세종(주),,,해외 법인,해외 법인 — 계획서 7-2,
1-2b 명단 밖 코스피 모회사의 종속,SJG Slovakia S.R.O,에스제이지세종(주),,,해외 법인,해외 법인 — 계획서 7-2,
1-2b 명단 밖 코스피 모회사의 종속,SJG Russia LLC,에스제이지세종(주),,,해외 법인,해외 법인 — 계획서 7-2,
1-2b 명단 밖 코스피 모회사의 종속,SJG Mexico s de rl de cv,에스제이지세종(주),,,해외 법인,해외 법인 — 계획서 7-2,
1-2b 명단 밖 코스피 모회사의 종속,SJG SEJONG VIKAS PVT. LTD.,에스제이지세종(주),,,해외 법인,해외 법인 — 계획서 7-2,
1-2b 명단 밖 코스피 모회사의 종속,세종써밋인도네시아,에스제이지세종(주),,,해외 법인,해외 법인 — 계획서 7-2,
1-2b 명단 밖 코스피 모회사의 종속,HIN,(주)화신,,,해외 법인,해외 법인 — 계획서 7-2,
1-2b 명단 밖 코스피 모회사의 종속,TCHS,(주)화신,,,해외 법인,해외 법인 — 계획서 7-2,
1-2b 명단 밖 코스피 모회사의 종속,HPN,(주)화신,,,해외 법인,해외 법인 — 계획서 7-2,
1-2b 명단 밖 코스피 모회사의 종속,HBJ,(주)화신,,,해외 법인,해외 법인 — 계획서 7-2,
1-2b 명단 밖 코스피 모회사의 종속,HAL,(주)화신,,,해외 법인,해외 법인 — 계획서 7-2,
1-2b 명단 밖 코스피 모회사의 종속,HGA,(주)화신,,,해외 법인,해외 법인 — 계획서 7-2,
1-2b 명단 밖 코스피 모회사의 종속,HBR,(주)화신,,,해외 법인,해외 법인 — 계획서 7-2,
1-2b 명단 밖 코스피 모회사의 종속,"HYUNDAI LIVART VINA CO.,LTD",(주)현대리바트,,,해외 법인,해외 법인 — 계획서 7-2,
1-2b 명단 밖 코스피 모회사의 종속,"LIVART CANADA CO.,LTD",(주)현대리바트,,,해외 법인,해외 법인 — 계획서 7-2,
1-2b 명단 밖 코스피 모회사의 종속,현대휘상무역(상해)유한공사,(주)현대리바트,,,해외 법인,해외 법인 — 계획서 7-2,
1-2b 명단 밖 코스피 모회사의 종속,HNS INDUSTRIES SDN. BHD.,(주)현대리바트,,,해외 법인,해외 법인 — 계획서 7-2,
1-2b 명단 밖 코스피 모회사의 종속,PT HYUNDAI LIVART INDONESIA,(주)현대리바트,,,해외 법인,해외 법인 — 계획서 7-2,
1-2b 명단 밖 코스피 모회사의 종속,STX HI Malaysia Sdn. Bhd.(*),에이치디현대마린엔진(주),,,해외 법인,해외 법인 — 계획서 7-2,
1-2b 명단 밖 코스피 모회사의 종속,TWI농식품상생투자조합,CJ제일제당(주),,,명목회사·펀드·SPC·신탁 상품,펀드·SPC·투자조합·신탁 상품·명목회사 — 계획서 7-2,
1-2b 명단 밖 코스피 모회사의 종속,바이오헬스케어펀드,CJ제일제당(주),,,명목회사·펀드·SPC·신탁 상품,펀드·SPC·투자조합·신탁 상품·명목회사 — 계획서 7-2,
1-2b 명단 밖 코스피 모회사의 종속,글로벌 혁신성장 펀드,CJ제일제당(주),,,명목회사·펀드·SPC·신탁 상품,펀드·SPC·투자조합·신탁 상품·명목회사 — 계획서 7-2,
1-2b 명단 밖 코스피 모회사의 종속,스마트바이오펀드,CJ제일제당(주),,,명목회사·펀드·SPC·신탁 상품,펀드·SPC·투자조합·신탁 상품·명목회사 — 계획서 7-2,
1-2b 명단 밖 코스피 모회사의 종속,스파크랩 프론티어랩스 제1호 펀드,CJ제일제당(주),,,명목회사·펀드·SPC·신탁 상품,펀드·SPC·투자조합·신탁 상품·명목회사 — 계획서 7-2,
1-2b 명단 밖 코스피 모회사의 종속,글로벌혁신성장펀드Ⅱ,CJ제일제당(주),,,명목회사·펀드·SPC·신탁 상품,펀드·SPC·투자조합·신탁 상품·명목회사 — 계획서 7-2,
1-2b 명단 밖 코스피 모회사의 종속,티피넥스트젠펀드,CJ제일제당(주),,,명목회사·펀드·SPC·신탁 상품,펀드·SPC·투자조합·신탁 상품·명목회사 — 계획서 7-2,
1-2b 명단 밖 코스피 모회사의 종속,CJ AMERICA INC.,CJ제일제당(주),,,해외 법인,해외 법인 — 계획서 7-2,
1-2b 명단 밖 코스피 모회사의 종속,"CJ CHINA, LTD.",CJ제일제당(주),,,해외 법인,해외 법인 — 계획서 7-2,
1-2b 명단 밖 코스피 모회사의 종속,PT CHEILJEDANG INDONESIA,CJ제일제당(주),,,해외 법인,해외 법인 — 계획서 7-2,
1-2b 명단 밖 코스피 모회사의 종속,CJ EUROPE GMBH.,CJ제일제당(주),,,해외 법인,해외 법인 — 계획서 7-2,
1-2b 명단 밖 코스피 모회사의 종속,"CJ LIAOCHENG BIOTECH CO., LTD.",CJ제일제당(주),,,해외 법인,해외 법인 — 계획서 7-2,
1-2b 명단 밖 코스피 모회사의 종속,"CJ INTERNATIONAL TRADING CO., LTD.",CJ제일제당(주),,,해외 법인,해외 법인 — 계획서 7-2,
1-2b 명단 밖 코스피 모회사의 종속,CJ GLOBAL HOLDINGS LTD.,CJ제일제당(주),,,해외 법인,해외 법인 — 계획서 7-2,
1-2b 명단 밖 코스피 모회사의 종속,"CJ (SHENYANG) BIOTECH CO., LTD.",CJ제일제당(주),,,해외 법인,해외 법인 — 계획서 7-2,
1-2b 명단 밖 코스피 모회사의 종속,CJ SE ASIA PTE. LTD.,CJ제일제당(주),,,해외 법인,해외 법인 — 계획서 7-2,
1-2b 명단 밖 코스피 모회사의 종속,"CJ CHINA CONSULTING, LTD.",CJ제일제당(주),,,해외 법인,해외 법인 — 계획서 7-2,
1-2b 명단 밖 코스피 모회사의 종속,"CJ FEED INGREDIENT VIETNAM CO., LTD.",CJ제일제당(주),,,해외 법인,해외 법인 — 계획서 7-2,
1-2b 명단 밖 코스피 모회사의 종속,CJ RAVIOLLO RUS,CJ제일제당(주),,,해외 법인,해외 법인 — 계획서 7-2,
1-2b 명단 밖 코스피 모회사의 종속,CJ LATAM PARTICIPACOES LTD,CJ제일제당(주),,,해외 법인,해외 법인 — 계획서 7-2,
1-2b 명단 밖 코스피 모회사의 종속,CJ MAINFROST FOODS GMBH,CJ제일제당(주),,,해외 법인,해외 법인 — 계획서 7-2,
1-2b 명단 밖 코스피 모회사의 종속,CJ FOODS AMERICA HOLDINGS CORP.,CJ제일제당(주),,,해외 법인,해외 법인 — 계획서 7-2,
1-2b 명단 밖 코스피 모회사의 종속,CJ SELECTA S.A.,CJ제일제당(주),,,해외 법인,해외 법인 — 계획서 7-2,
1-2b 명단 밖 코스피 모회사의 종속,"CJ BIOMATERIALS, INC",CJ제일제당(주),,,해외 법인,해외 법인 — 계획서 7-2,
1-2b 명단 밖 코스피 모회사의 종속,BATAVIA BIOSCIENCES B.V.,CJ제일제당(주),,,해외 법인,해외 법인 — 계획서 7-2,
1-2b 명단 밖 코스피 모회사의 종속,"CJ FOODS SALES UK, LTD",CJ제일제당(주),,,해외 법인,해외 법인 — 계획서 7-2,
1-2b 명단 밖 코스피 모회사의 종속,CJ FOODS ASIA HOLDINGS LIMITED,CJ제일제당(주),,,해외 법인,해외 법인 — 계획서 7-2,
1-2b 명단 밖 코스피 모회사의 종속,씨제이이노베이션펀드,CJ제일제당(주),,,명목회사·펀드·SPC·신탁 상품,펀드·SPC·투자조합·신탁 상품·명목회사 — 계획서 7-2,
1-2b 명단 밖 코스피 모회사의 종속,"A-Best Co., Ltd.",CJ제일제당(주),,,해외 법인,해외 법인 — 계획서 7-2,
1-2b 명단 밖 코스피 모회사의 종속,A-BEST Global Holding Company,CJ제일제당(주),,,해외 법인,해외 법인 — 계획서 7-2,
1-2b 명단 밖 코스피 모회사의 종속,CJ Foods Malaysia Sdn. Bhd,CJ제일제당(주),,,해외 법인,해외 법인 — 계획서 7-2,
1-2b 명단 밖 코스피 모회사의 종속,CJ Foods France SAS,CJ제일제당(주),,,해외 법인,해외 법인 — 계획서 7-2,
1-2b 명단 밖 코스피 모회사의 종속,CJ Foods Hungary Kft,CJ제일제당(주),,,해외 법인,해외 법인 — 계획서 7-2,
1-2b 명단 밖 코스피 모회사의 종속,프론티어랩스2호,CJ제일제당(주),,,명목회사·펀드·SPC·신탁 상품,펀드·SPC·투자조합·신탁 상품·명목회사 — 계획서 7-2,
1-2b 명단 밖 코스피 모회사의 종속,씨제이농식품지역발전펀드,CJ제일제당(주),,,명목회사·펀드·SPC·신탁 상품,펀드·SPC·투자조합·신탁 상품·명목회사 — 계획서 7-2,
1-2b 명단 밖 코스피 모회사의 종속,LX Hausys India Private Limited,(주)엘엑스하우시스,,,해외 법인,해외 법인 — 계획서 7-2,
1-2b 명단 밖 코스피 모회사의 종속,"LX Hausys (Wuxi) Co., Ltd.",(주)엘엑스하우시스,,,해외 법인,해외 법인 — 계획서 7-2,
1-2b 명단 밖 코스피 모회사의 종속,"LX Hausys Canada, Inc",(주)엘엑스하우시스,,,해외 법인,해외 법인 — 계획서 7-2,
1-2b 명단 밖 코스피 모회사의 종속,"LX Hausys Mexico, Ltd.",(주)엘엑스하우시스,,,해외 법인,해외 법인 — 계획서 7-2,
1-2b 명단 밖 코스피 모회사의 종속,"LX Hausys Tianjin Co., Ltd.",(주)엘엑스하우시스,,,해외 법인,해외 법인 — 계획서 7-2,
1-2b 명단 밖 코스피 모회사의 종속,"LX Hausys America, Inc.",(주)엘엑스하우시스,,,해외 법인,해외 법인 — 계획서 7-2,
1-2b 명단 밖 코스피 모회사의 종속,LX Hausys Europe GmbH,(주)엘엑스하우시스,,,해외 법인,해외 법인 — 계획서 7-2,
1-2b 명단 밖 코스피 모회사의 종속,"LX Hausys RUS, LLC",(주)엘엑스하우시스,,,해외 법인,해외 법인 — 계획서 7-2,
1-2b 명단 밖 코스피 모회사의 종속,HD Hyundai Marine Solution Europe B.V.,에이치디현대마린솔루션(주),,,해외 법인,해외 법인 — 계획서 7-2,
1-2b 명단 밖 코스피 모회사의 종속,"HD Hyundai Marine Solution Americas Co., Ltd.",에이치디현대마린솔루션(주),,,해외 법인,해외 법인 — 계획서 7-2,
1-2b 명단 밖 코스피 모회사의 종속,HD Hyundai Marine Solution Singapore Pte. Ltd.,에이치디현대마린솔루션(주),,,해외 법인,해외 법인 — 계획서 7-2,
1-2b 명단 밖 코스피 모회사의 종속,HD Hyundai Marine Solution Middle East FZE,에이치디현대마린솔루션(주),,,해외 법인,해외 법인 — 계획서 7-2,
1-2b 명단 밖 코스피 모회사의 종속,사단법인용연4공구공업용수관리조합,에스케이케미칼(주),,,명목회사·펀드·SPC·신탁 상품,펀드·SPC·투자조합·신탁 상품·명목회사 — 계획서 7-2,
1-2b 명단 밖 코스피 모회사의 종속,SK환보재료(연태)유한공사,에스케이케미칼(주),,,해외 법인,해외 법인 — 계획서 7-2,
1-2b 명단 밖 코스피 모회사의 종속,SK환보재료(상해)유한공사,에스케이케미칼(주),,,해외 법인,해외 법인 — 계획서 7-2,
1-2b 명단 밖 코스피 모회사의 종속,Shuye-SK환보재료(산터우)유한회사,에스케이케미칼(주),,,명목회사·펀드·SPC·신탁 상품,펀드·SPC·투자조합·신탁 상품·명목회사 — 계획서 7-2,
1-2b 명단 밖 코스피 모회사의 종속,SK Chemicals America,에스케이케미칼(주),,,해외 법인,해외 법인 — 계획서 7-2,
1-2b 명단 밖 코스피 모회사의 종속,SK Chemicals GmbH,에스케이케미칼(주),,,해외 법인,해외 법인 — 계획서 7-2,
1-2b 명단 밖 코스피 모회사의 종속,SK Chemicals Malaysia,에스케이케미칼(주),,,해외 법인,해외 법인 — 계획서 7-2,
1-2b 명단 밖 코스피 모회사의 종속,(주)엔에이치제3호위탁관리부동산투자회사,㈜엔에이치올원위탁관리부동산투자회사,,,명목회사·펀드·SPC·신탁 상품,펀드·SPC·투자조합·신탁 상품·명목회사 — 계획서 7-2,
1-2b 명단 밖 코스피 모회사의 종속,(주)엔에이치제5호위탁관리부동산투자회사,㈜엔에이치올원위탁관리부동산투자회사,,,명목회사·펀드·SPC·신탁 상품,펀드·SPC·투자조합·신탁 상품·명목회사 — 계획서 7-2,
1-2b 명단 밖 코스피 모회사의 종속,(주)엔에이치제7호위탁관리부동산투자회사,㈜엔에이치올원위탁관리부동산투자회사,,,명목회사·펀드·SPC·신탁 상품,펀드·SPC·투자조합·신탁 상품·명목회사 — 계획서 7-2,
1-2b 명단 밖 코스피 모회사의 종속,(주)엔에이치제9호위탁관리부동산투자회사,㈜엔에이치올원위탁관리부동산투자회사,,,명목회사·펀드·SPC·신탁 상품,펀드·SPC·투자조합·신탁 상품·명목회사 — 계획서 7-2,
1-2b 명단 밖 코스피 모회사의 종속,(주)엔에이치제3호위탁관리부동산투자회사,㈜엔에이치올원위탁관리부동산투자회사,,,명목회사·펀드·SPC·신탁 상품,펀드·SPC·투자조합·신탁 상품·명목회사 — 계획서 7-2,
1-2b 명단 밖 코스피 모회사의 종속,(주)엔에이치제5호위탁관리부동산투자회사,㈜엔에이치올원위탁관리부동산투자회사,,,명목회사·펀드·SPC·신탁 상품,펀드·SPC·투자조합·신탁 상품·명목회사 — 계획서 7-2,
1-2b 명단 밖 코스피 모회사의 종속,(주)엔에이치제7호위탁관리부동산투자회사,㈜엔에이치올원위탁관리부동산투자회사,,,명목회사·펀드·SPC·신탁 상품,펀드·SPC·투자조합·신탁 상품·명목회사 — 계획서 7-2,
1-2b 명단 밖 코스피 모회사의 종속,(주)엔에이치제9호위탁관리부동산투자회사,㈜엔에이치올원위탁관리부동산투자회사,,,명목회사·펀드·SPC·신탁 상품,펀드·SPC·투자조합·신탁 상품·명목회사 — 계획서 7-2,
1-2b 명단 밖 코스피 모회사의 종속,보령디헬스커버리 합자조합1호,(주)보령,,,명목회사·펀드·SPC·신탁 상품,펀드·SPC·투자조합·신탁 상품·명목회사 — 계획서 7-2,
1-2b 명단 밖 코스피 모회사의 종속,북경보령의약과기유한공사,(주)보령,,,해외 법인,해외 법인 — 계획서 7-2,
1-2b 명단 밖 코스피 모회사의 종속,Boryung Inc.,(주)보령,,,해외 법인,해외 법인 — 계획서 7-2,
1-2b 명단 밖 코스피 모회사의 종속,"HAYAN I, L.P.",(주)보령,,,해외 법인,해외 법인 — 계획서 7-2,
1-2b 명단 밖 코스피 모회사의 종속,KB 리더스일반사모증권 투자신탁 제34호(채권),주식회사 DB하이텍,,,명목회사·펀드·SPC·신탁 상품,펀드·SPC·투자조합·신탁 상품·명목회사 — 계획서 7-2,
1-2b 명단 밖 코스피 모회사의 종속,코레이트베스트공모주일반사모혼합자산투자신탁,주식회사 DB하이텍,,,명목회사·펀드·SPC·신탁 상품,펀드·SPC·투자조합·신탁 상품·명목회사 — 계획서 7-2,
1-2b 명단 밖 코스피 모회사의 종속,스틱 공모주 일반사모 혼합자산 투자신탁 제2호(전문),주식회사 DB하이텍,,,명목회사·펀드·SPC·신탁 상품,펀드·SPC·투자조합·신탁 상품·명목회사 — 계획서 7-2,
1-2b 명단 밖 코스피 모회사의 종속,교보증권 하이 공모주 일반사모투자신탁,주식회사 DB하이텍,,,명목회사·펀드·SPC·신탁 상품,펀드·SPC·투자조합·신탁 상품·명목회사 — 계획서 7-2,
1-2b 명단 밖 코스피 모회사의 종속,현대인베스트먼트디딤글로벌멀티에셋스마트 EMP증권자투자신탁1호(혼합-재간접형),주식회사 DB하이텍,,,명목회사·펀드·SPC·신탁 상품,펀드·SPC·투자조합·신탁 상품·명목회사 — 계획서 7-2,
1-2b 명단 밖 코스피 모회사의 종속,DBOCIO자산배분안정형증권투자신탁,주식회사 DB하이텍,,,명목회사·펀드·SPC·신탁 상품,펀드·SPC·투자조합·신탁 상품·명목회사 — 계획서 7-2,
1-2b 명단 밖 코스피 모회사의 종속,디비(DB)신기술투자조합 1호,주식회사 DB하이텍,,,명목회사·펀드·SPC·신탁 상품,펀드·SPC·투자조합·신탁 상품·명목회사 — 계획서 7-2,
1-2b 명단 밖 코스피 모회사의 종속,디비(DB) 하이테크시너지 1호,주식회사 DB하이텍,,,명목회사·펀드·SPC·신탁 상품,펀드·SPC·투자조합·신탁 상품·명목회사 — 계획서 7-2,
1-2b 명단 밖 코스피 모회사의 종속,미래에셋헤지펀드셀렉션혼합자산자투자신탁(사모투자재간접형),주식회사 DB하이텍,,,명목회사·펀드·SPC·신탁 상품,펀드·SPC·투자조합·신탁 상품·명목회사 — 계획서 7-2,
1-2b 명단 밖 코스피 모회사의 종속,DBH USA,주식회사 DB하이텍,,,해외 법인,해외 법인 — 계획서 7-2,
1-2b 명단 밖 코스피 모회사의 종속,"DB(Shanghai) Hitek Co., Ltd",주식회사 DB하이텍,,,해외 법인,해외 법인 — 계획서 7-2,
1-2b 명단 밖 코스피 모회사의 종속,DB다같이일반사모증권 투자신탁제100호,주식회사 DB하이텍,,,명목회사·펀드·SPC·신탁 상품,펀드·SPC·투자조합·신탁 상품·명목회사 — 계획서 7-2,
1-2b 명단 밖 코스피 모회사의 종속,"It's skin China Co., Ltd.",(주)잇츠한불,,,해외 법인,해외 법인 — 계획서 7-2,
1-2b 명단 밖 코스피 모회사의 종속,엘리베이션제5호 사모투자 합자회사,(주)잇츠한불,,,명목회사·펀드·SPC·신탁 상품,펀드·SPC·투자조합·신탁 상품·명목회사 — 계획서 7-2,
1-2b 명단 밖 코스피 모회사의 종속,오비트-상투스 딥테크 1호 신기술사업투자조합,(주)잇츠한불,,,명목회사·펀드·SPC·신탁 상품,펀드·SPC·투자조합·신탁 상품·명목회사 — 계획서 7-2,
1-2b 명단 밖 코스피 모회사의 종속,알더동유 신기술투자조합(무신사),(주)잇츠한불,,,명목회사·펀드·SPC·신탁 상품,펀드·SPC·투자조합·신탁 상품·명목회사 — 계획서 7-2,
1-2b 명단 밖 코스피 모회사의 종속,IT'S SKIN JAPAN. LLC,(주)잇츠한불,,,해외 법인,해외 법인 — 계획서 7-2,
1-2b 명단 밖 코스피 모회사의 종속,SELF-DRIVE.US INC.,디와이피(주),,,해외 법인,해외 법인 — 계획서 7-2,
1-2b 명단 밖 코스피 모회사의 종속,차세대에너지 벤처투자조합 1호,주식회사 이수스페셜티케미컬,,,명목회사·펀드·SPC·신탁 상품,펀드·SPC·투자조합·신탁 상품·명목회사 — 계획서 7-2,
1-2b 명단 밖 코스피 모회사의 종속,"ISU Specialty Chemical Japan Co., Ltd.",주식회사 이수스페셜티케미컬,,,해외 법인,해외 법인 — 계획서 7-2,
1-2b 명단 밖 코스피 모회사의 종속,"TMVI MANUFACTURING CO., LTD.",티피(주),,,해외 법인,해외 법인 — 계획서 7-2,
1-2b 명단 밖 코스피 모회사의 종속,PT. TMNK MANUFACTURING WORLDWIDE,티피(주),,,해외 법인,해외 법인 — 계획서 7-2,
1-2b 명단 밖 코스피 모회사의 종속,"CNJ PRAUDEN CO., LTD.",티피(주),,,해외 법인,해외 법인 — 계획서 7-2,
1-2b 명단 밖 코스피 모회사의 종속,"TMPA APPAREL MANUFACTURING CO.,LTD.",티피(주),,,해외 법인,해외 법인 — 계획서 7-2,
1-2b 명단 밖 코스피 모회사의 종속,PT. TMNC MANUFACTURING INTERNATIONAL,티피(주),,,해외 법인,해외 법인 — 계획서 7-2,
1-2b 명단 밖 코스피 모회사의 종속,"TMVA MANUFACTURING CO., LTD",티피(주),,,해외 법인,해외 법인 — 계획서 7-2,
1-2b 명단 밖 코스피 모회사의 종속,"TMVW MANUFACTURING CO., LTD.",티피(주),,,해외 법인,해외 법인 — 계획서 7-2,
1-2b 명단 밖 코스피 모회사의 종속,"VINA PRAUDEN CO.,LTD",티피(주),,,해외 법인,해외 법인 — 계획서 7-2,
1-2b 명단 밖 코스피 모회사의 종속,"TMVT MANUFACTURING CO., LTD.",티피(주),,,해외 법인,해외 법인 — 계획서 7-2,
1-2b 명단 밖 코스피 모회사의 종속,"TMVN MANUFACTURING CO., LTD.",티피(주),,,해외 법인,해외 법인 — 계획서 7-2,
1-2b 명단 밖 코스피 모회사의 종속,"TMMI MANUFACTURING CO., LTD.",티피(주),,,해외 법인,해외 법인 — 계획서 7-2,
1-2b 명단 밖 코스피 모회사의 종속,"MY ABSOLON CO., LTD.",티피(주),,,해외 법인,해외 법인 — 계획서 7-2,
1-2b 명단 밖 코스피 모회사의 종속,PT. TMNN MANUFACTURING INTERNATIONAL,티피(주),,,해외 법인,해외 법인 — 계획서 7-2,
1-2b 명단 밖 코스피 모회사의 종속,"Hyundai E&C Vina CO., LTD.",현대건설(주),,,해외 법인,해외 법인 — 계획서 7-2,
1-2b 명단 밖 코스피 모회사의 종속,이지스엑스일반부동산사모투자회사제8호전문,현대건설(주),,,명목회사·펀드·SPC·신탁 상품,펀드·SPC·투자조합·신탁 상품·명목회사 — 계획서 7-2,
1-2b 명단 밖 코스피 모회사의 종속,아산탕정고양삼송주택개발위탁관리부동산투자회사,현대건설(주),,,명목회사·펀드·SPC·신탁 상품,펀드·SPC·투자조합·신탁 상품·명목회사 — 계획서 7-2,
1-2b 명단 밖 코스피 모회사의 종속,WUXI(중국),현대건설(주),,,해외 법인,해외 법인 — 계획서 7-2,
1-2b 명단 밖 코스피 모회사의 종속,HYUNDAI AMERICA INC,현대건설(주),,,해외 법인,해외 법인 — 계획서 7-2,
1-2b 명단 밖 코스피 모회사의 종속,하나대체투자블라인드 일반사모부동산투자신탁172호(전문),현대건설(주),,,명목회사·펀드·SPC·신탁 상품,펀드·SPC·투자조합·신탁 상품·명목회사 — 계획서 7-2,
1-2b 명단 밖 코스피 모회사의 종속,ACI(필리핀),현대건설(주),,,해외 법인,해외 법인 — 계획서 7-2,
1-2b 명단 밖 코스피 모회사의 종속,HYUNDAI E&C VINA SONG GIA(베트남),현대건설(주),,,해외 법인,해외 법인 — 계획서 7-2,
1-2b 명단 밖 코스피 모회사의 종속,GEC(미얀마),현대건설(주),,,해외 법인,해외 법인 — 계획서 7-2,
1-2b 명단 밖 코스피 모회사의 종속,칸서스개발 전문투자형사모부동산투자신탁1호,현대건설(주),,,명목회사·펀드·SPC·신탁 상품,펀드·SPC·투자조합·신탁 상품·명목회사 — 계획서 7-2,
1-2b 명단 밖 코스피 모회사의 종속,LPHD(인도네시아),현대건설(주),,,해외 법인,해외 법인 — 계획서 7-2,
1-2b 명단 밖 코스피 모회사의 종속,Hyundai Diamond Cement Corporation,현대건설(주),,,해외 법인,해외 법인 — 계획서 7-2,
1-2b 명단 밖 코스피 모회사의 종속,OHQD(필리핀),현대건설(주),,,해외 법인,해외 법인 — 계획서 7-2,
1-2b 명단 밖 코스피 모회사의 종속,"Subic Clean Energy & Infra, Inc.",현대건설(주),,,해외 법인,해외 법인 — 계획서 7-2,
1-2b 명단 밖 코스피 모회사의 종속,Arcelik-LG Klima Sanayi ve Ticaret A.S.,LG전자(주),,,해외 법인,해외 법인 — 계획서 7-2,
1-2b 명단 밖 코스피 모회사의 종속,CYBELLUM,LG전자(주),,,해외 법인,해외 법인 — 계획서 7-2,
1-2b 명단 밖 코스피 모회사의 종속,EIC PROPERTIES PTE LTD.,LG전자(주),,,해외 법인,해외 법인 — 계획서 7-2,
1-2b 명단 밖 코스피 모회사의 종속,"GUANGDONG SMART LIFE TECHNOLOGY CO., LTD",LG전자(주),,,해외 법인,해외 법인 — 계획서 7-2,
1-2b 명단 밖 코스피 모회사의 종속,Hitachi-LG Data Storage Inc.,LG전자(주),,,해외 법인,해외 법인 — 계획서 7-2,
1-2b 명단 밖 코스피 모회사의 종속,LG Electronics Fund I LLC,LG전자(주),,,해외 법인,해외 법인 — 계획서 7-2,
1-2b 명단 밖 코스피 모회사의 종속,LGEAF,LG전자(주),,,해외 법인,해외 법인 — 계획서 7-2,
1-2b 명단 밖 코스피 모회사의 종속,LGEAK,LG전자(주),,,해외 법인,해외 법인 — 계획서 7-2,
1-2b 명단 밖 코스피 모회사의 종속,LGEAP,LG전자(주),,,해외 법인,해외 법인 — 계획서 7-2,
1-2b 명단 밖 코스피 모회사의 종속,LGEAR,LG전자(주),,,해외 법인,해외 법인 — 계획서 7-2,
1-2b 명단 밖 코스피 모회사의 종속,LGEAS,LG전자(주),,,해외 법인,해외 법인 — 계획서 7-2,
1-2b 명단 밖 코스피 모회사의 종속,LGEBR,LG전자(주),,,해외 법인,해외 법인 — 계획서 7-2,
1-2b 명단 밖 코스피 모회사의 종속,LGECB,LG전자(주),,,해외 법인,해외 법인 — 계획서 7-2,
1-2b 명단 밖 코스피 모회사의 종속,LGECH,LG전자(주),,,해외 법인,해외 법인 — 계획서 7-2,
1-2b 명단 밖 코스피 모회사의 종속,LGECI,LG전자(주),,,해외 법인,해외 법인 — 계획서 7-2,
1-2b 명단 밖 코스피 모회사의 종속,LGECL,LG전자(주),,,해외 법인,해외 법인 — 계획서 7-2,
1-2b 명단 밖 코스피 모회사의 종속,LGEDF,LG전자(주),,,해외 법인,해외 법인 — 계획서 7-2,
1-2b 명단 밖 코스피 모회사의 종속,LGEEG,LG전자(주),,,해외 법인,해외 법인 — 계획서 7-2,
1-2b 명단 밖 코스피 모회사의 종속,LGEEH,LG전자(주),,,해외 법인,해외 법인 — 계획서 7-2,
1-2b 명단 밖 코스피 모회사의 종속,LGEFL,LG전자(주),,,해외 법인,해외 법인 — 계획서 7-2,
1-2b 명단 밖 코스피 모회사의 종속,LGEGF,LG전자(주),,,해외 법인,해외 법인 — 계획서 7-2,
1-2b 명단 밖 코스피 모회사의 종속,LGEHK,LG전자(주),,,해외 법인,해외 법인 — 계획서 7-2,
1-2b 명단 밖 코스피 모회사의 종속,LGEHZ,LG전자(주),,,해외 법인,해외 법인 — 계획서 7-2,
1-2b 명단 밖 코스피 모회사의 종속,LGERC,LG전자(주),,,해외 법인,해외 법인 — 계획서 7-2,
1-2b 명단 밖 코스피 모회사의 종속,LGEID,LG전자(주),,,해외 법인,해외 법인 — 계획서 7-2,
1-2b 명단 밖 코스피 모회사의 종속,LGEIL,LG전자(주),,,해외 법인,해외 법인 — 계획서 7-2,
1-2b 명단 밖 코스피 모회사의 종속,LGEIN,LG전자(주),,,해외 법인,해외 법인 — 계획서 7-2,
1-2b 명단 밖 코스피 모회사의 종속,LGEJP,LG전자(주),,,해외 법인,해외 법인 — 계획서 7-2,
1-2b 명단 밖 코스피 모회사의 종속,LGELF,LG전자(주),,,해외 법인,해외 법인 — 계획서 7-2,
1-2b 명단 밖 코스피 모회사의 종속,LGEMA,LG전자(주),,,해외 법인,해외 법인 — 계획서 7-2,
1-2b 명단 밖 코스피 모회사의 종속,LGEMC,LG전자(주),,,해외 법인,해외 법인 — 계획서 7-2,
1-2b 명단 밖 코스피 모회사의 종속,LGEME,LG전자(주),,,해외 법인,해외 법인 — 계획서 7-2,
1-2b 명단 밖 코스피 모회사의 종속,LGEML,LG전자(주),,,해외 법인,해외 법인 — 계획서 7-2,
1-2b 명단 밖 코스피 모회사의 종속,LGEMS,LG전자(주),,,해외 법인,해외 법인 — 계획서 7-2,
1-2b 명단 밖 코스피 모회사의 종속,LGENT,LG전자(주),,,해외 법인,해외 법인 — 계획서 7-2,
1-2b 명단 밖 코스피 모회사의 종속,LGENV,LG전자(주),,,해외 법인,해외 법인 — 계획서 7-2,
1-2b 명단 밖 코스피 모회사의 종속,LGEOT,LG전자(주),,,해외 법인,해외 법인 — 계획서 7-2,
1-2b 명단 밖 코스피 모회사의 종속,LGEPH,LG전자(주),,,해외 법인,해외 법인 — 계획서 7-2,
1-2b 명단 밖 코스피 모회사의 종속,LGEPN,LG전자(주),,,해외 법인,해외 법인 — 계획서 7-2,
1-2b 명단 밖 코스피 모회사의 종속,LGEPR,LG전자(주),,,해외 법인,해외 법인 — 계획서 7-2,
1-2b 명단 밖 코스피 모회사의 종속,LGEPS,LG전자(주),,,해외 법인,해외 법인 — 계획서 7-2,
1-2b 명단 밖 코스피 모회사의 종속,미래에셋LG전자 신성장투자조합 1호,LG전자(주),,,명목회사·펀드·SPC·신탁 상품,펀드·SPC·투자조합·신탁 상품·명목회사 — 계획서 7-2,
1-2b 명단 밖 코스피 모회사의 종속,LGEQA,LG전자(주),,,해외 법인,해외 법인 — 계획서 7-2,
1-2b 명단 밖 코스피 모회사의 종속,LGERA,LG전자(주),,,해외 법인,해외 법인 — 계획서 7-2,
1-2b 명단 밖 코스피 모회사의 종속,LGERD,LG전자(주),,,해외 법인,해외 법인 — 계획서 7-2,
1-2b 명단 밖 코스피 모회사의 종속,LGESA,LG전자(주),,,해외 법인,해외 법인 — 계획서 7-2,
1-2b 명단 밖 코스피 모회사의 종속,LGESL,LG전자(주),,,해외 법인,해외 법인 — 계획서 7-2,
1-2b 명단 밖 코스피 모회사의 종속,LGESR,LG전자(주),,,해외 법인,해외 법인 — 계획서 7-2,
1-2b 명단 밖 코스피 모회사의 종속,LGESY,LG전자(주),,,해외 법인,해외 법인 — 계획서 7-2,
1-2b 명단 밖 코스피 모회사의 종속,LGETA,LG전자(주),,,해외 법인,해외 법인 — 계획서 7-2,
1-2b 명단 밖 코스피 모회사의 종속,LGETH,LG전자(주),,,해외 법인,해외 법인 — 계획서 7-2,
1-2b 명단 밖 코스피 모회사의 종속,LGETK,LG전자(주),,,해외 법인,해외 법인 — 계획서 7-2,
1-2b 명단 밖 코스피 모회사의 종속,LGETR,LG전자(주),,,해외 법인,해외 법인 — 계획서 7-2,
1-2b 명단 밖 코스피 모회사의 종속,LGETT,LG전자(주),,,해외 법인,해외 법인 — 계획서 7-2,
1-2b 명단 밖 코스피 모회사의 종속,LGEUR,LG전자(주),,,해외 법인,해외 법인 — 계획서 7-2,
1-2b 명단 밖 코스피 모회사의 종속,LGEUS,LG전자(주),,,해외 법인,해외 법인 — 계획서 7-2,
1-2b 명단 밖 코스피 모회사의 종속,LGEVH,LG전자(주),,,해외 법인,해외 법인 — 계획서 7-2,
1-2b 명단 밖 코스피 모회사의 종속,LGEVZ,LG전자(주),,,해외 법인,해외 법인 — 계획서 7-2,
1-2b 명단 밖 코스피 모회사의 종속,LGEWR,LG전자(주),,,해외 법인,해외 법인 — 계획서 7-2,
1-2b 명단 밖 코스피 모회사의 종속,LGSI,LG전자(주),,,해외 법인,해외 법인 — 계획서 7-2,
1-2b 명단 밖 코스피 모회사의 종속,LGESJ,LG전자(주),,,해외 법인,해외 법인 — 계획서 7-2,
1-2b 명단 밖 코스피 모회사의 종속,Rinse Inc.,LG전자(주),,,해외 법인,해외 법인 — 계획서 7-2,
1-2b 명단 밖 코스피 모회사의 종속,ZKW Austria Immobilien Holding GmbH,LG전자(주),,,해외 법인,해외 법인 — 계획서 7-2,
1-2b 명단 밖 코스피 모회사의 종속,ZKW Holding GmbH,LG전자(주),,,해외 법인,해외 법인 — 계획서 7-2,
1-2b 명단 밖 코스피 모회사의 종속,LG ELECTRONICS FUND II LLC,LG전자(주),,,해외 법인,해외 법인 — 계획서 7-2,
1-2b 명단 밖 코스피 모회사의 종속,NOVA FUND,LG전자(주),,,해외 법인,해외 법인 — 계획서 7-2,
1-2b 명단 밖 코스피 모회사의 종속,LGEDV,LG전자(주),,,해외 법인,해외 법인 — 계획서 7-2,
1-2b 명단 밖 코스피 모회사의 종속,LGESQ,LG전자(주),,,해외 법인,해외 법인 — 계획서 7-2,
1-2b 명단 밖 코스피 모회사의 종속,BEAR ROBOTICS,LG전자(주),,,해외 법인,해외 법인 — 계획서 7-2,
1-2b 명단 밖 코스피 모회사의 종속,Athom,LG전자(주),,,해외 법인,해외 법인 — 계획서 7-2,
1-2b 명단 밖 코스피 모회사의 종속,NOVA WAVE FUND,LG전자(주),,,해외 법인,해외 법인 — 계획서 7-2,
1-2b 명단 밖 코스피 모회사의 종속,OSO Group AS,LG전자(주),,,해외 법인,해외 법인 — 계획서 7-2,
1-2b 명단 밖 코스피 모회사의 종속,Hansol America Inc,한솔제지(주),,,해외 법인,해외 법인 — 계획서 7-2,
1-2b 명단 밖 코스피 모회사의 종속,Hansol Europe B.V,한솔제지(주),,,해외 법인,해외 법인 — 계획서 7-2,
1-2b 명단 밖 코스피 모회사의 종속,Hyosung Brasil Industria e Comercio de Fibras Ltda.,효성티앤씨(주),,,해외 법인,해외 법인 — 계획서 7-2,
1-2b 명단 밖 코스피 모회사의 종속,"Zhangjiagang Xiaosha Coil Service Co., Ltd.",효성티앤씨(주),,,해외 법인,해외 법인 — 계획서 7-2,
1-2b 명단 밖 코스피 모회사의 종속,Hyosung TNC (Taiwan) Corporation,효성티앤씨(주),,,해외 법인,해외 법인 — 계획서 7-2,
1-2b 명단 밖 코스피 모회사의 종속,Hyosung Corporation India Private Limited,효성티앤씨(주),,,해외 법인,해외 법인 — 계획서 7-2,
1-2b 명단 밖 코스피 모회사의 종속,Hyosung India Private Limited,효성티앤씨(주),,,해외 법인,해외 법인 — 계획서 7-2,
1-2b 명단 밖 코스피 모회사의 종속,"Hyosung Mexico City, S.A. de C.V.",효성티앤씨(주),,,해외 법인,해외 법인 — 계획서 7-2,
1-2b 명단 밖 코스피 모회사의 종속,"Hyosung Spandex (Ningxia) Co., Ltd.",효성티앤씨(주),,,해외 법인,해외 법인 — 계획서 7-2,
1-2b 명단 밖 코스피 모회사의 종속,PT. HYOSUNG JAKARTA,효성티앤씨(주),,,해외 법인,해외 법인 — 계획서 7-2,
1-2b 명단 밖 코스피 모회사의 종속,"Hyosung Dong Nai Nylon Co., Ltd.",효성티앤씨(주),,,해외 법인,해외 법인 — 계획서 7-2,
1-2b 명단 밖 코스피 모회사의 종속,Hyosung Europe S.R.L.,효성티앤씨(주),,,해외 법인,해외 법인 — 계획서 7-2,
1-2b 명단 밖 코스피 모회사의 종속,"Hyosung Spain, S.L.",효성티앤씨(주),,,해외 법인,해외 법인 — 계획서 7-2,
1-2b 명단 밖 코스피 모회사의 종속,Hyosung USA Inc.,효성티앤씨(주),,,해외 법인,해외 법인 — 계획서 7-2,
1-2b 명단 밖 코스피 모회사의 종속,Hyosung Germany GmbH,효성티앤씨(주),,,해외 법인,해외 법인 — 계획서 7-2,
1-2b 명단 밖 코스피 모회사의 종속,"Hyosung International Trade (Jiaxing) Co., Ltd.",효성티앤씨(주),,,해외 법인,해외 법인 — 계획서 7-2,
1-2b 명단 밖 코스피 모회사의 종속,Hyosung Istanbul TEKSTIL LTD.STI.,효성티앤씨(주),,,해외 법인,해외 법인 — 계획서 7-2,
1-2b 명단 밖 코스피 모회사의 종속,"Hyosung Japan Co., Ltd.",효성티앤씨(주),,,해외 법인,해외 법인 — 계획서 7-2,
1-2b 명단 밖 코스피 모회사의 종속,"Hyosung Spandex (Guangdong) Co., Ltd",효성티앤씨(주),,,해외 법인,해외 법인 — 계획서 7-2,
1-2b 명단 밖 코스피 모회사의 종속,"Hyosung Spandex (Jiaxing) Co., Ltd.",효성티앤씨(주),,,해외 법인,해외 법인 — 계획서 7-2,
1-2b 명단 밖 코스피 모회사의 종속,"Hyosung Spandex (Zhuhai) Co., Ltd.",효성티앤씨(주),,,해외 법인,해외 법인 — 계획서 7-2,
1-2b 명단 밖 코스피 모회사의 종속,"SNT Gulf for Industry Co., Ltd",SNT에너지(주),,,해외 법인,해외 법인 — 계획서 7-2,
1-2b 명단 밖 코스피 모회사의 종속,SNT ENERGY SOLUTIONS - L.L.C - S.P.C,SNT에너지(주),,,해외 법인,해외 법인 — 계획서 7-2,
1-2b 명단 밖 코스피 모회사의 종속,PAN Orion Corp. Limited,(주)오리온,,,해외 법인,해외 법인 — 계획서 7-2,
1-2b 명단 밖 코스피 모회사의 종속,"Orion Food VINA Co., Ltd.",(주)오리온,,,해외 법인,해외 법인 — 계획서 7-2,
1-2b 명단 밖 코스피 모회사의 종속,Orion International Euro LLC,(주)오리온,,,해외 법인,해외 법인 — 계획서 7-2,
1-2b 명단 밖 코스피 모회사의 종속,Delfi-Orion Pte Ltd.,(주)오리온,,,해외 법인,해외 법인 — 계획서 7-2,
1-2b 명단 밖 코스피 모회사의 종속,Orion Nutritionals Private Limited,(주)오리온,,,해외 법인,해외 법인 — 계획서 7-2,
1-2b 명단 밖 코스피 모회사의 종속,"Orion F&B US, Inc.",(주)오리온,,,해외 법인,해외 법인 — 계획서 7-2,
1-2b 명단 밖 코스피 모회사의 종속,,(주)세우글로벌,,,자료 문제 (조회 실패·출자현황 없음·지분율 오류),"출자현황 자료 없음 — 원문 확인, 필요하면 수동 입력 파일에 적음 (2025 사업보고서 표 형식 아님(숫자 지분율 없음); 2025 3분기보고서 표 형식 아님(숫자 지분율 없음); 2025 반기보고서 표 형식 아님(숫자 지분율 없음); 2024 사업보고서 표 형식 아님(숫자 지분율 없음))",
1-2b 명단 밖 코스피 모회사의 종속,씨엔티테크-디비드림빅투자조합 제1호,(주) DB Inc.,,,명목회사·펀드·SPC·신탁 상품,펀드·SPC·투자조합·신탁 상품·명목회사 — 계획서 7-2,
1-2b 명단 밖 코스피 모회사의 종속,Cheil USA Inc.,(주)제일기획,,,해외 법인,해외 법인 — 계획서 7-2,
1-2b 명단 밖 코스피 모회사의 종속,Cheil Singapore Pte. Ltd.,(주)제일기획,,,해외 법인,해외 법인 — 계획서 7-2,
1-2b 명단 밖 코스피 모회사의 종속,Cheil MEA FZ-LLC,(주)제일기획,,,해외 법인,해외 법인 — 계획서 7-2,
1-2b 명단 밖 코스피 모회사의 종속,Cheil Ukraine LLC,(주)제일기획,,,해외 법인,해외 법인 — 계획서 7-2,
1-2b 명단 밖 코스피 모회사의 종속,Cheil France SAS,(주)제일기획,,,해외 법인,해외 법인 — 계획서 7-2,
1-2b 명단 밖 코스피 모회사의 종속,Cheil Hong Kong Ltd.,(주)제일기획,,,해외 법인,해외 법인 — 계획서 7-2,
1-2b 명단 밖 코스피 모회사의 종속,Cheil South Africa (Pty) Ltd,(주)제일기획,,,해외 법인,해외 법인 — 계획서 7-2,
1-2b 명단 밖 코스피 모회사의 종속,Cheil Central America Inc.,(주)제일기획,,,해외 법인,해외 법인 — 계획서 7-2,
1-2b 명단 밖 코스피 모회사의 종속,CHEIL VIETNAM COMPANY LIMITED,(주)제일기획,,,해외 법인,해외 법인 — 계획서 7-2,
1-2b 명단 밖 코스피 모회사의 종속,"Cheil Integrated Marketing Philippines, Inc",(주)제일기획,,,해외 법인,해외 법인 — 계획서 7-2,
1-2b 명단 밖 코스피 모회사의 종속,Cheil Kazakhstan LLC,(주)제일기획,,,해외 법인,해외 법인 — 계획서 7-2,
1-2b 명단 밖 코스피 모회사의 종속,CHEIL EUROPE LIMITED,(주)제일기획,,,해외 법인,해외 법인 — 계획서 7-2,
1-2b 명단 밖 코스피 모회사의 종속,Cheil Nordic AB,(주)제일기획,,,해외 법인,해외 법인 — 계획서 7-2,
1-2b 명단 밖 코스피 모회사의 종속,CHEIL MALAYSIA SDN. BHD.,(주)제일기획,,,해외 법인,해외 법인 — 계획서 7-2,
1-2b 명단 밖 코스피 모회사의 종속,CHEIL KENYA LIMITED,(주)제일기획,,,해외 법인,해외 법인 — 계획서 7-2,
1-2b 명단 밖 코스피 모회사의 종속,Cheil Worldwide Inc./Jordan LLC.,(주)제일기획,,,해외 법인,해외 법인 — 계획서 7-2,
1-2b 명단 밖 코스피 모회사의 종속,Cheil Communications Nigeria Ltd.,(주)제일기획,,,해외 법인,해외 법인 — 계획서 7-2,
1-2b 명단 밖 코스피 모회사의 종속,Cheil Ghana Limited,(주)제일기획,,,해외 법인,해외 법인 — 계획서 7-2,
1-2b 명단 밖 코스피 모회사의 종속,Cheil Chile SpA.,(주)제일기획,,,해외 법인,해외 법인 — 계획서 7-2,
1-2b 명단 밖 코스피 모회사의 종속,Cheil Peru S.A.C.,(주)제일기획,,,해외 법인,해외 법인 — 계획서 7-2,
1-2b 명단 밖 코스피 모회사의 종속,CHEIL ARGENTINA S.A.,(주)제일기획,,,해외 법인,해외 법인 — 계획서 7-2,
1-2b 명단 밖 코스피 모회사의 종속,Iris Worldwide Holdings Limited,(주)제일기획,,,해외 법인,해외 법인 — 계획서 7-2,
1-2b 명단 밖 코스피 모회사의 종속,CHEIL CHINA,(주)제일기획,,,해외 법인,해외 법인 — 계획서 7-2,
1-2b 명단 밖 코스피 모회사의 종속,SVIC34호 신기술사업투자조합,(주)제일기획,,,명목회사·펀드·SPC·신탁 상품,펀드·SPC·투자조합·신탁 상품·명목회사 — 계획서 7-2,
1-2b 명단 밖 코스피 모회사의 종속,CHEIL SPAIN S.L,(주)제일기획,,,해외 법인,해외 법인 — 계획서 7-2,
1-2b 명단 밖 코스피 모회사의 종속,Cheil Benelux B.V.,(주)제일기획,,,해외 법인,해외 법인 — 계획서 7-2,
1-2b 명단 밖 코스피 모회사의 종속,Cheil Egypt LLC,(주)제일기획,,,해외 법인,해외 법인 — 계획서 7-2,
1-2b 명단 밖 코스피 모회사의 종속,"Caishu (Shanghai) Business Consulting Co., Ltd",(주)제일기획,,,해외 법인,해외 법인 — 계획서 7-2,
1-2b 명단 밖 코스피 모회사의 종속,Cheil New Zealand Limited,(주)제일기획,,,해외 법인,해외 법인 — 계획서 7-2,
1-2b 명단 밖 코스피 모회사의 종속,"PENGTAI INTERACTIVE ADVERTISING CO.,LTD",(주)제일기획,,,해외 법인,해외 법인 — 계획서 7-2,
1-2b 명단 밖 코스피 모회사의 종속,Pengtai Greater China Company Limited,(주)제일기획,,,해외 법인,해외 법인 — 계획서 7-2,
1-2b 명단 밖 코스피 모회사의 종속,Cheil Maghreb LLC,(주)제일기획,,,해외 법인,해외 법인 — 계획서 7-2,
1-2b 명단 밖 코스피 모회사의 종속,Cheil Worldwide Australia Pty Ltd,(주)제일기획,,,해외 법인,해외 법인 — 계획서 7-2,
1-2b 명단 밖 코스피 모회사의 종속,Cheil Rus LLC,(주)제일기획,,,해외 법인,해외 법인 — 계획서 7-2,
1-2b 명단 밖 코스피 모회사의 종속,Iris Germany GmbH,(주)제일기획,,,해외 법인,해외 법인 — 계획서 7-2,
1-2b 명단 밖 코스피 모회사의 종속,Iris Worldwide Integrated Marketing Private Limited,(주)제일기획,,,해외 법인,해외 법인 — 계획서 7-2,
1-2b 명단 밖 코스피 모회사의 종속,Pricing Solutions Ltd,(주)제일기획,,,해외 법인,해외 법인 — 계획서 7-2,
1-2b 명단 밖 코스피 모회사의 종속,"Iris Atlanta, Inc.",(주)제일기획,,,해외 법인,해외 법인 — 계획서 7-2,
1-2b 명단 밖 코스피 모회사의 종속,"89 Degrees, Inc.",(주)제일기획,,,해외 법인,해외 법인 — 계획서 7-2,
1-2b 명단 밖 코스피 모회사의 종속,Iris Services Limited Dooel Skopje,(주)제일기획,,,해외 법인,해외 법인 — 계획서 7-2,
1-2b 명단 밖 코스피 모회사의 종속,Iris London Limited,(주)제일기획,,,해외 법인,해외 법인 — 계획서 7-2,
1-2b 명단 밖 코스피 모회사의 종속,Cheil India Private Limited,(주)제일기획,,,해외 법인,해외 법인 — 계획서 7-2,
1-2b 명단 밖 코스피 모회사의 종속,Cheil Germany GmbH,(주)제일기획,,,해외 법인,해외 법인 — 계획서 7-2,
1-2b 명단 밖 코스피 모회사의 종속,Cheil Brasil Comunicacoes Ltda.,(주)제일기획,,,해외 법인,해외 법인 — 계획서 7-2,
1-2b 명단 밖 코스피 모회사의 종속,Cheil Mexico S.A. de C.V.,(주)제일기획,,,해외 법인,해외 법인 — 계획서 7-2,
1-2b 명단 밖 코스피 모회사의 종속,Cheil (Thailand) Ltd.,(주)제일기획,,,해외 법인,해외 법인 — 계획서 7-2,
1-2b 명단 밖 코스피 모회사의 종속,레이징개인 투자조합제2호,(주)INVENI,,,명목회사·펀드·SPC·신탁 상품,펀드·SPC·투자조합·신탁 상품·명목회사 — 계획서 7-2,
1-2b 명단 밖 코스피 모회사의 종속,레이징개인 투자조합제7호,(주)INVENI,,,명목회사·펀드·SPC·신탁 상품,펀드·SPC·투자조합·신탁 상품·명목회사 — 계획서 7-2,
1-2b 명단 밖 코스피 모회사의 종속,Korea Aero space F.W lnc,한국항공우주산업(주),,,해외 법인,해외 법인 — 계획서 7-2,
1-2b 명단 밖 코스피 모회사의 종속,Korea Aerospace Industries EUROPE SP. Z. O. O.,한국항공우주산업(주),,,해외 법인,해외 법인 — 계획서 7-2,
1-2b 명단 밖 코스피 모회사의 종속,CK SOLUTION KFT.,(주)씨케이솔루션,,,해외 법인,해외 법인 — 계획서 7-2,
1-2b 명단 밖 코스피 모회사의 종속,CK SOLUTION BRASIL LTDA,(주)씨케이솔루션,,,해외 법인,해외 법인 — 계획서 7-2,
1-2b 명단 밖 코스피 모회사의 종속,CK E&C MEXICO SA DE CV,(주)씨케이솔루션,,,해외 법인,해외 법인 — 계획서 7-2,
1-2b 명단 밖 코스피 모회사의 종속,CKENG INDIA Pvt. Ltd.,(주)씨케이솔루션,,,해외 법인,해외 법인 — 계획서 7-2,
1-2b 명단 밖 코스피 모회사의 종속,CK SOLUTION POLAND SP. Z.O.O,(주)씨케이솔루션,,,해외 법인,해외 법인 — 계획서 7-2,
1-2b 명단 밖 코스피 모회사의 종속,CK ENGINEERING VIETNAM,(주)씨케이솔루션,,,해외 법인,해외 법인 — 계획서 7-2,
1-2b 명단 밖 코스피 모회사의 종속,CK ENG SDN. BHD.,(주)씨케이솔루션,,,해외 법인,해외 법인 — 계획서 7-2,
1-2b 명단 밖 코스피 모회사의 종속,CK USA GUAM INC,(주)씨케이솔루션,,,해외 법인,해외 법인 — 계획서 7-2,
1-2b 명단 밖 코스피 모회사의 종속,CK CANADA INC.,(주)씨케이솔루션,,,해외 법인,해외 법인 — 계획서 7-2,
1-2b 명단 밖 코스피 모회사의 종속,"CK ENG, LLC.",(주)씨케이솔루션,,,해외 법인,해외 법인 — 계획서 7-2,
1-2b 명단 밖 코스피 모회사의 종속,"CK AMERICA, INC",(주)씨케이솔루션,,,해외 법인,해외 법인 — 계획서 7-2,
1-2b 명단 밖 코스피 모회사의 종속,CK MEC INC,(주)씨케이솔루션,,,해외 법인,해외 법인 — 계획서 7-2,
1-2b 명단 밖 코스피 모회사의 종속,"Hanwha Q CELLS Co., Ltd.",한화솔루션(주),,,해외 법인,해외 법인 — 계획서 7-2,
1-2b 명단 밖 코스피 모회사의 종속,HAMC Holdings Corp.,한화솔루션(주),,,해외 법인,해외 법인 — 계획서 7-2,
1-2b 명단 밖 코스피 모회사의 종속,HANWHA SOLUTIONS USA HOLDINGS CORPORATION,한화솔루션(주),,,해외 법인,해외 법인 — 계획서 7-2,
1-2b 명단 밖 코스피 모회사의 종속,Q Energy Solutions SE,한화솔루션(주),,,해외 법인,해외 법인 — 계획서 7-2,
1-2b 명단 밖 코스피 모회사의 종속,HHR Development B GK,한화솔루션(주),,,해외 법인,해외 법인 — 계획서 7-2,
1-2b 명단 밖 코스피 모회사의 종속,케이에스피1호 주식회사,한화솔루션(주),,,명목회사·펀드·SPC·신탁 상품,펀드·SPC·투자조합·신탁 상품·명목회사 — 계획서 7-2,
1-2b 명단 밖 코스피 모회사의 종속,케이에스피2호 주식회사,한화솔루션(주),,,명목회사·펀드·SPC·신탁 상품,펀드·SPC·투자조합·신탁 상품·명목회사 — 계획서 7-2,
1-2b 명단 밖 코스피 모회사의 종속,케이에스피3호 주식회사,한화솔루션(주),,,명목회사·펀드·SPC·신탁 상품,펀드·SPC·투자조합·신탁 상품·명목회사 — 계획서 7-2,
1-2b 명단 밖 코스피 모회사의 종속,케이에스피4호 주식회사,한화솔루션(주),,,명목회사·펀드·SPC·신탁 상품,펀드·SPC·투자조합·신탁 상품·명목회사 — 계획서 7-2,
1-2b 명단 밖 코스피 모회사의 종속,Hanwha Q CELLS Americas Holdings Corp.,한화솔루션(주),,,해외 법인,해외 법인 — 계획서 7-2,
1-2b 명단 밖 코스피 모회사의 종속,영암큐파워솔라팜1호 주식회사,한화솔루션(주),,,명목회사·펀드·SPC·신탁 상품,펀드·SPC·투자조합·신탁 상품·명목회사 — 계획서 7-2,
1-2b 명단 밖 코스피 모회사의 종속,한화화학(상해)유한공사,한화솔루션(주),,,해외 법인,해외 법인 — 계획서 7-2,
1-2b 명단 밖 코스피 모회사의 종속,Hanwha Solutions Insight Holdings Corporation,한화솔루션(주),,,해외 법인,해외 법인 — 계획서 7-2,
1-2b 명단 밖 코스피 모회사의 종속,Hanwha Solutions Japan G.K,한화솔루션(주),,,해외 법인,해외 법인 — 계획서 7-2,
1-2b 명단 밖 코스피 모회사의 종속,Hanwha Cimarron Europe GmBH,한화솔루션(주),,,해외 법인,해외 법인 — 계획서 7-2,
1-2b 명단 밖 코스피 모회사의 종속,H-SUMMIT,한화솔루션(주),,,해외 법인,해외 법인 — 계획서 7-2,
1-2b 명단 밖 코스피 모회사의 종속,HANWHA CHEMICAL INDIA PRIVATE LIMITED,한화솔루션(주),,,해외 법인,해외 법인 — 계획서 7-2,
1-2b 명단 밖 코스피 모회사의 종속,Hanwha Chemical Malaysia Sdn. Bhd.,한화솔루션(주),,,해외 법인,해외 법인 — 계획서 7-2,
1-2b 명단 밖 코스피 모회사의 종속,알이100솔라팩토리1호 주식회사,한화솔루션(주),,,명목회사·펀드·SPC·신탁 상품,펀드·SPC·투자조합·신탁 상품·명목회사 — 계획서 7-2,
1-2b 명단 밖 코스피 모회사의 종속,H Properties TMK,한화솔루션(주),,,해외 법인,해외 법인 — 계획서 7-2,
1-2b 명단 밖 코스피 모회사의 종속,한화 벤처캐피탈 일반 사모증권투자신탁 제2호,한화솔루션(주),,,명목회사·펀드·SPC·신탁 상품,펀드·SPC·투자조합·신탁 상품·명목회사 — 계획서 7-2,
1-2b 명단 밖 코스피 모회사의 종속,"Hanwha Chemical (Thailand) Co., Ltd.",한화솔루션(주),,,해외 법인,해외 법인 — 계획서 7-2,
1-2b 명단 밖 코스피 모회사의 종속,Hanwha Cable Solutions S.r.l.,한화솔루션(주),,,해외 법인,해외 법인 — 계획서 7-2,
1-2b 명단 밖 코스피 모회사의 종속,DALBA RUS LLC.,(주)달바글로벌,,,해외 법인,해외 법인 — 계획서 7-2,
1-2b 명단 밖 코스피 모회사의 종속,"DALBA JAPAN CO., LTD.",(주)달바글로벌,,,해외 법인,해외 법인 — 계획서 7-2,
1-2b 명단 밖 코스피 모회사의 종속,DALBA USA CORP.,(주)달바글로벌,,,해외 법인,해외 법인 — 계획서 7-2,
1-2b 명단 밖 코스피 모회사의 종속,"Visang Vietnam Education Co., Ltd.",(주)비상교육,,,해외 법인,해외 법인 — 계획서 7-2,
1-2b 명단 밖 코스피 모회사의 종속,삼성(북경)안방계통기술유한공사,(주)에스원,,,해외 법인,해외 법인 — 계획서 7-2,
1-2b 명단 밖 코스피 모회사의 종속,"S-1 CORPORATIONVIETNAM CO., LTD",(주)에스원,,,해외 법인,해외 법인 — 계획서 7-2,
1-2b 명단 밖 코스피 모회사의 종속,에스브이아이씨35호,(주)에스원,,,명목회사·펀드·SPC·신탁 상품,펀드·SPC·투자조합·신탁 상품·명목회사 — 계획서 7-2,
1-2b 명단 밖 코스피 모회사의 종속,S-1 CORPORATIONHUNGARY LLC,(주)에스원,,,해외 법인,해외 법인 — 계획서 7-2,
1-2b 명단 밖 코스피 모회사의 종속,레버런트프론티어3호,(주)유니드,,,명목회사·펀드·SPC·신탁 상품,펀드·SPC·투자조합·신탁 상품·명목회사 — 계획서 7-2,
1-2b 명단 밖 코스피 모회사의 종속,오로라동반성장프로젝트펀드제2호,(주)유니드,,,명목회사·펀드·SPC·신탁 상품,펀드·SPC·투자조합·신탁 상품·명목회사 — 계획서 7-2,
1-2b 명단 밖 코스피 모회사의 종속,드림스톤바이오1호,(주)유니드,,,명목회사·펀드·SPC·신탁 상품,펀드·SPC·투자조합·신탁 상품·명목회사 — 계획서 7-2,
1-2b 명단 밖 코스피 모회사의 종속,(주)케이비와 이즈스타제6호위탁관리부동산 투자회사,(주)이리츠코크렙기업구조조정부동산투자회사,,,명목회사·펀드·SPC·신탁 상품,펀드·SPC·투자조합·신탁 상품·명목회사 — 계획서 7-2,
1-2b 명단 밖 코스피 모회사의 종속,(주)케이비와 이즈스타제6호위탁관리부동산 투자회사,(주)이리츠코크렙기업구조조정부동산투자회사,,,명목회사·펀드·SPC·신탁 상품,펀드·SPC·투자조합·신탁 상품·명목회사 — 계획서 7-2,
1-2b 명단 밖 코스피 모회사의 종속,ILJIN Hysolus Property Management Germany GmbH,일진하이솔루스(주),,,해외 법인,해외 법인 — 계획서 7-2,
1-2b 명단 밖 코스피 모회사의 종속,"Miwon Specialty Chemical USA, Inc.",미원스페셜티케미칼(주),,,해외 법인,해외 법인 — 계획서 7-2,
1-2b 명단 밖 코스피 모회사의 종속,Celltrion Europe Limited,(주)셀트리온,,,해외 법인,해외 법인 — 계획서 7-2,
1-2b 명단 밖 코스피 모회사의 종속,"Celltrion Global Safety Data Center, Inc",(주)셀트리온,,,해외 법인,해외 법인 — 계획서 7-2,
1-2b 명단 밖 코스피 모회사의 종속,Celltrion Asia Pacific PTE. LTD,(주)셀트리온,,,해외 법인,해외 법인 — 계획서 7-2,
1-2b 명단 밖 코스피 모회사의 종속,"Celltrion Shanghai Biotechnology Co., Ltd",(주)셀트리온,,,해외 법인,해외 법인 — 계획서 7-2,
1-2b 명단 밖 코스피 모회사의 종속,Celltrion Healthcare ILAC SANAYI VE TICARET LIMITED SIRKETI,(주)셀트리온,,,해외 법인,해외 법인 — 계획서 7-2,
1-2b 명단 밖 코스피 모회사의 종속,"Celltrion Healthcare Hungary, Kft.",(주)셀트리온,,,해외 법인,해외 법인 — 계획서 7-2,
1-2b 명단 밖 코스피 모회사의 종속,Celltrion Healthcare Philippines Inc.,(주)셀트리온,,,해외 법인,해외 법인 — 계획서 7-2,
1-2b 명단 밖 코스피 모회사의 종속,Celltrion Healthcare Malaysia SDN BHD,(주)셀트리온,,,해외 법인,해외 법인 — 계획서 7-2,
1-2b 명단 밖 코스피 모회사의 종속,Celltrion Healthcare Hong Kong Limited,(주)셀트리온,,,해외 법인,해외 법인 — 계획서 7-2,
1-2b 명단 밖 코스피 모회사의 종속,"Celltrion Healthcare (Thailand) Co., Ltd.",(주)셀트리온,,,해외 법인,해외 법인 — 계획서 7-2,
1-2b 명단 밖 코스피 모회사의 종속,Celltrion Healthcare Distribuicao de Produtos Farmaceuticos do Brasil LTDA,(주)셀트리온,,,해외 법인,해외 법인 — 계획서 7-2,
1-2b 명단 밖 코스피 모회사의 종속,Celltrion Healthcare Singapore Private Limited,(주)셀트리온,,,해외 법인,해외 법인 — 계획서 7-2,
1-2b 명단 밖 코스피 모회사의 종속,Celltrion Healthcare Japan K.K.,(주)셀트리온,,,해외 법인,해외 법인 — 계획서 7-2,
1-2b 명단 밖 코스피 모회사의 종속,Celltrion Healthcare Taiwan Limited,(주)셀트리온,,,해외 법인,해외 법인 — 계획서 7-2,
1-2b 명단 밖 코스피 모회사의 종속,Celltrion Healthcare Netherlands B.V.,(주)셀트리온,,,해외 법인,해외 법인 — 계획서 7-2,
1-2b 명단 밖 코스피 모회사의 종속,Celltrion Healthcare Australia Pty Ltd,(주)셀트리온,,,해외 법인,해외 법인 — 계획서 7-2,
1-2b 명단 밖 코스피 모회사의 종속,Celltrion Healthcare Colombia S.A.S.,(주)셀트리온,,,해외 법인,해외 법인 — 계획서 7-2,
1-2b 명단 밖 코스피 모회사의 종속,Celltrion Healthcare Canada Ltd.,(주)셀트리온,,,해외 법인,해외 법인 — 계획서 7-2,
1-2b 명단 밖 코스피 모회사의 종속,"Celltrion USA, Inc.",(주)셀트리온,,,해외 법인,해외 법인 — 계획서 7-2,
1-2b 명단 밖 코스피 모회사의 종속,Celltrion Vietnam Company Limited,(주)셀트리온,,,해외 법인,해외 법인 — 계획서 7-2,
1-2b 명단 밖 코스피 모회사의 종속,CELLTRION INDONESIA PHARMACEUTICAL,(주)셀트리온,,,해외 법인,해외 법인 — 계획서 7-2,
1-2b 명단 밖 코스피 모회사의 종속,미래에셋셀트리온신성장투자조합 1호,(주)셀트리온,,,명목회사·펀드·SPC·신탁 상품,펀드·SPC·투자조합·신탁 상품·명목회사 — 계획서 7-2,
1-2b 명단 밖 코스피 모회사의 종속,미래에셋셀트리온바이오생태계 육성펀드,(주)셀트리온,,,명목회사·펀드·SPC·신탁 상품,펀드·SPC·투자조합·신탁 상품·명목회사 — 계획서 7-2,
1-2b 명단 밖 코스피 모회사의 종속,아주-Solasta Life Science 4.0펀드,(주)셀트리온,,,명목회사·펀드·SPC·신탁 상품,펀드·SPC·투자조합·신탁 상품·명목회사 — 계획서 7-2,
1-2b 명단 밖 코스피 모회사의 종속,"HK Innovers USA, Inc.",콜마홀딩스(주),,,해외 법인,해외 법인 — 계획서 7-2,
1-2b 명단 밖 코스피 모회사의 종속,"FURSYS VN CO.,LTD",(주)퍼시스,,,해외 법인,해외 법인 — 계획서 7-2,
1-2b 명단 밖 코스피 모회사의 종속,FURSYS AMERICA LLC,(주)퍼시스,,,해외 법인,해외 법인 — 계획서 7-2,
1-2b 명단 밖 코스피 모회사의 종속,E1 Gas vietnam,(주)E1,,,해외 법인,해외 법인 — 계획서 7-2,
1-2b 명단 밖 코스피 모회사의 종속,YEN HUNG PETROCHEMICAL JOINT STOCK COMPANY,(주)E1,,,해외 법인,해외 법인 — 계획서 7-2,
1-2b 명단 밖 코스피 모회사의 종속,E1 America LLC,(주)E1,,,해외 법인,해외 법인 — 계획서 7-2,
1-2b 명단 밖 코스피 모회사의 종속,Hydrogen Canada Corp.,(주)E1,,,해외 법인,해외 법인 — 계획서 7-2,
1-2b 명단 밖 코스피 모회사의 종속,보이저제1호사모투자합자회사,한국자산신탁(주),,,명목회사·펀드·SPC·신탁 상품,펀드·SPC·투자조합·신탁 상품·명목회사 — 계획서 7-2,
1-2b 명단 밖 코스피 모회사의 종속,카익투반도체신기술투자조합제1호,한국자산신탁(주),,,명목회사·펀드·SPC·신탁 상품,펀드·SPC·투자조합·신탁 상품·명목회사 — 계획서 7-2,
1-2b 명단 밖 코스피 모회사의 종속,카익투소부장신기술투자조합제1호,한국자산신탁(주),,,명목회사·펀드·SPC·신탁 상품,펀드·SPC·투자조합·신탁 상품·명목회사 — 계획서 7-2,
1-2b 명단 밖 코스피 모회사의 종속,카익투신기술투자조합제10호,한국자산신탁(주),,,명목회사·펀드·SPC·신탁 상품,펀드·SPC·투자조합·신탁 상품·명목회사 — 계획서 7-2,
1-2b 명단 밖 코스피 모회사의 종속,에이치아이엘제칠차(주),(주)에이치제이중공업,,,명목회사·펀드·SPC·신탁 상품,펀드·SPC·투자조합·신탁 상품·명목회사 — 계획서 7-2,
1-2b 명단 밖 코스피 모회사의 종속,Miwon North America Inc.,미원홀딩스(주),,,해외 법인,해외 법인 — 계획서 7-2,
1-2b 명단 밖 코스피 모회사의 종속,Miwon Europe GmbH,미원홀딩스(주),,,해외 법인,해외 법인 — 계획서 7-2,
1-2b 명단 밖 코스피 모회사의 종속,Miwon Spain S.L.U.,미원홀딩스(주),,,해외 법인,해외 법인 — 계획서 7-2,
1-2b 명단 밖 코스피 모회사의 종속,Miwon Austria F&E GmbH,미원홀딩스(주),,,해외 법인,해외 법인 — 계획서 7-2,
1-2b 명단 밖 코스피 모회사의 종속,"Miwon Nantong Chemical Co., Ltd.",미원홀딩스(주),,,해외 법인,해외 법인 — 계획서 7-2,
1-2b 명단 밖 코스피 모회사의 종속,"Miwon(Guangzhou) Chemical Co., Ltd.",미원홀딩스(주),,,해외 법인,해외 법인 — 계획서 7-2,
1-2b 명단 밖 코스피 모회사의 종속,Miwon Specialty Chemical India Private Ltd.,미원홀딩스(주),,,해외 법인,해외 법인 — 계획서 7-2,
1-2b 명단 밖 코스피 모회사의 종속,SOOSAN ENERGY MIDDLE EAST LLC,(주)수산인더스트리,,,해외 법인,해외 법인 — 계획서 7-2,
1-2b 명단 밖 코스피 모회사의 종속,SOOSAN INDUSTRIES VINA,(주)수산인더스트리,,,해외 법인,해외 법인 — 계획서 7-2,
1-2b 명단 밖 코스피 모회사의 종속,"Malesela T.E.C, Ltd.",대한전선(주),,,해외 법인,해외 법인 — 계획서 7-2,
1-2b 명단 밖 코스피 모회사의 종속,Bulace Investments Ltd.,대한전선(주),,,해외 법인,해외 법인 — 계획서 7-2,
1-2b 명단 밖 코스피 모회사의 종속,TAIHAN CANADA LTD.,대한전선(주),,,해외 법인,해외 법인 — 계획서 7-2,
1-2b 명단 밖 코스피 모회사의 종속,Taihan Kuwait Fiber Optic Cable Co. WLL.,대한전선(주),,,해외 법인,해외 법인 — 계획서 7-2,
1-2b 명단 밖 코스피 모회사의 종속,에이엘디제일차피에프브이,대한전선(주),,,명목회사·펀드·SPC·신탁 상품,펀드·SPC·투자조합·신탁 상품·명목회사 — 계획서 7-2,
1-2b 명단 밖 코스피 모회사의 종속,"T.E.USA, Ltd.",대한전선(주),,,해외 법인,해외 법인 — 계획서 7-2,
1-2b 명단 밖 코스피 모회사의 종속,국민유선방송투자이호사모투자전문회사,대한전선(주),,,명목회사·펀드·SPC·신탁 상품,펀드·SPC·투자조합·신탁 상품·명목회사 — 계획서 7-2,
1-2b 명단 밖 코스피 모회사의 종속,"TCV Co., Ltd.",대한전선(주),,,해외 법인,해외 법인 — 계획서 7-2,
1-2b 명단 밖 코스피 모회사의 종속,"Saudi-Taihan Co., Ltd.",대한전선(주),,,해외 법인,해외 법인 — 계획서 7-2,
1-2b 명단 밖 코스피 모회사의 종속,Taihan Netherlands B.V.,대한전선(주),,,해외 법인,해외 법인 — 계획서 7-2,
1-2b 명단 밖 코스피 모회사의 종속,Taihan Electric Australia Pty Ltd.,대한전선(주),,,해외 법인,해외 법인 — 계획서 7-2,
1-2b 명단 밖 코스피 모회사의 종속,Taihan New Zealand Ltd.,대한전선(주),,,해외 법인,해외 법인 — 계획서 7-2,
1-2b 명단 밖 코스피 모회사의 종속,TAIHAN ENGINEERING & CONSTRUCTION PTE. LTD.,대한전선(주),,,해외 법인,해외 법인 — 계획서 7-2,
1-2b 명단 밖 코스피 모회사의 종속,"Hyosung Vina Chemicals Co., Ltd.",효성화학(주),,,해외 법인,해외 법인 — 계획서 7-2,
1-2b 명단 밖 코스피 모회사의 종속,"Hyosung Film(Quzhou) Co., Ltd",효성화학(주),,,해외 법인,해외 법인 — 계획서 7-2,
1-2b 명단 밖 코스피 모회사의 종속,양주일양제약 유한공사,일양약품(주),,,해외 법인,해외 법인 — 계획서 7-2,
1-2b 명단 밖 코스피 모회사의 종속,통화일양 유한공사,일양약품(주),,,해외 법인,해외 법인 — 계획서 7-2,
1-2b 명단 밖 코스피 모회사의 종속,HR Mechanical Services Limited,현대로템(주),,,해외 법인,해외 법인 — 계획서 7-2,
1-2b 명단 밖 코스피 모회사의 종속,HYUNDAI ROTEM EUROPE SP. Z O.O.,현대로템(주),,,해외 법인,해외 법인 — 계획서 7-2,
1-2b 명단 밖 코스피 모회사의 종속,HYUNDAI ROTEM AUSTRALIA PTY LTD,현대로템(주),,,해외 법인,해외 법인 — 계획서 7-2,
1-2b 명단 밖 코스피 모회사의 종속,Hyundai Rotem USA Corporation,현대로템(주),,,해외 법인,해외 법인 — 계획서 7-2,
1-2b 명단 밖 코스피 모회사의 종속,"Rotem Equipments (Beijing) Co., Ltd",현대로템(주),,,해외 법인,해외 법인 — 계획서 7-2,
1-2b 명단 밖 코스피 모회사의 종속,Hyundai EURotem Demiryolu Araclari Sanayi ve Ticaret A.S,현대로템(주),,,해외 법인,해외 법인 — 계획서 7-2,
1-2b 명단 밖 코스피 모회사의 종속,Hyundai Rotem Brasil Industria E Comercio De Trens Ltda.,현대로템(주),,,해외 법인,해외 법인 — 계획서 7-2,
1-2b 명단 밖 코스피 모회사의 종속,iMarketAmerica Inc.,(주)아이마켓코리아,,,해외 법인,해외 법인 — 계획서 7-2,
1-2b 명단 밖 코스피 모회사의 종속,데일리 넥스트 웨이브 바이오 헬스케어 펀드,(주)아이마켓코리아,,,명목회사·펀드·SPC·신탁 상품,펀드·SPC·투자조합·신탁 상품·명목회사 — 계획서 7-2,
1-2b 명단 밖 코스피 모회사의 종속,iMarketEurope Kft.,(주)아이마켓코리아,,,해외 법인,해외 법인 — 계획서 7-2,
1-2b 명단 밖 코스피 모회사의 종속,그래디언트일반사모부동산 투자신탁제2호,(주)아이마켓코리아,,,명목회사·펀드·SPC·신탁 상품,펀드·SPC·투자조합·신탁 상품·명목회사 — 계획서 7-2,
1-2b 명단 밖 코스피 모회사의 종속,"iMarketVietnam Co.,Ltd.",(주)아이마켓코리아,,,해외 법인,해외 법인 — 계획서 7-2,
1-2b 명단 밖 코스피 모회사의 종속,iMarketXian Inc.,(주)아이마켓코리아,,,해외 법인,해외 법인 — 계획서 7-2,
1-2b 명단 밖 코스피 모회사의 종속,iMarketFocus Inc.,(주)아이마켓코리아,,,해외 법인,해외 법인 — 계획서 7-2,
1-2b 명단 밖 코스피 모회사의 종속,"TYM-North America, Inc.",주식회사 티와이엠,,,해외 법인,해외 법인 — 계획서 7-2,
1-2b 명단 밖 코스피 모회사의 종속,TYM EUROPE B.V.(*),주식회사 티와이엠,,,해외 법인,해외 법인 — 계획서 7-2,
1-2b 명단 밖 코스피 모회사의 종속,흥국화재해상보험㈜,태광산업(주),,,중복 (이미 명단·다른 지배회사·옛 이름),이미 명단에 있음 — 상장 또는 앞 단계 종속,
1-2b 명단 밖 코스피 모회사의 종속,태광화섬(상숙)유한공사,태광산업(주),,,해외 법인,해외 법인 — 계획서 7-2,
1-2b 명단 밖 코스피 모회사의 종속,태광화섬(닝샤)유한공사,태광산업(주),,,해외 법인,해외 법인 — 계획서 7-2,
1-2b 명단 밖 코스피 모회사의 종속,태광1호위탁관리부동산투자회사,태광산업(주),,,명목회사·펀드·SPC·신탁 상품,펀드·SPC·투자조합·신탁 상품·명목회사 — 계획서 7-2,
1-2b 명단 밖 코스피 모회사의 종속,"DV SHINHUNG CO.,LTD",(주)신흥,,,해외 법인,해외 법인 — 계획서 7-2,
1-2b 명단 밖 코스피 모회사의 종속,MISSHA JAPAN INC.,(주)에이블씨엔씨,,,해외 법인,해외 법인 — 계획서 7-2,
1-2b 명단 밖 코스피 모회사의 종속,북경애박신화장품상무유한공사,(주)에이블씨엔씨,,,해외 법인,해외 법인 — 계획서 7-2,
1-2b 명단 밖 코스피 모회사의 종속,Able C&C US INC.,(주)에이블씨엔씨,,,해외 법인,해외 법인 — 계획서 7-2,
1-2b 명단 밖 코스피 모회사의 종속,상해애박신화장품상무유한공사,(주)에이블씨엔씨,,,해외 법인,해외 법인 — 계획서 7-2,
1-2b 명단 밖 코스피 모회사의 종속,메이슨큐브투자조합,삼익THK(주),,,명목회사·펀드·SPC·신탁 상품,펀드·SPC·투자조합·신탁 상품·명목회사 — 계획서 7-2,
1-2b 명단 밖 코스피 모회사의 종속,"MATZ AMERICA, LLC",삼익THK(주),,,해외 법인,해외 법인 — 계획서 7-2,
1-2b 명단 밖 코스피 모회사의 종속,MATZ POLAND SP. Z O.O,삼익THK(주),,,해외 법인,해외 법인 — 계획서 7-2,
1-2b 명단 밖 코스피 모회사의 종속,"MATZ (Nanjing) Automation Equipment Co., Ltd",삼익THK(주),,,해외 법인,해외 법인 — 계획서 7-2,
1-2b 명단 밖 코스피 모회사의 종속,매츠 ABB 테크 제1호 벤처투자조합,삼익THK(주),,,명목회사·펀드·SPC·신탁 상품,펀드·SPC·투자조합·신탁 상품·명목회사 — 계획서 7-2,
1-2b 명단 밖 코스피 모회사의 종속,JW Theriac Pharmaceutical Corporation,JW중외제약(주),,,해외 법인,해외 법인 — 계획서 7-2,
1-2b 명단 밖 코스피 모회사의 종속,Euvipharm JSC,JW중외제약(주),,,해외 법인,해외 법인 — 계획서 7-2,
1-2b 명단 밖 코스피 모회사의 종속,"INSTALLX, INC.",주식회사 엘엑스홀딩스,,,해외 법인,해외 법인 — 계획서 7-2,
1-2b 명단 밖 코스피 모회사의 종속,,파미셀(주),,,자료 문제 (조회 실패·출자현황 없음·지분율 오류),"출자현황 자료 없음 — 원문 확인, 필요하면 수동 입력 파일에 적음 (2025 사업보고서 표 형식 아님(숫자 지분율 없음); 2025 3분기보고서 표 형식 아님(숫자 지분율 없음); 2025 반기보고서 표 형식 아님(숫자 지분율 없음); 2024 사업보고서 표 형식 아님(숫자 지분율 없음))",
1-2b 명단 밖 코스피 모회사의 종속,케이아이씨공업기계 (장가항) 유한공사,(주)에이프로젠,,,해외 법인,해외 법인 — 계획서 7-2,
1-2b 명단 밖 코스피 모회사의 종속,NC West Holdings,(주)엔씨,,,해외 법인,해외 법인 — 계획서 7-2,
1-2b 명단 밖 코스피 모회사의 종속,"NC America, LLC",(주)엔씨,,,해외 법인,해외 법인 — 계획서 7-2,
1-2b 명단 밖 코스피 모회사의 종속,NCSOFT ASIA HOLDINGS PTE. LTD.,(주)엔씨,,,해외 법인,해외 법인 — 계획서 7-2,
1-2b 명단 밖 코스피 모회사의 종속,NC Japan KK,(주)엔씨,,,해외 법인,해외 법인 — 계획서 7-2,
1-2b 명단 밖 코스피 모회사의 종속,"NC Taiwan Co., Ltd.",(주)엔씨,,,해외 법인,해외 법인 — 계획서 7-2,
1-2b 명단 밖 코스피 모회사의 종속,"NC Europe, Ltd.",(주)엔씨,,,해외 법인,해외 법인 — 계획서 7-2,
1-2b 명단 밖 코스피 모회사의 종속,"Chamaeleon Fund Ⅰ, LP",(주)엔씨,,,해외 법인,해외 법인 — 계획서 7-2,
1-2b 명단 밖 코스피 모회사의 종속,HSHWASUNG GLOBAL PTE.LTD,에이치에스화성(주),,,해외 법인,해외 법인 — 계획서 7-2,
1-2b 명단 밖 코스피 모회사의 종속,부동산 처분신탁,(주)녹십자홀딩스,,,명목회사·펀드·SPC·신탁 상품,펀드·SPC·투자조합·신탁 상품·명목회사 — 계획서 7-2,
1-2b 명단 밖 코스피 모회사의 종속,"COERA, INC.",(주)녹십자홀딩스,,,해외 법인,해외 법인 — 계획서 7-2,
1-2b 명단 밖 코스피 모회사의 종속,㈜커브컴퍼니,(주)녹십자홀딩스,,,우선주,우선주 등 — 지배력 판단에 쓰지 않음,
1-2b 명단 밖 코스피 모회사의 종속,"Lymphotec, lnc.",(주)녹십자홀딩스,,,해외 법인,해외 법인 — 계획서 7-2,
1-2b 명단 밖 코스피 모회사의 종속,"GC DH VIETNAM CO., LTD",(주)녹십자홀딩스,,,해외 법인,해외 법인 — 계획서 7-2,
1-2b 명단 밖 코스피 모회사의 종속,"GCV, Inc.",(주)녹십자홀딩스,,,해외 법인,해외 법인 — 계획서 7-2,
1-2b 명단 밖 코스피 모회사의 종속,"GC Labtech, Inc.",(주)녹십자홀딩스,,,해외 법인,해외 법인 — 계획서 7-2,
1-2b 명단 밖 코스피 모회사의 종속,SAMLIP SINGAPORE PTE. LTD.,(주)삼립,,,해외 법인,해외 법인 — 계획서 7-2,
1-2b 명단 밖 코스피 모회사의 종속,SAMLIP SEA PTE. LTD.,(주)삼립,,,해외 법인,해외 법인 — 계획서 7-2,
1-2b 명단 밖 코스피 모회사의 종속,글로벌푸드테크 신기술사업투자조합,(주)삼립,,,명목회사·펀드·SPC·신탁 상품,펀드·SPC·투자조합·신탁 상품·명목회사 — 계획서 7-2,
1-2b 명단 밖 코스피 모회사의 종속,"Curevo, Inc.",(주)녹십자,,,해외 법인,해외 법인 — 계획서 7-2,
1-2b 명단 밖 코스피 모회사의 종속,GC BIOPHARMA DO BRASIL CONSULTORIA DE NEGOCIOS LTDA.,(주)녹십자,,,해외 법인,해외 법인 — 계획서 7-2,
1-2b 명단 밖 코스피 모회사의 종속,"GC BIOPHARMA USA, Inc.",(주)녹십자,,,해외 법인,해외 법인 — 계획서 7-2,
1-2b 명단 밖 코스피 모회사의 종속,RMG-KB BioAccess Fund L.P.,(주)녹십자,,,해외 법인,해외 법인 — 계획서 7-2,
1-2b 명단 밖 코스피 모회사의 종속,"ABO Holdings, Inc.",(주)녹십자,,,해외 법인,해외 법인 — 계획서 7-2,
1-2b 명단 밖 코스피 모회사의 종속,Green Cross North America Inc. (GCNA),(주)녹십자,,,해외 법인,해외 법인 — 계획서 7-2,
1-2b 명단 밖 코스피 모회사의 종속,"Myanmar Hanshin Co., Ltd.",한신공영(주),,,해외 법인,해외 법인 — 계획서 7-2,
1-2b 명단 밖 코스피 모회사의 종속,CHOKCHEYFINANCEPLC,한신공영(주),,,해외 법인,해외 법인 — 계획서 7-2,
1-2b 명단 밖 코스피 모회사의 종속,CozySpace,한신공영(주),,,해외 법인,해외 법인 — 계획서 7-2,
1-2b 명단 밖 코스피 모회사의 종속,㈜제이비와이에스케이제3호기업구조조정부동산투자회사,한신공영(주),,,명목회사·펀드·SPC·신탁 상품,펀드·SPC·투자조합·신탁 상품·명목회사 — 계획서 7-2,
1-2b 명단 밖 코스피 모회사의 종속,(주)KB스타갤럭시타워 위탁관리부동산투자회사,(주)케이비스타위탁관리부동산투자회사,,,명목회사·펀드·SPC·신탁 상품,펀드·SPC·투자조합·신탁 상품·명목회사 — 계획서 7-2,
1-2b 명단 밖 코스피 모회사의 종속,LB영국일반사모 부동산투자신탁18호,(주)케이비스타위탁관리부동산투자회사,,,명목회사·펀드·SPC·신탁 상품,펀드·SPC·투자조합·신탁 상품·명목회사 — 계획서 7-2,
1-2b 명단 밖 코스피 모회사의 종속,LB영국일반사모 부동산투자신탁19호,(주)케이비스타위탁관리부동산투자회사,,,명목회사·펀드·SPC·신탁 상품,펀드·SPC·투자조합·신탁 상품·명목회사 — 계획서 7-2,
1-2b 명단 밖 코스피 모회사의 종속,(주)KB스타멀티에셋제1호 위탁관리부동산투자회사,(주)케이비스타위탁관리부동산투자회사,,,명목회사·펀드·SPC·신탁 상품,펀드·SPC·투자조합·신탁 상품·명목회사 — 계획서 7-2,
1-2b 명단 밖 코스피 모회사의 종속,(주)KB스타갤럭시타워 위탁관리부동산투자회사,(주)케이비스타위탁관리부동산투자회사,,,명목회사·펀드·SPC·신탁 상품,펀드·SPC·투자조합·신탁 상품·명목회사 — 계획서 7-2,
1-2b 명단 밖 코스피 모회사의 종속,(주)KB스타멀티에셋제1호 위탁관리부동산투자회사,(주)케이비스타위탁관리부동산투자회사,,,명목회사·펀드·SPC·신탁 상품,펀드·SPC·투자조합·신탁 상품·명목회사 — 계획서 7-2,
1-2b 명단 밖 코스피 모회사의 종속,KG Mobility Europe PartsCenter B.V.,케이지모빌리티(주),,,해외 법인,해외 법인 — 계획서 7-2,
1-2b 명단 밖 코스피 모회사의 종속,KGM Australia,케이지모빌리티(주),,,해외 법인,해외 법인 — 계획서 7-2,
1-2b 명단 밖 코스피 모회사의 종속,KGM Europe Gmbh,케이지모빌리티(주),,,해외 법인,해외 법인 — 계획서 7-2,
1-2b 명단 밖 코스피 모회사의 종속,Renzoluc Pte. Ltd.,(주)케이티앤지,,,해외 법인,해외 법인 — 계획서 7-2,
1-2b 명단 밖 코스피 모회사의 종속,PT Trisakti Purwosari Makmur,(주)케이티앤지,,,해외 법인,해외 법인 — 계획서 7-2,
1-2b 명단 밖 코스피 모회사의 종속,KT&G Global Rus L.L.C.,(주)케이티앤지,,,해외 법인,해외 법인 — 계획서 7-2,
1-2b 명단 밖 코스피 모회사의 종속,KT&G Taiwan Corporation,(주)케이티앤지,,,해외 법인,해외 법인 — 계획서 7-2,
1-2b 명단 밖 코스피 모회사의 종속,마스턴제144호피에프브이㈜,(주)케이티앤지,,,명목회사·펀드·SPC·신탁 상품,펀드·SPC·투자조합·신탁 상품·명목회사 — 계획서 7-2,
1-2b 명단 밖 코스피 모회사의 종속,KT&G Global Kazakhstan LLP,(주)케이티앤지,,,해외 법인,해외 법인 — 계획서 7-2,
1-2b 명단 밖 코스피 모회사의 종속,KT&G Kazakhstan LLP,(주)케이티앤지,,,해외 법인,해외 법인 — 계획서 7-2,
1-2b 명단 밖 코스피 모회사의 종속,KT&G Global TAS FE LLC,(주)케이티앤지,,,해외 법인,해외 법인 — 계획서 7-2,
1-2b 명단 밖 코스피 모회사의 종속,코람코유럽코어전문투자형 사모부동산 투자신탁 제3-2호,(주)케이티앤지,,,명목회사·펀드·SPC·신탁 상품,펀드·SPC·투자조합·신탁 상품·명목회사 — 계획서 7-2,
1-2b 명단 밖 코스피 모회사의 종속,미래에셋케이티앤지신성장투자조합1호,(주)케이티앤지,,,명목회사·펀드·SPC·신탁 상품,펀드·SPC·투자조합·신탁 상품·명목회사 — 계획서 7-2,
1-2b 명단 밖 코스피 모회사의 종속,케이비KT&G신성장1호펀드,(주)케이티앤지,,,명목회사·펀드·SPC·신탁 상품,펀드·SPC·투자조합·신탁 상품·명목회사 — 계획서 7-2,
1-2b 명단 밖 코스피 모회사의 종속,ASF International Holding Company AB,(주)케이티앤지,,,해외 법인,해외 법인 — 계획서 7-2,
1-2b 명단 밖 코스피 모회사의 종속,KT&G Tutun Mamulleri Sanayi ve Ticaret A.S.,(주)케이티앤지,,,해외 법인,해외 법인 — 계획서 7-2,
1-2b 명단 밖 코스피 모회사의 종속,Korea Tabacos Do Brasil LTDA,(주)케이티앤지,,,해외 법인,해외 법인 — 계획서 7-2,
1-2b 명단 밖 코스피 모회사의 종속,KT&G Pars,(주)케이티앤지,,,해외 법인,해외 법인 — 계획서 7-2,
1-2b 명단 밖 코스피 모회사의 종속,KT&G Rus L.L.C.,(주)케이티앤지,,,해외 법인,해외 법인 — 계획서 7-2,
1-2b 명단 밖 코스피 모회사의 종속,KT&G USA Corporation,(주)케이티앤지,,,해외 법인,해외 법인 — 계획서 7-2,
1-2b 명단 밖 코스피 모회사의 종속,Ares SDL Ⅲ 북미크레딧 일반사모특별자산투자신탁 52호,(주)케이티앤지,,,명목회사·펀드·SPC·신탁 상품,펀드·SPC·투자조합·신탁 상품·명목회사 — 계획서 7-2,
1-2b 명단 밖 코스피 모회사의 종속,"LG Display America, Inc.",엘지디스플레이(주),,,해외 법인,해외 법인 — 계획서 7-2,
1-2b 명단 밖 코스피 모회사의 종속,L&T Display Technology (Fujian) Limited (*),엘지디스플레이(주),,,해외 법인,해외 법인 — 계획서 7-2,
1-2b 명단 밖 코스피 모회사의 종속,"LG Display Yantai Co., Ltd. (*)",엘지디스플레이(주),,,해외 법인,해외 법인 — 계획서 7-2,
1-2b 명단 밖 코스피 모회사의 종속,"UNIFIED INNOVATIVE TECHNOLOGY, LLC",엘지디스플레이(주),,,해외 법인,해외 법인 — 계획서 7-2,
1-2b 명단 밖 코스피 모회사의 종속,"LG Display Guangzhou Trading Co., Ltd.(*)",엘지디스플레이(주),,,해외 법인,해외 법인 — 계획서 7-2,
1-2b 명단 밖 코스피 모회사의 종속,Global OLED Technology LLC,엘지디스플레이(주),,,해외 법인,해외 법인 — 계획서 7-2,
1-2b 명단 밖 코스피 모회사의 종속,"LG Display Vietnam Haiphong Co., Ltd.(*)",엘지디스플레이(주),,,해외 법인,해외 법인 — 계획서 7-2,
1-2b 명단 밖 코스피 모회사의 종속,"Suzhou Lehui Display Co.,Ltd.(*)",엘지디스플레이(주),,,해외 법인,해외 법인 — 계획서 7-2,
1-2b 명단 밖 코스피 모회사의 종속,LG DISPLAY FUND I L.L.C,엘지디스플레이(주),,,해외 법인,해외 법인 — 계획서 7-2,
1-2b 명단 밖 코스피 모회사의 종속,"LG Display Japan Co.,Ltd.",엘지디스플레이(주),,,해외 법인,해외 법인 — 계획서 7-2,
1-2b 명단 밖 코스피 모회사의 종속,"LG Display High-Tech (China) Co., Ltd.(*)",엘지디스플레이(주),,,해외 법인,해외 법인 — 계획서 7-2,
1-2b 명단 밖 코스피 모회사의 종속,특정금전신탁(MMT),엘지디스플레이(주),,,명목회사·펀드·SPC·신탁 상품,펀드·SPC·투자조합·신탁 상품·명목회사 — 계획서 7-2,
1-2b 명단 밖 코스피 모회사의 종속,LG Display Germany GmbH,엘지디스플레이(주),,,해외 법인,해외 법인 — 계획서 7-2,
1-2b 명단 밖 코스피 모회사의 종속,"LG Display Taiwan Co.,Ltd.",엘지디스플레이(주),,,해외 법인,해외 법인 — 계획서 7-2,
1-2b 명단 밖 코스피 모회사의 종속,"LG Display Nanjing Co.,Ltd. (*)",엘지디스플레이(주),,,해외 법인,해외 법인 — 계획서 7-2,
1-2b 명단 밖 코스피 모회사의 종속,"LG Display Shanghai Co., Ltd. (*)",엘지디스플레이(주),,,해외 법인,해외 법인 — 계획서 7-2,
1-2b 명단 밖 코스피 모회사의 종속,"LG Display Shenzhen Co., Ltd. (*)",엘지디스플레이(주),,,해외 법인,해외 법인 — 계획서 7-2,
1-2b 명단 밖 코스피 모회사의 종속,LG Display Singapore Pte. Ltd.,엘지디스플레이(주),,,해외 법인,해외 법인 — 계획서 7-2,
1-2b 명단 밖 코스피 모회사의 종속,패스웨이 고성장투자조합1호,(주)유니드비티플러스,,,명목회사·펀드·SPC·신탁 상품,펀드·SPC·투자조합·신탁 상품·명목회사 — 계획서 7-2,
1-2b 명단 밖 코스피 모회사의 종속,패스웨이JB 글로벌 신기술투자조합 1호,(주)유니드비티플러스,,,명목회사·펀드·SPC·신탁 상품,펀드·SPC·투자조합·신탁 상품·명목회사 — 계획서 7-2,
1-2b 명단 밖 코스피 모회사의 종속,Intellectual Keystone Technology LLC,삼성SDI(주),,,해외 법인,해외 법인 — 계획서 7-2,
1-2b 명단 밖 코스피 모회사의 종속,이차전지성장펀드,삼성SDI(주),,,명목회사·펀드·SPC·신탁 상품,펀드·SPC·투자조합·신탁 상품·명목회사 — 계획서 7-2,
1-2b 명단 밖 코스피 모회사의 종속,신기술투자조합15호,삼성SDI(주),,,명목회사·펀드·SPC·신탁 상품,펀드·SPC·투자조합·신탁 상품·명목회사 — 계획서 7-2,
1-2b 명단 밖 코스피 모회사의 종속,신기술투자조합24호,삼성SDI(주),,,명목회사·펀드·SPC·신탁 상품,펀드·SPC·투자조합·신탁 상품·명목회사 — 계획서 7-2,
1-2b 명단 밖 코스피 모회사의 종속,신기술투자조합49호,삼성SDI(주),,,명목회사·펀드·SPC·신탁 상품,펀드·SPC·투자조합·신탁 상품·명목회사 — 계획서 7-2,
1-2b 명단 밖 코스피 모회사의 종속,"Samsung SDI Americia, Inc.",삼성SDI(주),,,해외 법인,해외 법인 — 계획서 7-2,
1-2b 명단 밖 코스피 모회사의 종속,Samsung SDI (Hong Kong) Ltd.,삼성SDI(주),,,해외 법인,해외 법인 — 계획서 7-2,
1-2b 명단 밖 코스피 모회사의 종속,Samsung SDI Hungary Zrt.,삼성SDI(주),,,해외 법인,해외 법인 — 계획서 7-2,
1-2b 명단 밖 코스피 모회사의 종속,Samsung SDI Europe GmbH,삼성SDI(주),,,해외 법인,해외 법인 — 계획서 7-2,
1-2b 명단 밖 코스피 모회사의 종속,"Samsung SDI Vietnam Co., LTD.",삼성SDI(주),,,해외 법인,해외 법인 — 계획서 7-2,
1-2b 명단 밖 코스피 모회사의 종속,"Samsung SDI Energy Malaysia SDN, BHD.",삼성SDI(주),,,해외 법인,해외 법인 — 계획서 7-2,
1-2b 명단 밖 코스피 모회사의 종속,"Samsung SDI Japan Co.,Ltd.",삼성SDI(주),,,해외 법인,해외 법인 — 계획서 7-2,
1-2b 명단 밖 코스피 모회사의 종속,"Samaung SDI China Co.,Ltd.",삼성SDI(주),,,해외 법인,해외 법인 — 계획서 7-2,
1-2b 명단 밖 코스피 모회사의 종속,"Samsung SDI-ARN(Xi'An) Power Battery Co., Ltd.",삼성SDI(주),,,해외 법인,해외 법인 — 계획서 7-2,
1-2b 명단 밖 코스피 모회사의 종속,Samsung SDI Battery Systems GmbH,삼성SDI(주),,,해외 법인,해외 법인 — 계획서 7-2,
1-2b 명단 밖 코스피 모회사의 종속,"Samsung SDI（Tianjin）Battery Co.,Ltd.",삼성SDI(주),,,해외 법인,해외 법인 — 계획서 7-2,
1-2b 명단 밖 코스피 모회사의 종속,Samsung SDI India Private Limited,삼성SDI(주),,,해외 법인,해외 법인 — 계획서 7-2,
1-2b 명단 밖 코스피 모회사의 종속,Novaled GmbH,삼성SDI(주),,,해외 법인,해외 법인 — 계획서 7-2,
1-2b 명단 밖 코스피 모회사의 종속,StarPlus Energy LLC.,삼성SDI(주),,,해외 법인,해외 법인 — 계획서 7-2,
1-2b 명단 밖 코스피 모회사의 종속,Samsung SDI Southeast Asia PTE. LTD.,삼성SDI(주),,,해외 법인,해외 법인 — 계획서 7-2,
1-2b 명단 밖 코스피 모회사의 종속,SDI-GM Synergy Cells Holdings LLC.,삼성SDI(주),,,해외 법인,해외 법인 — 계획서 7-2,
1-2b 명단 밖 코스피 모회사의 종속,SJM FLEX SA (Pty) LTD,(주)에스제이엠,,,해외 법인,해외 법인 — 계획서 7-2,
1-2b 명단 밖 코스피 모회사의 종속,SJM FLEX (M) SDN.BHD,(주)에스제이엠,,,해외 법인,해외 법인 — 계획서 7-2,
1-2b 명단 밖 코스피 모회사의 종속,연대세걸기차 배건유한공사,(주)에스제이엠,,,해외 법인,해외 법인 — 계획서 7-2,
1-2b 명단 밖 코스피 모회사의 종속,SJMFLEX de MEXICO S de RL de CV,(주)에스제이엠,,,해외 법인,해외 법인 — 계획서 7-2,
1-2b 명단 밖 코스피 모회사의 종속,SJMFLEX MOROCCO SARL AU,(주)에스제이엠,,,해외 법인,해외 법인 — 계획서 7-2,
1-2b 명단 밖 코스피 모회사의 종속,SJM FLEX INDIA PRIVATE LIMITED,(주)에스제이엠,,,해외 법인,해외 법인 — 계획서 7-2,
1-2b 명단 밖 코스피 모회사의 종속,SJM Gmbh,(주)에스제이엠,,,해외 법인,해외 법인 — 계획서 7-2,
1-2b 명단 밖 코스피 모회사의 종속,SJM NORTH AMERICA INC,(주)에스제이엠,,,해외 법인,해외 법인 — 계획서 7-2,
1-2b 명단 밖 코스피 모회사의 종속,"PT Samsung Engineering Indonesia Co., Ltd.",삼성이앤에이(주),,,해외 법인,해외 법인 — 계획서 7-2,
1-2b 명단 밖 코스피 모회사의 종속,Samsung E&A America Inc.,삼성이앤에이(주),,,해외 법인,해외 법인 — 계획서 7-2,
1-2b 명단 밖 코스피 모회사의 종속,Samsung Engineering Kazakhstan LLP,삼성이앤에이(주),,,해외 법인,해외 법인 — 계획서 7-2,
1-2b 명단 밖 코스피 모회사의 종속,Samsung E&A India Private Limited,삼성이앤에이(주),,,해외 법인,해외 법인 — 계획서 7-2,
1-2b 명단 밖 코스피 모회사의 종속,Grupo Samsung E&A Mexico S.A. De C.V.,삼성이앤에이(주),,,해외 법인,해외 법인 — 계획서 7-2,
1-2b 명단 밖 코스피 모회사의 종속,Samsung E&A Manzanillo S.A. De C.V.,삼성이앤에이(주),,,해외 법인,해외 법인 — 계획서 7-2,
1-2b 명단 밖 코스피 모회사의 종속,Samsung E&A Malaysia SDN. BHD.,삼성이앤에이(주),,,해외 법인,해외 법인 — 계획서 7-2,
1-2b 명단 밖 코스피 모회사의 종속,Samsung E&A Arabia Co. Ltd.,삼성이앤에이(주),,,해외 법인,해외 법인 — 계획서 7-2,
1-2b 명단 밖 코스피 모회사의 종속,"Samsung E&A Shanghai Co., Ltd",삼성이앤에이(주),,,해외 법인,해외 법인 — 계획서 7-2,
1-2b 명단 밖 코스피 모회사의 종속,"Samsung Engineering Trinidad Co., Ltd.",삼성이앤에이(주),,,해외 법인,해외 법인 — 계획서 7-2,
1-2b 명단 밖 코스피 모회사의 종속,Samsung E&A Mexico S.A. de C.V.,삼성이앤에이(주),,,해외 법인,해외 법인 — 계획서 7-2,
1-2b 명단 밖 코스피 모회사의 종속,"Samsung E&A (Thailand) Co., Ltd.",삼성이앤에이(주),,,해외 법인,해외 법인 — 계획서 7-2,
1-2b 명단 밖 코스피 모회사의 종속,TSJ Limited,삼성이앤에이(주),,,해외 법인,해외 법인 — 계획서 7-2,
1-2b 명단 밖 코스피 모회사의 종속,Samsung E&A Energia S.A. De C.V.,삼성이앤에이(주),,,해외 법인,해외 법인 — 계획서 7-2,
1-2b 명단 밖 코스피 모회사의 종속,Muharraq Holding Company 1 Ltd.,삼성이앤에이(주),,,해외 법인,해외 법인 — 계획서 7-2,
1-2b 명단 밖 코스피 모회사의 종속,Muharraq Wastewater Services Company W.L.L.,삼성이앤에이(주),,,해외 법인,해외 법인 — 계획서 7-2,
1-2b 명단 밖 코스피 모회사의 종속,Samsung E&A Bolivia S.A,삼성이앤에이(주),,,해외 법인,해외 법인 — 계획서 7-2,
1-2b 명단 밖 코스피 모회사의 종속,"Samsung E&A Vietnam Co., Ltd.",삼성이앤에이(주),,,해외 법인,해외 법인 — 계획서 7-2,
1-2b 명단 밖 코스피 모회사의 종속,"Samsung E&A Xi'An Co., Ltd",삼성이앤에이(주),,,해외 법인,해외 법인 — 계획서 7-2,
1-2b 명단 밖 코스피 모회사의 종속,Samsung E&A Hungary Co. Ltd.,삼성이앤에이(주),,,해외 법인,해외 법인 — 계획서 7-2,
1-2b 명단 밖 코스피 모회사의 종속,Samsung Engineering Italy S.R.L.,삼성이앤에이(주),,,해외 법인,해외 법인 — 계획서 7-2,
1-2b 명단 밖 코스피 모회사의 종속,에스브이아이씨51호 신기술사업투자조합,삼성이앤에이(주),,,명목회사·펀드·SPC·신탁 상품,펀드·SPC·투자조합·신탁 상품·명목회사 — 계획서 7-2,
1-2b 명단 밖 코스피 모회사의 종속,TTSJV W.L.L.,삼성이앤에이(주),,,해외 법인,해외 법인 — 계획서 7-2,
1-2b 명단 밖 코스피 모회사의 종속,Samsung Project Management Inc.,삼성이앤에이(주),,,해외 법인,해외 법인 — 계획서 7-2,
1-2b 명단 밖 코스피 모회사의 종속,Samsung E&A Global Private Limited,삼성이앤에이(주),,,해외 법인,해외 법인 — 계획서 7-2,
1-2b 명단 밖 코스피 모회사의 종속,Global Module Center Joint Stock Company,삼성이앤에이(주),,,해외 법인,해외 법인 — 계획서 7-2,
1-2b 명단 밖 코스피 모회사의 종속,에스브이아이씨61호 신기술사업투자조합,삼성이앤에이(주),,,명목회사·펀드·SPC·신탁 상품,펀드·SPC·투자조합·신탁 상품·명목회사 — 계획서 7-2,
1-2b 명단 밖 코스피 모회사의 종속,Samsung Engineering NEC Company Limited,삼성이앤에이(주),,,해외 법인,해외 법인 — 계획서 7-2,
1-2b 명단 밖 코스피 모회사의 종속,에스브이아이씨69호 신기술사업투자조합,삼성이앤에이(주),,,명목회사·펀드·SPC·신탁 상품,펀드·SPC·투자조합·신탁 상품·명목회사 — 계획서 7-2,
1-2b 명단 밖 코스피 모회사의 종속,무학전기(혜주)유한공사,(주)무학,,,해외 법인,해외 법인 — 계획서 7-2,
1-2b 명단 밖 코스피 모회사의 종속,VICTORY VIET PHAP JOINT-STOCK COMPANY,(주)무학,,,해외 법인,해외 법인 — 계획서 7-2,
1-2b 명단 밖 코스피 모회사의 종속,SUN&L New Zealand Limited,(주)선앤엘,,,해외 법인,해외 법인 — 계획서 7-2,
1-2b 명단 밖 코스피 모회사의 종속,SUN&L Singapore PTE. LTD.,(주)선앤엘,,,해외 법인,해외 법인 — 계획서 7-2,
1-2b 명단 밖 코스피 모회사의 종속,"SUN&L Kunshan Plastic Products Co., Ltd.",(주)선앤엘,,,해외 법인,해외 법인 — 계획서 7-2,
1-2b 명단 밖 코스피 모회사의 종속,"C.K. DISPENSER CO.,LTD.",(주)선앤엘,,,해외 법인,해외 법인 — 계획서 7-2,
1-2b 명단 밖 코스피 모회사의 종속,OTOKI NEWZEALAND,(주)오뚜기,,,해외 법인,해외 법인 — 계획서 7-2,
1-2b 명단 밖 코스피 모회사의 종속,OTOKI AMERICA HOLDINGS INC,(주)오뚜기,,,해외 법인,해외 법인 — 계획서 7-2,
1-2b 명단 밖 코스피 모회사의 종속,OTOKI VIETNAM,(주)오뚜기,,,해외 법인,해외 법인 — 계획서 7-2,
1-2b 명단 밖 코스피 모회사의 종속,Intergis Mexico S. de R.L. de C.V.,인터지스(주),,,해외 법인,해외 법인 — 계획서 7-2,
1-2b 명단 밖 코스피 모회사의 종속,Intergis Japan Co.Ltd.,인터지스(주),,,해외 법인,해외 법인 — 계획서 7-2,
1-2b 명단 밖 코스피 모회사의 종속,INTERGIS AMERICA INC.,인터지스(주),,,해외 법인,해외 법인 — 계획서 7-2,
1-2b 명단 밖 코스피 모회사의 종속,"Intergis (Thailand) Co.,Ltd.",인터지스(주),,,해외 법인,해외 법인 — 계획서 7-2,
1-2b 명단 밖 코스피 모회사의 종속,Intergis Vina Co.Ltd.,인터지스(주),,,해외 법인,해외 법인 — 계획서 7-2,
1-2b 명단 밖 코스피 모회사의 종속,LNGR LLC(*),엘아이지디펜스앤에어로스페이스(주),,,해외 법인,해외 법인 — 계획서 7-2,
1-2b 명단 밖 코스피 모회사의 종속,오아시스제2호 사모투자합자회사,엘아이지디펜스앤에어로스페이스(주),,,명목회사·펀드·SPC·신탁 상품,펀드·SPC·투자조합·신탁 상품·명목회사 — 계획서 7-2,
1-2b 명단 밖 코스피 모회사의 종속,"DSR CABLE VINA Co.,Ltd",DSR제강(주),,,해외 법인,해외 법인 — 계획서 7-2,
1-2b 명단 밖 코스피 모회사의 종속,"SK Hi-tech Battery Materials (Jiang su) Co., Ltd.",에스케이아이이테크놀로지 주식회사,,,해외 법인,해외 법인 — 계획서 7-2,
1-2b 명단 밖 코스피 모회사의 종속,SK Hi-tech Battery Materials Poland Sp. Zo.o.,에스케이아이이테크놀로지 주식회사,,,해외 법인,해외 법인 — 계획서 7-2,
1-2b 명단 밖 코스피 모회사의 종속,"BC F&B Shanghai Co., Ltd.",(주)빙그레,,,해외 법인,해외 법인 — 계획서 7-2,
1-2b 명단 밖 코스피 모회사의 종속,BC F&B USA Corp.,(주)빙그레,,,해외 법인,해외 법인 — 계획서 7-2,
1-2b 명단 밖 코스피 모회사의 종속,"BC F&B Vietnam Co., Ltd.",(주)빙그레,,,해외 법인,해외 법인 — 계획서 7-2,
1-2b 명단 밖 코스피 모회사의 종속,BC F&B Australia Pty Ltd.,(주)빙그레,,,해외 법인,해외 법인 — 계획서 7-2,
1-2b 명단 밖 코스피 모회사의 종속,"SK Networks (China) Holdings Co.,Ltd.",SK네트웍스(주),,,해외 법인,해외 법인 — 계획서 7-2,
1-2b 명단 밖 코스피 모회사의 종속,"SK Networks Resources Australia (Wyong) Pty Ltd. 주1,2)",SK네트웍스(주),,,해외 법인,해외 법인 — 계획서 7-2,
1-2b 명단 밖 코스피 모회사의 종속,SK Networks Resources Pty Ltd.,SK네트웍스(주),,,해외 법인,해외 법인 — 계획서 7-2,
1-2b 명단 밖 코스피 모회사의 종속,SK BRASIL LTDA,SK네트웍스(주),,,해외 법인,해외 법인 — 계획서 7-2,
1-2b 명단 밖 코스피 모회사의 종속,"SK Networks Hong Kong Ltd. 주1,2)",SK네트웍스(주),,,해외 법인,해외 법인 — 계획서 7-2,
1-2b 명단 밖 코스피 모회사의 종속,Networks Tejarat Pars,SK네트웍스(주),,,해외 법인,해외 법인 — 계획서 7-2,
1-2b 명단 밖 코스피 모회사의 종속,SK NETWORKS AMERICAS LLC,SK네트웍스(주),,,해외 법인,해외 법인 — 계획서 7-2,
1-2b 명단 밖 코스피 모회사의 종속,에스브이에이벤처펀드Ⅱ,SK네트웍스(주),,,명목회사·펀드·SPC·신탁 상품,펀드·SPC·투자조합·신탁 상품·명목회사 — 계획서 7-2,
1-2b 명단 밖 코스피 모회사의 종속,"POSK(Pinghu) Steel Processing Center Co.,Ltd.",SK네트웍스(주),,,해외 법인,해외 법인 — 계획서 7-2,
1-2b 명단 밖 코스피 모회사의 종속,"SK Networks Japan Co., Ltd.",SK네트웍스(주),,,해외 법인,해외 법인 — 계획서 7-2,
1-2b 명단 밖 코스피 모회사의 종속,(주)이지스글로벌레지던스위탁관리부동산투자회사,주식회사 이지스레지던스위탁관리부동산투자회사,,,명목회사·펀드·SPC·신탁 상품,펀드·SPC·투자조합·신탁 상품·명목회사 — 계획서 7-2,
1-2b 명단 밖 코스피 모회사의 종속,(주)이지스글로벌레지던스위탁관리부동산투자회사,주식회사 이지스레지던스위탁관리부동산투자회사,,,명목회사·펀드·SPC·신탁 상품,펀드·SPC·투자조합·신탁 상품·명목회사 — 계획서 7-2,
1-2b 명단 밖 코스피 모회사의 종속,PT.Kepid Technology,한전산업개발(주),,,해외 법인,해외 법인 — 계획서 7-2,
1-2b 명단 밖 코스피 모회사의 종속,STIC Investments SG Pte. Ltd,스틱인베스트먼트(주),,,해외 법인,해외 법인 — 계획서 7-2,
1-2b 명단 밖 코스피 모회사의 종속,"PT. Dongsung Jakarta(""JDS"")",(주)동성케미컬,,,해외 법인,해외 법인 — 계획서 7-2,
1-2b 명단 밖 코스피 모회사의 종속,"Guangzhou Dongsung Chemical Co.,Ltd.(""GDS"")",(주)동성케미컬,,,해외 법인,해외 법인 — 계획서 7-2,
1-2b 명단 밖 코스피 모회사의 종속,"Dongsung Chemical(Vietnam) Co.,Ltd.(""VDS"")",(주)동성케미컬,,,해외 법인,해외 법인 — 계획서 7-2,
1-2b 명단 밖 코스피 모회사의 종속,"PT. Dongsung Chemical Indonesia(""IDS"")",(주)동성케미컬,,,해외 법인,해외 법인 — 계획서 7-2,
1-2b 명단 밖 코스피 모회사의 종속,"LOTTE FOOD HOLDING CO., LTD",롯데지주(주),,,해외 법인,해외 법인 — 계획서 7-2,
1-2b 명단 밖 코스피 모회사의 종속,Lotte Investment Partners Singapore PTE,롯데지주(주),,,해외 법인,해외 법인 — 계획서 7-2,
1-2b 명단 밖 코스피 모회사의 종속,PT Lotte RND Center Indonesia,롯데지주(주),,,해외 법인,해외 법인 — 계획서 7-2,
1-2b 명단 밖 코스피 모회사의 종속,무석광미래 신재료유한공사,(주)엘앤에프,,,해외 법인,해외 법인 — 계획서 7-2,
1-2b 명단 밖 코스피 모회사의 종속,PT.DLI,대림통상(주),,,해외 법인,해외 법인 — 계획서 7-2,
1-2b 명단 밖 코스피 모회사의 종속,D.B.M,대림통상(주),,,해외 법인,해외 법인 — 계획서 7-2,
1-2b 명단 밖 코스피 모회사의 종속,DHF Holdings Inc.,대한제분(주),,,해외 법인,해외 법인 — 계획서 7-2,
1-2b 명단 밖 코스피 모회사의 종속,Daehan Mills Inc.,대한제분(주),,,해외 법인,해외 법인 — 계획서 7-2,
1-2b 명단 밖 코스피 모회사의 종속,디에스 Quattro.X1 코스닥벤처 일반 사모투자신탁,대한제분(주),,,명목회사·펀드·SPC·신탁 상품,펀드·SPC·투자조합·신탁 상품·명목회사 — 계획서 7-2,
1-2b 명단 밖 코스피 모회사의 종속,오티엄그래비티 사모투자 합자회사,대한제분(주),,,명목회사·펀드·SPC·신탁 상품,펀드·SPC·투자조합·신탁 상품·명목회사 — 계획서 7-2,
1-2b 명단 밖 코스피 모회사의 종속,DONGBANGLOGISTICS VINA,(주)동방,,,해외 법인,해외 법인 — 계획서 7-2,
1-2b 명단 밖 코스피 모회사의 종속,㈜S&Dengineering,(주)동방,,,해외 법인,해외 법인 — 계획서 7-2,
1-2b 명단 밖 코스피 모회사의 종속,와이어드 기업재무안정 사모투자합자회사,(주)디알비동일,,,명목회사·펀드·SPC·신탁 상품,펀드·SPC·투자조합·신탁 상품·명목회사 — 계획서 7-2,
1-2b 명단 밖 코스피 모회사의 종속,"LX International (America), Inc.",(주)LX인터내셔널,,,해외 법인,해외 법인 — 계획서 7-2,
1-2b 명단 밖 코스피 모회사의 종속,LX International Japan Ltd.,(주)LX인터내셔널,,,해외 법인,해외 법인 — 계획서 7-2,
1-2b 명단 밖 코스피 모회사의 종속,LX International (HK) Ltd.,(주)LX인터내셔널,,,해외 법인,해외 법인 — 계획서 7-2,
1-2b 명단 밖 코스피 모회사의 종속,LX_International (Singapore) Pte.Ltd.,(주)LX인터내셔널,,,해외 법인,해외 법인 — 계획서 7-2,
1-2b 명단 밖 코스피 모회사의 종속,LX International (Deutschland) GmbH,(주)LX인터내셔널,,,해외 법인,해외 법인 — 계획서 7-2,
1-2b 명단 밖 코스피 모회사의 종속,LX International (Shanghai) Corp.,(주)LX인터내셔널,,,해외 법인,해외 법인 — 계획서 7-2,
1-2b 명단 밖 코스피 모회사의 종속,LX International India Private Limited,(주)LX인터내셔널,,,해외 법인,해외 법인 — 계획서 7-2,
1-2b 명단 밖 코스피 모회사의 종속,Bowen Investment (Australia) Pty Ltd,(주)LX인터내셔널,,,해외 법인,해외 법인 — 계획서 7-2,
1-2b 명단 밖 코스피 모회사의 종속,Philco Resources Limited,(주)LX인터내셔널,,,해외 법인,해외 법인 — 계획서 7-2,
1-2b 명단 밖 코스피 모회사의 종속,Resources Investment (H.K.) Limited,(주)LX인터내셔널,,,해외 법인,해외 법인 — 계획서 7-2,
1-2b 명단 밖 코스피 모회사의 종속,PT. Batubara Global Energy,(주)LX인터내셔널,,,해외 법인,해외 법인 — 계획서 7-2,
1-2b 명단 밖 코스피 모회사의 종속,PT. Ganda Alam Makmur,(주)LX인터내셔널,,,해외 법인,해외 법인 — 계획서 7-2,
1-2b 명단 밖 코스피 모회사의 종속,PT. Trans Global Terminal,(주)LX인터내셔널,,,해외 법인,해외 법인 — 계획서 7-2,
1-2b 명단 밖 코스피 모회사의 종속,Fertilizer Resources Investment Limited,(주)LX인터내셔널,,,해외 법인,해외 법인 — 계획서 7-2,
1-2b 명단 밖 코스피 모회사의 종속,"Colmineral, S.A. de.C.V.",(주)LX인터내셔널,,,해외 법인,해외 법인 — 계획서 7-2,
1-2b 명단 밖 코스피 모회사의 종속,PT. Kinarya Prima Utama,(주)LX인터내셔널,,,해외 법인,해외 법인 — 계획서 7-2,
1-2b 명단 밖 코스피 모회사의 종속,PT. Energy Battery Indonesia,(주)LX인터내셔널,,,해외 법인,해외 법인 — 계획서 7-2,
1-2b 명단 밖 코스피 모회사의 종속,PT. Green Global Lestari,(주)LX인터내셔널,,,해외 법인,해외 법인 — 계획서 7-2,
1-2b 명단 밖 코스피 모회사의 종속,"Korea Carbon International Co., Ltd.",(주)LX인터내셔널,,,해외 법인,해외 법인 — 계획서 7-2,
1-2b 명단 밖 코스피 모회사의 종속,PT. LX International Indonesia,(주)LX인터내셔널,,,해외 법인,해외 법인 — 계획서 7-2,
1-2b 명단 밖 코스피 모회사의 종속,PT. Global Investment Institusi,(주)LX인터내셔널,,,해외 법인,해외 법인 — 계획서 7-2,
1-2b 명단 밖 코스피 모회사의 종속,LX International Yakutsk LLC.,(주)LX인터내셔널,,,해외 법인,해외 법인 — 계획서 7-2,
1-2b 명단 밖 코스피 모회사의 종속,"Steel Flower Electric & Machinery (Tianjin) Co., Ltd.",(주)LX인터내셔널,,,해외 법인,해외 법인 — 계획서 7-2,
1-2b 명단 밖 코스피 모회사의 종속,Haiphong Steel Flower Electrical & Machinery Company Limited,(주)LX인터내셔널,,,해외 법인,해외 법인 — 계획서 7-2,
1-2b 명단 밖 코스피 모회사의 종속,PT. Binsar Natorang Energi,(주)LX인터내셔널,,,해외 법인,해외 법인 — 계획서 7-2,
1-2b 명단 밖 코스피 모회사의 종속,POSCO-PWPC(Poland Wroclaw Processing Center),(주)LX인터내셔널,,,해외 법인,해외 법인 — 계획서 7-2,
1-2b 명단 밖 코스피 모회사의 종속,,서울식품공업(주),,,자료 문제 (조회 실패·출자현황 없음·지분율 오류),"출자현황 자료 없음 — 원문 확인, 필요하면 수동 입력 파일에 적음 (2025 사업보고서 표 형식 아님(숫자 지분율 없음); 2025 3분기보고서 표 형식 아님(숫자 지분율 없음); 2025 반기보고서 표 형식 아님(숫자 지분율 없음); 2024 사업보고서 표 형식 아님(숫자 지분율 없음))",
1-2b 명단 밖 코스피 모회사의 종속,HCM VINA,(주)한국카본,,,해외 법인,해외 법인 — 계획서 7-2,
1-2b 명단 밖 코스피 모회사의 종속,HANKUK COMPOSITE UK LTD,(주)한국카본,,,해외 법인,해외 법인 — 계획서 7-2,
1-2b 명단 밖 코스피 모회사의 종속,C2i s.r.o.,(주)한국카본,,,해외 법인,해외 법인 — 계획서 7-2,
1-2b 명단 밖 코스피 모회사의 종속,HANKUK COMPOSITE US INC,(주)한국카본,,,해외 법인,해외 법인 — 계획서 7-2,
1-2b 명단 밖 코스피 모회사의 종속,"Engineered Textile Solutions & Associates, LLC",(주)한국카본,,,해외 법인,해외 법인 — 계획서 7-2,
1-2b 명단 밖 코스피 모회사의 종속,에코프라임마린퍼시픽 유한회사,동부건설(주),,,명목회사·펀드·SPC·신탁 상품,펀드·SPC·투자조합·신탁 상품·명목회사 — 계획서 7-2,
1-2b 명단 밖 코스피 모회사의 종속,KUMHO-DONGBU JOINTVENTURE,동부건설(주),,,해외 법인,해외 법인 — 계획서 7-2,
1-2b 명단 밖 코스피 모회사의 종속,Dongbu Australia,동부건설(주),,,해외 법인,해외 법인 — 계획서 7-2,
1-2b 명단 밖 코스피 모회사의 종속,YOULCHON VINA COMPANY LIMITED (베트남),율촌화학(주),,,해외 법인,해외 법인 — 계획서 7-2,
1-2b 명단 밖 코스피 모회사의 종속,"YANBIAN NONGSHIM MINERAL WATER BEVERAGE CO., LTD.,",(주)농심,,,해외 법인,해외 법인 — 계획서 7-2,
1-2b 명단 밖 코스피 모회사의 종속,NONG SHIM(HONGKONG) Ltd.,(주)농심,,,해외 법인,해외 법인 — 계획서 7-2,
1-2b 명단 밖 코스피 모회사의 종속,"Nong Shim Holdings USA, Inc.",(주)농심,,,해외 법인,해외 법인 — 계획서 7-2,
1-2b 명단 밖 코스피 모회사의 종속,"Nong Shim Japan, Inc.",(주)농심,,,해외 법인,해외 법인 — 계획서 7-2,
1-2b 명단 밖 코스피 모회사의 종속,NONGSHIM AUSTRALIA PTY LTD.,(주)농심,,,해외 법인,해외 법인 — 계획서 7-2,
1-2b 명단 밖 코스피 모회사의 종속,"NONGSHIM VIETNAM CO., LTD.",(주)농심,,,해외 법인,해외 법인 — 계획서 7-2,
1-2b 명단 밖 코스피 모회사의 종속,NONGSHIM EUROPE B.V.,(주)농심,,,해외 법인,해외 법인 — 계획서 7-2,
1-2b 명단 밖 코스피 모회사의 종속,LOTTE SHOPPING HOLDINGS (SINGAPORE) PTE. LTD.,롯데쇼핑(주),,,해외 법인,해외 법인 — 계획서 7-2,
1-2b 명단 밖 코스피 모회사의 종속,LOTTE PROPERTIES (CHENGDU) HK LIMITED,롯데쇼핑(주),,,해외 법인,해외 법인 — 계획서 7-2,
1-2b 명단 밖 코스피 모회사의 종속,LOTTE PROPERTIES (HANOI) SINGAPORE PTE. LTD.,롯데쇼핑(주),,,해외 법인,해외 법인 — 계획서 7-2,
1-2b 명단 밖 코스피 모회사의 종속,LOTTE PROPERTIES HCMC COMPANY LIMITED,롯데쇼핑(주),,,해외 법인,해외 법인 — 계획서 7-2,
1-2b 명단 밖 코스피 모회사의 종속,롯데위탁관리부동산투자회사,롯데쇼핑(주),,,명목회사·펀드·SPC·신탁 상품,펀드·SPC·투자조합·신탁 상품·명목회사 — 계획서 7-2,
1-2b 명단 밖 코스피 모회사의 종속,유진유니콘사모투자합자회사,롯데쇼핑(주),,,명목회사·펀드·SPC·신탁 상품,펀드·SPC·투자조합·신탁 상품·명목회사 — 계획서 7-2,
1-2b 명단 밖 코스피 모회사의 종속,롯데쇼핑이노베이션펀드1호,롯데쇼핑(주),,,명목회사·펀드·SPC·신탁 상품,펀드·SPC·투자조합·신탁 상품·명목회사 — 계획서 7-2,
1-2b 명단 밖 코스피 모회사의 종속,에프엘제주노형일반사모부동산투자신탁제3호,롯데쇼핑(주),,,명목회사·펀드·SPC·신탁 상품,펀드·SPC·투자조합·신탁 상품·명목회사 — 계획서 7-2,
1-2b 명단 밖 코스피 모회사의 종속,스마트롯데쇼핑이노베이션펀드,롯데쇼핑(주),,,명목회사·펀드·SPC·신탁 상품,펀드·SPC·투자조합·신탁 상품·명목회사 — 계획서 7-2,
1-2b 명단 밖 코스피 모회사의 종속,"SAMSUNG C&T CORPORATION VIETNAM CO., LTD",삼성물산(주),,,해외 법인,해외 법인 — 계획서 7-2,
1-2b 명단 밖 코스피 모회사의 종속,SAMSUNG C&T CORPORATION UEM CONSTRUCTION JV SDN BHD,삼성물산(주),,,해외 법인,해외 법인 — 계획서 7-2,
1-2b 명단 밖 코스피 모회사의 종속,Samsung C&T Renewable Energy Australia Pty Ltd,삼성물산(주),,,해외 법인,해외 법인 — 계획서 7-2,
1-2b 명단 밖 코스피 모회사의 종속,Samsung C&T Corporation Poland LLC,삼성물산(주),,,해외 법인,해외 법인 — 계획서 7-2,
1-2b 명단 밖 코스피 모회사의 종속,SVIC 66호 신기술사업투자조합,삼성물산(주),,,명목회사·펀드·SPC·신탁 상품,펀드·SPC·투자조합·신탁 상품·명목회사 — 계획서 7-2,
1-2b 명단 밖 코스피 모회사의 종속,SVIC 64호 신기술사업투자조합,삼성물산(주),,,명목회사·펀드·SPC·신탁 상품,펀드·SPC·투자조합·신탁 상품·명목회사 — 계획서 7-2,
1-2b 명단 밖 코스피 모회사의 종속,SVIC 68호 신기술사업투자조합,삼성물산(주),,,명목회사·펀드·SPC·신탁 상품,펀드·SPC·투자조합·신탁 상품·명목회사 — 계획서 7-2,
1-2b 명단 밖 코스피 모회사의 종속,SVIC 69호 신기술사업투자조합,삼성물산(주),,,명목회사·펀드·SPC·신탁 상품,펀드·SPC·투자조합·신탁 상품·명목회사 — 계획서 7-2,
1-2b 명단 밖 코스피 모회사의 종속,이지스 RE100 솔라 일반사모투자신탁 제1호,삼성물산(주),,,명목회사·펀드·SPC·신탁 상품,펀드·SPC·투자조합·신탁 상품·명목회사 — 계획서 7-2,
1-2b 명단 밖 코스피 모회사의 종속,그린하버솔라플랫폼일반사모투자신탁 제1호,삼성물산(주),,,명목회사·펀드·SPC·신탁 상품,펀드·SPC·투자조합·신탁 상품·명목회사 — 계획서 7-2,
1-2b 명단 밖 코스피 모회사의 종속,"SAMSUNG C&T INVESTMENT Co.,Ltd.",삼성물산(주),,,해외 법인,해외 법인 — 계획서 7-2,
1-2b 명단 밖 코스피 모회사의 종속,SAMSUNG VISTA C&I AUSTRALIA PTY LTD,삼성물산(주),,,해외 법인,해외 법인 — 계획서 7-2,
1-2b 명단 밖 코스피 모회사의 종속,SVIC53호 신기술사업투자조합,삼성물산(주),,,명목회사·펀드·SPC·신탁 상품,펀드·SPC·투자조합·신탁 상품·명목회사 — 계획서 7-2,
1-2b 명단 밖 코스피 모회사의 종속,SVIC54호 신기술사업투자조합,삼성물산(주),,,명목회사·펀드·SPC·신탁 상품,펀드·SPC·투자조합·신탁 상품·명목회사 — 계획서 7-2,
1-2b 명단 밖 코스피 모회사의 종속,Samsung C&T Japan Corporation,삼성물산(주),,,해외 법인,해외 법인 — 계획서 7-2,
1-2b 명단 밖 코스피 모회사의 종속,Samsung C&T America Inc.,삼성물산(주),,,해외 법인,해외 법인 — 계획서 7-2,
1-2b 명단 밖 코스피 모회사의 종속,"Samsung E&C America, INC",삼성물산(주),,,해외 법인,해외 법인 — 계획서 7-2,
1-2b 명단 밖 코스피 모회사의 종속,Samsung Renewable Energy Inc.,삼성물산(주),,,해외 법인,해외 법인 — 계획서 7-2,
1-2b 명단 밖 코스피 모회사의 종속,"QSSC, S.A. de C.V.",삼성물산(주),,,해외 법인,해외 법인 — 계획서 7-2,
1-2b 명단 밖 코스피 모회사의 종속,SONG Parallel,삼성물산(주),,,해외 법인,해외 법인 — 계획서 7-2,
1-2b 명단 밖 코스피 모회사의 종속,Samsung C&T Lima S.A.C.,삼성물산(주),,,해외 법인,해외 법인 — 계획서 7-2,
1-2b 명단 밖 코스피 모회사의 종속,Samsung C&T Deutschland GmbH,삼성물산(주),,,해외 법인,해외 법인 — 계획서 7-2,
1-2b 명단 밖 코스피 모회사의 종속,Samsung C&T U.K. Ltd.,삼성물산(주),,,해외 법인,해외 법인 — 계획서 7-2,
1-2b 명단 밖 코스피 모회사의 종속,Samsung C&T ECUK Ltd.,삼성물산(주),,,해외 법인,해외 법인 — 계획서 7-2,
1-2b 명단 밖 코스피 모회사의 종속,Whessoe Engineering Limited,삼성물산(주),,,해외 법인,해외 법인 — 계획서 7-2,
1-2b 명단 밖 코스피 모회사의 종속,"POSS-SLPC, s.r.o",삼성물산(주),,,해외 법인,해외 법인 — 계획서 7-2,
1-2b 명단 밖 코스피 모회사의 종속,Solluce Romania 1 B.V.,삼성물산(주),,,해외 법인,해외 법인 — 계획서 7-2,
1-2b 명단 밖 코스피 모회사의 종속,SAM investment Manzanilo.B.V,삼성물산(주),,,해외 법인,해외 법인 — 계획서 7-2,
1-2b 명단 밖 코스피 모회사의 종속,"SAMSUNG C&T (KL) SDN., BHD",삼성물산(주),,,해외 법인,해외 법인 — 계획서 7-2,
1-2b 명단 밖 코스피 모회사의 종속,Samsung C&T Malaysia SDN. BHD.,삼성물산(주),,,해외 법인,해외 법인 — 계획서 7-2,
1-2b 명단 밖 코스피 모회사의 종속,"Erdsam Co., Ltd.",삼성물산(주),,,해외 법인,해외 법인 — 계획서 7-2,
1-2b 명단 밖 코스피 모회사의 종속,Samsung Chemtech Vina LLC.,삼성물산(주),,,해외 법인,해외 법인 — 계획서 7-2,
1-2b 명단 밖 코스피 모회사의 종속,"Samsung C&T Thailand Co., Ltd.",삼성물산(주),,,해외 법인,해외 법인 — 계획서 7-2,
1-2b 명단 밖 코스피 모회사의 종속,Samsung C&T India Private Limited,삼성물산(주),,,해외 법인,해외 법인 — 계획서 7-2,
1-2b 명단 밖 코스피 모회사의 종속,Samsung C&T Corporation India Private Limited,삼성물산(주),,,해외 법인,해외 법인 — 계획서 7-2,
1-2b 명단 밖 코스피 모회사의 종속,"MSSC SDN., BHD.",삼성물산(주),,,해외 법인,해외 법인 — 계획서 7-2,
1-2b 명단 밖 코스피 모회사의 종속,Samsung C&T Singapore Pte. Ltd.,삼성물산(주),,,해외 법인,해외 법인 — 계획서 7-2,
1-2b 명단 밖 코스피 모회사의 종속,S&G Biofuel PTE.LTD,삼성물산(주),,,해외 법인,해외 법인 — 계획서 7-2,
1-2b 명단 밖 코스피 모회사의 종속,SAMSUNG C&T Mongolia LLC.,삼성물산(주),,,해외 법인,해외 법인 — 계획서 7-2,
1-2b 명단 밖 코스피 모회사의 종속,Samsung C&T Eng.&Const. Mongolia LLC,삼성물산(주),,,해외 법인,해외 법인 — 계획서 7-2,
1-2b 명단 밖 코스피 모회사의 종속,"S&WOO CONSTRUCTION PHILIPPINES, INC.",삼성물산(주),,,해외 법인,해외 법인 — 계획서 7-2,
1-2b 명단 밖 코스피 모회사의 종속,VSSC Steel Center Limited Liability,삼성물산(주),,,해외 법인,해외 법인 — 계획서 7-2,
1-2b 명단 밖 코스피 모회사의 종속,Vista Contracting and Investment Global Pte. Ltd.,삼성물산(주),,,해외 법인,해외 법인 — 계획서 7-2,
1-2b 명단 밖 코스피 모회사의 종속,Cheil Holding Inc.*,삼성물산(주),,,해외 법인,해외 법인 — 계획서 7-2,
1-2b 명단 밖 코스피 모회사의 종속,"SAMSUNG C&T PHILIPPINES, CORP.",삼성물산(주),,,해외 법인,해외 법인 — 계획서 7-2,
1-2b 명단 밖 코스피 모회사의 종속,SAMSUNG C&T HONGKONG Ltd.,삼성물산(주),,,해외 법인,해외 법인 — 계획서 7-2,
1-2b 명단 밖 코스피 모회사의 종속,"Samsung C&T Taiwan Co., Ltd.",삼성물산(주),,,해외 법인,해외 법인 — 계획서 7-2,
1-2b 명단 밖 코스피 모회사의 종속,"Tianjin Eco City Shengxing Development Co., Ltd.",삼성물산(주),,,해외 법인,해외 법인 — 계획서 7-2,
1-2b 명단 밖 코스피 모회사의 종속,"Samsung Precision Stainless Steel(pinghu) Co.,Ltd",삼성물산(주),,,해외 법인,해외 법인 — 계획서 7-2,
1-2b 명단 밖 코스피 모회사의 종속,"SAMSUNG C&T CORPORATION (SHANGHAI) CO., LTD",삼성물산(주),,,해외 법인,해외 법인 — 계획서 7-2,
1-2b 명단 밖 코스피 모회사의 종속,"Samsung C&T (Xi'an) Co., Ltd.",삼성물산(주),,,해외 법인,해외 법인 — 계획서 7-2,
1-2b 명단 밖 코스피 모회사의 종속,FCC Saudi LLC,삼성물산(주),,,해외 법인,해외 법인 — 계획서 7-2,
1-2b 명단 밖 코스피 모회사의 종속,SAMSUNG C&T CORPORATION SAUDI ARABIA,삼성물산(주),,,해외 법인,해외 법인 — 계획서 7-2,
1-2b 명단 밖 코스피 모회사의 종속,SAM Gulf Investment Limited,삼성물산(주),,,해외 법인,해외 법인 — 계획서 7-2,
1-2b 명단 밖 코스피 모회사의 종속,Samsung C&T Chile Copper SpA,삼성물산(주),,,해외 법인,해외 법인 — 계획서 7-2,
1-2b 명단 밖 코스피 모회사의 종속,SCNT Power Kelar Inversiones Limitada,삼성물산(주),,,해외 법인,해외 법인 — 계획서 7-2,
1-2b 명단 밖 코스피 모회사의 종속,Samsung C&T Corporation Rus LLC,삼성물산(주),,,해외 법인,해외 법인 — 계획서 7-2,
1-2b 명단 밖 코스피 모회사의 종속,CHEIL INDUSTRIES ITALY SRL,삼성물산(주),,,해외 법인,해외 법인 — 계획서 7-2,
1-2b 명단 밖 코스피 모회사의 종속,Samsung Fashion Trading,삼성물산(주),,,해외 법인,해외 법인 — 계획서 7-2,
1-2b 명단 밖 코스피 모회사의 종속,SVIC 70호 신기술사업투자조합,삼성물산(주),,,명목회사·펀드·SPC·신탁 상품,펀드·SPC·투자조합·신탁 상품·명목회사 — 계획서 7-2,
1-2b 명단 밖 코스피 모회사의 종속,LOTTE Chemical Trading (Shanghai) Corp.,롯데케미칼(주),,,해외 법인,해외 법인 — 계획서 7-2,
1-2b 명단 밖 코스피 모회사의 종속,LOTTE Ube Synthetic Rubber Sdn. Bhd.,롯데케미칼(주),,,해외 법인,해외 법인 — 계획서 7-2,
1-2b 명단 밖 코스피 모회사의 종속,Kor-Uz Gas Chemical Investment Ltd.,롯데케미칼(주),,,해외 법인,해외 법인 — 계획서 7-2,
1-2b 명단 밖 코스피 모회사의 종속,"LOTTE Chemical Engineering Plastics (Jiaxing) Co., Ltd.,",롯데케미칼(주),,,해외 법인,해외 법인 — 계획서 7-2,
1-2b 명단 밖 코스피 모회사의 종속,롯데케미칼이노베이션펀드1호,롯데케미칼(주),,,명목회사·펀드·SPC·신탁 상품,펀드·SPC·투자조합·신탁 상품·명목회사 — 계획서 7-2,
1-2b 명단 밖 코스피 모회사의 종속,"LOTTE Chemical Japan Co., Ltd.",롯데케미칼(주),,,해외 법인,해외 법인 — 계획서 7-2,
1-2b 명단 밖 코스피 모회사의 종속,"LOTTE Chemical (Thailand) Co., Ltd.",롯데케미칼(주),,,해외 법인,해외 법인 — 계획서 7-2,
1-2b 명단 밖 코스피 모회사의 종속,"LOTTE Chemical Vietnam Co., Ltd.",롯데케미칼(주),,,해외 법인,해외 법인 — 계획서 7-2,
1-2b 명단 밖 코스피 모회사의 종속,LOTTE Chemical Engineering Plastics (Haryana) Pvt. Ltd.,롯데케미칼(주),,,해외 법인,해외 법인 — 계획서 7-2,
1-2b 명단 밖 코스피 모회사의 종속,"LOTTE Chemical Engineering Plastics (Tianjin) Co., Ltd.",롯데케미칼(주),,,해외 법인,해외 법인 — 계획서 7-2,
1-2b 명단 밖 코스피 모회사의 종속,LOTTE Chemical Titan Holding Berhad,롯데케미칼(주),,,해외 법인,해외 법인 — 계획서 7-2,
1-2b 명단 밖 코스피 모회사의 종속,"LOTTE Chemical Engineering Plastics (Dongguan) Co., Ltd.",롯데케미칼(주),,,해외 법인,해외 법인 — 계획서 7-2,
1-2b 명단 밖 코스피 모회사의 종속,LOTTE Chemical California Inc.,롯데케미칼(주),,,해외 법인,해외 법인 — 계획서 7-2,
1-2b 명단 밖 코스피 모회사의 종속,LOTTE Chemical Deutschland GMBH,롯데케미칼(주),,,해외 법인,해외 법인 — 계획서 7-2,
1-2b 명단 밖 코스피 모회사의 종속,LOTTE Chemical Hungary Ltd.,롯데케미칼(주),,,해외 법인,해외 법인 — 계획서 7-2,
1-2b 명단 밖 코스피 모회사의 종속,LOTTE Chemical Turkey Surface Designs Industry and Trade Inc.,롯데케미칼(주),,,해외 법인,해외 법인 — 계획서 7-2,
1-2b 명단 밖 코스피 모회사의 종속,PT LOTTE Chemical Engineering Plastics Indonesia,롯데케미칼(주),,,해외 법인,해외 법인 — 계획서 7-2,
1-2b 명단 밖 코스피 모회사의 종속,LOTTE Chemical Alabama Corp.,롯데케미칼(주),,,해외 법인,해외 법인 — 계획서 7-2,
1-2b 명단 밖 코스피 모회사의 종속,롯데케미칼이노베이션펀드2호,롯데케미칼(주),,,명목회사·펀드·SPC·신탁 상품,펀드·SPC·투자조합·신탁 상품·명목회사 — 계획서 7-2,
1-2b 명단 밖 코스피 모회사의 종속,롯데케미칼ESG펀드,롯데케미칼(주),,,명목회사·펀드·SPC·신탁 상품,펀드·SPC·투자조합·신탁 상품·명목회사 — 계획서 7-2,
1-2b 명단 밖 코스피 모회사의 종속,LOTTE Battery Materials USA Corp.,롯데케미칼(주),,,해외 법인,해외 법인 — 계획서 7-2,
1-2b 명단 밖 코스피 모회사의 종속,LOTTE Chemical USA Corporation,롯데케미칼(주),,,해외 법인,해외 법인 — 계획서 7-2,
1-2b 명단 밖 코스피 모회사의 종속,"LOTTE Chemical Engineering Plastics (Shenyang) Co., Ltd.",롯데케미칼(주),,,해외 법인,해외 법인 — 계획서 7-2,
1-2b 명단 밖 코스피 모회사의 종속,LOTTE Chemical Nigeria Limited,롯데케미칼(주),,,해외 법인,해외 법인 — 계획서 7-2,
1-2b 명단 밖 코스피 모회사의 종속,몬타나 신기술조합 제72호,(주)에이프로젠바이오로직스,,,명목회사·펀드·SPC·신탁 상품,펀드·SPC·투자조합·신탁 상품·명목회사 — 계획서 7-2,
1-2b 명단 밖 코스피 모회사의 종속,"HANJIN INTERMODAL AMERICA, INC",(주)한진,,,해외 법인,해외 법인 — 계획서 7-2,
1-2b 명단 밖 코스피 모회사의 종속,"QINGDAO HANJIN LUHAI INTERNATIONAL LOGISTICS CO., LTD",(주)한진,,,해외 법인,해외 법인 — 계획서 7-2,
1-2b 명단 밖 코스피 모회사의 종속,JV LLC EURASIA LOGISTICS SERVICE,(주)한진,,,해외 법인,해외 법인 — 계획서 7-2,
1-2b 명단 밖 코스피 모회사의 종속,HANJIN GLOBAL LOGISTICS (HONG KONG) LIMITED,(주)한진,,,해외 법인,해외 법인 — 계획서 7-2,
1-2b 명단 밖 코스피 모회사의 종속,"HANJIN GLOBAL LOGISTICS (DALIAN) CO., LTD.",(주)한진,,,해외 법인,해외 법인 — 계획서 7-2,
1-2b 명단 밖 코스피 모회사의 종속,HANJIN GLOBAL LOGISTICS EUROPE S.R.O,(주)한진,,,해외 법인,해외 법인 — 계획서 7-2,
1-2b 명단 밖 코스피 모회사의 종속,HANJIN GLOBAL LOGISTICS MYANMAR COMPANY LIMITED,(주)한진,,,해외 법인,해외 법인 — 계획서 7-2,
1-2b 명단 밖 코스피 모회사의 종속,HANJIN GLOBAL LOGISTICS VIETNAM COMPANY LIMITED,(주)한진,,,해외 법인,해외 법인 — 계획서 7-2,
1-2b 명단 밖 코스피 모회사의 종속,"HANJIN GLOBAL LOGISTICS (CAMBODIA) CO., LTD.",(주)한진,,,해외 법인,해외 법인 — 계획서 7-2,
1-2b 명단 밖 코스피 모회사의 종속,HANJIN HOLDINGS (THAILAND) COMPANY LIMITED,(주)한진,,,해외 법인,해외 법인 — 계획서 7-2,
1-2b 명단 밖 코스피 모회사의 종속,HANJIN GLOBAL LOGISTICS (THAILAND) COMPANY LIMITED,(주)한진,,,해외 법인,해외 법인 — 계획서 7-2,
1-2b 명단 밖 코스피 모회사의 종속,HANJIN GLOBAL LOGISTICS MALAYSIA SDN. BHD.,(주)한진,,,해외 법인,해외 법인 — 계획서 7-2,
1-2b 명단 밖 코스피 모회사의 종속,HANJIN GLOBAL LOGISTICS SINGAPORE PTE. LTD.,(주)한진,,,해외 법인,해외 법인 — 계획서 7-2,
1-2b 명단 밖 코스피 모회사의 종속,HANJIN GLOBAL LOGISTICS RUS,(주)한진,,,해외 법인,해외 법인 — 계획서 7-2,
1-2b 명단 밖 코스피 모회사의 종속,HANJIN GLOBAL LOGISTICS JAPAN CO. LTD,(주)한진,,,해외 법인,해외 법인 — 계획서 7-2,
1-2b 명단 밖 코스피 모회사의 종속,"HANJIN GLOBAL LOGISTICS (TAIWAN) CO.,LTD.",(주)한진,,,해외 법인,해외 법인 — 계획서 7-2,
1-2b 명단 밖 코스피 모회사의 종속,"PT HANJIN GLOBAL LOGISTICS (INDONESIA) CO.,LTD.",(주)한진,,,해외 법인,해외 법인 — 계획서 7-2,
1-2b 명단 밖 코스피 모회사의 종속,전진건설기계(천진)유한공사,전진건설로봇(주),,,해외 법인,해외 법인 — 계획서 7-2,
1-2b 명단 밖 코스피 모회사의 종속,㈜SBS,(주)티와이홀딩스,,,해외 법인,해외 법인 — 계획서 7-2,
1-2b 명단 밖 코스피 모회사의 종속,NAMSUNG AMERICA,(주)남성,,,해외 법인,해외 법인 — 계획서 7-2,
1-2b 명단 밖 코스피 모회사의 종속,남풍과학기술 유한공사,(주)남성,,,해외 법인,해외 법인 — 계획서 7-2,
1-2b 명단 밖 코스피 모회사의 종속,위해금원전선유한공사,대원전선(주),,,해외 법인,해외 법인 — 계획서 7-2,
1-2b 명단 밖 코스피 모회사의 종속,KT전략투자조합3호,(주)케이티,,,명목회사·펀드·SPC·신탁 상품,펀드·SPC·투자조합·신탁 상품·명목회사 — 계획서 7-2,
1-2b 명단 밖 코스피 모회사의 종속,KT전략투자조합4호,(주)케이티,,,명목회사·펀드·SPC·신탁 상품,펀드·SPC·투자조합·신탁 상품·명목회사 — 계획서 7-2,
1-2b 명단 밖 코스피 모회사의 종속,KT전략투자조합5호,(주)케이티,,,명목회사·펀드·SPC·신탁 상품,펀드·SPC·투자조합·신탁 상품·명목회사 — 계획서 7-2,
1-2b 명단 밖 코스피 모회사의 종속,KT청년창업DNA투자조합,(주)케이티,,,명목회사·펀드·SPC·신탁 상품,펀드·SPC·투자조합·신탁 상품·명목회사 — 계획서 7-2,
1-2b 명단 밖 코스피 모회사의 종속,KT창업초기투자조합,(주)케이티,,,명목회사·펀드·SPC·신탁 상품,펀드·SPC·투자조합·신탁 상품·명목회사 — 계획서 7-2,
1-2b 명단 밖 코스피 모회사의 종속,케이티전략투자조합6호,(주)케이티,,,명목회사·펀드·SPC·신탁 상품,펀드·SPC·투자조합·신탁 상품·명목회사 — 계획서 7-2,
1-2b 명단 밖 코스피 모회사의 종속,아이비케이-케이티디지털신산업투자조합,(주)케이티,,,명목회사·펀드·SPC·신탁 상품,펀드·SPC·투자조합·신탁 상품·명목회사 — 계획서 7-2,
1-2b 명단 밖 코스피 모회사의 종속,KT-IBKC미래투자조합1호,(주)케이티,,,명목회사·펀드·SPC·신탁 상품,펀드·SPC·투자조합·신탁 상품·명목회사 — 계획서 7-2,
1-2b 명단 밖 코스피 모회사의 종속,경기-KT 슈퍼맨투자조합,(주)케이티,,,명목회사·펀드·SPC·신탁 상품,펀드·SPC·투자조합·신탁 상품·명목회사 — 계획서 7-2,
1-2b 명단 밖 코스피 모회사의 종속,아이비케이-케이티청년창업MARS투자조합,(주)케이티,,,명목회사·펀드·SPC·신탁 상품,펀드·SPC·투자조합·신탁 상품·명목회사 — 계획서 7-2,
1-2b 명단 밖 코스피 모회사의 종속,"KTJapan Co., Ltd.",(주)케이티,,,해외 법인,해외 법인 — 계획서 7-2,
1-2b 명단 밖 코스피 모회사의 종속,East Telecom LLC,(주)케이티,,,해외 법인,해외 법인 — 계획서 7-2,
1-2b 명단 밖 코스피 모회사의 종속,"KT Hongkong Telecommunications Co., Limited.",(주)케이티,,,해외 법인,해외 법인 — 계획서 7-2,
1-2b 명단 밖 코스피 모회사의 종속,VRSB(Virtual Realm Sdn Bhd),(주)케이티,,,해외 법인,해외 법인 — 계획서 7-2,
1-2b 명단 밖 코스피 모회사의 종속,KTP SERVICES INC.,(주)케이티,,,해외 법인,해외 법인 — 계획서 7-2,
1-2b 명단 밖 코스피 모회사의 종속,KT Rwanda Networks Ltd.,(주)케이티,,,해외 법인,해외 법인 — 계획서 7-2,
1-2b 명단 밖 코스피 모회사의 종속,AOS Ltd.,(주)케이티,,,해외 법인,해외 법인 — 계획서 7-2,
1-2b 명단 밖 코스피 모회사의 종속,"KT AMERICA, INC.",(주)케이티,,,해외 법인,해외 법인 — 계획서 7-2,
1-2b 명단 밖 코스피 모회사의 종속,KT ES Pte. Ltd.,(주)케이티,,,해외 법인,해외 법인 — 계획서 7-2,
1-2b 명단 밖 코스피 모회사의 종속,KIF투자조합,(주)케이티,,,명목회사·펀드·SPC·신탁 상품,펀드·SPC·투자조합·신탁 상품·명목회사 — 계획서 7-2,
1-2b 명단 밖 코스피 모회사의 종속,KT DX VIETNAM COMPANY LIMITED,(주)케이티,,,해외 법인,해외 법인 — 계획서 7-2,
1-2b 명단 밖 코스피 모회사의 종속,"ILJIN DISPLAY VINA CO.,LTD",일진디스플레이(주),,,해외 법인,해외 법인 — 계획서 7-2,
1-2b 명단 밖 코스피 모회사의 종속,NEXTEEL AMERICA LLC,넥스틸(주),,,해외 법인,해외 법인 — 계획서 7-2,
1-2b 명단 밖 코스피 모회사의 종속,NEXTEEL HOLDINGS LLC,넥스틸(주),,,해외 법인,해외 법인 — 계획서 7-2,
1-2b 명단 밖 코스피 모회사의 종속,NEXTEEL SAHA LLC,넥스틸(주),,,해외 법인,해외 법인 — 계획서 7-2,
1-2b 명단 밖 코스피 모회사의 종속,NEXTEEL USA LLC,넥스틸(주),,,해외 법인,해외 법인 — 계획서 7-2,
1-2b 명단 밖 코스피 모회사의 종속,디케이제이커브플로터 기업재무안정기관전용 사모투자합자회사,넥스틸(주),,,명목회사·펀드·SPC·신탁 상품,펀드·SPC·투자조합·신탁 상품·명목회사 — 계획서 7-2,
1-2b 명단 밖 코스피 모회사의 종속,"LG Chem (Tianjin) Engineering Plastics Co.,Ltd.",(주)LG화학,,,해외 법인,해외 법인 — 계획서 7-2,
1-2b 명단 밖 코스피 모회사의 종속,LG Chem Europe GmbH,(주)LG화학,,,해외 법인,해외 법인 — 계획서 7-2,
1-2b 명단 밖 코스피 모회사의 종속,LG Chem Poland Sp. z o.o.,(주)LG화학,,,해외 법인,해외 법인 — 계획서 7-2,
1-2b 명단 밖 코스피 모회사의 종속,LGC Petrochemical India Private Ltd.,(주)LG화학,,,해외 법인,해외 법인 — 계획서 7-2,
1-2b 명단 밖 코스피 모회사의 종속,LG CHEM TK Kimya SANAYI VE TIC. Ltd. STI.,(주)LG화학,,,해외 법인,해외 법인 — 계획서 7-2,
1-2b 명단 밖 코스피 모회사의 종속,"LG Chem Japan Co.,Ltd.",(주)LG화학,,,해외 법인,해외 법인 — 계획서 7-2,
1-2b 명단 밖 코스피 모회사의 종속,"LG Chem (Chongqing) Engineering Plastics Co.,Ltd.",(주)LG화학,,,해외 법인,해외 법인 — 계획서 7-2,
1-2b 명단 밖 코스피 모회사의 종속,"LG Chem(HUIZHOU) Petrochemical Co., Ltd.",(주)LG화학,,,해외 법인,해외 법인 — 계획서 7-2,
1-2b 명단 밖 코스피 모회사의 종속,"Ningbo LG Yongxing Chemical Co.,Ltd.",(주)LG화학,,,해외 법인,해외 법인 — 계획서 7-2,
1-2b 명단 밖 코스피 모회사의 종속,LG Chem Life Sciences India Pvt. Ltd.,(주)LG화학,,,해외 법인,해외 법인 — 계획서 7-2,
1-2b 명단 밖 코스피 모회사의 종속,LG Chem Life Sciences (Thailand) Ltd.,(주)LG화학,,,해외 법인,해외 법인 — 계획서 7-2,
1-2b 명단 밖 코스피 모회사의 종속,LG Chem Hai Phong Vietnam Company Ltd.,(주)LG화학,,,해외 법인,해외 법인 — 계획서 7-2,
1-2b 명단 밖 코스피 모회사의 종속,LG Chem Mexico S.A. de C.V.,(주)LG화학,,,해외 법인,해외 법인 — 계획서 7-2,
1-2b 명단 밖 코스피 모회사의 종속,LG Chem Hai Phong Engineering Plastics LLC.,(주)LG화학,,,해외 법인,해외 법인 — 계획서 7-2,
1-2b 명단 밖 코스피 모회사의 종속,"LG Chem (Guangzhou) Information & Electronics Materials Co.,Ltd.",(주)LG화학,,,해외 법인,해외 법인 — 계획서 7-2,
1-2b 명단 밖 코스피 모회사의 종속,"LEYOU NEW ENERGY MATERIALS(WUXI) Co.,LTD",(주)LG화학,,,해외 법인,해외 법인 — 계획서 7-2,
1-2b 명단 밖 코스피 모회사의 종속,LG Chem Fund I LLC,(주)LG화학,,,해외 법인,해외 법인 — 계획서 7-2,
1-2b 명단 밖 코스피 모회사의 종속,"Uniseal,Inc.",(주)LG화학,,,해외 법인,해외 법인 — 계획서 7-2,
1-2b 명단 밖 코스피 모회사의 종속,"LG Chem America, Inc.",(주)LG화학,,,해외 법인,해외 법인 — 계획서 7-2,
1-2b 명단 밖 코스피 모회사의 종속,"LG Chem Life Sciences USA, Inc",(주)LG화학,,,해외 법인,해외 법인 — 계획서 7-2,
1-2b 명단 밖 코스피 모회사의 종속,LG Chem Asia Pte. Ltd.,(주)LG화학,,,해외 법인,해외 법인 — 계획서 7-2,
1-2b 명단 밖 코스피 모회사의 종속,LG PETRONAS Chemicals Malaysia Sdn.Bhd.,(주)LG화학,,,해외 법인,해외 법인 — 계획서 7-2,
1-2b 명단 밖 코스피 모회사의 종속,"LG Chem Ohio Petrochemical, Inc.",(주)LG화학,,,해외 법인,해외 법인 — 계획서 7-2,
1-2b 명단 밖 코스피 모회사의 종속,"LG Chem VietNam Co., Ltd",(주)LG화학,,,해외 법인,해외 법인 — 계획서 7-2,
1-2b 명단 밖 코스피 모회사의 종속,LG Chem Malaysia SDN.BHD.,(주)LG화학,,,해외 법인,해외 법인 — 계획서 7-2,
1-2b 명단 밖 코스피 모회사의 종속,LG Chem BRASIL INTERMEDIACAO DE NEGOCIOS DO SETOR QUIMICO LTDA.,(주)LG화학,,,해외 법인,해외 법인 — 계획서 7-2,
1-2b 명단 밖 코스피 모회사의 종속,PT LG CHEM INDONESIA,(주)LG화학,,,해외 법인,해외 법인 — 계획서 7-2,
1-2b 명단 밖 코스피 모회사의 종속,LG Chemical India Pvt. Ltd.,(주)LG화학,,,해외 법인,해외 법인 — 계획서 7-2,
1-2b 명단 밖 코스피 모회사의 종속,"LG Chem America Advanced Materials, Inc.",(주)LG화학,,,해외 법인,해외 법인 — 계획서 7-2,
1-2b 명단 밖 코스피 모회사의 종속,LG CHEM COLOMBIA S.A.S,(주)LG화학,,,해외 법인,해외 법인 — 계획서 7-2,
1-2b 명단 밖 코스피 모회사의 종속,LG Chem Hungary Battery Separator Kft.,(주)LG화학,,,해외 법인,해외 법인 — 계획서 7-2,
1-2b 명단 밖 코스피 모회사의 종속,LG Chem Life Sciences Poland Ltd.,(주)LG화학,,,해외 법인,해외 법인 — 계획서 7-2,
1-2b 명단 밖 코스피 모회사의 종속,"HUAJIN NEW ENERGY MATERIALS(QUZHOU)CO.,LTD",(주)LG화학,,,해외 법인,해외 법인 — 계획서 7-2,
1-2b 명단 밖 코스피 모회사의 종속,"LG Chemical (Guangzhou) Engineering Plastics Co.,Ltd.",(주)LG화학,,,해외 법인,해외 법인 — 계획서 7-2,
1-2b 명단 밖 코스피 모회사의 종속,"LG Chem (Taiwan), Ltd.",(주)LG화학,,,해외 법인,해외 법인 — 계획서 7-2,
1-2b 명단 밖 코스피 모회사의 종속,"Tianjin LG Bohai Chemical Co.,Ltd.",(주)LG화학,,,해외 법인,해외 법인 — 계획서 7-2,
1-2b 명단 밖 코스피 모회사의 종속,"Tianjin LG BOTIAN Chemical Co.,Ltd.",(주)LG화학,,,해외 법인,해외 법인 — 계획서 7-2,
1-2b 명단 밖 코스피 모회사의 종속,"LG Chem (China) Investment Co.,Ltd.",(주)LG화학,,,해외 법인,해외 법인 — 계획서 7-2,
1-2b 명단 밖 코스피 모회사의 종속,D&A㈜,고려산업(주),,,해외 법인,해외 법인 — 계획서 7-2,
1-2b 명단 밖 코스피 모회사의 종속,푸른 아트테크 신기술투자조합 제1호,한양증권(주),,,명목회사·펀드·SPC·신탁 상품,펀드·SPC·투자조합·신탁 상품·명목회사 — 계획서 7-2,
1-2b 명단 밖 코스피 모회사의 종속,Jinro Inc.,하이트진로(주),,,해외 법인,해외 법인 — 계획서 7-2,
1-2b 명단 밖 코스피 모회사의 종속,"Jinro America, Inc.",하이트진로(주),,,해외 법인,해외 법인 — 계획서 7-2,
1-2b 명단 밖 코스피 모회사의 종속,"HiteJinro RUS Food Co., Ltd.",하이트진로(주),,,해외 법인,해외 법인 — 계획서 7-2,
1-2b 명단 밖 코스피 모회사의 종속,"HITEJINRO VIETNAM CO., LTD.",하이트진로(주),,,해외 법인,해외 법인 — 계획서 7-2,
1-2b 명단 밖 코스피 모회사의 종속,HITEJINRO SG PTE.LTD.,하이트진로(주),,,해외 법인,해외 법인 — 계획서 7-2,
1-2b 명단 밖 코스피 모회사의 종속,Sejin Vietnam,(주)세진중공업,,,해외 법인,해외 법인 — 계획서 7-2,
1-2b 명단 밖 코스피 모회사의 종속,GOSEONG OCEANPLANT VINA,에스케이오션플랜트(주),,,해외 법인,해외 법인 — 계획서 7-2,
1-2b 명단 밖 코스피 모회사의 종속,"Kolon Nanjing Co.,LTD.",코오롱인더스트리(주),,,해외 법인,해외 법인 — 계획서 7-2,
1-2b 명단 밖 코스피 모회사의 종속,KOLON (SUZHOU) COMPANY LIMITED,코오롱인더스트리(주),,,해외 법인,해외 법인 — 계획서 7-2,
1-2b 명단 밖 코스피 모회사의 종속,KOLON USA INC.,코오롱인더스트리(주),,,해외 법인,해외 법인 — 계획서 7-2,
1-2b 명단 밖 코스피 모회사의 종속,KOLON EU GmbH,코오롱인더스트리(주),,,해외 법인,해외 법인 — 계획서 7-2,
1-2b 명단 밖 코스피 모회사의 종속,PT.KOLON INA,코오롱인더스트리(주),,,해외 법인,해외 법인 — 계획서 7-2,
1-2b 명단 밖 코스피 모회사의 종속,가륭(상해)무역유한공사,코오롱인더스트리(주),,,해외 법인,해외 법인 — 계획서 7-2,
1-2b 명단 밖 코스피 모회사의 종속,KOLON WORLD INVESTMENT LIMITED,코오롱인더스트리(주),,,해외 법인,해외 법인 — 계획서 7-2,
1-2b 명단 밖 코스피 모회사의 종속,KOLON CHINA(HK) COMPANY LIMITED,코오롱인더스트리(주),,,해외 법인,해외 법인 — 계획서 7-2,
1-2b 명단 밖 코스피 모회사의 종속,"KOLON INDUSTRIES MEXICO, S.A. DE C.V.",코오롱인더스트리(주),,,해외 법인,해외 법인 — 계획서 7-2,
1-2b 명단 밖 코스피 모회사의 종속,"KOLON INDUSTRIES VIETNAM CO.,LTD",코오롱인더스트리(주),,,해외 법인,해외 법인 — 계획서 7-2,
1-2b 명단 밖 코스피 모회사의 종속,"KOLON INDUSTRIES BINH DUONG Co., LTD.",코오롱인더스트리(주),,,해외 법인,해외 법인 — 계획서 7-2,
1-2b 명단 밖 코스피 모회사의 종속,KLAW FOOTWEAR INC.,코오롱인더스트리(주),,,해외 법인,해외 법인 — 계획서 7-2,
1-2b 명단 밖 코스피 모회사의 종속,KOLON FnC JAPAN INC,코오롱인더스트리(주),,,해외 법인,해외 법인 — 계획서 7-2,
1-2b 명단 밖 코스피 모회사의 종속,KOLON INDUSTRIES INDIA PRIVATE LIMITED,코오롱인더스트리(주),,,해외 법인,해외 법인 — 계획서 7-2,
1-2b 명단 밖 코스피 모회사의 종속,KOLON PHILIPPINES INC.,코오롱인더스트리(주),,,해외 법인,해외 법인 — 계획서 7-2,
1-2b 명단 밖 코스피 모회사의 종속,스마트2020토니비대면투자조합,(주)토니모리,,,명목회사·펀드·SPC·신탁 상품,펀드·SPC·투자조합·신탁 상품·명목회사 — 계획서 7-2,
1-2b 명단 밖 코스피 모회사의 종속,토니모리(칭다오) 유한공사,(주)토니모리,,,해외 법인,해외 법인 — 계획서 7-2,
1-2b 명단 밖 코스피 모회사의 종속,팔란티어코리아 유한회사,에이치디현대(주),,,명목회사·펀드·SPC·신탁 상품,펀드·SPC·투자조합·신탁 상품·명목회사 — 계획서 7-2,
1-2b 명단 밖 코스피 모회사의 종속,HD현대엔진유한회사,에이치디현대중공업(주),,,명목회사·펀드·SPC·신탁 상품,펀드·SPC·투자조합·신탁 상품·명목회사 — 계획서 7-2,
1-2b 명단 밖 코스피 모회사의 종속,Hyundai Heavy Industries Argentina S.R.L,에이치디현대중공업(주),,,해외 법인,해외 법인 — 계획서 7-2,
1-2b 명단 밖 코스피 모회사의 종속,HD Hyundai Asia Holdings PTE.LTD,에이치디현대중공업(주),,,해외 법인,해외 법인 — 계획서 7-2,
1-2b 명단 밖 코스피 모회사의 종속,"Hansol ElectronicMaterials (Xi'an) Co., Ltd.",(주)한솔케미칼,,,해외 법인,해외 법인 — 계획서 7-2,
1-2b 명단 밖 코스피 모회사의 종속,SANWON LTD.,동원수산(주),,,해외 법인,해외 법인 — 계획서 7-2,
1-2b 명단 밖 코스피 모회사의 종속,WEIHAI YK TRADING,동원수산(주),,,해외 법인,해외 법인 — 계획서 7-2,
1-2b 명단 밖 코스피 모회사의 종속,DW NEW ZEALAND LTD,동원수산(주),,,해외 법인,해외 법인 — 계획서 7-2,
1-2b 명단 밖 코스피 모회사의 종속,,디씨엠(주),,,자료 문제 (조회 실패·출자현황 없음·지분율 오류),"출자현황 자료 없음 — 원문 확인, 필요하면 수동 입력 파일에 적음 (2025 사업보고서 표 형식 아님(숫자 지분율 없음); 2025 3분기보고서 표 형식 아님(숫자 지분율 없음); 2025 반기보고서 표 형식 아님(숫자 지분율 없음); 2024 사업보고서 표 형식 아님(숫자 지분율 없음))",
1-2b 명단 밖 코스피 모회사의 종속,SDMA,삼성전자(주),,,해외 법인,해외 법인 — 계획서 7-2,
1-2b 명단 밖 코스피 모회사의 종속,SEMA,삼성전자(주),,,해외 법인,해외 법인 — 계획서 7-2,
1-2b 명단 밖 코스피 모회사의 종속,SAVINA,삼성전자(주),,,해외 법인,해외 법인 — 계획서 7-2,
1-2b 명단 밖 코스피 모회사의 종속,SEIN,삼성전자(주),,,해외 법인,해외 법인 — 계획서 7-2,
1-2b 명단 밖 코스피 모회사의 종속,TSE,삼성전자(주),,,해외 법인,해외 법인 — 계획서 7-2,
1-2b 명단 밖 코스피 모회사의 종속,SEAU,삼성전자(주),,,해외 법인,해외 법인 — 계획서 7-2,
1-2b 명단 밖 코스피 모회사의 종속,SIEL,삼성전자(주),,,해외 법인,해외 법인 — 계획서 7-2,
1-2b 명단 밖 코스피 모회사의 종속,SRI-Bangalore,삼성전자(주),,,해외 법인,해외 법인 — 계획서 7-2,
1-2b 명단 밖 코스피 모회사의 종속,SJC,삼성전자(주),,,해외 법인,해외 법인 — 계획서 7-2,
1-2b 명단 밖 코스피 모회사의 종속,SRJ,삼성전자(주),,,해외 법인,해외 법인 — 계획서 7-2,
1-2b 명단 밖 코스피 모회사의 종속,SCIC,삼성전자(주),,,해외 법인,해외 법인 — 계획서 7-2,
1-2b 명단 밖 코스피 모회사의 종속,SEHK,삼성전자(주),,,해외 법인,해외 법인 — 계획서 7-2,
1-2b 명단 밖 코스피 모회사의 종속,SET,삼성전자(주),,,해외 법인,해외 법인 — 계획서 7-2,
1-2b 명단 밖 코스피 모회사의 종속,SSEC,삼성전자(주),,,해외 법인,해외 법인 — 계획서 7-2,
1-2b 명단 밖 코스피 모회사의 종속,SESC,삼성전자(주),,,해외 법인,해외 법인 — 계획서 7-2,
1-2b 명단 밖 코스피 모회사의 종속,TSTC,삼성전자(주),,,해외 법인,해외 법인 — 계획서 7-2,
1-2b 명단 밖 코스피 모회사의 종속,SSS,삼성전자(주),,,해외 법인,해외 법인 — 계획서 7-2,
1-2b 명단 밖 코스피 모회사의 종속,SCS,삼성전자(주),,,해외 법인,해외 법인 — 계획서 7-2,
1-2b 명단 밖 코스피 모회사의 종속,SSCX,삼성전자(주),,,해외 법인,해외 법인 — 계획서 7-2,
1-2b 명단 밖 코스피 모회사의 종속,SESS,삼성전자(주),,,해외 법인,해외 법인 — 계획서 7-2,
1-2b 명단 밖 코스피 모회사의 종속,TSLED,삼성전자(주),,,해외 법인,해외 법인 — 계획서 7-2,
1-2b 명단 밖 코스피 모회사의 종속,SSCR,삼성전자(주),,,해외 법인,해외 법인 — 계획서 7-2,
1-2b 명단 밖 코스피 모회사의 종속,TSST Japan,삼성전자(주),,,해외 법인,해외 법인 — 계획서 7-2,
1-2b 명단 밖 코스피 모회사의 종속,STE,삼성전자(주),,,해외 법인,해외 법인 — 계획서 7-2,
1-2b 명단 밖 코스피 모회사의 종속,SVIC 21호 신기술투자조합,삼성전자(주),,,명목회사·펀드·SPC·신탁 상품,펀드·SPC·투자조합·신탁 상품·명목회사 — 계획서 7-2,
1-2b 명단 밖 코스피 모회사의 종속,SVIC 22호 신기술투자조합,삼성전자(주),,,명목회사·펀드·SPC·신탁 상품,펀드·SPC·투자조합·신탁 상품·명목회사 — 계획서 7-2,
1-2b 명단 밖 코스피 모회사의 종속,SVIC 26호 신기술투자조합,삼성전자(주),,,명목회사·펀드·SPC·신탁 상품,펀드·SPC·투자조합·신탁 상품·명목회사 — 계획서 7-2,
1-2b 명단 밖 코스피 모회사의 종속,SVIC 28호 신기술투자조합,삼성전자(주),,,명목회사·펀드·SPC·신탁 상품,펀드·SPC·투자조합·신탁 상품·명목회사 — 계획서 7-2,
1-2b 명단 밖 코스피 모회사의 종속,SVIC 32호 신기술투자조합,삼성전자(주),,,명목회사·펀드·SPC·신탁 상품,펀드·SPC·투자조합·신탁 상품·명목회사 — 계획서 7-2,
1-2b 명단 밖 코스피 모회사의 종속,SVIC 33호 신기술투자조합,삼성전자(주),,,명목회사·펀드·SPC·신탁 상품,펀드·SPC·투자조합·신탁 상품·명목회사 — 계획서 7-2,
1-2b 명단 밖 코스피 모회사의 종속,SVIC 42호 신기술투자조합,삼성전자(주),,,명목회사·펀드·SPC·신탁 상품,펀드·SPC·투자조합·신탁 상품·명목회사 — 계획서 7-2,
1-2b 명단 밖 코스피 모회사의 종속,SVIC 45호 신기술투자조합,삼성전자(주),,,명목회사·펀드·SPC·신탁 상품,펀드·SPC·투자조합·신탁 상품·명목회사 — 계획서 7-2,
1-2b 명단 밖 코스피 모회사의 종속,SVIC 52호 신기술투자조합,삼성전자(주),,,명목회사·펀드·SPC·신탁 상품,펀드·SPC·투자조합·신탁 상품·명목회사 — 계획서 7-2,
1-2b 명단 밖 코스피 모회사의 종속,SVIC 56호 신기술투자조합,삼성전자(주),,,명목회사·펀드·SPC·신탁 상품,펀드·SPC·투자조합·신탁 상품·명목회사 — 계획서 7-2,
1-2b 명단 밖 코스피 모회사의 종속,SVIC 57호 신기술투자조합,삼성전자(주),,,명목회사·펀드·SPC·신탁 상품,펀드·SPC·투자조합·신탁 상품·명목회사 — 계획서 7-2,
1-2b 명단 밖 코스피 모회사의 종속,SVIC 74호 신기술투자조합,삼성전자(주),,,명목회사·펀드·SPC·신탁 상품,펀드·SPC·투자조합·신탁 상품·명목회사 — 계획서 7-2,
1-2b 명단 밖 코스피 모회사의 종속,SVIC 76호 신기술투자조합,삼성전자(주),,,명목회사·펀드·SPC·신탁 상품,펀드·SPC·투자조합·신탁 상품·명목회사 — 계획서 7-2,
1-2b 명단 밖 코스피 모회사의 종속,반도체성장 전문투자형 사모 투자신탁,삼성전자(주),,,명목회사·펀드·SPC·신탁 상품,펀드·SPC·투자조합·신탁 상품·명목회사 — 계획서 7-2,
1-2b 명단 밖 코스피 모회사의 종속,시스템반도체 상생 전문투자형 사모 투자신탁,삼성전자(주),,,명목회사·펀드·SPC·신탁 상품,펀드·SPC·투자조합·신탁 상품·명목회사 — 계획서 7-2,
1-2b 명단 밖 코스피 모회사의 종속,반도체 생태계 일반 사모 투자신탁,삼성전자(주),,,명목회사·펀드·SPC·신탁 상품,펀드·SPC·투자조합·신탁 상품·명목회사 — 계획서 7-2,
1-2b 명단 밖 코스피 모회사의 종속,SEA,삼성전자(주),,,해외 법인,해외 법인 — 계획서 7-2,
1-2b 명단 밖 코스피 모회사의 종속,SECA,삼성전자(주),,,해외 법인,해외 법인 — 계획서 7-2,
1-2b 명단 밖 코스피 모회사의 종속,SEDA,삼성전자(주),,,해외 법인,해외 법인 — 계획서 7-2,
1-2b 명단 밖 코스피 모회사의 종속,SEM,삼성전자(주),,,해외 법인,해외 법인 — 계획서 7-2,
1-2b 명단 밖 코스피 모회사의 종속,SELA,삼성전자(주),,,해외 법인,해외 법인 — 계획서 7-2,
1-2b 명단 밖 코스피 모회사의 종속,SEASA,삼성전자(주),,,해외 법인,해외 법인 — 계획서 7-2,
1-2b 명단 밖 코스피 모회사의 종속,SEUK,삼성전자(주),,,해외 법인,해외 법인 — 계획서 7-2,
1-2b 명단 밖 코스피 모회사의 종속,SEL,삼성전자(주),,,해외 법인,해외 법인 — 계획서 7-2,
1-2b 명단 밖 코스피 모회사의 종속,SEHG,삼성전자(주),,,해외 법인,해외 법인 — 계획서 7-2,
1-2b 명단 밖 코스피 모회사의 종속,SEF,삼성전자(주),,,해외 법인,해외 법인 — 계획서 7-2,
1-2b 명단 밖 코스피 모회사의 종속,SEI,삼성전자(주),,,해외 법인,해외 법인 — 계획서 7-2,
1-2b 명단 밖 코스피 모회사의 종속,SESA,삼성전자(주),,,해외 법인,해외 법인 — 계획서 7-2,
1-2b 명단 밖 코스피 모회사의 종속,SEP,삼성전자(주),,,해외 법인,해외 법인 — 계획서 7-2,
1-2b 명단 밖 코스피 모회사의 종속,SEH,삼성전자(주),,,해외 법인,해외 법인 — 계획서 7-2,
1-2b 명단 밖 코스피 모회사의 종속,SELS,삼성전자(주),,,해외 법인,해외 법인 — 계획서 7-2,
1-2b 명단 밖 코스피 모회사의 종속,SEBN,삼성전자(주),,,해외 법인,해외 법인 — 계획서 7-2,
1-2b 명단 밖 코스피 모회사의 종속,SEEH,삼성전자(주),,,해외 법인,해외 법인 — 계획서 7-2,
1-2b 명단 밖 코스피 모회사의 종속,SENA,삼성전자(주),,,해외 법인,해외 법인 — 계획서 7-2,
1-2b 명단 밖 코스피 모회사의 종속,SESK,삼성전자(주),,,해외 법인,해외 법인 — 계획서 7-2,
1-2b 명단 밖 코스피 모회사의 종속,SEPOL,삼성전자(주),,,해외 법인,해외 법인 — 계획서 7-2,
1-2b 명단 밖 코스피 모회사의 종속,SEAG,삼성전자(주),,,해외 법인,해외 법인 — 계획서 7-2,
1-2b 명단 밖 코스피 모회사의 종속,SERC,삼성전자(주),,,해외 법인,해외 법인 — 계획서 7-2,
1-2b 명단 밖 코스피 모회사의 종속,SERK,삼성전자(주),,,해외 법인,해외 법인 — 계획서 7-2,
1-2b 명단 밖 코스피 모회사의 종속,SGE,삼성전자(주),,,해외 법인,해외 법인 — 계획서 7-2,
1-2b 명단 밖 코스피 모회사의 종속,SSA,삼성전자(주),,,해외 법인,해외 법인 — 계획서 7-2,
1-2b 명단 밖 코스피 모회사의 종속,SAPL,삼성전자(주),,,해외 법인,해외 법인 — 계획서 7-2,
1-2b 명단 밖 코스피 모회사의 종속,SME,삼성전자(주),,,해외 법인,해외 법인 — 계획서 7-2,
1-2b 명단 밖 코스피 모회사의 종속,KCTech America Inc,(주)케이씨텍,,,해외 법인,해외 법인 — 계획서 7-2,
1-2b 명단 밖 코스피 모회사의 종속,Nexen Tire America Inc,넥센타이어(주),,,해외 법인,해외 법인 — 계획서 7-2,
1-2b 명단 밖 코스피 모회사의 종속,"NEXT CENTURY VENTURES, LLC",넥센타이어(주),,,해외 법인,해외 법인 — 계획서 7-2,
1-2b 명단 밖 코스피 모회사의 종속,"Next Century Ventures Fund I, LP",넥센타이어(주),,,해외 법인,해외 법인 — 계획서 7-2,
1-2b 명단 밖 코스피 모회사의 종속,NEXEN TIRE MALAYSIA SDN.BHD.,넥센타이어(주),,,해외 법인,해외 법인 — 계획서 7-2,
1-2b 명단 밖 코스피 모회사의 종속,NEXEN LASTIKLERI ANONIM SIRKETI,넥센타이어(주),,,해외 법인,해외 법인 — 계획서 7-2,
1-2b 명단 밖 코스피 모회사의 종속,NEXEN TIRE AUSTRALIA PTY LTD,넥센타이어(주),,,해외 법인,해외 법인 — 계획서 7-2,
1-2b 명단 밖 코스피 모회사의 종속,Nexen Tire Canada Corporation,넥센타이어(주),,,해외 법인,해외 법인 — 계획서 7-2,
1-2b 명단 밖 코스피 모회사의 종속,NEXEN TIRE EGYPT LLC,넥센타이어(주),,,해외 법인,해외 법인 — 계획서 7-2,
1-2b 명단 밖 코스피 모회사의 종속,Nexen Tire Europe GmbH,넥센타이어(주),,,해외 법인,해외 법인 — 계획서 7-2,
1-2b 명단 밖 코스피 모회사의 종속,Nexen Tire Hong Kong Holdings Limited,넥센타이어(주),,,해외 법인,해외 법인 — 계획서 7-2,
1-2b 명단 밖 코스피 모회사의 종속,Nexen Tire Rus LLC,넥센타이어(주),,,해외 법인,해외 법인 — 계획서 7-2,
1-2b 명단 밖 코스피 모회사의 종속,Nexen Tire Europe s. r. o,넥센타이어(주),,,해외 법인,해외 법인 — 계획서 7-2,
1-2b 명단 밖 코스피 모회사의 종속,"Qingdao Nexen Machine Corporation Co.,Ltd.",넥센타이어(주),,,해외 법인,해외 법인 — 계획서 7-2,
1-2b 명단 밖 코스피 모회사의 종속,"Nexen Tire Japan., Inc",넥센타이어(주),,,해외 법인,해외 법인 — 계획서 7-2,
1-2b 명단 밖 코스피 모회사의 종속,캡스톤전문투자형사모부동산18호(을지로3가6지구),(주)한국토지신탁,,,명목회사·펀드·SPC·신탁 상품,펀드·SPC·투자조합·신탁 상품·명목회사 — 계획서 7-2,
1-2b 명단 밖 코스피 모회사의 종속,케이원 감만1 리츠,(주)한국토지신탁,,,명목회사·펀드·SPC·신탁 상품,펀드·SPC·투자조합·신탁 상품·명목회사 — 계획서 7-2,
1-2b 명단 밖 코스피 모회사의 종속,코레이트에스에이치전문투자형사모부동산투자신탁,(주)한국토지신탁,,,명목회사·펀드·SPC·신탁 상품,펀드·SPC·투자조합·신탁 상품·명목회사 — 계획서 7-2,
1-2b 명단 밖 코스피 모회사의 종속,에코프라임마린 기업재무안정 사모투자합자회사,(주)한국토지신탁,,,명목회사·펀드·SPC·신탁 상품,펀드·SPC·투자조합·신탁 상품·명목회사 — 계획서 7-2,
1-2b 명단 밖 코스피 모회사의 종속,코레이트헌인마을일반사모부동산투자신탁,(주)한국토지신탁,,,명목회사·펀드·SPC·신탁 상품,펀드·SPC·투자조합·신탁 상품·명목회사 — 계획서 7-2,
1-2b 명단 밖 코스피 모회사의 종속,키스톤에코프라임스타 기업재무안정사모투자합자회사,(주)한국토지신탁,,,명목회사·펀드·SPC·신탁 상품,펀드·SPC·투자조합·신탁 상품·명목회사 — 계획서 7-2,
1-2b 명단 밖 코스피 모회사의 종속,크레스톤 서밋 일반 사모투자신탁 제5호 투자,(주)한국토지신탁,,,명목회사·펀드·SPC·신탁 상품,펀드·SPC·투자조합·신탁 상품·명목회사 — 계획서 7-2,
1-2b 명단 밖 코스피 모회사의 종속,HL Logistic America,에이치엘홀딩스(주),,,해외 법인,해외 법인 — 계획서 7-2,
1-2b 명단 밖 코스피 모회사의 종속,HALLA CORPORATION EUROPE OTOMOTiV YEDEK PARCALARI SANAYi VE TiCARET ANONiM SiRKETi,에이치엘홀딩스(주),,,해외 법인,해외 법인 — 계획서 7-2,
1-2b 명단 밖 코스피 모회사의 종속,HL Corporation Berlin Gmbh,에이치엘홀딩스(주),,,해외 법인,해외 법인 — 계획서 7-2,
1-2b 명단 밖 코스피 모회사의 종속,HL ANAND AUTOMOTIVE PARTS PRIVATE LIMITED,에이치엘홀딩스(주),,,해외 법인,해외 법인 — 계획서 7-2,
1-2b 명단 밖 코스피 모회사의 종속,"HL TRADING & LOGISTICS MEXICO, S.A. DE C.V.",에이치엘홀딩스(주),,,해외 법인,해외 법인 — 계획서 7-2,
1-2b 명단 밖 코스피 모회사의 종속,에이치엘디앤아이한라 주식회사,에이치엘홀딩스(주),,,우선주,우선주 등 — 지배력 판단에 쓰지 않음,
1-2b 명단 밖 코스피 모회사의 종속,"HL (Suzhou) Logistics Co, Ltd",에이치엘홀딩스(주),,,해외 법인,해외 법인 — 계획서 7-2,
1-2b 명단 밖 코스피 모회사의 종속,"HL Logistics Suzhou Co.,LTD",에이치엘홀딩스(주),,,해외 법인,해외 법인 — 계획서 7-2,
1-2b 명단 밖 코스피 모회사의 종속,"HL Module Shanghai Co.,LTD",에이치엘홀딩스(주),,,해외 법인,해외 법인 — 계획서 7-2,
1-2b 명단 밖 코스피 모회사의 종속,HL Uriman Inc.,에이치엘홀딩스(주),,,해외 법인,해외 법인 — 계획서 7-2,
1-2b 명단 밖 코스피 모회사의 종속,Icontrols Vietnam,에이치디씨랩스(주),,,해외 법인,해외 법인 — 계획서 7-2,
1-2b 명단 밖 코스피 모회사의 종속,수피아이티센 ICT신기술 투자조합 제1호,(주)아이티센씨티에스,,,명목회사·펀드·SPC·신탁 상품,펀드·SPC·투자조합·신탁 상품·명목회사 — 계획서 7-2,
1-2b 명단 밖 코스피 모회사의 종속,글로벌비전도약1호사모투자합자회사,(주)아이티센씨티에스,,,명목회사·펀드·SPC·신탁 상품,펀드·SPC·투자조합·신탁 상품·명목회사 — 계획서 7-2,
1-2b 명단 밖 코스피 모회사의 종속,HEP BEIJING,에이치디씨현대이피(주),,,해외 법인,해외 법인 — 계획서 7-2,
1-2b 명단 밖 코스피 모회사의 종속,HEP CHENNAI,에이치디씨현대이피(주),,,해외 법인,해외 법인 — 계획서 7-2,
1-2b 명단 밖 코스피 모회사의 종속,HEP YANCHENG,에이치디씨현대이피(주),,,해외 법인,해외 법인 — 계획서 7-2,
1-2b 명단 밖 코스피 모회사의 종속,HEP CHONGQING,에이치디씨현대이피(주),,,해외 법인,해외 법인 — 계획서 7-2,
1-2b 명단 밖 코스피 모회사의 종속,HEP MEXICO,에이치디씨현대이피(주),,,해외 법인,해외 법인 — 계획서 7-2,
1-2b 명단 밖 코스피 모회사의 종속,"AJ Rental Arabia, Ltd.",AJ네트웍스 주식회사,,,해외 법인,해외 법인 — 계획서 7-2,
1-2b 명단 밖 코스피 모회사의 종속,AJ ICT㈜,AJ네트웍스 주식회사,,,해외 법인,해외 법인 — 계획서 7-2,
1-2b 명단 밖 코스피 모회사의 종속,"AJ Total Vietnam Co., Ltd.",AJ네트웍스 주식회사,,,해외 법인,해외 법인 — 계획서 7-2,
1-2b 명단 밖 코스피 모회사의 종속,AJ LogisValue Poland SP. Z.o.o.,AJ네트웍스 주식회사,,,해외 법인,해외 법인 — 계획서 7-2,
1-2b 명단 밖 코스피 모회사의 종속,AJ LogisValue Hungary Kft.,AJ네트웍스 주식회사,,,해외 법인,해외 법인 — 계획서 7-2,
1-2b 명단 밖 코스피 모회사의 종속,AJ LogisValue USA Inc.,AJ네트웍스 주식회사,,,해외 법인,해외 법인 — 계획서 7-2,
1-2b 명단 밖 코스피 모회사의 종속,AJ LogisValue India Pvt. Ltd.,AJ네트웍스 주식회사,,,해외 법인,해외 법인 — 계획서 7-2,
1-2b 명단 밖 코스피 모회사의 종속,차파트너스 퍼블릭모빌리티 제1호 사모투자합자회사,AJ네트웍스 주식회사,,,명목회사·펀드·SPC·신탁 상품,펀드·SPC·투자조합·신탁 상품·명목회사 — 계획서 7-2,
1-2b 명단 밖 코스피 모회사의 종속,차파트너스 퍼블릭모빌리티 제2호 사모투자합자회사,AJ네트웍스 주식회사,,,명목회사·펀드·SPC·신탁 상품,펀드·SPC·투자조합·신탁 상품·명목회사 — 계획서 7-2,
1-2b 명단 밖 코스피 모회사의 종속,차파트너스 퍼블릭모빌리티 제3호 사모투자합자회사,AJ네트웍스 주식회사,,,명목회사·펀드·SPC·신탁 상품,펀드·SPC·투자조합·신탁 상품·명목회사 — 계획서 7-2,
1-2b 명단 밖 코스피 모회사의 종속,에이투파트너스라이노스 제 1호 사모투자합자회사,AJ네트웍스 주식회사,,,명목회사·펀드·SPC·신탁 상품,펀드·SPC·투자조합·신탁 상품·명목회사 — 계획서 7-2,
1-2b 명단 밖 코스피 모회사의 종속,"AJ Rental Co., Ltd",AJ네트웍스 주식회사,,,해외 법인,해외 법인 — 계획서 7-2,
1-2b 명단 밖 코스피 모회사의 종속,"AJ Rental, Inc.",AJ네트웍스 주식회사,,,해외 법인,해외 법인 — 계획서 7-2,
1-2b 명단 밖 코스피 모회사의 종속,유니온머티리얼 베트남(유),유니온머티리얼(주),,,해외 법인,해외 법인 — 계획서 7-2,
1-2b 명단 밖 코스피 모회사의 종속,HL Mando America Corporation,에이치엘만도(주),,,해외 법인,해외 법인 — 계획서 7-2,
1-2b 명단 밖 코스피 모회사의 종속,"HL Mando (Beijing) Trading Co., Ltd",에이치엘만도(주),,,해외 법인,해외 법인 — 계획서 7-2,
1-2b 명단 밖 코스피 모회사의 종속,"HL Mando(Ningbo) Automotive System Co., Ltd",에이치엘만도(주),,,해외 법인,해외 법인 — 계획서 7-2,
1-2b 명단 밖 코스피 모회사의 종속,"HL Mando (Beijing) Automotive System R&D Center Co., Ltd",에이치엘만도(주),,,해외 법인,해외 법인 — 계획서 7-2,
1-2b 명단 밖 코스피 모회사의 종속,"HL Mando (Suzhou) Automotive System Co., Ltd",에이치엘만도(주),,,해외 법인,해외 법인 — 계획서 7-2,
1-2b 명단 밖 코스피 모회사의 종속,"HL Mando (Tianjin) Automotive System Co., Ltd",에이치엘만도(주),,,해외 법인,해외 법인 — 계획서 7-2,
1-2b 명단 밖 코스피 모회사의 종속,"HL Mando Corporation Mexico, S.A. de C.V.",에이치엘만도(주),,,해외 법인,해외 법인 — 계획서 7-2,
1-2b 명단 밖 코스피 모회사의 종속,Higher Life Ventures Fund I LP,에이치엘만도(주),,,해외 법인,해외 법인 — 계획서 7-2,
1-2b 명단 밖 코스피 모회사의 종속,Muirwoods Air Mobility Fund,에이치엘만도(주),,,해외 법인,해외 법인 — 계획서 7-2,
1-2b 명단 밖 코스피 모회사의 종속,Mercury Partners Limited,에이치엘만도(주),,,해외 법인,해외 법인 — 계획서 7-2,
1-2b 명단 밖 코스피 모회사의 종속,HL Mando Anand India Private Limited,에이치엘만도(주),,,해외 법인,해외 법인 — 계획서 7-2,
1-2b 명단 밖 코스피 모회사의 종속,Anevolve Mando e Mobility Private Limited,에이치엘만도(주),,,해외 법인,해외 법인 — 계획서 7-2,
1-2b 명단 밖 코스피 모회사의 종속,한라에스브이사모투자전문회사,에이치엘만도(주),,,명목회사·펀드·SPC·신탁 상품,펀드·SPC·투자조합·신탁 상품·명목회사 — 계획서 7-2,
1-2b 명단 밖 코스피 모회사의 종속,칼론오피스일반사모부동산투자신탁제9호,에이치엘만도(주),,,명목회사·펀드·SPC·신탁 상품,펀드·SPC·투자조합·신탁 상품·명목회사 — 계획서 7-2,
1-2b 명단 밖 코스피 모회사의 종속,"HL Mando Softtech India Private, Ltd",에이치엘만도(주),,,해외 법인,해외 법인 — 계획서 7-2,
1-2b 명단 밖 코스피 모회사의 종속,HL Mando Corporation Europe GmbH,에이치엘만도(주),,,해외 법인,해외 법인 — 계획서 7-2,
1-2b 명단 밖 코스피 모회사의 종속,HL Mando Corporation do Brasil Industry and Commercial Auto Parts. Ltda,에이치엘만도(주),,,해외 법인,해외 법인 — 계획서 7-2,
1-2b 명단 밖 코스피 모회사의 종속,Maysan Mando Otomotiv Parcalari San. Ve Tic. A.S.,에이치엘만도(주),,,해외 법인,해외 법인 — 계획서 7-2,
1-2b 명단 밖 코스피 모회사의 종속,HL Mando Corporation Poland sp.z o.o,에이치엘만도(주),,,해외 법인,해외 법인 — 계획서 7-2,
1-2b 명단 밖 코스피 모회사의 종속,"HL Mando (Beijing) Automotive System Co., Ltd",에이치엘만도(주),,,해외 법인,해외 법인 — 계획서 7-2,
1-2b 명단 밖 코스피 모회사의 종속,HD Hyundai Construction Equipment Europe N.V.,에이치디건설기계(주),,,해외 법인,해외 법인 — 계획서 7-2,
1-2b 명단 밖 코스피 모회사의 종속,HD Hyundai Construction Equipment North America Inc.,에이치디건설기계(주),,,해외 법인,해외 법인 — 계획서 7-2,
1-2b 명단 밖 코스피 모회사의 종속,PT HD Hyundai Construction Equipment Indonesia,에이치디건설기계(주),,,해외 법인,해외 법인 — 계획서 7-2,
1-2b 명단 밖 코스피 모회사의 종속,HD Hyundai Construction Equipment Brasil - Manufacturing and Trading of Construction Equipment S.A,에이치디건설기계(주),,,해외 법인,해외 법인 — 계획서 7-2,
1-2b 명단 밖 코스피 모회사의 종속,HD Hyundai Construction Equipment India Private. Ltd.,에이치디건설기계(주),,,해외 법인,해외 법인 — 계획서 7-2,
1-2b 명단 밖 코스피 모회사의 종속,"HD Hyundai (China) Investment Co., Ltd.",에이치디건설기계(주),,,해외 법인,해외 법인 — 계획서 7-2,
1-2b 명단 밖 코스피 모회사의 종속,"HD CE Africa Co., Ltd.",에이치디건설기계(주),,,해외 법인,해외 법인 — 계획서 7-2,
1-2b 명단 밖 코스피 모회사의 종속,PT. KCC GLASS INDONESIA,(주)케이씨씨글라스,,,해외 법인,해외 법인 — 계획서 7-2,
1-2b 명단 밖 코스피 모회사의 종속,CJ Japan Corp,CJ(주),,,해외 법인,해외 법인 — 계획서 7-2,
1-2b 명단 밖 코스피 모회사의 종속,SAMICK MUSIC CORP.,(주)삼익악기,,,해외 법인,해외 법인 — 계획서 7-2,
1-2b 명단 밖 코스피 모회사의 종속,P.T. SAMICK INDONESIA,(주)삼익악기,,,해외 법인,해외 법인 — 계획서 7-2,
1-2b 명단 밖 코스피 모회사의 종속,Seiler Samick Musical Instrument,(주)삼익악기,,,해외 법인,해외 법인 — 계획서 7-2,
1-2b 명단 밖 코스피 모회사의 종속,Seiler GmbH,(주)삼익악기,,,해외 법인,해외 법인 — 계획서 7-2,
1-2b 명단 밖 코스피 모회사의 종속,ISU Petasys Corp,(주)이수페타시스,,,해외 법인,해외 법인 — 계획서 7-2,
1-2b 명단 밖 코스피 모회사의 종속,ISU Petasys Asia Limited,(주)이수페타시스,,,해외 법인,해외 법인 — 계획서 7-2,
1-2b 명단 밖 코스피 모회사의 종속,이수세컨더리1호투자조합 출자,(주)이수페타시스,,,명목회사·펀드·SPC·신탁 상품,펀드·SPC·투자조합·신탁 상품·명목회사 — 계획서 7-2,
1-2b 명단 밖 코스피 모회사의 종속,"ISU-APEX CO.,LTD.",(주)이수페타시스,,,해외 법인,해외 법인 — 계획서 7-2,
1-2b 명단 밖 코스피 모회사의 종속,그래비티일반사모부동산투자신탁 제24호,(주)이수페타시스,,,명목회사·펀드·SPC·신탁 상품,펀드·SPC·투자조합·신탁 상품·명목회사 — 계획서 7-2,
1-2b 명단 밖 코스피 모회사의 종속,Innocean Worldwide Communication Private Ltd. (IWI),(주)이노션,,,해외 법인,해외 법인 — 계획서 7-2,
1-2b 명단 밖 코스피 모회사의 종속,Innocean Worldwide Canada Inc. (IWC),(주)이노션,,,해외 법인,해외 법인 — 계획서 7-2,
1-2b 명단 밖 코스피 모회사의 종속,Innocean Worldwide France (IWF),(주)이노션,,,해외 법인,해외 법인 — 계획서 7-2,
1-2b 명단 밖 코스피 모회사의 종속,Innocean Worldwide Spain S.L. (IWS),(주)이노션,,,해외 법인,해외 법인 — 계획서 7-2,
1-2b 명단 밖 코스피 모회사의 종속,"Beijing Innocean-CBAC Advertising Co., Ltd.(ICBAC)",(주)이노션,,,해외 법인,해외 법인 — 계획서 7-2,
1-2b 명단 밖 코스피 모회사의 종속,Innocean Worldwide Turkey (IWTr),(주)이노션,,,해외 법인,해외 법인 — 계획서 7-2,
1-2b 명단 밖 코스피 모회사의 종속,Innocean Worldwide Brazil (IWB),(주)이노션,,,해외 법인,해외 법인 — 계획서 7-2,
1-2b 명단 밖 코스피 모회사의 종속,Innocean Worldwide Mexico (IWM),(주)이노션,,,해외 법인,해외 법인 — 계획서 7-2,
1-2b 명단 밖 코스피 모회사의 종속,Innocean Worldwide Middle East & Africa FZ-LLC (IWMENA),(주)이노션,,,해외 법인,해외 법인 — 계획서 7-2,
1-2b 명단 밖 코스피 모회사의 종속,Innocean Worldwide UK Ltd. (IWUK),(주)이노션,,,해외 법인,해외 법인 — 계획서 7-2,
1-2b 명단 밖 코스피 모회사의 종속,Innocean Worldwide Singapore Pte. Ltd (IWSG),(주)이노션,,,해외 법인,해외 법인 — 계획서 7-2,
1-2b 명단 밖 코스피 모회사의 종속,Wellcom Group Pty Ltd(WLLAU),(주)이노션,,,해외 법인,해외 법인 — 계획서 7-2,
1-2b 명단 밖 코스피 모회사의 종속,Innocean (Thailand) Limited (IWTH),(주)이노션,,,해외 법인,해외 법인 — 계획서 7-2,
1-2b 명단 밖 코스피 모회사의 종속,Innocean Worldwide Europe GmbH (IWE),(주)이노션,,,해외 법인,해외 법인 — 계획서 7-2,
1-2b 명단 밖 코스피 모회사의 종속,Innocean Worldwide Malaysia Sdn. Bhd. (IWMY),(주)이노션,,,해외 법인,해외 법인 — 계획서 7-2,
1-2b 명단 밖 코스피 모회사의 종속,PT Innocean Worldwide Indonesia (IWID),(주)이노션,,,해외 법인,해외 법인 — 계획서 7-2,
1-2b 명단 밖 코스피 모회사의 종속,Innocean Worldwide China Beijing (IWC Beijing),(주)이노션,,,해외 법인,해외 법인 — 계획서 7-2,
1-2b 명단 밖 코스피 모회사의 종속,Innocean Worldwide China Shanghai (IWC Shanghai),(주)이노션,,,해외 법인,해외 법인 — 계획서 7-2,
1-2b 명단 밖 코스피 모회사의 종속,Innocean Worldwide Italy Srl (IWIt),(주)이노션,,,해외 법인,해외 법인 — 계획서 7-2,
1-2b 명단 밖 코스피 모회사의 종속,Innocean Worldwide Australia Pty Ltd.(IWAu),(주)이노션,,,해외 법인,해외 법인 — 계획서 7-2,
1-2b 명단 밖 코스피 모회사의 종속,"Innocean Worldwide Holdings, Inc.(IWH)",(주)이노션,,,해외 법인,해외 법인 — 계획서 7-2,
1-2b 명단 밖 코스피 모회사의 종속,Innocean Worldwide Rus LLC. (IWR),(주)이노션,,,해외 법인,해외 법인 — 계획서 7-2,
1-2b 명단 밖 코스피 모회사의 종속,INZI AUTO COMPONENTS AN PRIVATE LIMITED,인지컨트롤스(주),,,해외 법인,해외 법인 — 계획서 7-2,
1-2b 명단 밖 코스피 모회사의 종속,INZI CONTROLS DETROIT LLC,인지컨트롤스(주),,,해외 법인,해외 법인 — 계획서 7-2,
1-2b 명단 밖 코스피 모회사의 종속,INZI Controls Europe GmbH,인지컨트롤스(주),,,해외 법인,해외 법인 — 계획서 7-2,
1-2b 명단 밖 코스피 모회사의 종속,INZI AUTOMOTIVE(M),인지컨트롤스(주),,,해외 법인,해외 법인 — 계획서 7-2,
1-2b 명단 밖 코스피 모회사의 종속,인지정밀제조(소주)유한공사,인지컨트롤스(주),,,해외 법인,해외 법인 — 계획서 7-2,
1-2b 명단 밖 코스피 모회사의 종속,천진인지기차배건유한공사,인지컨트롤스(주),,,해외 법인,해외 법인 — 계획서 7-2,
1-2b 명단 밖 코스피 모회사의 종속,INZI CONTROLS INDIA LIMITED,인지컨트롤스(주),,,해외 법인,해외 법인 — 계획서 7-2,
1-2b 명단 밖 코스피 모회사의 종속,"INZI CONTROLS ALABAMA, INC",인지컨트롤스(주),,,해외 법인,해외 법인 — 계획서 7-2,
1-2b 명단 밖 코스피 모회사의 종속,,(주)미래아이앤지,,,자료 문제 (조회 실패·출자현황 없음·지분율 오류),"출자현황 자료 없음 — 원문 확인, 필요하면 수동 입력 파일에 적음 (2025 사업보고서 표 형식 아님(숫자 지분율 없음); 2025 3분기보고서 표 형식 아님(숫자 지분율 없음); 2025 반기보고서 표 형식 아님(숫자 지분율 없음); 2024 사업보고서 표 형식 아님(숫자 지분율 없음))",
1-2b 명단 밖 코스피 모회사의 종속,Kyochon USA Inc,교촌에프앤비(주),,,해외 법인,해외 법인 — 계획서 7-2,
1-2b 명단 밖 코스피 모회사의 종속,"Kyochon F&B(China) Co.,Ltd",교촌에프앤비(주),,,해외 법인,해외 법인 — 계획서 7-2,
1-2b 명단 밖 코스피 모회사의 종속,"SHEENLAC-NOROO Coatings India Pvt., Ltd. (비상장사)",(주)노루페인트,,,해외 법인,해외 법인 — 계획서 7-2,
1-2b 명단 밖 코스피 모회사의 종속,"NOROO-NANPAO PAINT&COATINGS Co., Ltd.(비상장사)",(주)노루페인트,,,해외 법인,해외 법인 — 계획서 7-2,
1-2b 명단 밖 코스피 모회사의 종속,"NOROO Holdings (H.K.)Co., LTD. (비상장사)",(주)노루페인트,,,해외 법인,해외 법인 — 계획서 7-2,
1-2b 명단 밖 코스피 모회사의 종속,"NOROO Vina Co., Ltd. (비상장사)",(주)노루페인트,,,해외 법인,해외 법인 — 계획서 7-2,
1-2b 명단 밖 코스피 모회사의 종속,"NOROO Paint(Shanghai)Co.,Ltd.(비상장사)",(주)노루페인트,,,해외 법인,해외 법인 — 계획서 7-2,
1-2b 명단 밖 코스피 모회사의 종속,"NOROO Trading (Shanghai)Co.,Ltd.(비상장사)",(주)노루페인트,,,해외 법인,해외 법인 — 계획서 7-2,
1-2b 명단 밖 코스피 모회사의 종속,NOROO Kossan Paint Sdn. Bhd. (비상장사),(주)노루페인트,,,해외 법인,해외 법인 — 계획서 7-2,
1-2b 명단 밖 코스피 모회사의 종속,"NOROO Kayalar Paint Co., Ltd. (비상장사)",(주)노루페인트,,,해외 법인,해외 법인 — 계획서 7-2,
1-2b 명단 밖 코스피 모회사의 종속,"LOTTE QINGDAO FOODS CO., Ltd.",롯데웰푸드(주),,,해외 법인,해외 법인 — 계획서 7-2,
1-2b 명단 밖 코스피 모회사의 종속,L&M Confectionery Pte. Ltd.,롯데웰푸드(주),,,해외 법인,해외 법인 — 계획서 7-2,
1-2b 명단 밖 코스피 모회사의 종속,"Lotte India Co., Ltd.",롯데웰푸드(주),,,해외 법인,해외 법인 — 계획서 7-2,
1-2b 명단 밖 코스피 모회사의 종속,한국투자 노블푸드 신기술사업투자조합 1호,롯데웰푸드(주),,,명목회사·펀드·SPC·신탁 상품,펀드·SPC·투자조합·신탁 상품·명목회사 — 계획서 7-2,
1-2b 명단 밖 코스피 모회사의 종속,한국투자 그린테크 신기술조합,롯데웰푸드(주),,,명목회사·펀드·SPC·신탁 상품,펀드·SPC·투자조합·신탁 상품·명목회사 — 계획서 7-2,
1-2b 명단 밖 코스피 모회사의 종속,롯데농식품테크펀드 1호,롯데웰푸드(주),,,명목회사·펀드·SPC·신탁 상품,펀드·SPC·투자조합·신탁 상품·명목회사 — 계획서 7-2,
1-2b 명단 밖 코스피 모회사의 종속,Lotte Confectionery (S.E.A) Pte. Ltd.,롯데웰푸드(주),,,해외 법인,해외 법인 — 계획서 7-2,
1-2b 명단 밖 코스피 모회사의 종속,PT. LOTTE RND Center Indonesia,롯데웰푸드(주),,,해외 법인,해외 법인 — 계획서 7-2,
1-2b 명단 밖 코스피 모회사의 종속,LOTTE F&G Vietnam Company Limited,롯데웰푸드(주),,,해외 법인,해외 법인 — 계획서 7-2,
1-2b 명단 밖 코스피 모회사의 종속,Lotte Confectionery RUS LLC,롯데웰푸드(주),,,해외 법인,해외 법인 — 계획서 7-2,
1-2b 명단 밖 코스피 모회사의 종속,Lotte Confectionery Holdings (Europe) B.V.,롯데웰푸드(주),,,해외 법인,해외 법인 — 계획서 7-2,
1-2b 명단 밖 코스피 모회사의 종속,Lotte Kolson (Private) Ltd,롯데웰푸드(주),,,해외 법인,해외 법인 — 계획서 7-2,
1-2b 명단 밖 코스피 모회사의 종속,LOTTE Rakhat JSC,롯데웰푸드(주),,,해외 법인,해외 법인 — 계획서 7-2,
1-2b 명단 밖 코스피 모회사의 종속,L&M Mayson Company Limited,롯데웰푸드(주),,,해외 법인,해외 법인 — 계획서 7-2,
1-2b 명단 밖 코스피 모회사의 종속,이비젼 유한회사,핸즈코퍼레이션(주),,,명목회사·펀드·SPC·신탁 상품,펀드·SPC·투자조합·신탁 상품·명목회사 — 계획서 7-2,
1-2b 명단 밖 코스피 모회사의 종속,"Monami(Thailand) Co., Ltd",(주)모나미,,,해외 법인,해외 법인 — 계획서 7-2,
1-2b 명단 밖 코스피 모회사의 종속,ZENITH-MONAMI,(주)모나미,,,해외 법인,해외 법인 — 계획서 7-2,
1-2b 명단 밖 코스피 모회사의 종속,상해모나미문화용품(유),(주)모나미,,,해외 법인,해외 법인 — 계획서 7-2,
1-2b 명단 밖 코스피 모회사의 종속,,(주)한국특강,,,자료 문제 (조회 실패·출자현황 없음·지분율 오류),"출자현황 자료 없음 — 원문 확인, 필요하면 수동 입력 파일에 적음 (2025 사업보고서 표 형식 아님(숫자 지분율 없음); 2025 3분기보고서 표 형식 아님(숫자 지분율 없음); 2025 반기보고서 표 형식 아님(숫자 지분율 없음); 2024 사업보고서 표 형식 아님(숫자 지분율 없음))",
1-2b 명단 밖 코스피 모회사의 종속,에이케이플라자(주),AK홀딩스(주),,,우선주,우선주 등 — 지배력 판단에 쓰지 않음,
1-2b 명단 밖 코스피 모회사의 종속,쉴드스톤 사모투자 합자회사,(주)서원,,,명목회사·펀드·SPC·신탁 상품,펀드·SPC·투자조합·신탁 상품·명목회사 — 계획서 7-2,
1-2b 명단 밖 코스피 모회사의 종속,"SOOSAN USA, Inc.",(주)수산세보틱스,,,해외 법인,해외 법인 — 계획서 7-2,
1-2b 명단 밖 코스피 모회사의 종속,SOOSAN VINA MOTOR,(주)수산세보틱스,,,해외 법인,해외 법인 — 계획서 7-2,
1-2b 명단 밖 코스피 모회사의 종속,"YOUNGWIRE USA,INC.",(주)영흥,,,해외 법인,해외 법인 — 계획서 7-2,
1-2b 명단 밖 코스피 모회사의 종속,"YOUNG WIRE JAPAN CO.,LTD",(주)영흥,,,해외 법인,해외 법인 — 계획서 7-2,
1-2b 명단 밖 코스피 모회사의 종속,"YOUNGWIRE(Shanghai) TRADING CO.,LTD.",(주)영흥,,,해외 법인,해외 법인 — 계획서 7-2,
1-2b 명단 밖 코스피 모회사의 종속,하나대체투자풍력개발일반사모 특별자산투자신탁1호,코오롱글로벌(주),,,명목회사·펀드·SPC·신탁 상품,펀드·SPC·투자조합·신탁 상품·명목회사 — 계획서 7-2,
1-2b 명단 밖 코스피 모회사의 종속,LIBETO PTE.LTD.,코오롱글로벌(주),,,해외 법인,해외 법인 — 계획서 7-2,
1-2b 명단 밖 코스피 모회사의 종속,한강인프라개발 일반사모 특별자산투자신탁1호,코오롱글로벌(주),,,명목회사·펀드·SPC·신탁 상품,펀드·SPC·투자조합·신탁 상품·명목회사 — 계획서 7-2,
1-2b 명단 밖 코스피 모회사의 종속,미래에셋환경인프라 일반사모투자신탁 1호,코오롱글로벌(주),,,명목회사·펀드·SPC·신탁 상품,펀드·SPC·투자조합·신탁 상품·명목회사 — 계획서 7-2,
1-2b 명단 밖 코스피 모회사의 종속,HHI MAURITIUS LIMITED,에이치디한국조선해양(주),,,해외 법인,해외 법인 — 계획서 7-2,
1-2b 명단 밖 코스피 모회사의 종속,Hyundai Heavy Industries Miraflores PowerPlant Inc,에이치디한국조선해양(주),,,해외 법인,해외 법인 — 계획서 7-2,
1-2b 명단 밖 코스피 모회사의 종속,Hyundai Arabia Company Ltd.,에이치디한국조선해양(주),,,해외 법인,해외 법인 — 계획서 7-2,
1-2b 명단 밖 코스피 모회사의 종속,"Hyundai Technology Center India Pvt., Ltd.",에이치디한국조선해양(주),,,해외 법인,해외 법인 — 계획서 7-2,
1-2b 명단 밖 코스피 모회사의 종속,Pontos Investment LLC,에이치디한국조선해양(주),,,해외 법인,해외 법인 — 계획서 7-2,
1-2b 명단 밖 코스피 모회사의 종속,HD Hyundai Europe Research and Development Center GmbH,에이치디한국조선해양(주),,,해외 법인,해외 법인 — 계획서 7-2,
1-2b 명단 밖 코스피 모회사의 종속,HD Hyundai Asia Holdings Pte. Ltd.,에이치디한국조선해양(주),,,해외 법인,해외 법인 — 계획서 7-2,
1-2b 명단 밖 코스피 모회사의 종속,"Hyundai Green Industries Co., W.L.L.",에이치디한국조선해양(주),,,해외 법인,해외 법인 — 계획서 7-2,
1-2b 명단 밖 코스피 모회사의 종속,"HD HYUNDAI (SHANGHAI) FINANCIAL LEASING CO.,Ltd.",에이치디한국조선해양(주),,,해외 법인,해외 법인 — 계획서 7-2,
1-2b 명단 밖 코스피 모회사의 종속,NOROO Holdings Singapore Pte. Ltd.,(주)노루홀딩스,,,해외 법인,해외 법인 — 계획서 7-2,
1-2b 명단 밖 코스피 모회사의 종속,NOROO FT Co. Ltd,(주)노루홀딩스,,,해외 법인,해외 법인 — 계획서 7-2,
1-2b 명단 밖 코스피 모회사의 종속,NOROO IC Co. Ltd.,(주)노루홀딩스,,,해외 법인,해외 법인 — 계획서 7-2,
1-2b 명단 밖 코스피 모회사의 종속,"NOROO Holdings (H.K.) Co., Ltd.",(주)노루홀딩스,,,해외 법인,해외 법인 — 계획서 7-2,
1-2b 명단 밖 코스피 모회사의 종속,TOWNSVILLE MARINE LOGISTICS PT,고려아연(주),,,해외 법인,해외 법인 — 계획서 7-2,
1-2b 명단 밖 코스피 모회사의 종속,Zinc Oxide Corporation(Thailand)Ltd.,고려아연(주),,,해외 법인,해외 법인 — 계획서 7-2,
1-2b 명단 밖 코스피 모회사의 종속,코리아그로쓰1호,고려아연(주),,,명목회사·펀드·SPC·신탁 상품,펀드·SPC·투자조합·신탁 상품·명목회사 — 계획서 7-2,
1-2b 명단 밖 코스피 모회사의 종속,Pedalpoint LLC,고려아연(주),,,해외 법인,해외 법인 — 계획서 7-2,
1-2b 명단 밖 코스피 모회사의 종속,그레이 1호,고려아연(주),,,명목회사·펀드·SPC·신탁 상품,펀드·SPC·투자조합·신탁 상품·명목회사 — 계획서 7-2,
1-2b 명단 밖 코스피 모회사의 종속,Sun Metals Holdings Ltd.,고려아연(주),,,해외 법인,해외 법인 — 계획서 7-2,
1-2b 명단 밖 코스피 모회사의 종속,아비트리지 제1호,고려아연(주),,,명목회사·펀드·SPC·신탁 상품,펀드·SPC·투자조합·신탁 상품·명목회사 — 계획서 7-2,
1-2b 명단 밖 코스피 모회사의 종속,바이올렛 제1호,고려아연(주),,,명목회사·펀드·SPC·신탁 상품,펀드·SPC·투자조합·신탁 상품·명목회사 — 계획서 7-2,
1-2b 명단 밖 코스피 모회사의 종속,메이븐그로쓰 제1호,고려아연(주),,,명목회사·펀드·SPC·신탁 상품,펀드·SPC·투자조합·신탁 상품·명목회사 — 계획서 7-2,
1-2b 명단 밖 코스피 모회사의 종속,글로벌 배터리 제1호,고려아연(주),,,명목회사·펀드·SPC·신탁 상품,펀드·SPC·투자조합·신탁 상품·명목회사 — 계획서 7-2,
1-2b 명단 밖 코스피 모회사의 종속,망고스틴 제1호,고려아연(주),,,명목회사·펀드·SPC·신탁 상품,펀드·SPC·투자조합·신탁 상품·명목회사 — 계획서 7-2,
1-2b 명단 밖 코스피 모회사의 종속,트러스톤 CVD&G 제1호,고려아연(주),,,명목회사·펀드·SPC·신탁 상품,펀드·SPC·투자조합·신탁 상품·명목회사 — 계획서 7-2,
1-2b 명단 밖 코스피 모회사의 종속,디에스투자 에너지 스케일업 파트너 신기술투자조합,고려아연(주),,,명목회사·펀드·SPC·신탁 상품,펀드·SPC·투자조합·신탁 상품·명목회사 — 계획서 7-2,
1-2b 명단 밖 코스피 모회사의 종속,PPMMC,고려아연(주),,,해외 법인,해외 법인 — 계획서 7-2,
1-2b 명단 밖 코스피 모회사의 종속,KZ Pranda,고려아연(주),,,해외 법인,해외 법인 — 계획서 7-2,
1-2b 명단 밖 코스피 모회사의 종속,KZMH,고려아연(주),,,해외 법인,해외 법인 — 계획서 7-2,
1-2b 명단 밖 코스피 모회사의 종속,TOWNSVILLE LOGISTICS PTY LTD,고려아연(주),,,해외 법인,해외 법인 — 계획서 7-2,
1-2b 명단 밖 코스피 모회사의 종속,ZINCOX VIETNAM LIMITED LIABILITY Co.,고려아연(주),,,해외 법인,해외 법인 — 계획서 7-2,
1-2b 명단 밖 코스피 모회사의 종속,"SK Square Americas, Inc.",에스케이스퀘어 주식회사,,,해외 법인,해외 법인 — 계획서 7-2,
1-2b 명단 밖 코스피 모회사의 종속,TGC Square Pte. Ltd,에스케이스퀘어 주식회사,,,해외 법인,해외 법인 — 계획서 7-2,
1-2b 명단 밖 코스피 모회사의 종속,EVM SYSTEM PH CORP,(주)이엔플러스,,,해외 법인,해외 법인 — 계획서 7-2,
1-2b 명단 밖 코스피 모회사의 종속,에이치 피아이 3호 신기술사업투자조합,화승인더스트리(주),,,명목회사·펀드·SPC·신탁 상품,펀드·SPC·투자조합·신탁 상품·명목회사 — 계획서 7-2,
1-2b 명단 밖 코스피 모회사의 종속,Smart south Bank Discovery 벤처투자조합,화승인더스트리(주),,,명목회사·펀드·SPC·신탁 상품,펀드·SPC·투자조합·신탁 상품·명목회사 — 계획서 7-2,
1-2b 명단 밖 코스피 모회사의 종속,SBP 오퍼튜니티 제1호 신기술사업투자조합,화승인더스트리(주),,,명목회사·펀드·SPC·신탁 상품,펀드·SPC·투자조합·신탁 상품·명목회사 — 계획서 7-2,
1-2b 명단 밖 코스피 모회사의 종속,에이치 피아이 4호 신기술사업투자조합,화승인더스트리(주),,,명목회사·펀드·SPC·신탁 상품,펀드·SPC·투자조합·신탁 상품·명목회사 — 계획서 7-2,
1-2b 명단 밖 코스피 모회사의 종속,에이치 피아이 5호 신기술사업투자조합,화승인더스트리(주),,,명목회사·펀드·SPC·신탁 상품,펀드·SPC·투자조합·신탁 상품·명목회사 — 계획서 7-2,
1-2b 명단 밖 코스피 모회사의 종속,"HS VIETNAM CHEMICAL Co.,Ltd.",화승인더스트리(주),,,해외 법인,해외 법인 — 계획서 7-2,
1-2b 명단 밖 코스피 모회사의 종속,에이치 피아이 1호 신기술사업투자조합,화승인더스트리(주),,,명목회사·펀드·SPC·신탁 상품,펀드·SPC·투자조합·신탁 상품·명목회사 — 계획서 7-2,
1-2b 명단 밖 코스피 모회사의 종속,"HANSAE INTERNATIONAL, S.A.",한세실업(주),,,해외 법인,해외 법인 — 계획서 7-2,
1-2b 명단 밖 코스피 모회사의 종속,"HANSAE BAGO CO., LTD.",한세실업(주),,,해외 법인,해외 법인 — 계획서 7-2,
1-2b 명단 밖 코스피 모회사의 종속,"AALFS DOS, S.A.",한세실업(주),,,해외 법인,해외 법인 — 계획서 7-2,
1-2b 명단 밖 코스피 모회사의 종속,"THE GLOBAL GUATEMALA MICHATOYA, S.A.",한세실업(주),,,해외 법인,해외 법인 — 계획서 7-2,
1-2b 명단 밖 코스피 모회사의 종속,"HANSAE ECOSPIN, S.A.",한세실업(주),,,해외 법인,해외 법인 — 계획서 7-2,
1-2b 명단 밖 코스피 모회사의 종속,"TEXOLLINI, INC.",한세실업(주),,,해외 법인,해외 법인 — 계획서 7-2,
1-2b 명단 밖 코스피 모회사의 종속,"HANSAE SEBACO, S.A.",한세실업(주),,,해외 법인,해외 법인 — 계획서 7-2,
1-2b 명단 밖 코스피 모회사의 종속,뉴본-한세예스24 라이징스타 1호 투자조합,한세실업(주),,,명목회사·펀드·SPC·신탁 상품,펀드·SPC·투자조합·신탁 상품·명목회사 — 계획서 7-2,
1-2b 명단 밖 코스피 모회사의 종속,NH 라이노스 메자닌 일반사모증권투자신탁,한세실업(주),,,명목회사·펀드·SPC·신탁 상품,펀드·SPC·투자조합·신탁 상품·명목회사 — 계획서 7-2,
1-2b 명단 밖 코스피 모회사의 종속,"HANSAE VIETNAM CO., LTD.",한세실업(주),,,해외 법인,해외 법인 — 계획서 7-2,
1-2b 명단 밖 코스피 모회사의 종속,뉴본-한세예스24 라이징스타 2호 투자조합,한세실업(주),,,명목회사·펀드·SPC·신탁 상품,펀드·SPC·투자조합·신탁 상품·명목회사 — 계획서 7-2,
1-2b 명단 밖 코스피 모회사의 종속,VTI파트너스 이브이 투자조합,한세실업(주),,,명목회사·펀드·SPC·신탁 상품,펀드·SPC·투자조합·신탁 상품·명목회사 — 계획서 7-2,
1-2b 명단 밖 코스피 모회사의 종속,에이원 플래티넘 코스닥벤처 일반사모투자신탁,한세실업(주),,,명목회사·펀드·SPC·신탁 상품,펀드·SPC·투자조합·신탁 상품·명목회사 — 계획서 7-2,
1-2b 명단 밖 코스피 모회사의 종속,"HANSAE TN CO., LTD.",한세실업(주),,,해외 법인,해외 법인 — 계획서 7-2,
1-2b 명단 밖 코스피 모회사의 종속,PT. HANSAE INDONESIA UTAMA,한세실업(주),,,해외 법인,해외 법인 — 계획서 7-2,
1-2b 명단 밖 코스피 모회사의 종속,PT. BOMIN PERMATA ABADI,한세실업(주),,,해외 법인,해외 법인 — 계획서 7-2,
1-2b 명단 밖 코스피 모회사의 종속,"HANSAE MYANMAR CO.,LTD",한세실업(주),,,해외 법인,해외 법인 — 계획서 7-2,
1-2b 명단 밖 코스피 모회사의 종속,PT. HANSAE INDONESIA SUKSES,한세실업(주),,,해외 법인,해외 법인 — 계획서 7-2,
1-2b 명단 밖 코스피 모회사의 종속,APPAREL MANUFACTURING PARTNERS INC.,한세실업(주),,,해외 법인,해외 법인 — 계획서 7-2,
1-2b 명단 밖 코스피 모회사의 종속,"(해외)ELES-Ruspacific Co., Ltd.",(주)LS네트웍스,,,해외 법인,해외 법인 — 계획서 7-2,
1-2b 명단 밖 코스피 모회사의 종속,(해외)PT. STM Coal Trading,(주)LS네트웍스,,,해외 법인,해외 법인 — 계획서 7-2,
1-2b 명단 밖 코스피 모회사의 종속,쉴드스톤사모투자 합자회사,(주)대창,,,명목회사·펀드·SPC·신탁 상품,펀드·SPC·투자조합·신탁 상품·명목회사 — 계획서 7-2,
1-2b 명단 밖 코스피 모회사의 종속,DGSC CO. LTD,(주)대창,,,해외 법인,해외 법인 — 계획서 7-2,
1-2b 명단 밖 코스피 모회사의 종속,대창서원동합금무역 유한공사,(주)대창,,,해외 법인,해외 법인 — 계획서 7-2,
1-2b 명단 밖 코스피 모회사의 종속,"DAECHANG TRADING (THAILAND) CO.,LTD",(주)대창,,,해외 법인,해외 법인 — 계획서 7-2,
1-2b 명단 밖 코스피 모회사의 종속,노앤그린ESG제2호사모투자합자회사,아이에스동서(주),,,명목회사·펀드·SPC·신탁 상품,펀드·SPC·투자조합·신탁 상품·명목회사 — 계획서 7-2,
1-2b 명단 밖 코스피 모회사의 종속,이앤에프아이콘제일호사모투자합자회사,아이에스동서(주),,,명목회사·펀드·SPC·신탁 상품,펀드·SPC·투자조합·신탁 상품·명목회사 — 계획서 7-2,
1-2b 명단 밖 코스피 모회사의 종속,IMM Global Battery LPF,아이에스동서(주),,,해외 법인,해외 법인 — 계획서 7-2,
1-2b 명단 밖 코스피 모회사의 종속,IS LEGEND PARTNERS KOR LLC,아이에스동서(주),,,해외 법인,해외 법인 — 계획서 7-2,
1-2b 명단 밖 코스피 모회사의 종속,씨티케이-오티엄 M&A 투자조합 제1호,아이에스동서(주),,,명목회사·펀드·SPC·신탁 상품,펀드·SPC·투자조합·신탁 상품·명목회사 — 계획서 7-2,
1-2b 명단 밖 코스피 모회사의 종속,엔피씨에이씨성장 제1호 사모투자 합자회사,아이에스동서(주),,,명목회사·펀드·SPC·신탁 상품,펀드·SPC·투자조합·신탁 상품·명목회사 — 계획서 7-2,
1-2b 명단 밖 코스피 모회사의 종속,레이크우드-노앤파트너스-씨에이씨조합1호,아이에스동서(주),,,명목회사·펀드·SPC·신탁 상품,펀드·SPC·투자조합·신탁 상품·명목회사 — 계획서 7-2,
1-2b 명단 밖 코스피 모회사의 종속,CACP CITADEL KOR INC,아이에스동서(주),,,해외 법인,해외 법인 — 계획서 7-2,
1-2b 명단 밖 코스피 모회사의 종속,IMM Global Circular Economy LPF,아이에스동서(주),,,해외 법인,해외 법인 — 계획서 7-2,
1-2b 명단 밖 코스피 모회사의 종속,T A C,(주)TCC스틸,,,해외 법인,해외 법인 — 계획서 7-2,
1-2b 명단 밖 코스피 모회사의 종속,P.T 동일인도네시아,디아이동일(주),,,해외 법인,해외 법인 — 계획서 7-2,
1-2b 명단 밖 코스피 모회사의 종속,동일-베트남,디아이동일(주),,,해외 법인,해외 법인 — 계획서 7-2,
1-2b 명단 밖 코스피 모회사의 종속,"Hanjin Int'l Japan Co., Ltd",(주)대한항공,,,해외 법인,해외 법인 — 계획서 7-2,
1-2b 명단 밖 코스피 모회사의 종속,TOMI,(주)대한항공,,,해외 법인,해외 법인 — 계획서 7-2,
1-2b 명단 밖 코스피 모회사의 종속,GLSAP,(주)대한항공,,,해외 법인,해외 법인 — 계획서 7-2,
1-2b 명단 밖 코스피 모회사의 종속,"Korean Air Investment Japan Co., Ltd",(주)대한항공,,,해외 법인,해외 법인 — 계획서 7-2,
1-2b 명단 밖 코스피 모회사의 종속,Korean Air Investment Singapore Pte. Ltd. (KIS),(주)대한항공,,,해외 법인,해외 법인 — 계획서 7-2,
1-2b 명단 밖 코스피 모회사의 종속,Hanjin Int'l Corp.,(주)대한항공,,,해외 법인,해외 법인 — 계획서 7-2,
1-2b 명단 밖 코스피 모회사의 종속,TALOFA SYSTEMS,동원시스템즈(주),,,해외 법인,해외 법인 — 계획서 7-2,
1-2b 명단 밖 코스피 모회사의 종속,SP Logistics Investment Pte. Ltd.,동원시스템즈(주),,,해외 법인,해외 법인 — 계획서 7-2,
1-2b 명단 밖 코스피 모회사의 종속,TTP(베트남),동원시스템즈(주),,,해외 법인,해외 법인 — 계획서 7-2,
1-2b 명단 밖 코스피 모회사의 종속,MVP(베트남),동원시스템즈(주),,,해외 법인,해외 법인 — 계획서 7-2,
1-2b 명단 밖 코스피 모회사의 종속,한국태양보성1호발전소㈜,동원시스템즈(주),,,명목회사·펀드·SPC·신탁 상품,펀드·SPC·투자조합·신탁 상품·명목회사 — 계획서 7-2,
1-2b 명단 밖 코스피 모회사의 종속,동원신성장2호조합,동원시스템즈(주),,,명목회사·펀드·SPC·신탁 상품,펀드·SPC·투자조합·신탁 상품·명목회사 — 계획서 7-2,
1-2b 명단 밖 코스피 모회사의 종속,NCK Logistics Holding Pte. Ltd.,동원시스템즈(주),,,해외 법인,해외 법인 — 계획서 7-2,
1-2b 명단 밖 코스피 모회사의 종속,"HANKUK PAPER USA, INC.",한국제지(주),,,해외 법인,해외 법인 — 계획서 7-2,
1-2b 명단 밖 코스피 모회사의 종속,GS Global Japan,(주)지에스글로벌,,,해외 법인,해외 법인 — 계획서 7-2,
1-2b 명단 밖 코스피 모회사의 종속,이베스트 퓨쳐 신기술투자조합 82호,(주)지에스글로벌,,,명목회사·펀드·SPC·신탁 상품,펀드·SPC·투자조합·신탁 상품·명목회사 — 계획서 7-2,
1-2b 명단 밖 코스피 모회사의 종속,GS Global Australia,(주)지에스글로벌,,,해외 법인,해외 법인 — 계획서 7-2,
1-2b 명단 밖 코스피 모회사의 종속,GS Global Europe,(주)지에스글로벌,,,해외 법인,해외 법인 — 계획서 7-2,
1-2b 명단 밖 코스피 모회사의 종속,Ssangyong Resources.,(주)지에스글로벌,,,해외 법인,해외 법인 — 계획서 7-2,
1-2b 명단 밖 코스피 모회사의 종속,GS Global USA,(주)지에스글로벌,,,해외 법인,해외 법인 — 계획서 7-2,
1-2b 명단 밖 코스피 모회사의 종속,GS Global Singapore,(주)지에스글로벌,,,해외 법인,해외 법인 — 계획서 7-2,
1-2b 명단 밖 코스피 모회사의 종속,PT GS Global Resource,(주)지에스글로벌,,,해외 법인,해외 법인 — 계획서 7-2,
1-2b 명단 밖 코스피 모회사의 종속,에이케이(상해)무역유한공사,애경산업(주),,,해외 법인,해외 법인 — 계획서 7-2,
1-2b 명단 밖 코스피 모회사의 종속,"Smart Window Inc., Limited",SKC(주),,,해외 법인,해외 법인 — 계획서 7-2,
1-2b 명단 밖 코스피 모회사의 종속,SKC Int'l(선창 상해),SKC(주),,,해외 법인,해외 법인 — 계획서 7-2,
1-2b 명단 밖 코스피 모회사의 종속,NEX INVESTMENT LIMITED,SKC(주),,,해외 법인,해외 법인 — 계획서 7-2,
1-2b 명단 밖 코스피 모회사의 종속,Absolics Inc.,SKC(주),,,해외 법인,해외 법인 — 계획서 7-2,
1-2b 명단 밖 코스피 모회사의 종속,E.P.L,이건산업(주),,,해외 법인,해외 법인 — 계획서 7-2,
1-2b 명단 밖 코스피 모회사의 종속,E.L.A,이건산업(주),,,해외 법인,해외 법인 — 계획서 7-2,
1-2b 명단 밖 코스피 모회사의 종속,E.R.C,이건산업(주),,,해외 법인,해외 법인 — 계획서 7-2,
1-2b 명단 밖 코스피 모회사의 종속,Sebang Batteries Europe GmbH,세방전지(주),,,해외 법인,해외 법인 — 계획서 7-2,
1-2b 명단 밖 코스피 모회사의 종속,HS Global Holdings Pte.Ltd,세방전지(주),,,해외 법인,해외 법인 — 계획서 7-2,
1-2b 명단 밖 코스피 모회사의 종속,"Sebang Battery Vina Co.,Ltd",세방전지(주),,,해외 법인,해외 법인 — 계획서 7-2,
1-2b 명단 밖 코스피 모회사의 종속,"Sebang USA Holdings, Inc.",세방전지(주),,,해외 법인,해외 법인 — 계획서 7-2,
1-2b 명단 밖 코스피 모회사의 종속,천진신풍제약유한공사,신풍제약(주),,,해외 법인,해외 법인 — 계획서 7-2,
1-2b 명단 밖 코스피 모회사의 종속,신풍대우베트남파마(유),신풍제약(주),,,해외 법인,해외 법인 — 계획서 7-2,
1-2b 명단 밖 코스피 모회사의 종속,General Medicine Company Ltd,신풍제약(주),,,해외 법인,해외 법인 — 계획서 7-2,
1-2b 명단 밖 코스피 모회사의 종속,필리핀신풍파마,신풍제약(주),,,해외 법인,해외 법인 — 계획서 7-2,
1-2b 명단 밖 코스피 모회사의 종속,SP International,신풍제약(주),,,해외 법인,해외 법인 — 계획서 7-2,
1-2b 명단 밖 코스피 모회사의 종속,미얀마신풍파마,신풍제약(주),,,해외 법인,해외 법인 — 계획서 7-2,
1-2b 명단 밖 코스피 모회사의 종속,스마트AP-WE언택트 펀드1호,(주)아모레퍼시픽홀딩스,,,명목회사·펀드·SPC·신탁 상품,펀드·SPC·투자조합·신탁 상품·명목회사 — 계획서 7-2,
1-2b 명단 밖 코스피 모회사의 종속,티비티글로벌성장제2호투자조합,(주)아모레퍼시픽홀딩스,,,명목회사·펀드·SPC·신탁 상품,펀드·SPC·투자조합·신탁 상품·명목회사 — 계획서 7-2,
1-2b 명단 밖 코스피 모회사의 종속,OCI TerraSus Sdn. Bhd.,오씨아이홀딩스 주식회사,,,해외 법인,해외 법인 — 계획서 7-2,
1-2b 명단 밖 코스피 모회사의 종속,"OCI Vietnam Co., Ltd.",오씨아이홀딩스 주식회사,,,해외 법인,해외 법인 — 계획서 7-2,
1-2b 명단 밖 코스피 모회사의 종속,OCI Enterprise Inc.,오씨아이홀딩스 주식회사,,,해외 법인,해외 법인 — 계획서 7-2,
1-2b 명단 밖 코스피 모회사의 종속,OCI Global Ltd.,오씨아이홀딩스 주식회사,,,해외 법인,해외 법인 — 계획서 7-2,
1-2b 명단 밖 코스피 모회사의 종속,Charm Trading Shanghai,참엔지니어링(주),,,해외 법인,해외 법인 — 계획서 7-2,
1-2b 명단 밖 코스피 모회사의 종속,Charm Trading Vietnam,참엔지니어링(주),,,해외 법인,해외 법인 — 계획서 7-2,
1-2b 명단 밖 코스피 모회사의 종속,주식회사 이지스엠에프용답위탁관리부동산투자회사,(주)태영건설,,,명목회사·펀드·SPC·신탁 상품,펀드·SPC·투자조합·신탁 상품·명목회사 — 계획서 7-2,
1-2b 명단 밖 코스피 모회사의 종속,SAPEON Inc.,SK텔레콤(주),,,해외 법인,해외 법인 — 계획서 7-2,
1-2b 명단 밖 코스피 모회사의 종속,Astra AI Infra LLC,SK텔레콤(주),,,해외 법인,해외 법인 — 계획서 7-2,
1-2b 명단 밖 코스피 모회사의 종속,Korea IT Fund,SK텔레콤(주),,,해외 법인,해외 법인 — 계획서 7-2,
1-2b 명단 밖 코스피 모회사의 종속,ULand Company Limited,SK텔레콤(주),,,해외 법인,해외 법인 — 계획서 7-2,
1-2b 명단 밖 코스피 모회사의 종속,UniSK,SK텔레콤(주),,,해외 법인,해외 법인 — 계획서 7-2,
1-2b 명단 밖 코스피 모회사의 종속,SK Technology Innovation Company,SK텔레콤(주),,,해외 법인,해외 법인 — 계획서 7-2,
1-2b 명단 밖 코스피 모회사의 종속,SK MENA Investment B.V.,SK텔레콤(주),,,해외 법인,해외 법인 — 계획서 7-2,
1-2b 명단 밖 코스피 모회사의 종속,스마트에스케이티인피니툼게임펀드,SK텔레콤(주),,,명목회사·펀드·SPC·신탁 상품,펀드·SPC·투자조합·신탁 상품·명목회사 — 계획서 7-2,
1-2b 명단 밖 코스피 모회사의 종속,유티씨 카카오-SK텔레콤 ESG 펀드,SK텔레콤(주),,,명목회사·펀드·SPC·신탁 상품,펀드·SPC·투자조합·신탁 상품·명목회사 — 계획서 7-2,
1-2b 명단 밖 코스피 모회사의 종속,Global Opportunities Breakaway Fund,SK텔레콤(주),,,해외 법인,해외 법인 — 계획서 7-2,
1-2b 명단 밖 코스피 모회사의 종속,Hermed Capital Health Care Fund L.P,SK텔레콤(주),,,해외 법인,해외 법인 — 계획서 7-2,
1-2b 명단 밖 코스피 모회사의 종속,"SK TELECOM(CHINA)HOLDING CO.,Ltd.",SK텔레콤(주),,,해외 법인,해외 법인 — 계획서 7-2,
1-2b 명단 밖 코스피 모회사의 종속,"SK TELECOM AMERICAS, Inc.",SK텔레콤(주),,,해외 법인,해외 법인 — 계획서 7-2,
1-2b 명단 밖 코스피 모회사의 종속,Atlas Investment,SK텔레콤(주),,,해외 법인,해외 법인 — 계획서 7-2,
1-2b 명단 밖 코스피 모회사의 종속,"HPI, INC.",한올바이오파마(주),,,해외 법인,해외 법인 — 계획서 7-2,
1-2b 명단 밖 코스피 모회사의 종속,SEOYON INDIA PRIVATE LIMITED,(주)서연,,,해외 법인,해외 법인 — 계획서 7-2,
1-2b 명단 밖 코스피 모회사의 종속,Seoyon America Corporation,(주)서연,,,해외 법인,해외 법인 — 계획서 7-2,
1-2b 명단 밖 코스피 모회사의 종속,Seoyon Europe GmbH,(주)서연,,,해외 법인,해외 법인 — 계획서 7-2,
1-2b 명단 밖 코스피 모회사의 종속,"Beijing SEOYON Co., Ltd.",(주)서연,,,해외 법인,해외 법인 — 계획서 7-2,
1-2b 명단 밖 코스피 모회사의 종속,Seoyon Europe s.r.o,(주)서연,,,해외 법인,해외 법인 — 계획서 7-2,
1-2b 명단 밖 코스피 모회사의 종속,SEOYON SINGAPORE PTE. LTD.,(주)서연,,,해외 법인,해외 법인 — 계획서 7-2,
1-2b 명단 밖 코스피 모회사의 종속,Horizon Energy Singapore PTE. LTD.,에이치디씨(주),,,해외 법인,해외 법인 — 계획서 7-2,
1-2b 명단 밖 코스피 모회사의 종속,HDC INDIA,에이치디씨(주),,,해외 법인,해외 법인 — 계획서 7-2,
1-2b 명단 밖 코스피 모회사의 종속,에이치디씨민간임대 주택제1호위탁관리 부동산투자회사,에이치디씨(주),,,명목회사·펀드·SPC·신탁 상품,펀드·SPC·투자조합·신탁 상품·명목회사 — 계획서 7-2,
1-2b 명단 밖 코스피 모회사의 종속,신세계웰니스투자조합,(주)신세계인터내셔날,,,명목회사·펀드·SPC·신탁 상품,펀드·SPC·투자조합·신탁 상품·명목회사 — 계획서 7-2,
1-2b 명단 밖 코스피 모회사의 종속,시그나이트-라엘벤처 투자조합,(주)신세계인터내셔날,,,명목회사·펀드·SPC·신탁 상품,펀드·SPC·투자조합·신탁 상품·명목회사 — 계획서 7-2,
1-2b 명단 밖 코스피 모회사의 종속,SHINSEGAE INTERNATIONAL AMERICA INC.,(주)신세계인터내셔날,,,해외 법인,해외 법인 — 계획서 7-2,
1-2b 명단 밖 코스피 모회사의 종속,시그나이트-주노 벤처투자조합,(주)신세계인터내셔날,,,명목회사·펀드·SPC·신탁 상품,펀드·SPC·투자조합·신탁 상품·명목회사 — 계획서 7-2,
1-2b 명단 밖 코스피 모회사의 종속,기이가무역(상해)유한공사,(주)신세계인터내셔날,,,해외 법인,해외 법인 — 계획서 7-2,
1-2b 명단 밖 코스피 모회사의 종속,"Shinsegae International Vietnam Co., Ltd.",(주)신세계인터내셔날,,,해외 법인,해외 법인 — 계획서 7-2,
1-2b 명단 밖 코스피 모회사의 종속,PP Produits Prestiges SA,(주)신세계인터내셔날,,,해외 법인,해외 법인 — 계획서 7-2,
1-2b 명단 밖 코스피 모회사의 종속,Samyang Holdings USA,(주)삼양홀딩스,,,해외 법인,해외 법인 — 계획서 7-2,
1-2b 명단 밖 코스피 모회사의 종속,,(주)천일고속,,,자료 문제 (조회 실패·출자현황 없음·지분율 오류),"출자현황 자료 없음 — 원문 확인, 필요하면 수동 입력 파일에 적음 (2025 사업보고서 표 형식 아님(숫자 지분율 없음); 2025 3분기보고서 표 형식 아님(숫자 지분율 없음); 2025 반기보고서 표 형식 아님(숫자 지분율 없음); 2024 사업보고서 표 형식 아님(숫자 지분율 없음))",
1-2b 명단 밖 코스피 모회사의 종속,Daewon Chemical Vina CO.LTD,대원화성(주),,,해외 법인,해외 법인 — 계획서 7-2,
1-2b 명단 밖 코스피 모회사의 종속,"YANCHENG DAFENG DAE WON CHEMICAL AUTOMOTIE CO.,LTD.",대원화성(주),,,해외 법인,해외 법인 — 계획서 7-2,
1-2b 명단 밖 코스피 모회사의 종속,PT.DAEWON ECO INDONSIA,대원화성(주),,,해외 법인,해외 법인 — 계획서 7-2,
1-2b 명단 밖 코스피 모회사의 종속,KODEC S.DE R.L. DE C.V,대원화성(주),,,해외 법인,해외 법인 — 계획서 7-2,
1-2b 명단 밖 코스피 모회사의 종속,DaewonIntermationalAmenic(*),대원화성(주),,,해외 법인,해외 법인 — 계획서 7-2,
1-2b 명단 밖 코스피 모회사의 종속,대한상해유한공사(*),대원화성(주),,,해외 법인,해외 법인 — 계획서 7-2,
1-2b 명단 밖 코스피 모회사의 종속,Sichuan Kelun-Doosan Biotechnology Company Limited,(주)두산,,,해외 법인,해외 법인 — 계획서 7-2,
1-2b 명단 밖 코스피 모회사의 종속,Doosan Hongkong Ltd.,(주)두산,,,해외 법인,해외 법인 — 계획서 7-2,
1-2b 명단 밖 코스피 모회사의 종속,Doosan Electro-Materials (Hong Kong) Limited,(주)두산,,,해외 법인,해외 법인 — 계획서 7-2,
1-2b 명단 밖 코스피 모회사의 종속,Doosan Electro-Materials Singapore Pte. Ltd.,(주)두산,,,해외 법인,해외 법인 — 계획서 7-2,
1-2b 명단 밖 코스피 모회사의 종속,"Doosan Shanghai Chemical Materials Co., Ltd.",(주)두산,,,해외 법인,해외 법인 — 계획서 7-2,
1-2b 명단 밖 코스피 모회사의 종속,"Doosan Electro-Materials (Changshu) Co., Ltd.",(주)두산,,,해외 법인,해외 법인 — 계획서 7-2,
1-2b 명단 밖 코스피 모회사의 종속,"Doosan Electro-Materials America, LLC",(주)두산,,,해외 법인,해외 법인 — 계획서 7-2,
1-2b 명단 밖 코스피 모회사의 종속,Doosan Electro-Materials Vietnam Company Limited,(주)두산,,,해외 법인,해외 법인 — 계획서 7-2,
1-2b 명단 밖 코스피 모회사의 종속,"Doosan Digital Innovation America, LLC.",(주)두산,,,해외 법인,해외 법인 — 계획서 7-2,
1-2b 명단 밖 코스피 모회사의 종속,"Doosan Information & Communications Beijing Co., Ltd.",(주)두산,,,해외 법인,해외 법인 — 계획서 7-2,
1-2b 명단 밖 코스피 모회사의 종속,Doosan Digital Innovation Europe Limited,(주)두산,,,해외 법인,해외 법인 — 계획서 7-2,
1-2b 명단 밖 코스피 모회사의 종속,"HyAxiom, Inc.",(주)두산,,,해외 법인,해외 법인 — 계획서 7-2,
1-2b 명단 밖 코스피 모회사의 종속,"Doosan Energy Solutions America, Inc.",(주)두산,,,해외 법인,해외 법인 — 계획서 7-2,
1-2b 명단 밖 코스피 모회사의 종속,PT. SEGARA AKASA,(주)두산,,,해외 법인,해외 법인 — 계획서 7-2,
1-2b 명단 밖 코스피 모회사의 종속,PT.SMC,미창석유공업(주),,,해외 법인,해외 법인 — 계획서 7-2,
1-2b 명단 밖 코스피 모회사의 종속,스텔라ev배터리1호,미창석유공업(주),,,명목회사·펀드·SPC·신탁 상품,펀드·SPC·투자조합·신탁 상품·명목회사 — 계획서 7-2,
1-2b 명단 밖 코스피 모회사의 종속,스마트Stream-WE 언택트펀드3호,한국앤컴퍼니(주),,,명목회사·펀드·SPC·신탁 상품,펀드·SPC·투자조합·신탁 상품·명목회사 — 계획서 7-2,
1-2b 명단 밖 코스피 모회사의 종속,LK 멀티스트레티지 전문투자형 사모투자신탁 제1호,한국앤컴퍼니(주),,,명목회사·펀드·SPC·신탁 상품,펀드·SPC·투자조합·신탁 상품·명목회사 — 계획서 7-2,
1-2b 명단 밖 코스피 모회사의 종속,Hankook & Company ES America Corp.,한국앤컴퍼니(주),,,해외 법인,해외 법인 — 계획서 7-2,
1-2b 명단 밖 코스피 모회사의 종속,Hankook & Company ES Deutschland GmbH,한국앤컴퍼니(주),,,해외 법인,해외 법인 — 계획서 7-2,
1-2b 명단 밖 코스피 모회사의 종속,Preciseley Microtechnology Corporation,한국앤컴퍼니(주),,,해외 법인,해외 법인 — 계획서 7-2,
1-2b 명단 밖 코스피 모회사의 종속,Hansol Newzealand Ltd.,(주)한솔홈데코,,,해외 법인,해외 법인 — 계획서 7-2,
1-2b 명단 밖 코스피 모회사의 종속,"Hansol Homedeco Vietnam Co., Ltd.",(주)한솔홈데코,,,해외 법인,해외 법인 — 계획서 7-2,
1-2b 명단 밖 코스피 모회사의 종속,새론(북경)기차부건유한공사,새론오토모티브(주),,,해외 법인,해외 법인 — 계획서 7-2,
1-2b 명단 밖 코스피 모회사의 종속,닛신보새론(상숙)기차부건유한공사,새론오토모티브(주),,,해외 법인,해외 법인 — 계획서 7-2,
1-2b 명단 밖 코스피 모회사의 종속,새론(연태)기차부건유한공사,새론오토모티브(주),,,해외 법인,해외 법인 — 계획서 7-2,
1-2b 명단 밖 코스피 모회사의 종속,PAN OCEAN (AMERICA) INC.,팬오션(주),,,해외 법인,해외 법인 — 계획서 7-2,
1-2b 명단 밖 코스피 모회사의 종속,KOREA GREEN LNG LTD.,팬오션(주),,,해외 법인,해외 법인 — 계획서 7-2,
1-2b 명단 밖 코스피 모회사의 종속,PAN OCEAN TRADING & LOGISTICS PTE. LTD.,팬오션(주),,,해외 법인,해외 법인 — 계획서 7-2,
1-2b 명단 밖 코스피 모회사의 종속,"PAN OCEAN (CHINA) CO., LTD.",팬오션(주),,,해외 법인,해외 법인 — 계획서 7-2,
1-2b 명단 밖 코스피 모회사의 종속,PAN OCEAN JAPAN CORPORATION,팬오션(주),,,해외 법인,해외 법인 — 계획서 7-2,
1-2b 명단 밖 코스피 모회사의 종속,PAN OCEAN BRASIL APOIO MARITIMO LTDA.,팬오션(주),,,해외 법인,해외 법인 — 계획서 7-2,
1-2b 명단 밖 코스피 모회사의 종속,"HS Hyosung USA Holdings, Inc.",(주)에이치에스효성,,,해외 법인,해외 법인 — 계획서 7-2,
1-2b 명단 밖 코스피 모회사의 종속,"HS Hyosung Global Logistics Vina Co., Ltd",(주)에이치에스효성,,,해외 법인,해외 법인 — 계획서 7-2,
1-2b 명단 밖 코스피 모회사의 종속,"KUKDONG APPAREL(AMERICA), INC.",(주)온타이드,,,해외 법인,해외 법인 — 계획서 7-2,
1-2b 명단 밖 코스피 모회사의 종속,KUKDONG TEXTILE S.A. DE C.V.,(주)온타이드,,,해외 법인,해외 법인 — 계획서 7-2,
1-2b 명단 밖 코스피 모회사의 종속,PT. SEMARANG GARMENT,(주)온타이드,,,해외 법인,해외 법인 — 계획서 7-2,
1-2b 명단 밖 코스피 모회사의 종속,PT. BATANG APPAREL INDONESIA,(주)온타이드,,,해외 법인,해외 법인 — 계획서 7-2,
1-2b 명단 밖 코스피 모회사의 종속,"HMM (CHINA) CO., LTD.",에이치엠엠(주) ,,,해외 법인,해외 법인 — 계획서 7-2,
1-2b 명단 밖 코스피 모회사의 종속,"HMM (THAILAND) CO.,LTD.",에이치엠엠(주) ,,,해외 법인,해외 법인 — 계획서 7-2,
1-2b 명단 밖 코스피 모회사의 종속,HMM (GERMANY) GMBH&CO.KG,에이치엠엠(주) ,,,해외 법인,해외 법인 — 계획서 7-2,
1-2b 명단 밖 코스피 모회사의 종속,HMM (NETHERLANDS) SHIPPING BV,에이치엠엠(주) ,,,해외 법인,해외 법인 — 계획서 7-2,
1-2b 명단 밖 코스피 모회사의 종속,"HMM (TAIWAN) CO., LTD.",에이치엠엠(주) ,,,해외 법인,해외 법인 — 계획서 7-2,
1-2b 명단 밖 코스피 모회사의 종속,HMM (MALAYSIA) SDN. BHD.,에이치엠엠(주) ,,,해외 법인,해외 법인 — 계획서 7-2,
1-2b 명단 밖 코스피 모회사의 종속,HMM (BELGIUM) SHIPPING,에이치엠엠(주) ,,,해외 법인,해외 법인 — 계획서 7-2,
1-2b 명단 밖 코스피 모회사의 종속,HMM SHIPPING FRANCE SA.,에이치엠엠(주) ,,,해외 법인,해외 법인 — 계획서 7-2,
1-2b 명단 밖 코스피 모회사의 종속,HMM SHIPPING INDIA PVT LTD,에이치엠엠(주) ,,,해외 법인,해외 법인 — 계획서 7-2,
1-2b 명단 밖 코스피 모회사의 종속,HMM (SWEDEN) SHIPPING AB,에이치엠엠(주) ,,,해외 법인,해외 법인 — 계획서 7-2,
1-2b 명단 밖 코스피 모회사의 종속,HMM SHIPPING VIETNAM COMPANY LIMITED,에이치엠엠(주) ,,,해외 법인,해외 법인 — 계획서 7-2,
1-2b 명단 밖 코스피 모회사의 종속,HMM (ITALY) S.R.L.,에이치엠엠(주) ,,,해외 법인,해외 법인 — 계획서 7-2,
1-2b 명단 밖 코스피 모회사의 종속,HMM (SAINT PETERSBURG) SHIPPING LLC,에이치엠엠(주) ,,,해외 법인,해외 법인 — 계획서 7-2,
1-2b 명단 밖 코스피 모회사의 종속,HMM MIDDLE EAST SHIPPING L.L.C,에이치엠엠(주) ,,,해외 법인,해외 법인 — 계획서 7-2,
1-2b 명단 밖 코스피 모회사의 종속,HMM (AUSTRALIA) PTY LIMITED,에이치엠엠(주) ,,,해외 법인,해외 법인 — 계획서 7-2,
1-2b 명단 밖 코스피 모회사의 종속,"HMM VLADIVOSTOK SHIPPING, LLC",에이치엠엠(주) ,,,해외 법인,해외 법인 — 계획서 7-2,
1-2b 명단 밖 코스피 모회사의 종속,"HMM (PHILIPPINES), INC.",에이치엠엠(주) ,,,해외 법인,해외 법인 — 계획서 7-2,
1-2b 명단 밖 코스피 모회사의 종속,HMM Brazil Ltda.,에이치엠엠(주) ,,,해외 법인,해외 법인 — 계획서 7-2,
1-2b 명단 밖 코스피 모회사의 종속,HMM TERMINAL SINGAPORE (HTS) PTE. LTD.,에이치엠엠(주) ,,,해외 법인,해외 법인 — 계획서 7-2,
1-2b 명단 밖 코스피 모회사의 종속,다올KTB터미널인베스트일반사모투자신탁제41호,에이치엠엠(주) ,,,명목회사·펀드·SPC·신탁 상품,펀드·SPC·투자조합·신탁 상품·명목회사 — 계획서 7-2,
1-2b 명단 밖 코스피 모회사의 종속,상해국제선박대리유한공사,에이치엠엠(주) ,,,해외 법인,해외 법인 — 계획서 7-2,
1-2b 명단 밖 코스피 모회사의 종속,"HMM Far East Co.,Limited",에이치엠엠(주) ,,,해외 법인,해외 법인 — 계획서 7-2,
1-2b 명단 밖 코스피 모회사의 종속,"TAN CANG HMM LOGISTICS CO.,LTD",에이치엠엠(주) ,,,해외 법인,해외 법인 — 계획서 7-2,
1-2b 명단 밖 코스피 모회사의 종속,Shandong Jiaoyun HMM Logistics Co.,에이치엠엠(주) ,,,해외 법인,해외 법인 — 계획서 7-2,
1-2b 명단 밖 코스피 모회사의 종속,"TIANJIN NEWTRANS INTERNATIONAL LOGISTICS CO.,LTD.",에이치엠엠(주) ,,,해외 법인,해외 법인 — 계획서 7-2,
1-2b 명단 밖 코스피 모회사의 종속,PT HANDAL JAYA SERVICE,에이치엠엠(주) ,,,해외 법인,해외 법인 — 계획서 7-2,
1-2b 명단 밖 코스피 모회사의 종속,"HK Depot Co., Ltd.",에이치엠엠(주) ,,,해외 법인,해외 법인 — 계획서 7-2,
1-2b 명단 밖 코스피 모회사의 종속,HMMB INT SHIPPING PTE. LTD,에이치엠엠(주) ,,,해외 법인,해외 법인 — 계획서 7-2,
1-2b 명단 밖 코스피 모회사의 종속,"HMM (AMERICA), INC",에이치엠엠(주) ,,,해외 법인,해외 법인 — 계획서 7-2,
1-2b 명단 밖 코스피 모회사의 종속,유안타에이치피엔티 사모투자 합자회사,에이치엠엠(주) ,,,명목회사·펀드·SPC·신탁 상품,펀드·SPC·투자조합·신탁 상품·명목회사 — 계획서 7-2,
1-2b 명단 밖 코스피 모회사의 종속,에스비케이와스카사모투자 합자회사,에이치엠엠(주) ,,,명목회사·펀드·SPC·신탁 상품,펀드·SPC·투자조합·신탁 상품·명목회사 — 계획서 7-2,
1-2b 명단 밖 코스피 모회사의 종속,"HMM (JAPAN) CO.,LTD.",에이치엠엠(주) ,,,해외 법인,해외 법인 — 계획서 7-2,
1-2b 명단 밖 코스피 모회사의 종속,HMM (SG) PTE.LTD.,에이치엠엠(주) ,,,해외 법인,해외 법인 — 계획서 7-2,
1-2b 명단 밖 코스피 모회사의 종속,HMM (EUROPE) LIMITED,에이치엠엠(주) ,,,해외 법인,해외 법인 — 계획서 7-2,
1-2b 명단 밖 코스피 모회사의 종속,HMM (HONG KONG) LIMITED,에이치엠엠(주) ,,,해외 법인,해외 법인 — 계획서 7-2,
1-2b 명단 밖 코스피 모회사의 종속,"HMM SHIPPING AGENCY CO., LTD.",에이치엠엠(주) ,,,해외 법인,해외 법인 — 계획서 7-2,
1-2b 명단 밖 코스피 모회사의 종속,"SH Energy USA, Inc.",(주)SH에너지화학,,,해외 법인,해외 법인 — 계획서 7-2,
1-2b 명단 밖 코스피 모회사의 종속,PT. SAMYANG FOODS INDONESIA,삼양식품(주),,,해외 법인,해외 법인 — 계획서 7-2,
1-2b 명단 밖 코스피 모회사의 종속,SAMYANG FOODS EUROPE B.V.,삼양식품(주),,,해외 법인,해외 법인 — 계획서 7-2,
1-2b 명단 밖 코스피 모회사의 종속,SAMYANG FOODS(SINGAPORE) PTE. LTD.,삼양식품(주),,,해외 법인,해외 법인 — 계획서 7-2,
1-2b 명단 밖 코스피 모회사의 종속,"SAMYANG JAPAN, INC.",삼양식품(주),,,해외 법인,해외 법인 — 계획서 7-2,
1-2b 명단 밖 코스피 모회사의 종속,"SAMYANG AMERICA, INC.",삼양식품(주),,,해외 법인,해외 법인 — 계획서 7-2,
1-2b 명단 밖 코스피 모회사의 종속,"SAMYANG FOODS SHANGHAI CO., LTD.",삼양식품(주),,,해외 법인,해외 법인 — 계획서 7-2,
1-2b 명단 밖 코스피 모회사의 종속,유일디펜스이노베이션제1호신기술투자조합,SNT다이내믹스(주),,,명목회사·펀드·SPC·신탁 상품,펀드·SPC·투자조합·신탁 상품·명목회사 — 계획서 7-2,
1-2b 명단 밖 코스피 모회사의 종속,강소SNT기차배건유한공사,SNT다이내믹스(주),,,해외 법인,해외 법인 — 계획서 7-2,
1-2b 명단 밖 코스피 모회사의 종속,광주SNT동력기계유한공사,SNT다이내믹스(주),,,해외 법인,해외 법인 — 계획서 7-2,
1-2b 명단 밖 코스피 모회사의 종속,SNT Polska Sp. z o.o.,SNT다이내믹스(주),,,해외 법인,해외 법인 — 계획서 7-2,
1-2b 명단 밖 코스피 모회사의 종속,유일커리어신기술투자조합,SNT다이내믹스(주),,,명목회사·펀드·SPC·신탁 상품,펀드·SPC·투자조합·신탁 상품·명목회사 — 계획서 7-2,
1-2b 명단 밖 코스피 모회사의 종속,,동성제약(주),,,자료 문제 (조회 실패·출자현황 없음·지분율 오류),"출자현황 자료 없음 — 원문 확인, 필요하면 수동 입력 파일에 적음 (2025 사업보고서 표 형식 아님(숫자 지분율 없음); 2025 3분기보고서 표 형식 아님(숫자 지분율 없음); 2025 반기보고서 표 형식 아님(숫자 지분율 없음); 2024 사업보고서 표 형식 아님(숫자 지분율 없음))",
1-2b 명단 밖 코스피 모회사의 종속,"Lotte Innovate Vietnam Co.,Ltd",롯데이노베이트(주),,,해외 법인,해외 법인 — 계획서 7-2,
1-2b 명단 밖 코스피 모회사의 종속,PT. Lotte Innovate Indonesia,롯데이노베이트(주),,,해외 법인,해외 법인 — 계획서 7-2,
1-2b 명단 밖 코스피 모회사의 종속,LOTTE-HPT HIGH TECH. VIETNAM Company Limited,롯데이노베이트(주),,,해외 법인,해외 법인 — 계획서 7-2,
1-2b 명단 밖 코스피 모회사의 종속,롯데핀테크펀드1호신기술투자조합,롯데이노베이트(주),,,명목회사·펀드·SPC·신탁 상품,펀드·SPC·투자조합·신탁 상품·명목회사 — 계획서 7-2,
1-2b 명단 밖 코스피 모회사의 종속,㈜큐브리펀드,롯데이노베이트(주),,,명목회사·펀드·SPC·신탁 상품,펀드·SPC·투자조합·신탁 상품·명목회사 — 계획서 7-2,
1-2b 명단 밖 코스피 모회사의 종속,LOTTE Innovate America Co.,롯데이노베이트(주),,,해외 법인,해외 법인 — 계획서 7-2,
1-2b 명단 밖 코스피 모회사의 종속,"HIT USA Co., Ltd",롯데이노베이트(주),,,해외 법인,해외 법인 — 계획서 7-2,
1-2b 명단 밖 코스피 모회사의 종속,,부산산업(주),,,자료 문제 (조회 실패·출자현황 없음·지분율 오류),"출자현황 자료 없음 — 원문 확인, 필요하면 수동 입력 파일에 적음 (2025 사업보고서 표 형식 아님(숫자 지분율 없음); 2025 3분기보고서 표 형식 아님(숫자 지분율 없음); 2025 반기보고서 표 형식 아님(숫자 지분율 없음); 2024 사업보고서 표 형식 아님(숫자 지분율 없음))",
1-2b 명단 밖 코스피 모회사의 종속,,(주)삼양바이오팜,,,자료 문제 (조회 실패·출자현황 없음·지분율 오류),"출자현황 자료 없음 — 원문 확인, 필요하면 수동 입력 파일에 적음 (2025 사업보고서 표 형식 아님(숫자 지분율 없음); 2025 3분기보고서 013; 2025 반기보고서 013; 2024 사업보고서 013)",
1-2b 명단 밖 코스피 모회사의 종속,"Woongjin, Inc.",(주)웅진,,,해외 법인,해외 법인 — 계획서 7-2,
1-2b 명단 밖 코스피 모회사의 종속,Woongjin Asia Snd Bhd,(주)웅진,,,해외 법인,해외 법인 — 계획서 7-2,
1-2b 명단 밖 코스피 모회사의 종속,"SK bioscience USA, Inc.",에스케이바이오사이언스(주),,,해외 법인,해외 법인 — 계획서 7-2,
1-2b 명단 밖 코스피 모회사의 종속,SK bioscience Germany GmbH,에스케이바이오사이언스(주),,,해외 법인,해외 법인 — 계획서 7-2,
1-2b 명단 밖 코스피 모회사의 종속,THE BORN AMERICA INC.,주식회사 더본코리아,,,해외 법인,해외 법인 — 계획서 7-2,
1-2b 명단 밖 코스피 모회사의 종속,"NOODLE J1, INC",주식회사 더본코리아,,,해외 법인,해외 법인 — 계획서 7-2,
1-2b 명단 밖 코스피 모회사의 종속,"THE BORN JAPAN Co., Ltd.",주식회사 더본코리아,,,해외 법인,해외 법인 — 계획서 7-2,
1-2b 명단 밖 코스피 모회사의 종속,청도더본음식문화유한공사,주식회사 더본코리아,,,해외 법인,해외 법인 — 계획서 7-2,
1-2b 명단 밖 코스피 모회사의 종속,Paxie Games Oyun ve Yazilim A.S.,(주)더블유게임즈,,,해외 법인,해외 법인 — 계획서 7-2,
1-2b 명단 밖 코스피 모회사의 종속,"LG Energy Solution (Nanjing) Co., Ltd.",(주)엘지에너지솔루션,,,해외 법인,해외 법인 — 계획서 7-2,
1-2b 명단 밖 코스피 모회사의 종속,LG Energy Solution Fund I LLC,(주)엘지에너지솔루션,,,해외 법인,해외 법인 — 계획서 7-2,
1-2b 명단 밖 코스피 모회사의 종속,LG Energy Solution Vertech Inc.,(주)엘지에너지솔루션,,,해외 법인,해외 법인 — 계획서 7-2,
1-2b 명단 밖 코스피 모회사의 종속,"LG Energy Solution Arizona, INC.",(주)엘지에너지솔루션,,,해외 법인,해외 법인 — 계획서 7-2,
1-2b 명단 밖 코스피 모회사의 종속,"Baterias De Castilla, S.L.",(주)엘지에너지솔루션,,,해외 법인,해외 법인 — 계획서 7-2,
1-2b 명단 밖 코스피 모회사의 종속,PT.HLI Green Power,(주)엘지에너지솔루션,,,해외 법인,해외 법인 — 계획서 7-2,
1-2b 명단 밖 코스피 모회사의 종속,LG Energy Solution Michigan Inc.,(주)엘지에너지솔루션,,,해외 법인,해외 법인 — 계획서 7-2,
1-2b 명단 밖 코스피 모회사의 종속,이차전지 성장펀드,(주)엘지에너지솔루션,,,명목회사·펀드·SPC·신탁 상품,펀드·SPC·투자조합·신탁 상품·명목회사 — 계획서 7-2,
1-2b 명단 밖 코스피 모회사의 종속,브릭스캐피탈매니지먼트 글로벌 배터리 제1호 사모투자 합자회사,(주)엘지에너지솔루션,,,명목회사·펀드·SPC·신탁 상품,펀드·SPC·투자조합·신탁 상품·명목회사 — 계획서 7-2,
1-2b 명단 밖 코스피 모회사의 종속,"L-H Battery Company, Incorporated",(주)엘지에너지솔루션,,,해외 법인,해외 법인 — 계획서 7-2,
1-2b 명단 밖 코스피 모회사의 종속,LG Energy Solution India Private Limited,(주)엘지에너지솔루션,,,해외 법인,해외 법인 — 계획서 7-2,
1-2b 명단 밖 코스피 모회사의 종속,"LG Energy Solution Battery (Nanjing) Co., Ltd.",(주)엘지에너지솔루션,,,해외 법인,해외 법인 — 계획서 7-2,
1-2b 명단 밖 코스피 모회사의 종속,"LG Energy Solution Arizona ESS, INC.",(주)엘지에너지솔루션,,,해외 법인,해외 법인 — 계획서 7-2,
1-2b 명단 밖 코스피 모회사의 종속,Nextstar Energy Inc.,(주)엘지에너지솔루션,,,해외 법인,해외 법인 — 계획서 7-2,
1-2b 명단 밖 코스피 모회사의 종속,LG Energy Solution Fund Ⅱ LLC,(주)엘지에너지솔루션,,,해외 법인,해외 법인 — 계획서 7-2,
1-2b 명단 밖 코스피 모회사의 종속,"LG Energy Solution Japan Co., Ltd.",(주)엘지에너지솔루션,,,해외 법인,해외 법인 — 계획서 7-2,
1-2b 명단 밖 코스피 모회사의 종속,LG Energy Solution Wroclaw sp. z o.o.,(주)엘지에너지솔루션,,,해외 법인,해외 법인 — 계획서 7-2,
1-2b 명단 밖 코스피 모회사의 종속,EV-LOOP,(주)엘지에너지솔루션,,,해외 법인,해외 법인 — 계획서 7-2,
1-2b 명단 밖 코스피 모회사의 종속,LG Energy Solution Australia Pty Ltd.,(주)엘지에너지솔루션,,,해외 법인,해외 법인 — 계획서 7-2,
1-2b 명단 밖 코스피 모회사의 종속,"LG Energy Solution Technology (Nanjing) Co., Ltd.",(주)엘지에너지솔루션,,,해외 법인,해외 법인 — 계획서 7-2,
1-2b 명단 밖 코스피 모회사의 종속,LG Energy Solution (Taiwan) Ltd.,(주)엘지에너지솔루션,,,해외 법인,해외 법인 — 계획서 7-2,
1-2b 명단 밖 코스피 모회사의 종속,LG Energy Solution Europe GmbH,(주)엘지에너지솔루션,,,해외 법인,해외 법인 — 계획서 7-2,
1-2b 명단 밖 코스피 모회사의 종속,"NHN GLOBAL, INC.",엔에이치엔(주),,,해외 법인,해외 법인 — 계획서 7-2,
1-2b 명단 밖 코스피 모회사의 종속,NHN Japan Corp.,엔에이치엔(주),,,해외 법인,해외 법인 — 계획서 7-2,
1-2b 명단 밖 코스피 모회사의 종속,Pebble Games Corporation,엔에이치엔(주),,,해외 법인,해외 법인 — 계획서 7-2,
1-2b 명단 밖 코스피 모회사의 종속,"NHN Nexus, Inc.",엔에이치엔(주),,,해외 법인,해외 법인 — 계획서 7-2,
1-2b 명단 밖 코스피 모회사의 종속,SLi Growth Accel Ⅱ 투자펀드,엔에이치엔(주),,,명목회사·펀드·SPC·신탁 상품,펀드·SPC·투자조합·신탁 상품·명목회사 — 계획서 7-2,
1-2b 명단 밖 코스피 모회사의 종속,성장사다리비엔에이치스타트업 투자조합,엔에이치엔(주),,,명목회사·펀드·SPC·신탁 상품,펀드·SPC·투자조합·신탁 상품·명목회사 — 계획서 7-2,
1-2b 명단 밖 코스피 모회사의 종속,비에이피제1호첨단기술 투자조합,엔에이치엔(주),,,명목회사·펀드·SPC·신탁 상품,펀드·SPC·투자조합·신탁 상품·명목회사 — 계획서 7-2,
1-2b 명단 밖 코스피 모회사의 종속,"NHN Ventures, LLC.",엔에이치엔(주),,,해외 법인,해외 법인 — 계획서 7-2,
1-2b 명단 밖 코스피 모회사의 종속,상해걸군화장품유한공사,차AI헬스케어(주),,,해외 법인,해외 법인 — 계획서 7-2,
1-2b 명단 밖 코스피 모회사의 종속,JAYJUN INTERNATIONAL INC,차AI헬스케어(주),,,해외 법인,해외 법인 — 계획서 7-2,
1-2b 명단 밖 코스피 모회사의 종속,"SHENZHENJIEJUN COSMETICS CO.,LTD",차AI헬스케어(주),,,해외 법인,해외 법인 — 계획서 7-2,
1-2b 명단 밖 코스피 모회사의 종속,KEPCO KPS PHILIPPINES CORP,한전KPS(주),,,해외 법인,해외 법인 — 계획서 7-2,
1-2b 명단 밖 코스피 모회사의 종속,KEPCO KPS SOUTH AFRICA PTY LTD,한전KPS(주),,,해외 법인,해외 법인 — 계획서 7-2,
1-2b 명단 밖 코스피 모회사의 종속,Korea Electric Power Corporation for Maintenance Company,한전KPS(주),,,해외 법인,해외 법인 — 계획서 7-2,
1-2b 명단 밖 코스피 모회사의 종속,DL Engineering & Construction Malaysia Sdn. Bhd.,디엘이앤씨 주식회사,,,해외 법인,해외 법인 — 계획서 7-2,
1-2b 명단 밖 코스피 모회사의 종속,PT. DLENC UTAMA CONSTRUCTION,디엘이앤씨 주식회사,,,해외 법인,해외 법인 — 계획서 7-2,
1-2b 명단 밖 코스피 모회사의 종속,"DLENC Philippines, Inc.",디엘이앤씨 주식회사,,,해외 법인,해외 법인 — 계획서 7-2,
1-2b 명단 밖 코스피 모회사의 종속,"DL Saudi Arabia Co., Ltd.",디엘이앤씨 주식회사,,,해외 법인,해외 법인 — 계획서 7-2,
1-2b 명단 밖 코스피 모회사의 종속,달림(남경) 건설관리 유한공사,디엘이앤씨 주식회사,,,해외 법인,해외 법인 — 계획서 7-2,
1-2b 명단 밖 코스피 모회사의 종속,"DL USA, Inc.",디엘이앤씨 주식회사,,,해외 법인,해외 법인 — 계획서 7-2,
1-2b 명단 밖 코스피 모회사의 종속,DL INSAAT GELISTIRME A.S.,디엘이앤씨 주식회사,,,해외 법인,해외 법인 — 계획서 7-2,
1-2b 명단 밖 코스피 모회사의 종속,DIAP-DAELIM JOINT VENTURE PTE. LTD.,디엘이앤씨 주식회사,,,해외 법인,해외 법인 — 계획서 7-2,
1-2b 명단 밖 코스피 모회사의 종속,"BR E&C, LLC",디엘이앤씨 주식회사,,,해외 법인,해외 법인 — 계획서 7-2,
1-2b 명단 밖 코스피 모회사의 종속,Daelim RUS LLC,디엘이앤씨 주식회사,,,해외 법인,해외 법인 — 계획서 7-2,
1-2b 명단 밖 코스피 모회사의 종속,CARBONCO PTE. LTD.,디엘이앤씨 주식회사,,,해외 법인,해외 법인 — 계획서 7-2,
1-2b 명단 밖 코스피 모회사의 종속,이지스해운대일반사모부동산투자신탁 1호,디엘이앤씨 주식회사,,,명목회사·펀드·SPC·신탁 상품,펀드·SPC·투자조합·신탁 상품·명목회사 — 계획서 7-2,
1-2b 명단 밖 코스피 모회사의 종속,DLE&C FZCO,디엘이앤씨 주식회사,,,해외 법인,해외 법인 — 계획서 7-2,
1-2b 명단 밖 코스피 모회사의 종속,㈜인천도화1임대주택위탁관리부동산투자회사,디엘이앤씨 주식회사,,,명목회사·펀드·SPC·신탁 상품,펀드·SPC·투자조합·신탁 상품·명목회사 — 계획서 7-2,
1-2b 명단 밖 코스피 모회사의 종속,,진양화학(주),,,자료 문제 (조회 실패·출자현황 없음·지분율 오류),"출자현황 자료 없음 — 원문 확인, 필요하면 수동 입력 파일에 적음 (2025 사업보고서 표 형식 아님(숫자 지분율 없음); 2025 3분기보고서 표 형식 아님(숫자 지분율 없음); 2025 반기보고서 표 형식 아님(숫자 지분율 없음); 2024 사업보고서 표 형식 아님(숫자 지분율 없음))",
1-2b 명단 밖 코스피 모회사의 종속,DAEDONG KIOTI EUROPE B.V,(주)대동,,,해외 법인,해외 법인 — 계획서 7-2,
1-2b 명단 밖 코스피 모회사의 종속,"Daedong-USA,INC",(주)대동,,,해외 법인,해외 법인 — 계획서 7-2,
1-2b 명단 밖 코스피 모회사의 종속,대동농기(안휘)유한공사,(주)대동,,,해외 법인,해외 법인 — 계획서 7-2,
1-2b 명단 밖 코스피 모회사의 종속,대한방직(상해) 유한공사,대한방직(주),,,해외 법인,해외 법인 — 계획서 7-2,
1-2b 명단 밖 코스피 모회사의 종속,가비삼합자조합,대한방직(주),,,명목회사·펀드·SPC·신탁 상품,펀드·SPC·투자조합·신탁 상품·명목회사 — 계획서 7-2,
1-2b 명단 밖 코스피 모회사의 종속,삼화도료(장가항)유한공사,에스피삼화(주),,,해외 법인,해외 법인 — 계획서 7-2,
1-2b 명단 밖 코스피 모회사의 종속,SAMHWA PAINTS VINA COMPANY LIMITED,에스피삼화(주),,,해외 법인,해외 법인 — 계획서 7-2,
1-2b 명단 밖 코스피 모회사의 종속,SAMHWA PAINTS(M) SDN.BHD.,에스피삼화(주),,,해외 법인,해외 법인 — 계획서 7-2,
1-2b 명단 밖 코스피 모회사의 종속,SAMHWA PAINTS INDIA PRIVATE LIMITED,에스피삼화(주),,,해외 법인,해외 법인 — 계획서 7-2,
1-2b 명단 밖 코스피 모회사의 종속,SAMHWA-VH COMPANY LIMITED,에스피삼화(주),,,해외 법인,해외 법인 — 계획서 7-2,
1-2b 명단 밖 코스피 모회사의 종속,에스티메이트 유한회사,(주)시프트업,,,명목회사·펀드·SPC·신탁 상품,펀드·SPC·투자조합·신탁 상품·명목회사 — 계획서 7-2,
1-2b 명단 밖 코스피 모회사의 종속,NDH Opportunity Funds LLC - Series 4,(주)시프트업,,,해외 법인,해외 법인 — 계획서 7-2,
1-2b 명단 밖 코스피 모회사의 종속,NDH Opportunity Funds LLC - Series 5,(주)시프트업,,,해외 법인,해외 법인 — 계획서 7-2,
1-2b 명단 밖 코스피 모회사의 종속,"ASQ ICARUS SPV, LLC",(주)시프트업,,,해외 법인,해외 법인 — 계획서 7-2,
1-2b 명단 밖 코스피 모회사의 종속,현대얼터너티브 채무조정NPL 일반사모특별자산투자신탁 제4호,(주)시프트업,,,명목회사·펀드·SPC·신탁 상품,펀드·SPC·투자조합·신탁 상품·명목회사 — 계획서 7-2,
1-2b 명단 밖 코스피 모회사의 종속,현대얼터너티브 일반사모특별자산투자신탁 제8호,(주)시프트업,,,명목회사·펀드·SPC·신탁 상품,펀드·SPC·투자조합·신탁 상품·명목회사 — 계획서 7-2,
1-2b 명단 밖 코스피 모회사의 종속,현대얼터너티브 성수오피스담보대출 일반사모부동산투자신탁제3호,(주)시프트업,,,명목회사·펀드·SPC·신탁 상품,펀드·SPC·투자조합·신탁 상품·명목회사 — 계획서 7-2,
1-2b 명단 밖 코스피 모회사의 종속,현대얼터너티브강남오피스 일반사모부동산집합투자기구제5호,(주)시프트업,,,명목회사·펀드·SPC·신탁 상품,펀드·SPC·투자조합·신탁 상품·명목회사 — 계획서 7-2,
1-2b 명단 밖 코스피 모회사의 종속,피나클강남오피스메자닌 일반사모부동산투자신탁제2호,(주)시프트업,,,명목회사·펀드·SPC·신탁 상품,펀드·SPC·투자조합·신탁 상품·명목회사 — 계획서 7-2,
1-2b 명단 밖 코스피 모회사의 종속,이든서초일반사모부동산투자회사,(주)시프트업,,,명목회사·펀드·SPC·신탁 상품,펀드·SPC·투자조합·신탁 상품·명목회사 — 계획서 7-2,
1-2b 명단 밖 코스피 모회사의 종속,피나클뉴이코노미일반사모부동산투자신탁 제3호,(주)시프트업,,,명목회사·펀드·SPC·신탁 상품,펀드·SPC·투자조합·신탁 상품·명목회사 — 계획서 7-2,
1-2b 명단 밖 코스피 모회사의 종속,피나클액티브론일반사모부동산투자신탁제4호,(주)시프트업,,,명목회사·펀드·SPC·신탁 상품,펀드·SPC·투자조합·신탁 상품·명목회사 — 계획서 7-2,
1-2b 명단 밖 코스피 모회사의 종속,NDH Opportunity Funds LLC - Series 2,(주)시프트업,,,해외 법인,해외 법인 — 계획서 7-2,
1-2b 명단 밖 코스피 모회사의 종속,PT. TIRTA ALAM MINERAL,(주)다이나믹디자인,,,해외 법인,해외 법인 — 계획서 7-2,
1-2b 명단 밖 코스피 모회사의 종속,LLC. Saehwa RUS,(주)다이나믹디자인,,,해외 법인,해외 법인 — 계획서 7-2,
1-2b 명단 밖 코스피 모회사의 종속,Saehan Holdings,(주)다이나믹디자인,,,해외 법인,해외 법인 — 계획서 7-2,
1-2b 명단 밖 코스피 모회사의 종속,DYNAMIC DESIGN EUROPE RO S.R.L.,(주)다이나믹디자인,,,해외 법인,해외 법인 — 계획서 7-2,
1-2b 명단 밖 코스피 모회사의 종속,QM MEXICO SA CV,(주)다이나믹디자인,,,해외 법인,해외 법인 — 계획서 7-2,
1-2b 명단 밖 코스피 모회사의 종속,PT. DYNAMIC DESIGN INDONESIA,(주)다이나믹디자인,,,해외 법인,해외 법인 — 계획서 7-2,
1-2b 명단 밖 코스피 모회사의 종속,"Hanwha Japan Co., Ltd.",(주)한화,,,해외 법인,해외 법인 — 계획서 7-2,
1-2b 명단 밖 코스피 모회사의 종속,헤리티지 퍼스트 수서역 일반사모부동산투자신탁 제1호,(주)한화,,,명목회사·펀드·SPC·신탁 상품,펀드·SPC·투자조합·신탁 상품·명목회사 — 계획서 7-2,
1-2b 명단 밖 코스피 모회사의 종속,Hanwha Europe Gmbh.,(주)한화,,,해외 법인,해외 법인 — 계획서 7-2,
1-2b 명단 밖 코스피 모회사의 종속,Hanwha International Corp.,(주)한화,,,해외 법인,해외 법인 — 계획서 7-2,
1-2b 명단 밖 코스피 모회사의 종속,Hanwha Resources (Canada) Ltd.,(주)한화,,,해외 법인,해외 법인 — 계획서 7-2,
1-2b 명단 밖 코스피 모회사의 종속,PT. Hanwha Mining Services Indonesia,(주)한화,,,해외 법인,해외 법인 — 계획서 7-2,
1-2b 명단 밖 코스피 모회사의 종속,"Hanwha International India PVT., LT",(주)한화,,,해외 법인,해외 법인 — 계획서 7-2,
1-2b 명단 밖 코스피 모회사의 종속,한화생명보험㈜,(주)한화,,,중복 (이미 명단·다른 지배회사·옛 이름),이미 명단에 있음 — 상장 또는 앞 단계 종속,
1-2b 명단 밖 코스피 모회사의 종속,"Hanwha Mining Services Australia Pty., Ltd",(주)한화,,,해외 법인,해외 법인 — 계획서 7-2,
1-2b 명단 밖 코스피 모회사의 종속,Hanwha Mining Services Chile Spa,(주)한화,,,해외 법인,해외 법인 — 계획서 7-2,
1-2b 명단 밖 코스피 모회사의 종속,HANWHA INTERNATIONAL VIETNAM,(주)한화,,,해외 법인,해외 법인 — 계획서 7-2,
1-2b 명단 밖 코스피 모회사의 종속,HANWHA GLOBAL INVESTMENT,(주)한화,,,해외 법인,해외 법인 — 계획서 7-2,
1-2b 명단 밖 코스피 모회사의 종속,HANWHA GLOBAL AMERICAS CORP.,(주)한화,,,해외 법인,해외 법인 — 계획서 7-2,
1-2b 명단 밖 코스피 모회사의 종속,"Hanwha Saudi Contracting Co.,Ltd.",(주)한화,,,해외 법인,해외 법인 — 계획서 7-2,
1-2b 명단 밖 코스피 모회사의 종속,안다IDC 제13호 일반사모부동산투자신탁,(주)한화,,,명목회사·펀드·SPC·신탁 상품,펀드·SPC·투자조합·신탁 상품·명목회사 — 계획서 7-2,
1-2b 명단 밖 코스피 모회사의 종속,한화기회추구전문투자형사모투자부동산투자신탁 1호,(주)한화,,,명목회사·펀드·SPC·신탁 상품,펀드·SPC·투자조합·신탁 상품·명목회사 — 계획서 7-2,
1-2b 명단 밖 코스피 모회사의 종속,"KUMHO ELECTRIC VINA,INC.",금호전기(주),,,해외 법인,해외 법인 — 계획서 7-2,
1-2b 명단 밖 코스피 모회사의 종속,"KUMHO LIGHTING (CHANGSHU) Co.,Ltd",금호전기(주),,,해외 법인,해외 법인 — 계획서 7-2,
1-2b 명단 밖 코스피 모회사의 종속,BRICKMATE GROUP VIETNAM COMPANY LIMITED,금호전기(주),,,해외 법인,해외 법인 — 계획서 7-2,
1-2b 명단 밖 코스피 모회사의 종속,PT. LG CNS Indonesia,(주)엘지씨엔에스,,,해외 법인,해외 법인 — 계획서 7-2,
1-2b 명단 밖 코스피 모회사의 종속,LG CNS Brasil Servicos de T.I. Ltda.,(주)엘지씨엔에스,,,해외 법인,해외 법인 — 계획서 7-2,
1-2b 명단 밖 코스피 모회사의 종속,"LG CNS India Pvt, Ltd.",(주)엘지씨엔에스,,,해외 법인,해외 법인 — 계획서 7-2,
1-2b 명단 밖 코스피 모회사의 종속,LG CNS COLOMBIA SAS,(주)엘지씨엔에스,,,해외 법인,해외 법인 — 계획서 7-2,
1-2b 명단 밖 코스피 모회사의 종속,LG CNS MALAYSIA SDN BHD,(주)엘지씨엔에스,,,해외 법인,해외 법인 — 계획서 7-2,
1-2b 명단 밖 코스피 모회사의 종속,"LG CNS JAPAN Co., Ltd.",(주)엘지씨엔에스,,,해외 법인,해외 법인 — 계획서 7-2,
1-2b 명단 밖 코스피 모회사의 종속,"LG CNS UZBEKISTAN, LLC",(주)엘지씨엔에스,,,해외 법인,해외 법인 — 계획서 7-2,
1-2b 명단 밖 코스피 모회사의 종속,"LG CNS VIETNAM CO., LTD",(주)엘지씨엔에스,,,해외 법인,해외 법인 — 계획서 7-2,
1-2b 명단 밖 코스피 모회사의 종속,LG CNS FUND I LLC,(주)엘지씨엔에스,,,해외 법인,해외 법인 — 계획서 7-2,
1-2b 명단 밖 코스피 모회사의 종속,LG CNS FUND II LLC,(주)엘지씨엔에스,,,해외 법인,해외 법인 — 계획서 7-2,
1-2b 명단 밖 코스피 모회사의 종속,PT. LG SINARMAS TECHNOLOGY SOLUTIONS,(주)엘지씨엔에스,,,해외 법인,해외 법인 — 계획서 7-2,
1-2b 명단 밖 코스피 모회사의 종속,LG CNS China Inc.,(주)엘지씨엔에스,,,해외 법인,해외 법인 — 계획서 7-2,
1-2b 명단 밖 코스피 모회사의 종속,"LG CNS America, Inc.",(주)엘지씨엔에스,,,해외 법인,해외 법인 — 계획서 7-2,
1-2b 명단 밖 코스피 모회사의 종속,LG CNS Europe B.V.,(주)엘지씨엔에스,,,해외 법인,해외 법인 — 계획서 7-2,
1-2b 명단 밖 코스피 모회사의 종속,DELITOON SAS,(주)키다리스튜디오,,,해외 법인,해외 법인 — 계획서 7-2,
1-2b 명단 밖 코스피 모회사의 종속,동부사모부동산투자신탁제11호,나이스평가정보 주식회사,,,명목회사·펀드·SPC·신탁 상품,펀드·SPC·투자조합·신탁 상품·명목회사 — 계획서 7-2,
1-2b 명단 밖 코스피 모회사의 종속,명지2호에너지,(주)한국종합기술,,,명목회사·펀드·SPC·신탁 상품,펀드·SPC·투자조합·신탁 상품·명목회사 — 계획서 7-2,
1-2b 명단 밖 코스피 모회사의 종속,"Jam City, Inc.",넷마블(주),,,해외 법인,해외 법인 — 계획서 7-2,
1-2b 명단 밖 코스피 모회사의 종속,Netmarble Japan Inc.,넷마블(주),,,해외 법인,해외 법인 — 계획서 7-2,
1-2b 명단 밖 코스피 모회사의 종속,Kabam Inc.,넷마블(주),,,해외 법인,해외 법인 — 계획서 7-2,
1-2b 명단 밖 코스피 모회사의 종속,Digipark Singapore PTE. LTD.,넷마블(주),,,해외 법인,해외 법인 — 계획서 7-2,
1-2b 명단 밖 코스피 모회사의 종속,"Netmarble (Thailand) Co., Ltd.",넷마블(주),,,해외 법인,해외 법인 — 계획서 7-2,
1-2b 명단 밖 코스피 모회사의 종속,스마트 코나 투자조합,넷마블(주),,,명목회사·펀드·SPC·신탁 상품,펀드·SPC·투자조합·신탁 상품·명목회사 — 계획서 7-2,
1-2b 명단 밖 코스피 모회사의 종속,에이투지-아이피 투자조합,넷마블(주),,,명목회사·펀드·SPC·신탁 상품,펀드·SPC·투자조합·신탁 상품·명목회사 — 계획서 7-2,
1-2b 명단 밖 코스피 모회사의 종속,SpinX Games Limited,넷마블(주),,,해외 법인,해외 법인 — 계획서 7-2,
1-2b 명단 밖 코스피 모회사의 종속,Netmarble Joybomb Inc.,넷마블(주),,,해외 법인,해외 법인 — 계획서 7-2,
1-2b 명단 밖 코스피 모회사의 종속,NETMARBLE HONGKONG LIMITED,넷마블(주),,,해외 법인,해외 법인 — 계획서 7-2,
1-2b 명단 밖 코스피 모회사의 종속,"DAEWON MEXICO, S. DE R.L. DE C.V",대원강업(주),,,해외 법인,해외 법인 — 계획서 7-2,
1-2b 명단 밖 코스피 모회사의 종속,DAEWON SPRING & SEAT LLC.,대원강업(주),,,해외 법인,해외 법인 — 계획서 7-2,
1-2b 명단 밖 코스피 모회사의 종속,"DAEWON AMERICA, INC.",대원강업(주),,,해외 법인,해외 법인 — 계획서 7-2,
1-2b 명단 밖 코스피 모회사의 종속,DAEWON INDIA AUTOPARTS PRIVATE LIMITED,대원강업(주),,,해외 법인,해외 법인 — 계획서 7-2,
1-2b 명단 밖 코스피 모회사의 종속,"DAEWON EUROPE CO., LTD.",대원강업(주),,,해외 법인,해외 법인 — 계획서 7-2,
1-2b 명단 밖 코스피 모회사의 종속,케이디바이오투자조합5호,광동제약(주),,,명목회사·펀드·SPC·신탁 상품,펀드·SPC·투자조합·신탁 상품·명목회사 — 계획서 7-2,
1-2b 명단 밖 코스피 모회사의 종속,케이디바이오투자조합6호,광동제약(주),,,명목회사·펀드·SPC·신탁 상품,펀드·SPC·투자조합·신탁 상품·명목회사 — 계획서 7-2,
1-2b 명단 밖 코스피 모회사의 종속,가이아바이오투자조합,광동제약(주),,,명목회사·펀드·SPC·신탁 상품,펀드·SPC·투자조합·신탁 상품·명목회사 — 계획서 7-2,
1-2b 명단 밖 코스피 모회사의 종속,"Kwangdong Vina Co.,Ltd",광동제약(주),,,해외 법인,해외 법인 — 계획서 7-2,
1-2b 명단 밖 코스피 모회사의 종속,케이디바이오투자조합1호,광동제약(주),,,명목회사·펀드·SPC·신탁 상품,펀드·SPC·투자조합·신탁 상품·명목회사 — 계획서 7-2,
1-2b 명단 밖 코스피 모회사의 종속,케이디바이오투자조합2호,광동제약(주),,,명목회사·펀드·SPC·신탁 상품,펀드·SPC·투자조합·신탁 상품·명목회사 — 계획서 7-2,
1-2b 명단 밖 코스피 모회사의 종속,케이디바이오투자조합3호,광동제약(주),,,명목회사·펀드·SPC·신탁 상품,펀드·SPC·투자조합·신탁 상품·명목회사 — 계획서 7-2,
1-2b 명단 밖 코스피 모회사의 종속,케이디오차드2차투자조합,광동제약(주),,,명목회사·펀드·SPC·신탁 상품,펀드·SPC·투자조합·신탁 상품·명목회사 — 계획서 7-2,
1-2b 명단 밖 코스피 모회사의 종속,TMC CABLE USA LLC,(주)티엠씨,,,해외 법인,해외 법인 — 계획서 7-2,
1-2b 명단 밖 코스피 모회사의 종속,"TMC TEXAS, INC",(주)티엠씨,,,해외 법인,해외 법인 — 계획서 7-2,
1-2b 명단 밖 코스피 모회사의 종속,,미래에셋맵스리얼티부동산공모투자회사,,,자료 문제 (조회 실패·출자현황 없음·지분율 오류),"출자현황 자료 없음 — 원문 확인, 필요하면 수동 입력 파일에 적음 (2025 사업보고서 013; 2025 3분기보고서 013; 2025 반기보고서 013; 2024 사업보고서 013)",
1-2b 명단 밖 코스피 모회사의 종속,엘비전문투자형27호사모부동산투자회사,디엘 주식회사,,,명목회사·펀드·SPC·신탁 상품,펀드·SPC·투자조합·신탁 상품·명목회사 — 계획서 7-2,
1-2b 명단 밖 코스피 모회사의 종속,"DAELIM CHEMICAL USA, INC.",디엘 주식회사,,,해외 법인,해외 법인 — 계획서 7-2,
1-2b 명단 밖 코스피 모회사의 종속,자사주신탁,(주)NICE홀딩스,,,명목회사·펀드·SPC·신탁 상품,펀드·SPC·투자조합·신탁 상품·명목회사 — 계획서 7-2,
1-2b 명단 밖 코스피 모회사의 종속,BBS Gmbh,(주)NICE홀딩스,,,해외 법인,해외 법인 — 계획서 7-2,
1-2b 명단 밖 코스피 모회사의 종속,동반성장투자조합제1호,(주)대호에이엘,,,명목회사·펀드·SPC·신탁 상품,펀드·SPC·투자조합·신탁 상품·명목회사 — 계획서 7-2,
1-2b 명단 밖 코스피 모회사의 종속,,케이지모빌리티플랫폼(주),,,자료 문제 (조회 실패·출자현황 없음·지분율 오류),"출자현황 자료 없음 — 원문 확인, 필요하면 수동 입력 파일에 적음 (2025 사업보고서 표 형식 아님(숫자 지분율 없음); 2025 3분기보고서 표 형식 아님(숫자 지분율 없음); 2025 반기보고서 표 형식 아님(숫자 지분율 없음); 2024 사업보고서 표 형식 아님(숫자 지분율 없음))",
1-2b 명단 밖 코스피 모회사의 종속,BIDC㈜,동원산업(주),,,해외 법인,해외 법인 — 계획서 7-2,
1-2b 명단 밖 코스피 모회사의 종속,어석합자회사,동원산업(주),,,명목회사·펀드·SPC·신탁 상품,펀드·SPC·투자조합·신탁 상품·명목회사 — 계획서 7-2,
1-2b 명단 밖 코스피 모회사의 종속,TUDO FISHERIES CO PTY LTD,동원산업(주),,,해외 법인,해외 법인 — 계획서 7-2,
1-2b 명단 밖 코스피 모회사의 종속,Kiribati and KT FIsheries Co,동원산업(주),,,해외 법인,해외 법인 — 계획서 7-2,
1-2b 명단 밖 코스피 모회사의 종속,S.C.A.SA,동원산업(주),,,해외 법인,해외 법인 — 계획서 7-2,
1-2b 명단 밖 코스피 모회사의 종속,메디스타 신기술투자조합,동원산업(주),,,명목회사·펀드·SPC·신탁 상품,펀드·SPC·투자조합·신탁 상품·명목회사 — 계획서 7-2,
1-2b 명단 밖 코스피 모회사의 종속,Bounty Seafood Limited,동원산업(주),,,해외 법인,해외 법인 — 계획서 7-2,
1-2b 명단 밖 코스피 모회사의 종속,SEALAND TRADING SERVICE CORPORATION,동원산업(주),,,해외 법인,해외 법인 — 계획서 7-2,
1-2b 명단 밖 코스피 모회사의 종속,COMPAGNIE AFRICAINE DE PECHE AU SENEGAL,동원산업(주),,,해외 법인,해외 법인 — 계획서 7-2,
1-2b 명단 밖 코스피 모회사의 종속,Starkist.Co,동원산업(주),,,해외 법인,해외 법인 — 계획서 7-2,
1-2b 명단 밖 코스피 모회사의 종속,DY AMERICA Inc.,디와이(주),,,해외 법인,해외 법인 — 계획서 7-2,
1-2b 명단 밖 코스피 모회사의 종속,"DY JAPAN CO., LTD.",디와이(주),,,해외 법인,해외 법인 — 계획서 7-2,
1-2b 명단 밖 코스피 모회사의 종속,"VGXI, Inc.",진원생명과학(주),,,해외 법인,해외 법인 — 계획서 7-2,
1-2b 명단 밖 코스피 모회사의 종속,"Dong-IL Interlining, Ltd.",진원생명과학(주),,,해외 법인,해외 법인 — 계획서 7-2,
1-2b 명단 밖 코스피 모회사의 종속,,한화머시너리앤서비스홀딩스 주식회사,,,자료 문제 (조회 실패·출자현황 없음·지분율 오류),"출자현황 자료 없음 — 원문 확인, 필요하면 수동 입력 파일에 적음 (2025 사업보고서 013; 2025 3분기보고서 013; 2025 반기보고서 013; 2024 사업보고서 013)",
1-2b 명단 밖 코스피 모회사의 종속,솔리드원투자조합,주식회사 아센디오,,,명목회사·펀드·SPC·신탁 상품,펀드·SPC·투자조합·신탁 상품·명목회사 — 계획서 7-2,
1-2b 명단 밖 코스피 모회사의 종속,이리스투자조합,주식회사 아센디오,,,명목회사·펀드·SPC·신탁 상품,펀드·SPC·투자조합·신탁 상품·명목회사 — 계획서 7-2,
1-2b 명단 밖 코스피 모회사의 종속,"Poongsan Vietnam Co., Ltd.",(주)풍산,,,해외 법인,해외 법인 — 계획서 7-2,
1-2b 명단 밖 코스피 모회사의 종속,Breakthrough Golf Technology,(주)풍산,,,해외 법인,해외 법인 — 계획서 7-2,
1-2b 명단 밖 코스피 모회사의 종속,"PMX Industries, Inc.",(주)풍산,,,해외 법인,해외 법인 — 계획서 7-2,
1-2b 명단 밖 코스피 모회사의 종속,"Siam Poongsan Metal Co., Ltd.",(주)풍산,,,해외 법인,해외 법인 — 계획서 7-2,
1-2b 명단 밖 코스피 모회사의 종속,Poongsan America Corporation,(주)풍산,,,해외 법인,해외 법인 — 계획서 7-2,
1-2b 명단 밖 코스피 모회사의 종속,Poongsan (H.K) Ltd.,(주)풍산,,,해외 법인,해외 법인 — 계획서 7-2,
1-2b 명단 밖 코스피 모회사의 종속,"Poongsan (Shanghai) Co., Ltd.",(주)풍산,,,해외 법인,해외 법인 — 계획서 7-2,
1-2b 명단 밖 코스피 모회사의 종속,Poongsan Japan Corporation,(주)풍산,,,해외 법인,해외 법인 — 계획서 7-2,
1-2b 명단 밖 코스피 모회사의 종속,Poongsan (M) SDN BHD.,(주)풍산,,,해외 법인,해외 법인 — 계획서 7-2,
1-2b 명단 밖 코스피 모회사의 종속,"Poongsan Lianyungang Co.,Ltd.",(주)풍산,,,해외 법인,해외 법인 — 계획서 7-2,
1-2b 명단 밖 코스피 모회사의 종속,"HANATOUR JAPAN CO., LTD.",(주)하나투어,,,해외 법인,해외 법인 — 계획서 7-2,
1-2b 명단 밖 코스피 모회사의 종속,HANATOUR CHINA,(주)하나투어,,,해외 법인,해외 법인 — 계획서 7-2,
1-2b 명단 밖 코스피 모회사의 종속,"HANATOUR HONGKONG CO., LTD.",(주)하나투어,,,해외 법인,해외 법인 — 계획서 7-2,
1-2b 명단 밖 코스피 모회사의 종속,"BEIJING HANA INFORMATION TECHNOLOGY CO., LTD.",(주)하나투어,,,해외 법인,해외 법인 — 계획서 7-2,
1-2b 명단 밖 코스피 모회사의 종속,HANATOUR VIETNAM COMPANY LIMITED,(주)하나투어,,,해외 법인,해외 법인 — 계획서 7-2,
1-2b 명단 밖 코스피 모회사의 종속,PHILIPPINE HANATOUR INC.,(주)하나투어,,,해외 법인,해외 법인 — 계획서 7-2,
1-2b 명단 밖 코스피 모회사의 종속,HNT SG PTE. LTD.,(주)하나투어,,,해외 법인,해외 법인 — 계획서 7-2,
1-2b 명단 밖 코스피 모회사의 종속,"HANATOUR HAWAII, INC.",(주)하나투어,,,해외 법인,해외 법인 — 계획서 7-2,
1-2b 명단 밖 코스피 모회사의 종속,HANATOUR GLOBAL INVESTMENT PTE. LTD.,(주)하나투어,,,해외 법인,해외 법인 — 계획서 7-2,
1-2b 명단 밖 코스피 모회사의 종속,HANATOUR SERVICES NEPAL PVT. LTD.,(주)하나투어,,,해외 법인,해외 법인 — 계획서 7-2,
1-2b 명단 밖 코스피 모회사의 종속,HANATOUR EUROPE S.R.L,(주)하나투어,,,해외 법인,해외 법인 — 계획서 7-2,
1-2b 명단 밖 코스피 모회사의 종속,"HANATOUR TD CO., LTD.",(주)하나투어,,,해외 법인,해외 법인 — 계획서 7-2,
1-2b 명단 밖 코스피 모회사의 종속,HANATOUR EUROPE LTD.,(주)하나투어,,,해외 법인,해외 법인 — 계획서 7-2,
1-2b 명단 밖 코스피 모회사의 종속,SUZHOU A&T,아진전자부품(주),,,해외 법인,해외 법인 — 계획서 7-2,
1-2b 명단 밖 코스피 모회사의 종속,AJIN ECC USA.,아진전자부품(주),,,해외 법인,해외 법인 — 계획서 7-2,
1-2b 명단 밖 코스피 모회사의 종속,LOTTE RENTAL (VIETNAM) COMPANY LIMITED,롯데렌탈(주),,,해외 법인,해외 법인 — 계획서 7-2,
1-2b 명단 밖 코스피 모회사의 종속,"Lotte Rent-A-Car (Thailand)Co.,Ltd.",롯데렌탈(주),,,해외 법인,해외 법인 — 계획서 7-2,
1-2b 명단 밖 코스피 모회사의 종속,LOTTE AUTO GLOBAL MIDDLE EAST FZE,롯데렌탈(주),,,해외 법인,해외 법인 — 계획서 7-2,
1-2b 명단 밖 코스피 모회사의 종속,롯데모빌리티 미래전략펀드,롯데렌탈(주),,,명목회사·펀드·SPC·신탁 상품,펀드·SPC·투자조합·신탁 상품·명목회사 — 계획서 7-2,
1-2b 명단 밖 코스피 모회사의 종속,스마트롯데비대면 모빌리티펀드,롯데렌탈(주),,,명목회사·펀드·SPC·신탁 상품,펀드·SPC·투자조합·신탁 상품·명목회사 — 계획서 7-2,
1-2b 명단 밖 코스피 모회사의 종속,,우양피앤엘(주),,,자료 문제 (조회 실패·출자현황 없음·지분율 오류),"출자현황 자료 없음 — 원문 확인, 필요하면 수동 입력 파일에 적음 (2025 사업보고서 표 형식 아님(숫자 지분율 없음); 2025 3분기보고서 표 형식 아님(숫자 지분율 없음); 2025 반기보고서 표 형식 아님(숫자 지분율 없음); 2024 사업보고서 표 형식 아님(숫자 지분율 없음))",
1-2b 명단 밖 코스피 모회사의 종속,유진-스킬라 NFI 신기술사업 투자조합,(주)동양,,,명목회사·펀드·SPC·신탁 상품,펀드·SPC·투자조합·신탁 상품·명목회사 — 계획서 7-2,
1-2b 명단 밖 코스피 모회사의 종속,The Willbes Dominicana Inc.,(주)윌비스,,,해외 법인,해외 법인 — 계획서 7-2,
1-2b 명단 밖 코스피 모회사의 종속,Galaxy Industrial S.A.de.C.V.,(주)윌비스,,,해외 법인,해외 법인 — 계획서 7-2,
1-2b 명단 밖 코스피 모회사의 종속,COLUMBUS APPAREL (CAMBODIA) INC.,(주)윌비스,,,해외 법인,해외 법인 — 계획서 7-2,
1-2b 명단 밖 코스피 모회사의 종속,"The Willbes Cambodia & CO.,LTD.",(주)윌비스,,,해외 법인,해외 법인 — 계획서 7-2,
1-2b 명단 밖 코스피 모회사의 종속,"Weihai Junli Garment Co.,Ltd.",(주)윌비스,,,해외 법인,해외 법인 — 계획서 7-2,
1-2b 명단 밖 코스피 모회사의 종속,PT.WILLBES GLOBAL,(주)윌비스,,,해외 법인,해외 법인 — 계획서 7-2,
1-2b 명단 밖 코스피 모회사의 종속,,한화위탁관리부동산투자회사(주),,,자료 문제 (조회 실패·출자현황 없음·지분율 오류),"출자현황 자료 없음 — 원문 확인, 필요하면 수동 입력 파일에 적음 (2025 사업보고서 표 형식 아님(숫자 지분율 없음); 2025 3분기보고서 013; 2025 반기보고서 표 형식 아님(숫자 지분율 없음); 2024 사업보고서 표 형식 아님(숫자 지분율 없음))",
1-2b 명단 밖 코스피 모회사의 종속,Hanwha Defense Australia Pty Ltd.,한화에어로스페이스(주),,,해외 법인,해외 법인 — 계획서 7-2,
1-2b 명단 밖 코스피 모회사의 종속,Hanwha Futureproof corp.,한화에어로스페이스(주),,,해외 법인,해외 법인 — 계획서 7-2,
1-2b 명단 밖 코스피 모회사의 종속,Hanwha Aerospace Europe,한화에어로스페이스(주),,,해외 법인,해외 법인 — 계획서 7-2,
1-2b 명단 밖 코스피 모회사의 종속,Hanwha Aerospace Japan G.K,한화에어로스페이스(주),,,해외 법인,해외 법인 — 계획서 7-2,
1-2b 명단 밖 코스피 모회사의 종속,Hanwha Ocean SG Holdings Pte. Ltd.,한화에어로스페이스(주),,,해외 법인,해외 법인 — 계획서 7-2,
1-2b 명단 밖 코스피 모회사의 종속,Hanwha Aerospace Romania S.R.L,한화에어로스페이스(주),,,해외 법인,해외 법인 — 계획서 7-2,
1-2b 명단 밖 코스피 모회사의 종속,HAA No.1 Pty Ltd.,한화에어로스페이스(주),,,해외 법인,해외 법인 — 계획서 7-2,
1-2b 명단 밖 코스피 모회사의 종속,Hanwha Aerospace Middle East & North Africa Regional Headquarters,한화에어로스페이스(주),,,해외 법인,해외 법인 — 계획서 7-2,
1-2b 명단 밖 코스피 모회사의 종속,"Hanwha Global Defense, Inc.",한화에어로스페이스(주),,,해외 법인,해외 법인 — 계획서 7-2,
1-2b 명단 밖 코스피 모회사의 종속,Hanwha WB Advanced System sp.z o.o.,한화에어로스페이스(주),,,해외 법인,해외 법인 — 계획서 7-2,
1-2b 명단 밖 코스피 모회사의 종속,"Hanwha Aero Engines Co., Ltd.",한화에어로스페이스(주),,,해외 법인,해외 법인 — 계획서 7-2,
1-2b 명단 밖 코스피 모회사의 종속,Hanwha Aerospace USA Corporation,한화에어로스페이스(주),,,해외 법인,해외 법인 — 계획서 7-2,
1-2b 명단 밖 코스피 모회사의 종속,"Hanwha Defense USA, Inc.",한화에어로스페이스(주),,,해외 법인,해외 법인 — 계획서 7-2,
1-2b 명단 밖 코스피 모회사의 종속,H FOUNDATION PTE. LTD.,한화시스템(주),,,해외 법인,해외 법인 — 계획서 7-2,
1-2b 명단 밖 코스피 모회사의 종속,Hanwha Systems USA Corporation,한화시스템(주),,,해외 법인,해외 법인 — 계획서 7-2,
1-2b 명단 밖 코스피 모회사의 종속,Hanwha Systems UK LTD,한화시스템(주),,,해외 법인,해외 법인 — 계획서 7-2,
1-2b 명단 밖 코스피 모회사의 종속,HS USA Holdings Corp.,한화시스템(주),,,해외 법인,해외 법인 — 계획서 7-2,
1-2b 명단 밖 코스피 모회사의 종속,HAA No.1 Pty Ltd.,한화시스템(주),,,해외 법인,해외 법인 — 계획서 7-2,
1-2b 명단 밖 코스피 모회사의 종속,어나더브레인 메디컬 벤처투자조합 1호,(주)케이씨,,,명목회사·펀드·SPC·신탁 상품,펀드·SPC·투자조합·신탁 상품·명목회사 — 계획서 7-2,
1-2b 명단 밖 코스피 모회사의 종속,스타트업코리아 케이씨 초격차 펀드,(주)케이씨,,,명목회사·펀드·SPC·신탁 상품,펀드·SPC·투자조합·신탁 상품·명목회사 — 계획서 7-2,
1-2b 명단 밖 코스피 모회사의 종속,개사정밀설비유호(무석) 유한회사,(주)케이씨,,,명목회사·펀드·SPC·신탁 상품,펀드·SPC·투자조합·신탁 상품·명목회사 — 계획서 7-2,
1-2b 명단 밖 코스피 모회사의 종속,HPH LOGISTICS JSC.,흥아해운(주),,,해외 법인,해외 법인 — 계획서 7-2,
1-2b 명단 밖 코스피 모회사의 종속,HEUNG-A TANKER S'PORE PTE.LTD,흥아해운(주),,,해외 법인,해외 법인 — 계획서 7-2,
1-2b 명단 밖 코스피 모회사의 종속,진인해운유한공사,흥아해운(주),,,해외 법인,해외 법인 — 계획서 7-2,
1-2b 명단 밖 코스피 모회사의 종속,광주시혁오아사판공가구유한공사,(주)코아스,,,해외 법인,해외 법인 — 계획서 7-2,
1-2b 명단 밖 코스피 모회사의 종속,KOAS Vietnam LLC,(주)코아스,,,해외 법인,해외 법인 — 계획서 7-2,
1-2b 명단 밖 코스피 모회사의 종속,경인전자(심천) 유한공사,(주)케이아이이,,,해외 법인,해외 법인 — 계획서 7-2,
1-2b 명단 밖 코스피 모회사의 종속,경인전자(천진) 유한공사,(주)케이아이이,,,해외 법인,해외 법인 — 계획서 7-2,
1-2b 명단 밖 코스피 모회사의 종속,경인아메리카 (주),(주)케이아이이,,,해외 법인,해외 법인 — 계획서 7-2,
1-2b 명단 밖 코스피 모회사의 종속,Bornnmade Europe GmbH (독일),(주)케이아이이,,,해외 법인,해외 법인 — 계획서 7-2,
1-2b 명단 밖 코스피 모회사의 종속,Dongwon Autopart Technology Inc.,동원모빌리티(주),,,해외 법인,해외 법인 — 계획서 7-2,
1-2b 명단 밖 코스피 모회사의 종속,"DONGWON SK, s.r.o.",동원모빌리티(주),,,해외 법인,해외 법인 — 계획서 7-2,
1-2b 명단 밖 코스피 모회사의 종속,"DONGWON CZ, s.r.o.",동원모빌리티(주),,,해외 법인,해외 법인 — 계획서 7-2,
1-2b 명단 밖 코스피 모회사의 종속,Dongwon Metal Do Brasil,동원모빌리티(주),,,해외 법인,해외 법인 — 계획서 7-2,
1-2b 명단 밖 코스피 모회사의 종속,Dongwon Mexico Inc.,동원모빌리티(주),,,해외 법인,해외 법인 — 계획서 7-2,
1-2b 명단 밖 코스피 모회사의 종속,PT.BYC INDONESIA,(주)BYC,,,해외 법인,해외 법인 — 계획서 7-2,
1-2b 명단 밖 코스피 모회사의 종속,,(주)한창제지,,,자료 문제 (조회 실패·출자현황 없음·지분율 오류),"출자현황 자료 없음 — 원문 확인, 필요하면 수동 입력 파일에 적음 (2025 사업보고서 표 형식 아님(숫자 지분율 없음); 2025 3분기보고서 표 형식 아님(숫자 지분율 없음); 2025 반기보고서 표 형식 아님(숫자 지분율 없음); 2024 사업보고서 표 형식 아님(숫자 지분율 없음))",
1-2b 명단 밖 코스피 모회사의 종속,PT. KOPOLCOINDONESIA,(주)MDS스피어,,,해외 법인,해외 법인 — 계획서 7-2,
1-2b 명단 밖 코스피 모회사의 종속,"1Up Ventures Fund II, L.P.",주식회사 크래프톤,,,해외 법인,해외 법인 — 계획서 7-2,
1-2b 명단 밖 코스피 모회사의 종속,크래프톤-코나 아이피 투자조합,주식회사 크래프톤,,,명목회사·펀드·SPC·신탁 상품,펀드·SPC·투자조합·신탁 상품·명목회사 — 계획서 7-2,
1-2b 명단 밖 코스피 모회사의 종속,데브-크래프톤 문화투자조합 9호,주식회사 크래프톤,,,명목회사·펀드·SPC·신탁 상품,펀드·SPC·투자조합·신탁 상품·명목회사 — 계획서 7-2,
1-2b 명단 밖 코스피 모회사의 종속,아이엠엠 인도 펀드,주식회사 크래프톤,,,명목회사·펀드·SPC·신탁 상품,펀드·SPC·투자조합·신탁 상품·명목회사 — 계획서 7-2,
1-2b 명단 밖 코스피 모회사의 종속,티비티-아이비엑스 넥스트 유니콘 제3호 투자조합,주식회사 크래프톤,,,명목회사·펀드·SPC·신탁 상품,펀드·SPC·투자조합·신탁 상품·명목회사 — 계획서 7-2,
1-2b 명단 밖 코스피 모회사의 종속,"En Masse Entertainment, Inc.",주식회사 크래프톤,,,해외 법인,해외 법인 — 계획서 7-2,
1-2b 명단 밖 코스피 모회사의 종속,TRANSCEND FUND III LP,주식회사 크래프톤,,,해외 법인,해외 법인 — 계획서 7-2,
1-2b 명단 밖 코스피 모회사의 종속,"Krafton Americas, Inc.",주식회사 크래프톤,,,해외 법인,해외 법인 — 계획서 7-2,
1-2b 명단 밖 코스피 모회사의 종속,KRAFTON EUROPE B.V.,주식회사 크래프톤,,,해외 법인,해외 법인 — 계획서 7-2,
1-2b 명단 밖 코스피 모회사의 종속,KRAFTON CHINA,주식회사 크래프톤,,,해외 법인,해외 법인 — 계획서 7-2,
1-2b 명단 밖 코스피 모회사의 종속,KP PTE. LTD.,주식회사 크래프톤,,,해외 법인,해외 법인 — 계획서 7-2,
1-2b 명단 밖 코스피 모회사의 종속,"Striking Distance Studios, Inc.",주식회사 크래프톤,,,해외 법인,해외 법인 — 계획서 7-2,
1-2b 명단 밖 코스피 모회사의 종속,"KRAFTON JAPAN, Inc.",주식회사 크래프톤,,,해외 법인,해외 법인 — 계획서 7-2,
1-2b 명단 밖 코스피 모회사의 종속,"PUBG Entertainment, Inc.",주식회사 크래프톤,,,해외 법인,해외 법인 — 계획서 7-2,
1-2b 명단 밖 코스피 모회사의 종속,"KRAFTON Ventures, Inc.",주식회사 크래프톤,,,해외 법인,해외 법인 — 계획서 7-2,
1-2b 명단 밖 코스피 모회사의 종속,"Striking Distance Studios Spain, S.L.",주식회사 크래프톤,,,해외 법인,해외 법인 — 계획서 7-2,
1-2b 명단 밖 코스피 모회사의 종속,KRAFTON INDIA PRIVATE LIMITED,주식회사 크래프톤,,,해외 법인,해외 법인 — 계획서 7-2,
1-2b 명단 밖 코스피 모회사의 종속,SDS Interactive Canada Inc.,주식회사 크래프톤,,,해외 법인,해외 법인 — 계획서 7-2,
1-2b 명단 밖 코스피 모회사의 종속,"Krafton Global GP, LLC",주식회사 크래프톤,,,해외 법인,해외 법인 — 계획서 7-2,
1-2b 명단 밖 코스피 모회사의 종속,"Krafton Global, LP",주식회사 크래프톤,,,해외 법인,해외 법인 — 계획서 7-2,
1-2b 명단 밖 코스피 모회사의 종속,"Unknown Worlds Entertainment, Inc.",주식회사 크래프톤,,,해외 법인,해외 법인 — 계획서 7-2,
1-2b 명단 밖 코스피 모회사의 종속,"KRAFTON MONTREAL STUDIO, INC.",주식회사 크래프톤,,,해외 법인,해외 법인 — 계획서 7-2,
1-2b 명단 밖 코스피 모회사의 종속,VECTOR NORTH s.r.o.,주식회사 크래프톤,,,해외 법인,해외 법인 — 계획서 7-2,
1-2b 명단 밖 코스피 모회사의 종속,"Tango Gameworks, Inc.",주식회사 크래프톤,,,해외 법인,해외 법인 — 계획서 7-2,
1-2b 명단 밖 코스피 모회사의 종속,"Blue Ocean Capital Fund I, L.P.",주식회사 크래프톤,,,해외 법인,해외 법인 — 계획서 7-2,
1-2b 명단 밖 코스피 모회사의 종속,Nautilus Mobile App Private Limited,주식회사 크래프톤,,,해외 법인,해외 법인 — 계획서 7-2,
1-2b 명단 밖 코스피 모회사의 종속,Nautilus Mobile App Private Limited(종류주),주식회사 크래프톤,,,해외 법인,해외 법인 — 계획서 7-2,
1-2b 명단 밖 코스피 모회사의 종속,"Eleventh Hour Games, Inc.",주식회사 크래프톤,,,해외 법인,해외 법인 — 계획서 7-2,
1-2b 명단 밖 코스피 모회사의 종속,"ADKRAFTON, Inc.",주식회사 크래프톤,,,해외 법인,해외 법인 — 계획서 7-2,
1-2b 명단 밖 코스피 모회사의 종속,"CRAFT.AI, INC.",주식회사 크래프톤,,,해외 법인,해외 법인 — 계획서 7-2,
1-2b 명단 밖 코스피 모회사의 종속,"OVERDARE, Inc.",주식회사 크래프톤,,,해외 법인,해외 법인 — 계획서 7-2,
1-2b 명단 밖 코스피 모회사의 종속,"1Up Ventures, L.P",주식회사 크래프톤,,,해외 법인,해외 법인 — 계획서 7-2,
1-2b 명단 밖 코스피 모회사의 종속,스마트 크래프톤-본엔젤스 펀드,주식회사 크래프톤,,,명목회사·펀드·SPC·신탁 상품,펀드·SPC·투자조합·신탁 상품·명목회사 — 계획서 7-2,
1-2b 명단 밖 코스피 모회사의 종속,SVA ZEPETO METAVERSE I PTE. LTD,주식회사 크래프톤,,,해외 법인,해외 법인 — 계획서 7-2,
1-2b 명단 밖 코스피 모회사의 종속,미래에셋맵스일반사모부동산투자신탁 66호,주식회사 크래프톤,,,명목회사·펀드·SPC·신탁 상품,펀드·SPC·투자조합·신탁 상품·명목회사 — 계획서 7-2,
1-2b 명단 밖 코스피 모회사의 종속,스마트 케이앤비 부스터 펀드,주식회사 크래프톤,,,명목회사·펀드·SPC·신탁 상품,펀드·SPC·투자조합·신탁 상품·명목회사 — 계획서 7-2,
1-2b 명단 밖 코스피 모회사의 종속,"Apimeds Pharmaceuticals US, Inc.",(주)프리티,,,해외 법인,해외 법인 — 계획서 7-2,
1-2b 명단 밖 코스피 모회사의 종속,,(주)휴니드테크놀러지스,,,자료 문제 (조회 실패·출자현황 없음·지분율 오류),"출자현황 자료 없음 — 원문 확인, 필요하면 수동 입력 파일에 적음 (2025 사업보고서 표 형식 아님(숫자 지분율 없음); 2025 3분기보고서 표 형식 아님(숫자 지분율 없음); 2025 반기보고서 표 형식 아님(숫자 지분율 없음); 2024 사업보고서 표 형식 아님(숫자 지분율 없음))",
1-2b 명단 밖 코스피 모회사의 종속,,만호제강(주),,,자료 문제 (조회 실패·출자현황 없음·지분율 오류),"출자현황 자료 없음 — 원문 확인, 필요하면 수동 입력 파일에 적음 (2025 사업보고서 표 형식 아님(숫자 지분율 없음); 2025 3분기보고서 표 형식 아님(숫자 지분율 없음); 2025 반기보고서 표 형식 아님(숫자 지분율 없음); 2024 사업보고서 표 형식 아님(숫자 지분율 없음))",
1-2b 명단 밖 코스피 모회사의 종속,Kumho Tire U.S.A.,금호타이어(주),,,해외 법인,해외 법인 — 계획서 7-2,
1-2b 명단 밖 코스피 모회사의 종속,Kumho Tire Egypt,금호타이어(주),,,해외 법인,해외 법인 — 계획서 7-2,
1-2b 명단 밖 코스피 모회사의 종속,Kumho Tire Kazakhstan,금호타이어(주),,,해외 법인,해외 법인 — 계획서 7-2,
1-2b 명단 밖 코스피 모회사의 종속,Kumho Tire Poland Sp. z o.o.,금호타이어(주),,,해외 법인,해외 법인 — 계획서 7-2,
1-2b 명단 밖 코스피 모회사의 종속,Kumho Tyre U.K.,금호타이어(주),,,해외 법인,해외 법인 — 계획서 7-2,
1-2b 명단 밖 코스피 모회사의 종속,Kumho Tire Europe,금호타이어(주),,,해외 법인,해외 법인 — 계획서 7-2,
1-2b 명단 밖 코스피 모회사의 종속,Kumho Tire Japan,금호타이어(주),,,해외 법인,해외 법인 — 계획서 7-2,
1-2b 명단 밖 코스피 모회사의 종속,Kumho Tire Canada,금호타이어(주),,,해외 법인,해외 법인 — 계획서 7-2,
1-2b 명단 밖 코스피 모회사의 종속,Kumho Tyre Australia,금호타이어(주),,,해외 법인,해외 법인 — 계획서 7-2,
1-2b 명단 밖 코스피 모회사의 종속,Kumho Tire France,금호타이어(주),,,해외 법인,해외 법인 — 계획서 7-2,
1-2b 명단 밖 코스피 모회사의 종속,Kumho Tire H.K.,금호타이어(주),,,해외 법인,해외 법인 — 계획서 7-2,
1-2b 명단 밖 코스피 모회사의 종속,Kumho Tire Mexico,금호타이어(주),,,해외 법인,해외 법인 — 계획서 7-2,
1-2b 명단 밖 코스피 모회사의 종속,Paradise America LLC,(주)파라다이스,,,해외 법인,해외 법인 — 계획서 7-2,
1-2b 명단 밖 코스피 모회사의 종속,"Paradise International Co., Ltd",(주)파라다이스,,,해외 법인,해외 법인 — 계획서 7-2,
1-2b 명단 밖 코스피 모회사의 종속,KOGAS Australia Pty Ltd.,한국가스공사(주),,,해외 법인,해외 법인 — 계획서 7-2,
1-2b 명단 밖 코스피 모회사의 종속,Kor-Uz Gas Chemical Investment,한국가스공사(주),,,해외 법인,해외 법인 — 계획서 7-2,
1-2b 명단 밖 코스피 모회사의 종속,"KOMEX-GAS, S. de R.L. de C.V",한국가스공사(주),,,해외 법인,해외 법인 — 계획서 7-2,
1-2b 명단 밖 코스피 모회사의 종속,KOGAS Iraq B.V.,한국가스공사(주),,,해외 법인,해외 법인 — 계획서 7-2,
1-2b 명단 밖 코스피 모회사의 종속,KOGAS Canada Energy Ltd,한국가스공사(주),,,해외 법인,해외 법인 — 계획서 7-2,
1-2b 명단 밖 코스피 모회사의 종속,KOGAS Badra B.V.,한국가스공사(주),,,해외 법인,해외 법인 — 계획서 7-2,
1-2b 명단 밖 코스피 모회사의 종속,KOGAS Akkas B.V.,한국가스공사(주),,,해외 법인,해외 법인 — 계획서 7-2,
1-2b 명단 밖 코스피 모회사의 종속,KOGAS Mansuriya B.V.,한국가스공사(주),,,해외 법인,해외 법인 — 계획서 7-2,
1-2b 명단 밖 코스피 모회사의 종속,Tomori E&P Ltd,한국가스공사(주),,,해외 법인,해외 법인 — 계획서 7-2,
1-2b 명단 밖 코스피 모회사의 종속,KOGAS Prelude Pty. Ltd.,한국가스공사(주),,,해외 법인,해외 법인 — 계획서 7-2,
1-2b 명단 밖 코스피 모회사의 종속,KG Mozambique Ltd.,한국가스공사(주),,,해외 법인,해외 법인 — 계획서 7-2,
1-2b 명단 밖 코스피 모회사의 종속,KOGAS Cyprus Ltd.,한국가스공사(주),,,해외 법인,해외 법인 — 계획서 7-2,
1-2b 명단 밖 코스피 모회사의 종속,KOGAS Mozambique Lda.,한국가스공사(주),,,해외 법인,해외 법인 — 계획서 7-2,
1-2b 명단 밖 코스피 모회사의 종속,KG-SEAGP Company Limited,한국가스공사(주),,,해외 법인,해외 법인 — 계획서 7-2,
1-2b 명단 밖 코스피 모회사의 종속,KOGAS International Pte. Ltd.,한국가스공사(주),,,해외 법인,해외 법인 — 계획서 7-2,
1-2b 명단 밖 코스피 모회사의 종속,KORAS,한국가스공사(주),,,해외 법인,해외 법인 — 계획서 7-2,
1-2b 명단 밖 코스피 모회사의 종속,KLBV1 S.A.,한국가스공사(주),,,해외 법인,해외 법인 — 계획서 7-2,
1-2b 명단 밖 코스피 모회사의 종속,HYLNG,한국가스공사(주),,,해외 법인,해외 법인 — 계획서 7-2,
1-2b 명단 밖 코스피 모회사의 종속,KG Krueng Mane Ltd.,한국가스공사(주),,,해외 법인,해외 법인 — 계획서 7-2,
1-2b 명단 밖 코스피 모회사의 종속,KOGAMEX Investment Manzanillo B.V.,한국가스공사(주),,,해외 법인,해외 법인 — 계획서 7-2,
1-2b 명단 밖 코스피 모회사의 종속,"DUAL BORGSTENA, S.A.",(주)두올,,,해외 법인,해외 법인 — 계획서 7-2,
1-2b 명단 밖 코스피 모회사의 종속,DUAL USA LLC,(주)두올,,,해외 법인,해외 법인 — 계획서 7-2,
1-2b 명단 밖 코스피 모회사의 종속,DUAL SERIM INDONESIA AUTOMOTIVE,(주)두올,,,해외 법인,해외 법인 — 계획서 7-2,
1-2b 명단 밖 코스피 모회사의 종속,DUAL BORGSTENA TRIM TUNISIA,(주)두올,,,해외 법인,해외 법인 — 계획서 7-2,
1-2b 명단 밖 코스피 모회사의 종속,강음두올방직품유한공사,(주)두올,,,해외 법인,해외 법인 — 계획서 7-2,
1-2b 명단 밖 코스피 모회사의 종속,연태두올차식유한공사,(주)두올,,,해외 법인,해외 법인 — 계획서 7-2,
1-2b 명단 밖 코스피 모회사의 종속,DUAL BORGSTENA TRIM TURKEY OTOMOTIV SAN. VE TIC. LTD. STI.,(주)두올,,,해외 법인,해외 법인 — 계획서 7-2,
1-2b 명단 밖 코스피 모회사의 종속,DUAL BORGSTENA TRIM ROMANIA S.R.L.,(주)두올,,,해외 법인,해외 법인 — 계획서 7-2,
1-2b 명단 밖 코스피 모회사의 종속,창저우두올차식유한공사,(주)두올,,,해외 법인,해외 법인 — 계획서 7-2,
1-2b 명단 밖 코스피 모회사의 종속,두올보그스티나차식 유한공사(상해),(주)두올,,,해외 법인,해외 법인 — 계획서 7-2,
1-2b 명단 밖 코스피 모회사의 종속,충칭두올차식유한공사,(주)두올,,,해외 법인,해외 법인 — 계획서 7-2,
1-2b 명단 밖 코스피 모회사의 종속,GLBH Holdings S.a.r.l.,(주)미스토홀딩스,,,해외 법인,해외 법인 — 계획서 7-2,
1-2b 명단 밖 코스피 모회사의 종속,Misto Hong Kong Limited,(주)미스토홀딩스,,,해외 법인,해외 법인 — 계획서 7-2,
1-2b 명단 밖 코스피 모회사의 종속,사천휴비스화섬 유한공사,(주)휴비스,,,해외 법인,해외 법인 — 계획서 7-2,
1-2b 명단 밖 코스피 모회사의 종속,"DONGGUAN SOLUM ELECTRONICS CO., LTD",주식회사 솔루엠,,,해외 법인,해외 법인 — 계획서 7-2,
1-2b 명단 밖 코스피 모회사의 종속,KPM SERVICIOS INTEGRALES S DE RL DE CV,주식회사 솔루엠,,,해외 법인,해외 법인 — 계획서 7-2,
1-2b 명단 밖 코스피 모회사의 종속,"SOLUM JAPAN Co.,Ltd",주식회사 솔루엠,,,해외 법인,해외 법인 — 계획서 7-2,
1-2b 명단 밖 코스피 모회사의 종속,"SOLUM LATIN AMERICA, S.A. DE C.V.",주식회사 솔루엠,,,해외 법인,해외 법인 — 계획서 7-2,
1-2b 명단 밖 코스피 모회사의 종속,SOLUM SINGAPORE PTE. LTD.,주식회사 솔루엠,,,해외 법인,해외 법인 — 계획서 7-2,
1-2b 명단 밖 코스피 모회사의 종속,"Solum Dongguan Trading Co.,Ltd.",주식회사 솔루엠,,,해외 법인,해외 법인 — 계획서 7-2,
1-2b 명단 밖 코스피 모회사의 종속,SOLUM BRASIL LTDA.,주식회사 솔루엠,,,해외 법인,해외 법인 — 계획서 7-2,
1-2b 명단 밖 코스피 모회사의 종속,SOLUM AUSTRALIA PTY LTD,주식회사 솔루엠,,,해외 법인,해외 법인 — 계획서 7-2,
1-2b 명단 밖 코스피 모회사의 종속,SOLUM VINA HCMC COMPANY LIMITED,주식회사 솔루엠,,,해외 법인,해외 법인 — 계획서 7-2,
1-2b 명단 밖 코스피 모회사의 종속,PT SOLUM INDONESIA HIGHTECH,주식회사 솔루엠,,,해외 법인,해외 법인 — 계획서 7-2,
1-2b 명단 밖 코스피 모회사의 종속,"SOLUM AMERICA, INC.",주식회사 솔루엠,,,해외 법인,해외 법인 — 계획서 7-2,
1-2b 명단 밖 코스피 모회사의 종속,헬스원벤처투자조합,주식회사 솔루엠,,,명목회사·펀드·SPC·신탁 상품,펀드·SPC·투자조합·신탁 상품·명목회사 — 계획서 7-2,
1-2b 명단 밖 코스피 모회사의 종속,IST JAPAN,주식회사 솔루엠,,,해외 법인,해외 법인 — 계획서 7-2,
1-2b 명단 밖 코스피 모회사의 종속,SoluM Europe GmbH,주식회사 솔루엠,,,해외 법인,해외 법인 — 계획서 7-2,
1-2b 명단 밖 코스피 모회사의 종속,"SoluM Vina CO., LTD",주식회사 솔루엠,,,해외 법인,해외 법인 — 계획서 7-2,
1-2b 명단 밖 코스피 모회사의 종속,SoluM Technologies India Private Limited,주식회사 솔루엠,,,해외 법인,해외 법인 — 계획서 7-2,
1-2b 명단 밖 코스피 모회사의 종속,SOLUM INDIA HIGHTECH PRIVATE LIMITED,주식회사 솔루엠,,,해외 법인,해외 법인 — 계획서 7-2,
1-2b 명단 밖 코스피 모회사의 종속,SOLUM ELECTRONICS MEXICANA SA DE CV,주식회사 솔루엠,,,해외 법인,해외 법인 — 계획서 7-2,
1-2b 명단 밖 코스피 모회사의 종속,SoluM USA Inc.,주식회사 솔루엠,,,해외 법인,해외 법인 — 계획서 7-2,
1-2b 명단 밖 코스피 모회사의 종속,Hnwha Engine Investment Norway AS,한화엔진(주),,,해외 법인,해외 법인 — 계획서 7-2,
1-2b 명단 밖 코스피 모회사의 종속,Aekyung Chemtech Indonesia,애경케미칼(주),,,해외 법인,해외 법인 — 계획서 7-2,
1-2b 명단 밖 코스피 모회사의 종속,Advanced Isocyanate Derivative,애경케미칼(주),,,해외 법인,해외 법인 — 계획서 7-2,
1-2b 명단 밖 코스피 모회사의 종속,AEKYUNG HONG KONG COMPANY LIMITED,애경케미칼(주),,,해외 법인,해외 법인 — 계획서 7-2,
1-2b 명단 밖 코스피 모회사의 종속,AEKYUNG(SHANGHAI) INVESTMENT & TRADING,애경케미칼(주),,,해외 법인,해외 법인 — 계획서 7-2,
1-2b 명단 밖 코스피 모회사의 종속,애경(영파)화공유한공사,애경케미칼(주),,,해외 법인,해외 법인 — 계획서 7-2,
1-2b 명단 밖 코스피 모회사의 종속,"AK VINA Co., Ltd",애경케미칼(주),,,해외 법인,해외 법인 — 계획서 7-2,
1-2b 명단 밖 코스피 모회사의 종속,VINA PLASTICIZERS CHEMICAL COMPANY LIMITED,애경케미칼(주),,,해외 법인,해외 법인 — 계획서 7-2,
1-2b 명단 밖 코스피 모회사의 종속,KUS,기아(주),,,해외 법인,해외 법인 — 계획서 7-2,
1-2b 명단 밖 코스피 모회사의 종속,KID,기아(주),,,해외 법인,해외 법인 — 계획서 7-2,
1-2b 명단 밖 코스피 모회사의 종속,제로원펀드 3호,기아(주),,,명목회사·펀드·SPC·신탁 상품,펀드·SPC·투자조합·신탁 상품·명목회사 — 계획서 7-2,
1-2b 명단 밖 코스피 모회사의 종속,Factorial Funds II Opportunity,기아(주),,,해외 법인,해외 법인 — 계획서 7-2,
1-2b 명단 밖 코스피 모회사의 종속,KSM,기아(주),,,해외 법인,해외 법인 — 계획서 7-2,
1-2b 명단 밖 코스피 모회사의 종속,KCA,기아(주),,,해외 법인,해외 법인 — 계획서 7-2,
1-2b 명단 밖 코스피 모회사의 종속,42dot,기아(주),,,해외 법인,해외 법인 — 계획서 7-2,
1-2b 명단 밖 코스피 모회사의 종속,KDE,기아(주),,,해외 법인,해외 법인 — 계획서 7-2,
1-2b 명단 밖 코스피 모회사의 종속,미래차성장펀드,기아(주),,,명목회사·펀드·SPC·신탁 상품,펀드·SPC·투자조합·신탁 상품·명목회사 — 계획서 7-2,
1-2b 명단 밖 코스피 모회사의 종속,에이치엠지에스 유한회사,기아(주),,,명목회사·펀드·SPC·신탁 상품,펀드·SPC·투자조합·신탁 상품·명목회사 — 계획서 7-2,
1-2b 명단 밖 코스피 모회사의 종속,CMEs,기아(주),,,해외 법인,해외 법인 — 계획서 7-2,
1-2b 명단 밖 코스피 모회사의 종속,KAU,기아(주),,,해외 법인,해외 법인 — 계획서 7-2,
1-2b 명단 밖 코스피 모회사의 종속,HMGC,기아(주),,,해외 법인,해외 법인 — 계획서 7-2,
1-2b 명단 밖 코스피 모회사의 종속,연길기아기차유수복무 유한공사,기아(주),,,해외 법인,해외 법인 — 계획서 7-2,
1-2b 명단 밖 코스피 모회사의 종속,강소열달기아기차유한공사 (KCN),기아(주),,,해외 법인,해외 법인 — 계획서 7-2,
1-2b 명단 밖 코스피 모회사의 종속,HMG Global,기아(주),,,해외 법인,해외 법인 — 계획서 7-2,
1-2b 명단 밖 코스피 모회사의 종속,Kia APAC,기아(주),,,해외 법인,해외 법인 — 계획서 7-2,
1-2b 명단 밖 코스피 모회사의 종속,Kia MEA,기아(주),,,해외 법인,해외 법인 — 계획서 7-2,
1-2b 명단 밖 코스피 모회사의 종속,Kia EU,기아(주),,,해외 법인,해외 법인 — 계획서 7-2,
1-2b 명단 밖 코스피 모회사의 종속,Kia CSA,기아(주),,,해외 법인,해외 법인 — 계획서 7-2,
1-2b 명단 밖 코스피 모회사의 종속,KTH,기아(주),,,해외 법인,해외 법인 — 계획서 7-2,
1-2b 명단 밖 코스피 모회사의 종속,KaSK,기아(주),,,해외 법인,해외 법인 — 계획서 7-2,
1-2b 명단 밖 코스피 모회사의 종속,KMX,기아(주),,,해외 법인,해외 법인 — 계획서 7-2,
1-2b 명단 밖 코스피 모회사의 종속,KIN,기아(주),,,해외 법인,해외 법인 — 계획서 7-2,
1-2b 명단 밖 코스피 모회사의 종속,KMY,기아(주),,,해외 법인,해외 법인 — 계획서 7-2,
1-2b 명단 밖 코스피 모회사의 종속,Cell-Captive,기아(주),,,해외 법인,해외 법인 — 계획서 7-2,
1-2b 명단 밖 코스피 모회사의 종속,"Moonshot China, Inc.",(주)와이지플러스,,,해외 법인,해외 법인 — 계획서 7-2,
1-2b 명단 밖 코스피 모회사의 종속,HS North America Ltd.,한미약품(주),,,해외 법인,해외 법인 — 계획서 7-2,
1-2b 명단 밖 코스피 모회사의 종속,북경한미약품유한공사,한미약품(주),,,해외 법인,해외 법인 — 계획서 7-2,
1-2b 명단 밖 코스피 모회사의 종속,HSMC,현대제철(주),,,해외 법인,해외 법인 — 계획서 7-2,
1-2b 명단 밖 코스피 모회사의 종속,HSCN,현대제철(주),,,해외 법인,해외 법인 — 계획서 7-2,
1-2b 명단 밖 코스피 모회사의 종속,HSJS,현대제철(주),,,해외 법인,해외 법인 — 계획서 7-2,
1-2b 명단 밖 코스피 모회사의 종속,HSSZ,현대제철(주),,,해외 법인,해외 법인 — 계획서 7-2,
1-2b 명단 밖 코스피 모회사의 종속,HSTJ,현대제철(주),,,해외 법인,해외 법인 — 계획서 7-2,
1-2b 명단 밖 코스피 모회사의 종속,HSAL,현대제철(주),,,해외 법인,해외 법인 — 계획서 7-2,
1-2b 명단 밖 코스피 모회사의 종속,HSCH,현대제철(주),,,해외 법인,해외 법인 — 계획서 7-2,
1-2b 명단 밖 코스피 모회사의 종속,HSAN,현대제철(주),,,해외 법인,해외 법인 — 계획서 7-2,
1-2b 명단 밖 코스피 모회사의 종속,HSSK,현대제철(주),,,해외 법인,해외 법인 — 계획서 7-2,
1-2b 명단 밖 코스피 모회사의 종속,HSCZ,현대제철(주),,,해외 법인,해외 법인 — 계획서 7-2,
1-2b 명단 밖 코스피 모회사의 종속,HSRU,현대제철(주),,,해외 법인,해외 법인 — 계획서 7-2,
1-2b 명단 밖 코스피 모회사의 종속,HSMX,현대제철(주),,,해외 법인,해외 법인 — 계획서 7-2,
1-2b 명단 밖 코스피 모회사의 종속,HSBR,현대제철(주),,,해외 법인,해외 법인 — 계획서 7-2,
1-2b 명단 밖 코스피 모회사의 종속,Hyundai Steel USA Corp.,현대제철(주),,,해외 법인,해외 법인 — 계획서 7-2,
1-2b 명단 밖 코스피 모회사의 종속,Shilla Travel Retail Hong Kong Limited,(주)호텔신라,,,해외 법인,해외 법인 — 계획서 7-2,
1-2b 명단 밖 코스피 모회사의 종속,Samsung Hospitality America Inc.,(주)호텔신라,,,해외 법인,해외 법인 — 계획서 7-2,
1-2b 명단 밖 코스피 모회사의 종속,"Samsung Shilla Business Service Beijing Co., Ltd",(주)호텔신라,,,해외 법인,해외 법인 — 계획서 7-2,
1-2b 명단 밖 코스피 모회사의 종속,Shilla Travel Retail Pte. Ltd,(주)호텔신라,,,해외 법인,해외 법인 — 계획서 7-2,
1-2b 명단 밖 코스피 모회사의 종속,클린인더스트리얼 위탁관리부동산 투자회사㈜,에스케이위탁관리부동산투자회사 주식회사,,,중복 (이미 명단·다른 지배회사·옛 이름),다른 지배회사 밑에 더 큰 지분으로 잡힘 — 중복 제거,
1-2b 명단 밖 코스피 모회사의 종속,클린인더스트리얼 위탁관리부동산 투자회사(주),에스케이위탁관리부동산투자회사 주식회사,,,중복 (이미 명단·다른 지배회사·옛 이름),다른 지배회사 밑에 더 큰 지분으로 잡힘 — 중복 제거,
1-2b 명단 밖 코스피 모회사의 종속,클린인더스트리얼 위탁관리부동산 투자회사(주),에스케이위탁관리부동산투자회사 주식회사,,,중복 (이미 명단·다른 지배회사·옛 이름),다른 지배회사 밑에 더 큰 지분으로 잡힘 — 중복 제거,
1-2b 명단 밖 코스피 모회사의 종속,경포올림픽카운티(주),모나용평(주),,,중복 (이미 명단·다른 지배회사·옛 이름),다른 지배회사 밑에 더 큰 지분으로 잡힘 — 중복 제거,
1-2b 명단 밖 코스피 모회사의 종속,(주)파라다이스호텔 부산,(주)파라다이스,,,중복 (이미 명단·다른 지배회사·옛 이름),다른 지배회사 밑에 더 큰 지분으로 잡힘 — 중복 제거,
1-2b 명단 밖 코스피 모회사의 종속,현대커머셜,현대자동차(주),,,실질 지배 아님 (지분 30~50%),지분 30~50% 검토 결과 제외 — 현대차 연결재무제표상 관계기업(지분법)이며 종속 아님. 금융1-3 비상장 비종속으로 편입 예정(현대차 및 특수관계인 76.69%),
1-2b 명단 밖 코스피 모회사의 종속,산일파트너스(주),산일전기(주),신탁·집합투자,,자료 문제 (조회 실패·출자현황 없음·지분율 오류),"지분율 200.0% — DART 신고 오류로 보임, 확인 필요",
1-2b 명단 밖 코스피 모회사의 종속,㈜우진에프텍,(주)우진,금융 키워드 없음,,비금융 추정 (코드·키워드 없음),코드 없음·금융 키워드 없음 — 비금융 추정 (검토 파일 확인),
1-2b 명단 밖 코스피 모회사의 종속,에스비티엠 주식회사,(주)호텔신라,금융업 아님,,금융업 아님 (표준산업분류),표준산업분류 75210 — 금융업 아님,75210
1-2b 명단 밖 코스피 모회사의 종속,극동산업(주),극동유화(주),금융업 아님,,금융업 아님 (표준산업분류),표준산업분류 47712 — 금융업 아님,47712
1-2b 명단 밖 코스피 모회사의 종속,현대스틸파이프,현대제철(주),금융업 아님,,금융업 아님 (표준산업분류),표준산업분류 24132 — 금융업 아님,24132
1-2b 명단 밖 코스피 모회사의 종속,현대아이에프씨(*),현대제철(주),금융 키워드 없음,,비금융 추정 (코드·키워드 없음),코드 없음·금융 키워드 없음 — 비금융 추정 (검토 파일 확인),
1-2b 명단 밖 코스피 모회사의 종속,현대아이티씨,현대제철(주),금융업 아님,,금융업 아님 (표준산업분류),표준산업분류 24111 — 금융업 아님,24111
1-2b 명단 밖 코스피 모회사의 종속,현대아이에스씨,현대제철(주),금융업 아님,,금융업 아님 (표준산업분류),표준산업분류 24111 — 금융업 아님,24111
1-2b 명단 밖 코스피 모회사의 종속,현대아이엠씨,현대제철(주),금융업 아님,,금융업 아님 (표준산업분류),표준산업분류 24111 — 금융업 아님,24111
1-2b 명단 밖 코스피 모회사의 종속,현대아이이씨,현대제철(주),금융업 아님,,금융업 아님 (표준산업분류),표준산업분류 24111 — 금융업 아님,24111
1-2b 명단 밖 코스피 모회사의 종속,주식회사 보노아,깨끗한나라(주),금융업 아님,,금융업 아님 (표준산업분류),표준산업분류 17902 — 금융업 아님,17902
1-2b 명단 밖 코스피 모회사의 종속,㈜안성테크노로지스틱스,한화솔루션(주),금융업 아님,,금융업 아님 (표준산업분류),표준산업분류 5210 — 금융업 아님,5210
1-2b 명단 밖 코스피 모회사의 종속,(주)에이치테크노로지스틱스,한화솔루션(주),금융업 아님,,금융업 아님 (표준산업분류),표준산업분류 5210 — 금융업 아님,5210
1-2b 명단 밖 코스피 모회사의 종속,한화엔엑스엠디 주식회사,한화솔루션(주),금융업 아님,,금융업 아님 (표준산업분류),표준산업분류 26429 — 금융업 아님,26429
1-2b 명단 밖 코스피 모회사의 종속,하동햇빛나눔태양광발전 주식회사,한화솔루션(주),금융업 아님,,금융업 아님 (표준산업분류),표준산업분류 4759 — 금융업 아님,4759
1-2b 명단 밖 코스피 모회사의 종속,한화케미칼오버시즈홀딩스 주식회사,한화솔루션(주),금융업 아님,,금융업 아님 (표준산업분류),표준산업분류 715 — 금융업 아님,715
1-2b 명단 밖 코스피 모회사의 종속,하이패스태양광,한화솔루션(주),금융업 아님,,금융업 아님 (표준산업분류),표준산업분류 3511 — 금융업 아님,3511
1-2b 명단 밖 코스피 모회사의 종속,인사이트홀딩스 주식회사,한화솔루션(주),금융업 아님,,금융업 아님 (표준산업분류),표준산업분류 46595 — 금융업 아님,46595
1-2b 명단 밖 코스피 모회사의 종속,기아타이거즈,기아(주),금융업 아님,,금융업 아님 (표준산업분류),표준산업분류 91191 — 금융업 아님,91191
1-2b 명단 밖 코스피 모회사의 종속,(주)에스더블유성거나,(주)신원,금융업 아님,,금융업 아님 (표준산업분류),표준산업분류 14 — 금융업 아님,14
1-2b 명단 밖 코스피 모회사의 종속,(주)신원에벤에셀,(주)신원,금융 키워드 없음,,비금융 추정 (코드·키워드 없음),코드 없음·금융 키워드 없음 — 비금융 추정 (검토 파일 확인),
1-2b 명단 밖 코스피 모회사의 종속,신동,일신방직(주),금융업 아님,,금융업 아님 (표준산업분류),표준산업분류 07110 — 금융업 아님,07110
1-2b 명단 밖 코스피 모회사의 종속,일신산업개발,일신방직(주),금융 키워드 없음,,비금융 추정 (코드·키워드 없음),코드 없음·금융 키워드 없음 — 비금융 추정 (검토 파일 확인),
1-2b 명단 밖 코스피 모회사의 종속,㈜5민랩,주식회사 크래프톤,금융업 아님,,금융업 아님 (표준산업분류),표준산업분류 5821 — 금융업 아님,5821
1-2b 명단 밖 코스피 모회사의 종속,㈜렐루게임즈,주식회사 크래프톤,금융업 아님,,금융업 아님 (표준산업분류),표준산업분류 5821 — 금융업 아님,5821
1-2b 명단 밖 코스피 모회사의 종속,㈜플라이웨이게임즈,주식회사 크래프톤,금융업 아님,,금융업 아님 (표준산업분류),표준산업분류 5821 — 금융업 아님,5821
1-2b 명단 밖 코스피 모회사의 종속,(주)프리텔레콤,(주)프리티,금융업 아님,,금융업 아님 (표준산업분류),표준산업분류 61291 — 금융업 아님,61291
1-2b 명단 밖 코스피 모회사의 종속,(주)파라다이스호텔 부산,(주)파라다이스,금융업 아님,,금융업 아님 (표준산업분류),표준산업분류 55101 — 금융업 아님,55101
1-2b 명단 밖 코스피 모회사의 종속,(주)대유플러스 자산관리,(주)디에이치오토넥스,금융 키워드 없음,,비금융 추정 (코드·키워드 없음),코드 없음·금융 키워드 없음 — 비금융 추정 (검토 파일 확인),
1-2b 명단 밖 코스피 모회사의 종속,(주)한국가스기술공사,한국가스공사(주),금융업 아님,,금융업 아님 (표준산업분류),표준산업분류 72121 — 금융업 아님,72121
1-2b 명단 밖 코스피 모회사의 종속,한국엘엔지벙커링 주식회사,한국가스공사(주),금융업 아님,,금융업 아님 (표준산업분류),표준산업분류 35 — 금융업 아님,35
1-2b 명단 밖 코스피 모회사의 종속,코가스서비스 얼라이언스(주),한국가스공사(주),금융업 아님,,금융업 아님 (표준산업분류),표준산업분류 74211 — 금융업 아님,74211
1-2b 명단 밖 코스피 모회사의 종속,코가스보안관리(주),한국가스공사(주),금융업 아님,,금융업 아님 (표준산업분류),표준산업분류 75310 — 금융업 아님,75310
1-2b 명단 밖 코스피 모회사의 종속,삼해상사(주) (*),CJ씨푸드(주),금융 키워드 없음,,비금융 추정 (코드·키워드 없음),코드 없음·금융 키워드 없음 — 비금융 추정 (검토 파일 확인),
1-2b 명단 밖 코스피 모회사의 종속,고려종합국제운송㈜,(주)케이씨티시,금융업 아님,,금융업 아님 (표준산업분류),표준산업분류 5299 — 금융업 아님,5299
1-2b 명단 밖 코스피 모회사의 종속,제일산업(주),아세아제지(주),금융업 아님,,금융업 아님 (표준산업분류),표준산업분류 23325 — 금융업 아님,23325
1-2b 명단 밖 코스피 모회사의 종속,(주)에이팩,아세아제지(주),금융업 아님,,금융업 아님 (표준산업분류),표준산업분류 1721 — 금융업 아님,1721
1-2b 명단 밖 코스피 모회사의 종속,유진판지(주),아세아제지(주),금융업 아님,,금융업 아님 (표준산업분류),표준산업분류 1721 — 금융업 아님,1721
1-2b 명단 밖 코스피 모회사의 종속,AP리싸이클링(주),아세아제지(주),금융 키워드 없음,,비금융 추정 (코드·키워드 없음),코드 없음·금융 키워드 없음 — 비금융 추정 (검토 파일 확인),
1-2b 명단 밖 코스피 모회사의 종속,(주)씨에이치테크,(주)크라운해태홀딩스,금융업 아님,,금융업 아님 (표준산업분류),표준산업분류 4521 — 금융업 아님,4521
1-2b 명단 밖 코스피 모회사의 종속,(주)영그린,(주)크라운해태홀딩스,금융 키워드 없음,,비금융 추정 (코드·키워드 없음),코드 없음·금융 키워드 없음 — 비금융 추정 (검토 파일 확인),
1-2b 명단 밖 코스피 모회사의 종속,STX리조트㈜,(주)STX,금융업 아님,,금융업 아님 (표준산업분류),표준산업분류 55103 — 금융업 아님,55103
1-2b 명단 밖 코스피 모회사의 종속,한일산업,한일홀딩스(주),금융업 아님,,금융업 아님 (표준산업분류),표준산업분류 2629 — 금융업 아님,2629
1-2b 명단 밖 코스피 모회사의 종속,한일L&C,한일홀딩스(주),금융 키워드 없음,,비금융 추정 (코드·키워드 없음),코드 없음·금융 키워드 없음 — 비금융 추정 (검토 파일 확인),
1-2b 명단 밖 코스피 모회사의 종속,한일인터내셔널㈜,한일홀딩스(주),금융업 아님,,금융업 아님 (표준산업분류),표준산업분류 46800 — 금융업 아님,46800
1-2b 명단 밖 코스피 모회사의 종속,하늘목장㈜,한일홀딩스(주),금융업 아님,,금융업 아님 (표준산업분류),표준산업분류 91210 — 금융업 아님,91210
1-2b 명단 밖 코스피 모회사의 종속,한일VC㈜,한일홀딩스(주),금융 키워드 없음,,비금융 추정 (코드·키워드 없음),코드 없음·금융 키워드 없음 — 비금융 추정 (검토 파일 확인),
1-2b 명단 밖 코스피 모회사의 종속,(주)약진통상,(주)제이에스코퍼레이션,금융업 아님,,금융업 아님 (표준산업분류),표준산업분류 1419 — 금융업 아님,1419
1-2b 명단 밖 코스피 모회사의 종속,(주)씨케이이엠솔루션,조광페인트(주),금융 키워드 없음,,비금융 추정 (코드·키워드 없음),코드 없음·금융 키워드 없음 — 비금융 추정 (검토 파일 확인),
1-2b 명단 밖 코스피 모회사의 종속,신원지엘에스(주),(주)신원,금융업 아님,,금융업 아님 (표준산업분류),표준산업분류 68 — 금융업 아님,68
1-2b 명단 밖 코스피 모회사의 종속,(주)고잉그린컴퍼니,(주)신원,금융 키워드 없음,,비금융 추정 (코드·키워드 없음),코드 없음·금융 키워드 없음 — 비금융 추정 (검토 파일 확인),
1-2b 명단 밖 코스피 모회사의 종속,(주)한빛누리,한국단자공업(주),금융 키워드 없음,,비금융 추정 (코드·키워드 없음),코드 없음·금융 키워드 없음 — 비금융 추정 (검토 파일 확인),
1-2b 명단 밖 코스피 모회사의 종속,동원파이프㈜,동원모빌리티(주),금융업 아님,,금융업 아님 (표준산업분류),표준산업분류 2413 — 금융업 아님,2413
1-2b 명단 밖 코스피 모회사의 종속,㈜바이콤광고,(주)BYC,금융 키워드 없음,,비금융 추정 (코드·키워드 없음),코드 없음·금융 키워드 없음 — 비금융 추정 (검토 파일 확인),
1-2b 명단 밖 코스피 모회사의 종속,주식회사 에이씨씨엑스코리아,(주)MDS스피어,금융 키워드 없음,,비금융 추정 (코드·키워드 없음),코드 없음·금융 키워드 없음 — 비금융 추정 (검토 파일 확인),
1-2b 명단 밖 코스피 모회사의 종속,라이징윙스㈜,주식회사 크래프톤,금융업 아님,,금융업 아님 (표준산업분류),표준산업분류 58212 — 금융업 아님,58212
1-2b 명단 밖 코스피 모회사의 종속,㈜인조이스튜디오,주식회사 크래프톤,금융업 아님,,금융업 아님 (표준산업분류),표준산업분류 5821 — 금융업 아님,5821
1-2b 명단 밖 코스피 모회사의 종속,㈜조프소프트,주식회사 크래프톤,금융 키워드 없음,,비금융 추정 (코드·키워드 없음),코드 없음·금융 키워드 없음 — 비금융 추정 (검토 파일 확인),
1-2b 명단 밖 코스피 모회사의 종속,㈜나인비게임즈,주식회사 크래프톤,금융 키워드 없음,,비금융 추정 (코드·키워드 없음),코드 없음·금융 키워드 없음 — 비금융 추정 (검토 파일 확인),
1-2b 명단 밖 코스피 모회사의 종속,㈜룬샷게임즈,주식회사 크래프톤,금융업 아님,,금융업 아님 (표준산업분류),표준산업분류 5821 — 금융업 아님,5821
1-2b 명단 밖 코스피 모회사의 종속,㈜올리브트리게임즈,주식회사 크래프톤,금융업 아님,,금융업 아님 (표준산업분류),표준산업분류 5821 — 금융업 아님,5821
1-2b 명단 밖 코스피 모회사의 종속,㈜블루홀스튜디오,주식회사 크래프톤,금융업 아님,,금융업 아님 (표준산업분류),표준산업분류 5822 — 금융업 아님,5822
1-2b 명단 밖 코스피 모회사의 종속,㈜드림모션,주식회사 크래프톤,금융업 아님,,금융업 아님 (표준산업분류),표준산업분류 58212 — 금융업 아님,58212
1-2b 명단 밖 코스피 모회사의 종속,옴니크래프트랩스㈜,주식회사 크래프톤,금융업 아님,,금융업 아님 (표준산업분류),표준산업분류 5821 — 금융업 아님,5821
1-2b 명단 밖 코스피 모회사의 종속,일신로지스틱스(주),일신방직(주),금융업 아님,,금융업 아님 (표준산업분류),표준산업분류 50122 — 금융업 아님,50122
1-2b 명단 밖 코스피 모회사의 종속,(주)샘표아이에스피,샘표(주),금융업 아님,,금융업 아님 (표준산업분류),표준산업분류 7212 — 금융업 아님,7212
1-2b 명단 밖 코스피 모회사의 종속,경산제지(주),아세아제지(주),금융업 아님,,금융업 아님 (표준산업분류),표준산업분류 17105 — 금융업 아님,17105
1-2b 명단 밖 코스피 모회사의 종속,공영산업(주),한국단자공업(주),금융업 아님,,금융업 아님 (표준산업분류),표준산업분류 2592 — 금융업 아님,2592
1-2b 명단 밖 코스피 모회사의 종속,경원전자(주),한국단자공업(주),금융업 아님,,금융업 아님 (표준산업분류),표준산업분류 26422 — 금융업 아님,26422
1-2b 명단 밖 코스피 모회사의 종속,경원산업(주),한국단자공업(주),금융업 아님,,금융업 아님 (표준산업분류),표준산업분류 2612 — 금융업 아님,2612
1-2b 명단 밖 코스피 모회사의 종속,두산밥캣코리아 주식회사,두산밥캣 주식회사,금융업 아님,,금융업 아님 (표준산업분류),표준산업분류 29161 — 금융업 아님,29161
1-2b 명단 밖 코스피 모회사의 종속,두산모트롤 주식회사,두산밥캣 주식회사,금융업 아님,,금융업 아님 (표준산업분류),표준산업분류 29120 — 금융업 아님,29120
1-2b 명단 밖 코스피 모회사의 종속,성신엘엔에스(주),성신양회(주),금융 키워드 없음,,비금융 추정 (코드·키워드 없음),코드 없음·금융 키워드 없음 — 비금융 추정 (검토 파일 확인),
1-2b 명단 밖 코스피 모회사의 종속,아세아산업개발(주),아세아시멘트(주),금융업 아님,,금융업 아님 (표준산업분류),표준산업분류 23993 — 금융업 아님,23993
1-2b 명단 밖 코스피 모회사의 종속,LS엠트론,(주)LS,금융업 아님,,금융업 아님 (표준산업분류),표준산업분류 29 — 금융업 아님,29
1-2b 명단 밖 코스피 모회사의 종속,LS글로벌 인코퍼레이티드,(주)LS,금융업 아님,,금융업 아님 (표준산업분류),표준산업분류 4610 — 금융업 아님,4610
1-2b 명단 밖 코스피 모회사의 종속,대상네트웍스(주),대상홀딩스(주),금융 키워드 없음,,비금융 추정 (코드·키워드 없음),코드 없음·금융 키워드 없음 — 비금융 추정 (검토 파일 확인),
1-2b 명단 밖 코스피 모회사의 종속,대상정보기술(주),대상홀딩스(주),금융업 아님,,금융업 아님 (표준산업분류),표준산업분류 58221 — 금융업 아님,58221
1-2b 명단 밖 코스피 모회사의 종속,대상커뮤니케이션즈(주),대상홀딩스(주),금융 키워드 없음,,비금융 추정 (코드·키워드 없음),코드 없음·금융 키워드 없음 — 비금융 추정 (검토 파일 확인),
1-2b 명단 밖 코스피 모회사의 종속,대상셀진(주),대상홀딩스(주),금융 키워드 없음,,비금융 추정 (코드·키워드 없음),코드 없음·금융 키워드 없음 — 비금융 추정 (검토 파일 확인),
1-2b 명단 밖 코스피 모회사의 종속,대상펫라이프(주),대상홀딩스(주),금융 키워드 없음,,비금융 추정 (코드·키워드 없음),코드 없음·금융 키워드 없음 — 비금융 추정 (검토 파일 확인),
1-2b 명단 밖 코스피 모회사의 종속,대상건설(주),대상홀딩스(주),금융업 아님,,금융업 아님 (표준산업분류),표준산업분류 41 — 금융업 아님,41
1-2b 명단 밖 코스피 모회사의 종속,케이이티 솔루션(주),한국단자공업(주),금융업 아님,,금융업 아님 (표준산업분류),표준산업분류 2629 — 금융업 아님,2629
1-2b 명단 밖 코스피 모회사의 종속,경주월드㈜,아세아시멘트(주),금융업 아님,,금융업 아님 (표준산업분류),표준산업분류 91210 — 금융업 아님,91210
1-2b 명단 밖 코스피 모회사의 종속,(주)뉴폴라리스,(주)LF,금융 키워드 없음,,비금융 추정 (코드·키워드 없음),코드 없음·금융 키워드 없음 — 비금융 추정 (검토 파일 확인),
1-2b 명단 밖 코스피 모회사의 종속,(주)LF스퀘어씨사이드,(주)LF,금융업 아님,,금융업 아님 (표준산업분류),표준산업분류 68112 — 금융업 아님,68112
1-2b 명단 밖 코스피 모회사의 종속,(주)글로벌휴먼스,(주)LF,금융업 아님,,금융업 아님 (표준산업분류),표준산업분류 75122 — 금융업 아님,75122
1-2b 명단 밖 코스피 모회사의 종속,(주)이에르로르코리아,(주)LF,금융 키워드 없음,,비금융 추정 (코드·키워드 없음),코드 없음·금융 키워드 없음 — 비금융 추정 (검토 파일 확인),
1-2b 명단 밖 코스피 모회사의 종속,(주)엘앤씨,(주)LF,금융 키워드 없음,,비금융 추정 (코드·키워드 없음),코드 없음·금융 키워드 없음 — 비금융 추정 (검토 파일 확인),
1-2b 명단 밖 코스피 모회사의 종속,(주)팔영조경,(주)LF,금융 키워드 없음,,비금융 추정 (코드·키워드 없음),코드 없음·금융 키워드 없음 — 비금융 추정 (검토 파일 확인),
1-2b 명단 밖 코스피 모회사의 종속,(주)윌비스에듀,(주)윌비스,금융 키워드 없음,,비금융 추정 (코드·키워드 없음),코드 없음·금융 키워드 없음 — 비금융 추정 (검토 파일 확인),
1-2b 명단 밖 코스피 모회사의 종속,(주)나무경영 아카데미,(주)윌비스,금융업 아님,,금융업 아님 (표준산업분류),표준산업분류 85632 — 금융업 아님,85632
1-2b 명단 밖 코스피 모회사의 종속,계동청운,미원상사(주),금융 키워드 없음,,비금융 추정 (코드·키워드 없음),코드 없음·금융 키워드 없음 — 비금융 추정 (검토 파일 확인),
1-2b 명단 밖 코스피 모회사의 종속,진인해운㈜,흥아해운(주),금융업 아님,,금융업 아님 (표준산업분류),표준산업분류 529 — 금융업 아님,529
1-2b 명단 밖 코스피 모회사의 종속,흥아마린㈜,흥아해운(주),금융업 아님,,금융업 아님 (표준산업분류),표준산업분류 52929 — 금융업 아님,52929
1-2b 명단 밖 코스피 모회사의 종속,케이티 네트워크(주),한국단자공업(주),금융업 아님,,금융업 아님 (표준산업분류),표준산업분류 4521 — 금융업 아님,4521
1-2b 명단 밖 코스피 모회사의 종속,(주)콜롬보,(주)SG세계물산,금융 키워드 없음,,비금융 추정 (코드·키워드 없음),코드 없음·금융 키워드 없음 — 비금융 추정 (검토 파일 확인),
1-2b 명단 밖 코스피 모회사의 종속,(주)콜롬보코리아(서울),(주)SG세계물산,금융 키워드 없음,,비금융 추정 (코드·키워드 없음),코드 없음·금융 키워드 없음 — 비금융 추정 (검토 파일 확인),
1-2b 명단 밖 코스피 모회사의 종속,(주)콜롬보코리아,(주)SG세계물산,금융업 아님,,금융업 아님 (표준산업분류),표준산업분류 46416 — 금융업 아님,46416
1-2b 명단 밖 코스피 모회사의 종속,㈜경동이앤에스,(주)경동인베스트,금융업 아님,,금융업 아님 (표준산업분류),표준산업분류 2811 — 금융업 아님,2811
1-2b 명단 밖 코스피 모회사의 종속,㈜케이디파워텍,(주)경동인베스트,금융업 아님,,금융업 아님 (표준산업분류),표준산업분류 35119 — 금융업 아님,35119
1-2b 명단 밖 코스피 모회사의 종속,㈜경동탱크터미널,(주)경동인베스트,금융업 아님,,금융업 아님 (표준산업분류),표준산업분류 521 — 금융업 아님,521
1-2b 명단 밖 코스피 모회사의 종속,(주)하나투어아이티씨,(주)하나투어,금융업 아님,,금융업 아님 (표준산업분류),표준산업분류 75210 — 금융업 아님,75210
1-2b 명단 밖 코스피 모회사의 종속,(주)하나투어비즈니스,(주)하나투어,금융업 아님,,금융업 아님 (표준산업분류),표준산업분류 75210 — 금융업 아님,75210
1-2b 명단 밖 코스피 모회사의 종속,롯데오토케어㈜,롯데렌탈(주),금융업 아님,,금융업 아님 (표준산업분류),표준산업분류 95212 — 금융업 아님,95212
1-2b 명단 밖 코스피 모회사의 종속,㈜하이원파트너스,(주)강원랜드,금융업 아님,,금융업 아님 (표준산업분류),표준산업분류 74100 — 금융업 아님,74100
1-2b 명단 밖 코스피 모회사의 종속,㈜유진홈센터,(주)동양,금융업 아님,,금융업 아님 (표준산업분류),표준산업분류 4669 — 금융업 아님,4669
1-2b 명단 밖 코스피 모회사의 종속,㈜유진한일합섬,(주)동양,금융업 아님,,금융업 아님 (표준산업분류),표준산업분류 13103 — 금융업 아님,13103
1-2b 명단 밖 코스피 모회사의 종속,㈜동양에너지,(주)동양,금융업 아님,,금융업 아님 (표준산업분류),표준산업분류 35113 — 금융업 아님,35113
1-2b 명단 밖 코스피 모회사의 종속,금왕에프원㈜,(주)동양,금융업 아님,,금융업 아님 (표준산업분류),표준산업분류 68122 — 금융업 아님,68122
1-2b 명단 밖 코스피 모회사의 종속,한라시멘트(주),아세아시멘트(주),금융업 아님,,금융업 아님 (표준산업분류),표준산업분류 23311 — 금융업 아님,23311
1-2b 명단 밖 코스피 모회사의 종속,(주)스튜디오2046,(주)에이엔피,금융 키워드 없음,,비금융 추정 (코드·키워드 없음),코드 없음·금융 키워드 없음 — 비금융 추정 (검토 파일 확인),
1-2b 명단 밖 코스피 모회사의 종속,금강말레이시아,금강공업(주),금융 키워드 없음,,비금융 추정 (코드·키워드 없음),코드 없음·금융 키워드 없음 — 비금융 추정 (검토 파일 확인),
1-2b 명단 밖 코스피 모회사의 종속,금강 인도,금강공업(주),금융 키워드 없음,,비금융 추정 (코드·키워드 없음),코드 없음·금융 키워드 없음 — 비금융 추정 (검토 파일 확인),
1-2b 명단 밖 코스피 모회사의 종속,금강 케냐,금강공업(주),금융 키워드 없음,,비금융 추정 (코드·키워드 없음),코드 없음·금융 키워드 없음 — 비금융 추정 (검토 파일 확인),
1-2b 명단 밖 코스피 모회사의 종속,동원건설산업㈜,동원산업(주),금융업 아님,,금융업 아님 (표준산업분류),표준산업분류 41 — 금융업 아님,41
1-2b 명단 밖 코스피 모회사의 종속,동원부산컨테이너터미널㈜,동원산업(주),금융업 아님,,금융업 아님 (표준산업분류),표준산업분류 52942 — 금융업 아님,52942
1-2b 명단 밖 코스피 모회사의 종속,동원로엑스㈜,동원산업(주),금융업 아님,,금융업 아님 (표준산업분류),표준산업분류 52 — 금융업 아님,52
1-2b 명단 밖 코스피 모회사의 종속,디와이오토주식회사 (312-86-72094),디와이(주),금융 키워드 없음,,비금융 추정 (코드·키워드 없음),코드 없음·금융 키워드 없음 — 비금융 추정 (검토 파일 확인),
1-2b 명단 밖 코스피 모회사의 종속,디와이이노베이트주식회사 (510-87-01701),디와이(주),금융 키워드 없음,,비금융 추정 (코드·키워드 없음),코드 없음·금융 키워드 없음 — 비금융 추정 (검토 파일 확인),
1-2b 명단 밖 코스피 모회사의 종속,㈜데이터솔루션,주식회사 아센디오,금융 키워드 없음,,비금융 추정 (코드·키워드 없음),코드 없음·금융 키워드 없음 — 비금융 추정 (검토 파일 확인),
1-2b 명단 밖 코스피 모회사의 종속,㈜에이치월드와이드,주식회사 아센디오,금융 키워드 없음,,비금융 추정 (코드·키워드 없음),코드 없음·금융 키워드 없음 — 비금융 추정 (검토 파일 확인),
1-2b 명단 밖 코스피 모회사의 종속,㈜풍산 FNS,(주)풍산,금융 키워드 없음,,비금융 추정 (코드·키워드 없음),코드 없음·금융 키워드 없음 — 비금융 추정 (검토 파일 확인),
1-2b 명단 밖 코스피 모회사의 종속,(주)구곡조경,(주)LF,금융 키워드 없음,,비금융 추정 (코드·키워드 없음),코드 없음·금융 키워드 없음 — 비금융 추정 (검토 파일 확인),
1-2b 명단 밖 코스피 모회사의 종속,(주)비알케이컴퍼니,(주)LF,금융 키워드 없음,,비금융 추정 (코드·키워드 없음),코드 없음·금융 키워드 없음 — 비금융 추정 (검토 파일 확인),
1-2b 명단 밖 코스피 모회사의 종속,(주)엘에프이앤씨,(주)LF,금융 키워드 없음,,비금융 추정 (코드·키워드 없음),코드 없음·금융 키워드 없음 — 비금융 추정 (검토 파일 확인),
1-2b 명단 밖 코스피 모회사의 종속,(주)영우화스너,(주)벽산,금융업 아님,,금융업 아님 (표준산업분류),표준산업분류 259 — 금융업 아님,259
1-2b 명단 밖 코스피 모회사의 종속,(주)지플랜,(주)벽산,금융업 아님,,금융업 아님 (표준산업분류),표준산업분류 68121 — 금융업 아님,68121
1-2b 명단 밖 코스피 모회사의 종속,(주)벽산 프라퍼티,(주)벽산,금융 키워드 없음,,비금융 추정 (코드·키워드 없음),코드 없음·금융 키워드 없음 — 비금융 추정 (검토 파일 확인),
1-2b 명단 밖 코스피 모회사의 종속,(주)다솔유알,(주)벽산,금융 키워드 없음,,비금융 추정 (코드·키워드 없음),코드 없음·금융 키워드 없음 — 비금융 추정 (검토 파일 확인),
1-2b 명단 밖 코스피 모회사의 종속,㈜디에스리사이클,(주)벽산,금융 키워드 없음,,비금융 추정 (코드·키워드 없음),코드 없음·금융 키워드 없음 — 비금융 추정 (검토 파일 확인),
1-2b 명단 밖 코스피 모회사의 종속,(주)엠오디머티어리얼즈,한국콜마(주),금융업 아님,,금융업 아님 (표준산업분류),표준산업분류 2049 — 금융업 아님,2049
1-2b 명단 밖 코스피 모회사의 종속,(주)연우,한국콜마(주),금융업 아님,,금융업 아님 (표준산업분류),표준산업분류 22232 — 금융업 아님,22232
1-2b 명단 밖 코스피 모회사의 종속,콜마유엑스(주),한국콜마(주),금융업 아님,,금융업 아님 (표준산업분류),표준산업분류 20423 — 금융업 아님,20423
1-2b 명단 밖 코스피 모회사의 종속,(주)LT크루즈홀리데이,롯데관광개발(주),금융 키워드 없음,,비금융 추정 (코드·키워드 없음),코드 없음·금융 키워드 없음 — 비금융 추정 (검토 파일 확인),
1-2b 명단 밖 코스피 모회사의 종속,(주)엘티엔터테인먼트,롯데관광개발(주),금융업 아님,,금융업 아님 (표준산업분류),표준산업분류 91249 — 금융업 아님,91249
1-2b 명단 밖 코스피 모회사의 종속,현대리뉴어블랩주식회사,현대코퍼레이션(주),금융 키워드 없음,,비금융 추정 (코드·키워드 없음),코드 없음·금융 키워드 없음 — 비금융 추정 (검토 파일 확인),
1-2b 명단 밖 코스피 모회사의 종속,현대네비스 주식회사,현대코퍼레이션(주),금융업 아님,,금융업 아님 (표준산업분류),표준산업분류 52992 — 금융업 아님,52992
1-2b 명단 밖 코스피 모회사의 종속,울산GPS(주),SK가스(주),금융 키워드 없음,,비금융 추정 (코드·키워드 없음),코드 없음·금융 키워드 없음 — 비금융 추정 (검토 파일 확인),
1-2b 명단 밖 코스피 모회사의 종속,에코마린퓨얼솔루션,SK가스(주),금융 키워드 없음,,비금융 추정 (코드·키워드 없음),코드 없음·금융 키워드 없음 — 비금융 추정 (검토 파일 확인),
1-2b 명단 밖 코스피 모회사의 종속,(주)제인모터스,(주)디아이씨,금융업 아님,,금융업 아님 (표준산업분류),표준산업분류 30121 — 금융업 아님,30121
1-2b 명단 밖 코스피 모회사의 종속,(주)우진,(주)에이엔피,금융업 아님,,금융업 아님 (표준산업분류),표준산업분류 222 — 금융업 아님,222
1-2b 명단 밖 코스피 모회사의 종속,조선선재온산(주),CS 홀딩스(주),금융업 아님,,금융업 아님 (표준산업분류),표준산업분류 25995 — 금융업 아님,25995
1-2b 명단 밖 코스피 모회사의 종속,씨에스로직스(주),CS 홀딩스(주),금융업 아님,,금융업 아님 (표준산업분류),표준산업분류 2599 — 금융업 아님,2599
1-2b 명단 밖 코스피 모회사의 종속,(주)밸런스웨이,(주)서흥,금융 키워드 없음,,비금융 추정 (코드·키워드 없음),코드 없음·금융 키워드 없음 — 비금융 추정 (검토 파일 확인),
1-2b 명단 밖 코스피 모회사의 종속,(주)서흥헬스케어,(주)서흥,금융업 아님,,금융업 아님 (표준산업분류),표준산업분류 10897 — 금융업 아님,10897
1-2b 명단 밖 코스피 모회사의 종속,남영나이론(주),(주)비비안,금융 키워드 없음,,비금융 추정 (코드·키워드 없음),코드 없음·금융 키워드 없음 — 비금융 추정 (검토 파일 확인),
1-2b 명단 밖 코스피 모회사의 종속,(주)훼미모드,(주)비비안,금융업 아님,,금융업 아님 (표준산업분류),표준산업분류 14120 — 금융업 아님,14120
1-2b 명단 밖 코스피 모회사의 종속,청진이삼자산관리㈜,디엘 주식회사,금융업 아님,,금융업 아님 (표준산업분류),표준산업분류 68212 — 금융업 아님,68212
1-2b 명단 밖 코스피 모회사의 종속,송도파워㈜,디엘 주식회사,금융업 아님,,금융업 아님 (표준산업분류),표준산업분류 35113 — 금융업 아님,35113
1-2b 명단 밖 코스피 모회사의 종속,나이스신용평가(주),(주)NICE홀딩스,금융업 아님,,금융업 아님 (표준산업분류),표준산업분류 6399 — 금융업 아님,6399
1-2b 명단 밖 코스피 모회사의 종속,나이스프라퍼티(주) ),(주)NICE홀딩스,금융 키워드 없음,,비금융 추정 (코드·키워드 없음),코드 없음·금융 키워드 없음 — 비금융 추정 (검토 파일 확인),
1-2b 명단 밖 코스피 모회사의 종속,남광엔케이㈜,남광토건(주),금융 키워드 없음,,비금융 추정 (코드·키워드 없음),코드 없음·금융 키워드 없음 — 비금융 추정 (검토 파일 확인),
1-2b 명단 밖 코스피 모회사의 종속,카본솔루션주식회사,(주)대호에이엘,금융 키워드 없음,,비금융 추정 (코드·키워드 없음),코드 없음·금융 키워드 없음 — 비금융 추정 (검토 파일 확인),
1-2b 명단 밖 코스피 모회사의 종속,(주)대호이노베이션,(주)대호에이엘,금융 키워드 없음,,비금융 추정 (코드·키워드 없음),코드 없음·금융 키워드 없음 — 비금융 추정 (검토 파일 확인),
1-2b 명단 밖 코스피 모회사의 종속,(주)진머티리얼즈,(주)대호에이엘,금융 키워드 없음,,비금융 추정 (코드·키워드 없음),코드 없음·금융 키워드 없음 — 비금융 추정 (검토 파일 확인),
1-2b 명단 밖 코스피 모회사의 종속,(주)대호글로밴스,(주)대호에이엘,금융 키워드 없음,,비금융 추정 (코드·키워드 없음),코드 없음·금융 키워드 없음 — 비금융 추정 (검토 파일 확인),
1-2b 명단 밖 코스피 모회사의 종속,㈜동원에프앤비,동원산업(주),금융 키워드 없음,,비금융 추정 (코드·키워드 없음),코드 없음·금융 키워드 없음 — 비금융 추정 (검토 파일 확인),
1-2b 명단 밖 코스피 모회사의 종속,신송식품㈜,신송홀딩스(주),금융업 아님,,금융업 아님 (표준산업분류),표준산업분류 10833 — 금융업 아님,10833
1-2b 명단 밖 코스피 모회사의 종속,신송산업㈜,신송홀딩스(주),금융업 아님,,금융업 아님 (표준산업분류),표준산업분류 10520 — 금융업 아님,10520
1-2b 명단 밖 코스피 모회사의 종속,성창기업(주),성창기업지주(주),금융업 아님,,금융업 아님 (표준산업분류),표준산업분류 16211 — 금융업 아님,16211
1-2b 명단 밖 코스피 모회사의 종속,성창보드(주),성창기업지주(주),금융업 아님,,금융업 아님 (표준산업분류),표준산업분류 16212 — 금융업 아님,16212
1-2b 명단 밖 코스피 모회사의 종속,지씨테크(주),성창기업지주(주),금융업 아님,,금융업 아님 (표준산업분류),표준산업분류 25114 — 금융업 아님,25114
1-2b 명단 밖 코스피 모회사의 종속,지씨글로벌(주),성창기업지주(주),금융업 아님,,금융업 아님 (표준산업분류),표준산업분류 46611 — 금융업 아님,46611
1-2b 명단 밖 코스피 모회사의 종속,성창디벨로퍼스(주),성창기업지주(주),금융 키워드 없음,,비금융 추정 (코드·키워드 없음),코드 없음·금융 키워드 없음 — 비금융 추정 (검토 파일 확인),
1-2b 명단 밖 코스피 모회사의 종속,봉림금속(주),대창단조(주),금융업 아님,,금융업 아님 (표준산업분류),표준산업분류 3020 — 금융업 아님,3020
1-2b 명단 밖 코스피 모회사의 종속,일광이앤씨(주),한국내화(주),금융업 아님,,금융업 아님 (표준산업분류),표준산업분류 41121 — 금융업 아님,41121
1-2b 명단 밖 코스피 모회사의 종속,(주)코리아에어텍,대한유화(주),금융업 아님,,금융업 아님 (표준산업분류),표준산업분류 20122 — 금융업 아님,20122
1-2b 명단 밖 코스피 모회사의 종속,(주)유한화학,(주)유한양행,금융업 아님,,금융업 아님 (표준산업분류),표준산업분류 21100 — 금융업 아님,21100
1-2b 명단 밖 코스피 모회사의 종속,한섬파리,(주)한섬,금융 키워드 없음,,비금융 추정 (코드·키워드 없음),코드 없음·금융 키워드 없음 — 비금융 추정 (검토 파일 확인),
1-2b 명단 밖 코스피 모회사의 종속,금호폴리켐(주),금호석유화학(주),금융업 아님,,금융업 아님 (표준산업분류),표준산업분류 20201 — 금융업 아님,20201
1-2b 명단 밖 코스피 모회사의 종속,케이앤에이치특수가스㈜,금호석유화학(주),금융업 아님,,금융업 아님 (표준산업분류),표준산업분류 20122 — 금융업 아님,20122
1-2b 명단 밖 코스피 모회사의 종속,금호피앤비화학(주),금호석유화학(주),금융업 아님,,금융업 아님 (표준산업분류),표준산업분류 20119 — 금융업 아님,20119
1-2b 명단 밖 코스피 모회사의 종속,금호티앤엘㈜,금호석유화학(주),금융업 아님,,금융업 아님 (표준산업분류),표준산업분류 52942 — 금융업 아님,52942
1-2b 명단 밖 코스피 모회사의 종속,지타워플러스㈜,넷마블(주),금융업 아님,,금융업 아님 (표준산업분류),표준산업분류 46464 — 금융업 아님,46464
1-2b 명단 밖 코스피 모회사의 종속,마브렉스㈜,넷마블(주),금융업 아님,,금융업 아님 (표준산업분류),표준산업분류 62 — 금융업 아님,62
1-2b 명단 밖 코스피 모회사의 종속,(주)유한메디카,(주)유한양행,금융업 아님,,금융업 아님 (표준산업분류),표준산업분류 46329 — 금융업 아님,46329
1-2b 명단 밖 코스피 모회사의 종속,(주)우신세이프티시스템,(주)우신시스템,금융업 아님,,금융업 아님 (표준산업분류),표준산업분류 30 — 금융업 아님,30
1-2b 명단 밖 코스피 모회사의 종속,(주)에이에프에프씨,(주)우신시스템,금융업 아님,,금융업 아님 (표준산업분류),표준산업분류 30 — 금융업 아님,30
1-2b 명단 밖 코스피 모회사의 종속,인도우신엔지니어링,(주)우신시스템,금융 키워드 없음,,비금융 추정 (코드·키워드 없음),코드 없음·금융 키워드 없음 — 비금융 추정 (검토 파일 확인),
1-2b 명단 밖 코스피 모회사의 종속,㈜디아이머티리얼즈,(주)디아이,금융업 아님,,금융업 아님 (표준산업분류),표준산업분류 2629 — 금융업 아님,2629
1-2b 명단 밖 코스피 모회사의 종속,GS에너지,(주)GS,지주회사,,지주·기금 (금융지주 아님),지주회사(64992) — 사업 자회사를 묶는 중간지주·기금,64992
1-2b 명단 밖 코스피 모회사의 종속,가산,광동제약(주),금융 키워드 없음,,비금융 추정 (코드·키워드 없음),코드 없음·금융 키워드 없음 — 비금융 추정 (검토 파일 확인),
1-2b 명단 밖 코스피 모회사의 종속,케이아이비수소에너지,디케이엠이(주),금융 키워드 없음,,비금융 추정 (코드·키워드 없음),코드 없음·금융 키워드 없음 — 비금융 추정 (검토 파일 확인),
1-2b 명단 밖 코스피 모회사의 종속,케이아이비울산수소발전,디케이엠이(주),금융 키워드 없음,,비금융 추정 (코드·키워드 없음),코드 없음·금융 키워드 없음 — 비금융 추정 (검토 파일 확인),
1-2b 명단 밖 코스피 모회사의 종속,케이아이비목포수소발전,디케이엠이(주),금융 키워드 없음,,비금융 추정 (코드·키워드 없음),코드 없음·금융 키워드 없음 — 비금융 추정 (검토 파일 확인),
1-2b 명단 밖 코스피 모회사의 종속,글래드호텔앤리조트㈜,디엘 주식회사,금융업 아님,,금융업 아님 (표준산업분류),표준산업분류 55101 — 금융업 아님,55101
1-2b 명단 밖 코스피 모회사의 종속,DL모터스㈜,디엘 주식회사,금융업 아님,,금융업 아님 (표준산업분류),표준산업분류 30331 — 금융업 아님,30331
1-2b 명단 밖 코스피 모회사의 종속,GS스포츠,(주)GS,금융업 아님,,금융업 아님 (표준산업분류),표준산업분류 91191 — 금융업 아님,91191
1-2b 명단 밖 코스피 모회사의 종속,동아출판(주),한세예스24홀딩스(주),금융업 아님,,금융업 아님 (표준산업분류),표준산업분류 58 — 금융업 아님,58
1-2b 명단 밖 코스피 모회사의 종속,(주)모두락,(주)제주항공,금융업 아님,,금융업 아님 (표준산업분류),표준산업분류 7599 — 금융업 아님,7599
1-2b 명단 밖 코스피 모회사의 종속,(주)제이에이에스,(주)제주항공,금융업 아님,,금융업 아님 (표준산업분류),표준산업분류 52939 — 금융업 아님,52939
1-2b 명단 밖 코스피 모회사의 종속,에이케이아이에스(주),(주)제주항공,금융업 아님,,금융업 아님 (표준산업분류),표준산업분류 6202 — 금융업 아님,6202
1-2b 명단 밖 코스피 모회사의 종속,(주)디앤오,(주)LG,금융업 아님,,금융업 아님 (표준산업분류),표준산업분류 68112 — 금융업 아님,68112
1-2b 명단 밖 코스피 모회사의 종속,(주)엘지경영개발원,(주)LG,금융업 아님,,금융업 아님 (표준산업분류),표준산업분류 70201 — 금융업 아님,70201
1-2b 명단 밖 코스피 모회사의 종속,(주)엘지스포츠,(주)LG,금융업 아님,,금융업 아님 (표준산업분류),표준산업분류 91191 — 금융업 아님,91191
1-2b 명단 밖 코스피 모회사의 종속,에코이앤오㈜,(주)한화,금융업 아님,,금융업 아님 (표준산업분류),표준산업분류 37011 — 금융업 아님,37011
1-2b 명단 밖 코스피 모회사의 종속,㈜에이치씨앤디,(주)한화,금융업 아님,,금융업 아님 (표준산업분류),표준산업분류 68121 — 금융업 아님,68121
1-2b 명단 밖 코스피 모회사의 종속,한화모멘텀 주식회사,(주)한화,금융업 아님,,금융업 아님 (표준산업분류),표준산업분류 29299 — 금융업 아님,29299
1-2b 명단 밖 코스피 모회사의 종속,㈜행복마루,(주)엘지씨엔에스,금융업 아님,,금융업 아님 (표준산업분류),표준산업분류 74211 — 금융업 아님,74211
1-2b 명단 밖 코스피 모회사의 종속,아이지에스㈜,넷마블(주),금융업 아님,,금융업 아님 (표준산업분류),표준산업분류 5821 — 금융업 아님,5821
1-2b 명단 밖 코스피 모회사의 종속,엔탑자산관리㈜,넷마블(주),금융업 아님,,금융업 아님 (표준산업분류),표준산업분류 74100 — 금융업 아님,74100
1-2b 명단 밖 코스피 모회사의 종속,엠엔비㈜,넷마블(주),금융업 아님,,금융업 아님 (표준산업분류),표준산업분류 71310 — 금융업 아님,71310
1-2b 명단 밖 코스피 모회사의 종속,㈜심팩글로벌 창원,(주)SIMPAC,금융 키워드 없음,,비금융 추정 (코드·키워드 없음),코드 없음·금융 키워드 없음 — 비금융 추정 (검토 파일 확인),
1-2b 명단 밖 코스피 모회사의 종속,㈜화성에코,(주)SIMPAC,금융 키워드 없음,,비금융 추정 (코드·키워드 없음),코드 없음·금융 키워드 없음 — 비금융 추정 (검토 파일 확인),
1-2b 명단 밖 코스피 모회사의 종속,(주)심팩프로퍼티스,(주)SIMPAC,금융 키워드 없음,,비금융 추정 (코드·키워드 없음),코드 없음·금융 키워드 없음 — 비금융 추정 (검토 파일 확인),
1-2b 명단 밖 코스피 모회사의 종속,(주)유엘개발,(주)SIMPAC,금융업 아님,,금융업 아님 (표준산업분류),표준산업분류 68122 — 금융업 아님,68122
1-2b 명단 밖 코스피 모회사의 종속,㈜두루가온누리,(주)SIMPAC,금융 키워드 없음,,비금융 추정 (코드·키워드 없음),코드 없음·금융 키워드 없음 — 비금융 추정 (검토 파일 확인),
1-2b 명단 밖 코스피 모회사의 종속,㈜심팩글로벌,(주)SIMPAC,금융업 아님,,금융업 아님 (표준산업분류),표준산업분류 46791 — 금융업 아님,46791
1-2b 명단 밖 코스피 모회사의 종속,㈜베데야,(주)SIMPAC,금융 키워드 없음,,비금융 추정 (코드·키워드 없음),코드 없음·금융 키워드 없음 — 비금융 추정 (검토 파일 확인),
1-2b 명단 밖 코스피 모회사의 종속,㈜엔에스파트너스,디엘이앤씨 주식회사,금융업 아님,,금융업 아님 (표준산업분류),표준산업분류 68122 — 금융업 아님,68122
1-2b 명단 밖 코스피 모회사의 종속,하이드로텍(주),(주)대동,금융업 아님,,금융업 아님 (표준산업분류),표준산업분류 29120 — 금융업 아님,29120
1-2b 명단 밖 코스피 모회사의 종속,(주)제주대동,(주)대동,금융업 아님,,금융업 아님 (표준산업분류),표준산업분류 68129 — 금융업 아님,68129
1-2b 명단 밖 코스피 모회사의 종속,(주)에스피앤씨,에스피삼화(주),금융업 아님,,금융업 아님 (표준산업분류),표준산업분류 20421 — 금융업 아님,20421
1-2b 명단 밖 코스피 모회사의 종속,삼화리얼티(주),에스피삼화(주),금융 키워드 없음,,비금융 추정 (코드·키워드 없음),코드 없음·금융 키워드 없음 — 비금융 추정 (검토 파일 확인),
1-2b 명단 밖 코스피 모회사의 종속,(주)에스엠투네트웍스,에스피삼화(주),금융 키워드 없음,,비금융 추정 (코드·키워드 없음),코드 없음·금융 키워드 없음 — 비금융 추정 (검토 파일 확인),
1-2b 명단 밖 코스피 모회사의 종속,(주)삼화로지텍,에스피삼화(주),금융 키워드 없음,,비금융 추정 (코드·키워드 없음),코드 없음·금융 키워드 없음 — 비금융 추정 (검토 파일 확인),
1-2b 명단 밖 코스피 모회사의 종속,홈앤톤즈(주),에스피삼화(주),금융 키워드 없음,,비금융 추정 (코드·키워드 없음),코드 없음·금융 키워드 없음 — 비금융 추정 (검토 파일 확인),
1-2b 명단 밖 코스피 모회사의 종속,(주)큐브테크,(주)다이나믹디자인,금융 키워드 없음,,비금융 추정 (코드·키워드 없음),코드 없음·금융 키워드 없음 — 비금융 추정 (검토 파일 확인),
1-2b 명단 밖 코스피 모회사의 종속,현대엘리베이터설치㈜,현대엘리베이터(주),금융 키워드 없음,,비금융 추정 (코드·키워드 없음),코드 없음·금융 키워드 없음 — 비금융 추정 (검토 파일 확인),
1-2b 명단 밖 코스피 모회사의 종속,블룸비스타호텔앤컨퍼런스㈜,현대엘리베이터(주),금융업 아님,,금융업 아님 (표준산업분류),표준산업분류 68129 — 금융업 아님,68129
1-2b 명단 밖 코스피 모회사의 종속,현대엘앤알,현대엘리베이터(주),금융업 아님,,금융업 아님 (표준산업분류),표준산업분류 6822 — 금융업 아님,6822
1-2b 명단 밖 코스피 모회사의 종속,(주)루미오토텍,(주)금호에이치티,금융 키워드 없음,,비금융 추정 (코드·키워드 없음),코드 없음·금융 키워드 없음 — 비금융 추정 (검토 파일 확인),
1-2b 명단 밖 코스피 모회사의 종속,(주)한수팩,한국수출포장공업(주),금융 키워드 없음,,비금융 추정 (코드·키워드 없음),코드 없음·금융 키워드 없음 — 비금융 추정 (검토 파일 확인),
1-2b 명단 밖 코스피 모회사의 종속,㈜사조C&C,(주)사조대림,금융 키워드 없음,,비금융 추정 (코드·키워드 없음),코드 없음·금융 키워드 없음 — 비금융 추정 (검토 파일 확인),
1-2b 명단 밖 코스피 모회사의 종속,㈜삼아벤처,(주)사조대림,금융업 아님,,금융업 아님 (표준산업분류),표준산업분류 10832 — 금융업 아님,10832
1-2b 명단 밖 코스피 모회사의 종속,코웨이엔텍(주),코웨이(주),금융업 아님,,금융업 아님 (표준산업분류),표준산업분류 41224 — 금융업 아님,41224
1-2b 명단 밖 코스피 모회사의 종속,비렉스테크(주),코웨이(주),금융업 아님,,금융업 아님 (표준산업분류),표준산업분류 32011 — 금융업 아님,32011
1-2b 명단 밖 코스피 모회사의 종속,힐러비㈜,코웨이(주),금융업 아님,,금융업 아님 (표준산업분류),표준산업분류 46443 — 금융업 아님,46443
1-2b 명단 밖 코스피 모회사의 종속,코웨이라이프솔루션㈜,코웨이(주),금융업 아님,,금융업 아님 (표준산업분류),표준산업분류 4610 — 금융업 아님,4610
1-2b 명단 밖 코스피 모회사의 종속,코웨이갤러리(주),코웨이(주),금융업 아님,,금융업 아님 (표준산업분류),표준산업분류 47320 — 금융업 아님,47320
1-2b 명단 밖 코스피 모회사의 종속,포천맑은물(주),코웨이(주),금융업 아님,,금융업 아님 (표준산업분류),표준산업분류 36020 — 금융업 아님,36020
1-2b 명단 밖 코스피 모회사의 종속,미추홀맑은물(주),코웨이(주),금융업 아님,,금융업 아님 (표준산업분류),표준산업분류 36 — 금융업 아님,36
1-2b 명단 밖 코스피 모회사의 종속,심팩인더스트리,(주)SIMPAC,금융업 아님,,금융업 아님 (표준산업분류),표준산업분류 29230 — 금융업 아님,29230
1-2b 명단 밖 코스피 모회사의 종속,㈜심팩아뜰리에,(주)SIMPAC,금융 키워드 없음,,비금융 추정 (코드·키워드 없음),코드 없음·금융 키워드 없음 — 비금융 추정 (검토 파일 확인),
1-2b 명단 밖 코스피 모회사의 종속,군포희망에너지(주),다스코(주),금융 키워드 없음,,비금융 추정 (코드·키워드 없음),코드 없음·금융 키워드 없음 — 비금융 추정 (검토 파일 확인),
1-2b 명단 밖 코스피 모회사의 종속,동아에스지(주),다스코(주),금융 키워드 없음,,비금융 추정 (코드·키워드 없음),코드 없음·금융 키워드 없음 — 비금융 추정 (검토 파일 확인),
1-2b 명단 밖 코스피 모회사의 종속,(유)퍼플신안태양광,다스코(주),금융 키워드 없음,,비금융 추정 (코드·키워드 없음),코드 없음·금융 키워드 없음 — 비금융 추정 (검토 파일 확인),
1-2b 명단 밖 코스피 모회사의 종속,디에스파트너스(주),다스코(주),금융업 아님,,금융업 아님 (표준산업분류),표준산업분류 68122 — 금융업 아님,68122
1-2b 명단 밖 코스피 모회사의 종속,(주)영암나눔태양광,다스코(주),금융 키워드 없음,,비금융 추정 (코드·키워드 없음),코드 없음·금융 키워드 없음 — 비금융 추정 (검토 파일 확인),
1-2b 명단 밖 코스피 모회사의 종속,엔에이치엔위투㈜,엔에이치엔(주),금융업 아님,,금융업 아님 (표준산업분류),표준산업분류 4791 — 금융업 아님,4791
1-2b 명단 밖 코스피 모회사의 종속,㈜엔에이치엔데이터,엔에이치엔(주),금융 키워드 없음,,비금융 추정 (코드·키워드 없음),코드 없음·금융 키워드 없음 — 비금융 추정 (검토 파일 확인),
1-2b 명단 밖 코스피 모회사의 종속,엔에이치엔두레이㈜,엔에이치엔(주),금융업 아님,,금융업 아님 (표준산업분류),표준산업분류 63120 — 금융업 아님,63120
1-2b 명단 밖 코스피 모회사의 종속,엔에이치엔아카데미㈜,엔에이치엔(주),금융 키워드 없음,,비금융 추정 (코드·키워드 없음),코드 없음·금융 키워드 없음 — 비금융 추정 (검토 파일 확인),
1-2b 명단 밖 코스피 모회사의 종속,㈜엔에이치엔에이스,엔에이치엔(주),금융 키워드 없음,,비금융 추정 (코드·키워드 없음),코드 없음·금융 키워드 없음 — 비금융 추정 (검토 파일 확인),
1-2b 명단 밖 코스피 모회사의 종속,엔에이치엔서비스㈜,엔에이치엔(주),금융업 아님,,금융업 아님 (표준산업분류),표준산업분류 63120 — 금융업 아님,63120
1-2b 명단 밖 코스피 모회사의 종속,㈜황진이,차AI헬스케어(주),금융 키워드 없음,,비금융 추정 (코드·키워드 없음),코드 없음·금융 키워드 없음 — 비금융 추정 (검토 파일 확인),
1-2b 명단 밖 코스피 모회사의 종속,DL건설㈜,디엘이앤씨 주식회사,금융 키워드 없음,,비금융 추정 (코드·키워드 없음),코드 없음·금융 키워드 없음 — 비금융 추정 (검토 파일 확인),
1-2b 명단 밖 코스피 모회사의 종속,현대엘리베이터서비스㈜,현대엘리베이터(주),금융업 아님,,금융업 아님 (표준산업분류),표준산업분류 42202 — 금융업 아님,42202
1-2b 명단 밖 코스피 모회사의 종속,엔에이치엔링크㈜,엔에이치엔(주),금융업 아님,,금융업 아님 (표준산업분류),표준산업분류 63120 — 금융업 아님,63120
1-2b 명단 밖 코스피 모회사의 종속,다스코개발㈜,다스코(주),금융 키워드 없음,,비금융 추정 (코드·키워드 없음),코드 없음·금융 키워드 없음 — 비금융 추정 (검토 파일 확인),
1-2b 명단 밖 코스피 모회사의 종속,에코솔라에너지㈜,다스코(주),금융 키워드 없음,,비금융 추정 (코드·키워드 없음),코드 없음·금융 키워드 없음 — 비금융 추정 (검토 파일 확인),
1-2b 명단 밖 코스피 모회사의 종속,디에스솔라㈜,다스코(주),금융 키워드 없음,,비금융 추정 (코드·키워드 없음),코드 없음·금융 키워드 없음 — 비금융 추정 (검토 파일 확인),
1-2b 명단 밖 코스피 모회사의 종속,다스코산업㈜,다스코(주),금융 키워드 없음,,비금융 추정 (코드·키워드 없음),코드 없음·금융 키워드 없음 — 비금융 추정 (검토 파일 확인),
1-2b 명단 밖 코스피 모회사의 종속,동아쏠라(유),다스코(주),금융 키워드 없음,,비금융 추정 (코드·키워드 없음),코드 없음·금융 키워드 없음 — 비금융 추정 (검토 파일 확인),
1-2b 명단 밖 코스피 모회사의 종속,㈜디에스피씨알,주식회사 디에스단석,금융업 아님,,금융업 아님 (표준산업분류),표준산업분류 20131 — 금융업 아님,20131
1-2b 명단 밖 코스피 모회사의 종속,단석말레이시아,주식회사 디에스단석,금융 키워드 없음,,비금융 추정 (코드·키워드 없음),코드 없음·금융 키워드 없음 — 비금융 추정 (검토 파일 확인),
1-2b 명단 밖 코스피 모회사의 종속,하이브 주식회사,주식회사 디에스단석,금융업 아님,,금융업 아님 (표준산업분류),표준산업분류 592 — 금융업 아님,592
1-2b 명단 밖 코스피 모회사의 종속,*오토메탈글로벌,한국무브넥스(주),금융 키워드 없음,,비금융 추정 (코드·키워드 없음),코드 없음·금융 키워드 없음 — 비금융 추정 (검토 파일 확인),
1-2b 명단 밖 코스피 모회사의 종속,(유)사조씨피케이,(주)사조대림,금융업 아님,,금융업 아님 (표준산업분류),표준산업분류 10520 — 금융업 아님,10520
1-2b 명단 밖 코스피 모회사의 종속,C.V.T (해외 비상장),(주)SG글로벌,금융 키워드 없음,,비금융 추정 (코드·키워드 없음),코드 없음·금융 키워드 없음 — 비금융 추정 (검토 파일 확인),
1-2b 명단 밖 코스피 모회사의 종속,SGEV(해외 비상장),(주)SG글로벌,금융 키워드 없음,,비금융 추정 (코드·키워드 없음),코드 없음·금융 키워드 없음 — 비금융 추정 (검토 파일 확인),
1-2b 명단 밖 코스피 모회사의 종속,KPX개발㈜,KPX홀딩스(주),금융업 아님,,금융업 아님 (표준산업분류),표준산업분류 68112 — 금융업 아님,68112
1-2b 명단 밖 코스피 모회사의 종속,케이피엑스글로벌㈜,KPX홀딩스(주),금융업 아님,,금융업 아님 (표준산업분류),표준산업분류 521 — 금융업 아님,521
1-2b 명단 밖 코스피 모회사의 종속,㈜대영섬유,주식회사 화승엔터프라이즈,금융업 아님,,금융업 아님 (표준산업분류),표준산업분류 15220 — 금융업 아님,15220
1-2b 명단 밖 코스피 모회사의 종속,이수건설(주),(주)이수화학                             ,금융업 아님,,금융업 아님 (표준산업분류),표준산업분류 41112 — 금융업 아님,41112
1-2b 명단 밖 코스피 모회사의 종속,(주)지엠티홀딩스,(주)디엔오토모티브,지주회사,,지주·기금 (금융지주 아님),지주회사(64992) — 사업 자회사를 묶는 중간지주·기금,64992
1-2b 명단 밖 코스피 모회사의 종속,디앤디인베스트먼트㈜,SK디앤디(주),금융업 아님,,금융업 아님 (표준산업분류),표준산업분류 68 — 금융업 아님,68
1-2b 명단 밖 코스피 모회사의 종속,(주)코어테크놀로지,(주)아모레퍼시픽,금융업 아님,,금융업 아님 (표준산업분류),표준산업분류 2919 — 금융업 아님,2919
1-2b 명단 밖 코스피 모회사의 종속,(주)코스비전,(주)아모레퍼시픽,금융업 아님,,금융업 아님 (표준산업분류),표준산업분류 20423 — 금융업 아님,20423
1-2b 명단 밖 코스피 모회사의 종속,(주)위드림,(주)아모레퍼시픽,금융업 아님,,금융업 아님 (표준산업분류),표준산업분류 7599 — 금융업 아님,7599
1-2b 명단 밖 코스피 모회사의 종속,롯데에코월㈜,롯데에너지머티리얼즈(주),금융업 아님,,금융업 아님 (표준산업분류),표준산업분류 4242 — 금융업 아님,4242
1-2b 명단 밖 코스피 모회사의 종속,롯데테크㈜,롯데에너지머티리얼즈(주),금융업 아님,,금융업 아님 (표준산업분류),표준산업분류 41 — 금융업 아님,41
1-2b 명단 밖 코스피 모회사의 종속,롯데이엠글로벌㈜,롯데에너지머티리얼즈(주),금융업 아님,,금융업 아님 (표준산업분류),표준산업분류 71600 — 금융업 아님,71600
1-2b 명단 밖 코스피 모회사의 종속,㈜더블유제이라이프홀딩스,(주)웅진,금융업 아님,,금융업 아님 (표준산업분류),표준산업분류 7599 — 금융업 아님,7599
1-2b 명단 밖 코스피 모회사의 종속,(주)씨티알에코포징,(주)씨티알모빌리티,금융업 아님,,금융업 아님 (표준산업분류),표준산업분류 30399 — 금융업 아님,30399
1-2b 명단 밖 코스피 모회사의 종속,㈜성림쓰리에이통상,주식회사 더본코리아,금융업 아님,,금융업 아님 (표준산업분류),표준산업분류 101 — 금융업 아님,101
1-2b 명단 밖 코스피 모회사의 종속,㈜쿡솔루션,주식회사 더본코리아,금융 키워드 없음,,비금융 추정 (코드·키워드 없음),코드 없음·금융 키워드 없음 — 비금융 추정 (검토 파일 확인),
1-2b 명단 밖 코스피 모회사의 종속,㈜디에스아이시스템,주식회사 더본코리아,금융 키워드 없음,,비금융 추정 (코드·키워드 없음),코드 없음·금융 키워드 없음 — 비금융 추정 (검토 파일 확인),
1-2b 명단 밖 코스피 모회사의 종속,㈜티엠씨엔터,주식회사 더본코리아,금융 키워드 없음,,비금융 추정 (코드·키워드 없음),코드 없음·금융 키워드 없음 — 비금융 추정 (검토 파일 확인),
1-2b 명단 밖 코스피 모회사의 종속,㈜ 아름누리,(주)엘지에너지솔루션,금융업 아님,,금융업 아님 (표준산업분류),표준산업분류 7421 — 금융업 아님,7421
1-2b 명단 밖 코스피 모회사의 종속,대성쎌틱에너시스(주),대성산업(주),금융업 아님,,금융업 아님 (표준산업분류),표준산업분류 25121 — 금융업 아님,25121
1-2b 명단 밖 코스피 모회사의 종속,대성히트에너시스(주),대성산업(주),금융업 아님,,금융업 아님 (표준산업분류),표준산업분류 46621 — 금융업 아님,46621
1-2b 명단 밖 코스피 모회사의 종속,대성물류건설(주),대성산업(주),금융업 아님,,금융업 아님 (표준산업분류),표준산업분류 7512 — 금융업 아님,7512
1-2b 명단 밖 코스피 모회사의 종속,(주)대성아트센터,대성산업(주),금융업 아님,,금융업 아님 (표준산업분류),표준산업분류 71310 — 금융업 아님,71310
1-2b 명단 밖 코스피 모회사의 종속,대성계전(주),대성산업(주),금융업 아님,,금융업 아님 (표준산업분류),표준산업분류 62021 — 금융업 아님,62021
1-2b 명단 밖 코스피 모회사의 종속,(주)가하이엠씨,대성산업(주),금융업 아님,,금융업 아님 (표준산업분류),표준산업분류 28520 — 금융업 아님,28520
1-2b 명단 밖 코스피 모회사의 종속,문경새재관광(주),대성산업(주),금융업 아님,,금융업 아님 (표준산업분류),표준산업분류 02040 — 금융업 아님,02040
1-2b 명단 밖 코스피 모회사의 종속,삼양로지스틱스(주),삼양식품(주),금융업 아님,,금융업 아님 (표준산업분류),표준산업분류 49301 — 금융업 아님,49301
1-2b 명단 밖 코스피 모회사의 종속,삼양라운드어스(주),삼양식품(주),금융 키워드 없음,,비금융 추정 (코드·키워드 없음),코드 없음·금융 키워드 없음 — 비금융 추정 (검토 파일 확인),
1-2b 명단 밖 코스피 모회사의 종속,삼양제분(주),삼양식품(주),금융업 아님,,금융업 아님 (표준산업분류),표준산업분류 10512 — 금융업 아님,10512
1-2b 명단 밖 코스피 모회사의 종속,SNT AMT(주),SNT다이내믹스(주),금융업 아님,,금융업 아님 (표준산업분류),표준산업분류 30 — 금융업 아님,30
1-2b 명단 밖 코스피 모회사의 종속,㈜칼리버스,롯데이노베이트(주),금융업 아님,,금융업 아님 (표준산업분류),표준산업분류 582 — 금융업 아님,582
1-2b 명단 밖 코스피 모회사의 종속,(주)성안 당진머티리얼스,(주)우성머티리얼스,금융 키워드 없음,,비금융 추정 (코드·키워드 없음),코드 없음·금융 키워드 없음 — 비금융 추정 (검토 파일 확인),
1-2b 명단 밖 코스피 모회사의 종속,㈜대한위드엔젤스,대한조선 주식회사,금융 키워드 없음,,비금융 추정 (코드·키워드 없음),코드 없음·금융 키워드 없음 — 비금융 추정 (검토 파일 확인),
1-2b 명단 밖 코스피 모회사의 종속,㈜해남화원산업단지개발,대한조선 주식회사,금융 키워드 없음,,비금융 추정 (코드·키워드 없음),코드 없음·금융 키워드 없음 — 비금융 추정 (검토 파일 확인),
1-2b 명단 밖 코스피 모회사의 종속,㈜한국컴피티션,한국앤컴퍼니(주),금융업 아님,,금융업 아님 (표준산업분류),표준산업분류 91199 — 금융업 아님,91199
1-2b 명단 밖 코스피 모회사의 종속,한국카앤라이프㈜,한국앤컴퍼니(주),금융업 아님,,금융업 아님 (표준산업분류),표준산업분류 4521 — 금융업 아님,4521
1-2b 명단 밖 코스피 모회사의 종속,한국앤컴퍼니벤처스㈜,한국앤컴퍼니(주),금융업 아님,,금융업 아님 (표준산업분류),표준산업분류 71531 — 금융업 아님,71531
1-2b 명단 밖 코스피 모회사의 종속,(주)포스에스엠,팬오션(주),금융업 아님,,금융업 아님 (표준산업분류),표준산업분류 50 — 금융업 아님,50
1-2b 명단 밖 코스피 모회사의 종속,에이치엠엠오션서비스㈜,에이치엠엠(주) ,금융업 아님,,금융업 아님 (표준산업분류),표준산업분류 5292 — 금융업 아님,5292
1-2b 명단 밖 코스피 모회사의 종속,우진에너지일호(주),(주)도화엔지니어링,금융 키워드 없음,,비금융 추정 (코드·키워드 없음),코드 없음·금융 키워드 없음 — 비금융 추정 (검토 파일 확인),
1-2b 명단 밖 코스피 모회사의 종속,우진에너지삼호(주),(주)도화엔지니어링,금융 키워드 없음,,비금융 추정 (코드·키워드 없음),코드 없음·금융 키워드 없음 — 비금융 추정 (검토 파일 확인),
1-2b 명단 밖 코스피 모회사의 종속,진양에너지 유틸리티,(주)진양홀딩스,금융업 아님,,금융업 아님 (표준산업분류),표준산업분류 30320 — 금융업 아님,30320
1-2b 명단 밖 코스피 모회사의 종속,진양AMC,(주)진양홀딩스,금융업 아님,,금융업 아님 (표준산업분류),표준산업분류 68112 — 금융업 아님,68112
1-2b 명단 밖 코스피 모회사의 종속,진양물산,(주)진양홀딩스,금융업 아님,,금융업 아님 (표준산업분류),표준산업분류 68112 — 금융업 아님,68112
1-2b 명단 밖 코스피 모회사의 종속,엠씨넥스VINA,(주)엠씨넥스,금융 키워드 없음,,비금융 추정 (코드·키워드 없음),코드 없음·금융 키워드 없음 — 비금융 추정 (검토 파일 확인),
1-2b 명단 밖 코스피 모회사의 종속,㈜아이알엠,롯데에너지머티리얼즈(주),금융업 아님,,금융업 아님 (표준산업분류),표준산업분류 259 — 금융업 아님,259
1-2b 명단 밖 코스피 모회사의 종속,충주보라매,금호건설(주),금융업 아님,,금융업 아님 (표준산업분류),표준산업분류 68111 — 금융업 아님,68111
1-2b 명단 밖 코스피 모회사의 종속,금호에이엠씨,금호건설(주),금융업 아님,,금융업 아님 (표준산업분류),표준산업분류 68211 — 금융업 아님,68211
1-2b 명단 밖 코스피 모회사의 종속,대성씨앤에스(주),대성산업(주),금융업 아님,,금융업 아님 (표준산업분류),표준산업분류 2049 — 금융업 아님,2049
1-2b 명단 밖 코스피 모회사의 종속,디큐브냉열,대성산업(주),금융 키워드 없음,,비금융 추정 (코드·키워드 없음),코드 없음·금융 키워드 없음 — 비금융 추정 (검토 파일 확인),
1-2b 명단 밖 코스피 모회사의 종속,㈜두산베어스,(주)두산,금융업 아님,,금융업 아님 (표준산업분류),표준산업분류 91191 — 금융업 아님,91191
1-2b 명단 밖 코스피 모회사의 종속,두산경영연구원㈜,(주)두산,금융업 아님,,금융업 아님 (표준산업분류),표준산업분류 85709 — 금융업 아님,85709
1-2b 명단 밖 코스피 모회사의 종속,엠씨넥스에프앤비,(주)엠씨넥스,금융 키워드 없음,,비금융 추정 (코드·키워드 없음),코드 없음·금융 키워드 없음 — 비금융 추정 (검토 파일 확인),
1-2b 명단 밖 코스피 모회사의 종속,KC안전기술㈜,케이씨그린홀딩스(주),금융 키워드 없음,,비금융 추정 (코드·키워드 없음),코드 없음·금융 키워드 없음 — 비금융 추정 (검토 파일 확인),
1-2b 명단 밖 코스피 모회사의 종속,디앤엘코퍼레이션㈜,케이씨그린홀딩스(주),금융 키워드 없음,,비금융 추정 (코드·키워드 없음),코드 없음·금융 키워드 없음 — 비금융 추정 (검토 파일 확인),
1-2b 명단 밖 코스피 모회사의 종속,KC환경개발㈜,케이씨그린홀딩스(주),금융 키워드 없음,,비금융 추정 (코드·키워드 없음),코드 없음·금융 키워드 없음 — 비금융 추정 (검토 파일 확인),
1-2b 명단 밖 코스피 모회사의 종속,KC바이오칩㈜,케이씨그린홀딩스(주),금융 키워드 없음,,비금융 추정 (코드·키워드 없음),코드 없음·금융 키워드 없음 — 비금융 추정 (검토 파일 확인),
1-2b 명단 밖 코스피 모회사의 종속,KC그린에너지㈜,케이씨그린홀딩스(주),금융 키워드 없음,,비금융 추정 (코드·키워드 없음),코드 없음·금융 키워드 없음 — 비금융 추정 (검토 파일 확인),
1-2b 명단 밖 코스피 모회사의 종속,KC건설㈜,케이씨그린홀딩스(주),금융 키워드 없음,,비금융 추정 (코드·키워드 없음),코드 없음·금융 키워드 없음 — 비금융 추정 (검토 파일 확인),
1-2b 명단 밖 코스피 모회사의 종속,KC솔라앤에너지㈜,케이씨그린홀딩스(주),금융 키워드 없음,,비금융 추정 (코드·키워드 없음),코드 없음·금융 키워드 없음 — 비금융 추정 (검토 파일 확인),
1-2b 명단 밖 코스피 모회사의 종속,삼성다이나에이치백,삼성공조(주),금융업 아님,,금융업 아님 (표준산업분류),표준산업분류 29172 — 금융업 아님,29172
1-2b 명단 밖 코스피 모회사의 종속,두산로지스틱스솔루션㈜,(주)두산,금융업 아님,,금융업 아님 (표준산업분류),표준산업분류 62021 — 금융업 아님,62021
1-2b 명단 밖 코스피 모회사의 종속,두산포트폴리오홀딩스㈜,(주)두산,금융업 아님,,금융업 아님 (표준산업분류),표준산업분류 7151 — 금융업 아님,7151
1-2b 명단 밖 코스피 모회사의 종속,케이알 트레이딩,KR모터스(주),금융 키워드 없음,,비금융 추정 (코드·키워드 없음),코드 없음·금융 키워드 없음 — 비금융 추정 (검토 파일 확인),
1-2b 명단 밖 코스피 모회사의 종속,네이버웹툰컴퍼니 주식회사,네이버(주),금융업 아님,,금융업 아님 (표준산업분류),표준산업분류 63 — 금융업 아님,63
1-2b 명단 밖 코스피 모회사의 종속,네이버랩스 주식회사,네이버(주),금융업 아님,,금융업 아님 (표준산업분류),표준산업분류 63 — 금융업 아님,63
1-2b 명단 밖 코스피 모회사의 종속,네이버아이앤에스 주식회사,네이버(주),금융업 아님,,금융업 아님 (표준산업분류),표준산업분류 7599 — 금융업 아님,7599
1-2b 명단 밖 코스피 모회사의 종속,(주)한샘서비스,(주)한샘,금융업 아님,,금융업 아님 (표준산업분류),표준산업분류 72111 — 금융업 아님,72111
1-2b 명단 밖 코스피 모회사의 종속,(주)한샘넥서스,(주)한샘,금융업 아님,,금융업 아님 (표준산업분류),표준산업분류 32021 — 금융업 아님,32021
1-2b 명단 밖 코스피 모회사의 종속,(주)에이커스,(주)에스제이엠홀딩스,금융업 아님,,금융업 아님 (표준산업분류),표준산업분류 30 — 금융업 아님,30
1-2b 명단 밖 코스피 모회사의 종속,유노비아(주),일동제약(주),금융업 아님,,금융업 아님 (표준산업분류),표준산업분류 73909 — 금융업 아님,73909
1-2b 명단 밖 코스피 모회사의 종속,㈜메타에스앤씨,(주)메타랩스,금융업 아님,,금융업 아님 (표준산업분류),표준산업분류 71531 — 금융업 아님,71531
1-2b 명단 밖 코스피 모회사의 종속,(주)현대드림투어,(주)현대지에프홀딩스,금융업 아님,,금융업 아님 (표준산업분류),표준산업분류 75210 — 금융업 아님,75210
1-2b 명단 밖 코스피 모회사의 종속,(주)씨엔에스 푸드시스템,(주)현대지에프홀딩스,금융업 아님,,금융업 아님 (표준산업분류),표준산업분류 10211 — 금융업 아님,10211
1-2b 명단 밖 코스피 모회사의 종속,㈜한화갤러리아타임월드,한화갤러리아(주),금융업 아님,,금융업 아님 (표준산업분류),표준산업분류 47111 — 금융업 아님,47111
1-2b 명단 밖 코스피 모회사의 종속,㈜에프지코리아,한화갤러리아(주),금융업 아님,,금융업 아님 (표준산업분류),표준산업분류 56161 — 금융업 아님,56161
1-2b 명단 밖 코스피 모회사의 종속,㈜비노갤러리아,한화갤러리아(주),금융업 아님,,금융업 아님 (표준산업분류),표준산업분류 46331 — 금융업 아님,46331
1-2b 명단 밖 코스피 모회사의 종속,퓨어플러스㈜,한화갤러리아(주),금융업 아님,,금융업 아님 (표준산업분류),표준산업분류 11209 — 금융업 아님,11209
1-2b 명단 밖 코스피 모회사의 종속,㈜베러스쿱크리머리,한화갤러리아(주),금융업 아님,,금융업 아님 (표준산업분류),표준산업분류 10422 — 금융업 아님,10422
1-2b 명단 밖 코스피 모회사의 종속,(주)진로소주,하이트진로홀딩스(주),금융업 아님,,금융업 아님 (표준산업분류),표준산업분류 11122 — 금융업 아님,11122
1-2b 명단 밖 코스피 모회사의 종속,(주)티엔엔,(주)에스제이엠홀딩스,금융업 아님,,금융업 아님 (표준산업분류),표준산업분류 46800 — 금융업 아님,46800
1-2b 명단 밖 코스피 모회사의 종속,후성글로벌(주),(주)후성,금융업 아님,,금융업 아님 (표준산업분류),표준산업분류 71531 — 금융업 아님,71531
1-2b 명단 밖 코스피 모회사의 종속,제주햇빛 발전소,주식회사 신성이엔지,금융 키워드 없음,,비금융 추정 (코드·키워드 없음),코드 없음·금융 키워드 없음 — 비금융 추정 (검토 파일 확인),
1-2b 명단 밖 코스피 모회사의 종속,소주신성 초정화계통,주식회사 신성이엔지,금융 키워드 없음,,비금융 추정 (코드·키워드 없음),코드 없음·금융 키워드 없음 — 비금융 추정 (검토 파일 확인),
1-2b 명단 밖 코스피 모회사의 종속,신성이엔지헝가리,주식회사 신성이엔지,금융 키워드 없음,,비금융 추정 (코드·키워드 없음),코드 없음·금융 키워드 없음 — 비금융 추정 (검토 파일 확인),
1-2b 명단 밖 코스피 모회사의 종속,신성이엔지 말레이시아,주식회사 신성이엔지,금융 키워드 없음,,비금융 추정 (코드·키워드 없음),코드 없음·금융 키워드 없음 — 비금융 추정 (검토 파일 확인),
1-2b 명단 밖 코스피 모회사의 종속,신성이엔지 스페인,주식회사 신성이엔지,금융 키워드 없음,,비금융 추정 (코드·키워드 없음),코드 없음·금융 키워드 없음 — 비금융 추정 (검토 파일 확인),
1-2b 명단 밖 코스피 모회사의 종속,(유)문경가온 태양광발전,가온전선(주),금융업 아님,,금융업 아님 (표준산업분류),표준산업분류 35114 — 금융업 아님,35114
1-2b 명단 밖 코스피 모회사의 종속,㈜지앤피,가온전선(주),금융업 아님,,금융업 아님 (표준산업분류),표준산업분류 28301 — 금융업 아님,28301
1-2b 명단 밖 코스피 모회사의 종속,㈜모보,가온전선(주),금융업 아님,,금융업 아님 (표준산업분류),표준산업분류 28302 — 금융업 아님,28302
1-2b 명단 밖 코스피 모회사의 종속,이지전선㈜,가온전선(주),금융업 아님,,금융업 아님 (표준산업분류),표준산업분류 28302 — 금융업 아님,28302
1-2b 명단 밖 코스피 모회사의 종속,(주)이송,삼성공조(주),금융업 아님,,금융업 아님 (표준산업분류),표준산업분류 30 — 금융업 아님,30
1-2b 명단 밖 코스피 모회사의 종속,주식회사 오디언소리,네이버(주),금융업 아님,,금융업 아님 (표준산업분류),표준산업분류 58 — 금융업 아님,58
1-2b 명단 밖 코스피 모회사의 종속,네이버클라우드 주식회사,네이버(주),금융업 아님,,금융업 아님 (표준산업분류),표준산업분류 6312 — 금융업 아님,6312
1-2b 명단 밖 코스피 모회사의 종속,주식회사 엔비전스,네이버(주),금융업 아님,,금융업 아님 (표준산업분류),표준산업분류 90 — 금융업 아님,90
1-2b 명단 밖 코스피 모회사의 종속,(유)전주가온 태양광발전,가온전선(주),금융업 아님,,금융업 아님 (표준산업분류),표준산업분류 35114 — 금융업 아님,35114
1-2b 명단 밖 코스피 모회사의 종속,(주)현대디에프,(주)현대백화점,금융업 아님,,금융업 아님 (표준산업분류),표준산업분류 4713 — 금융업 아님,4713
1-2b 명단 밖 코스피 모회사의 종속,(주)더현대광주,(주)현대백화점,금융업 아님,,금융업 아님 (표준산업분류),표준산업분류 47111 — 금융업 아님,47111
1-2b 명단 밖 코스피 모회사의 종속,동화청과(주),신라교역(주),금융업 아님,,금융업 아님 (표준산업분류),표준산업분류 4631 — 금융업 아님,4631
1-2b 명단 밖 코스피 모회사의 종속,(주)넌럭셔리어스컴퍼니,신라교역(주),금융업 아님,,금융업 아님 (표준산업분류),표준산업분류 56123 — 금융업 아님,56123
1-2b 명단 밖 코스피 모회사의 종속,㈜리치골드디벨롭먼트,(주)비에이치,금융 키워드 없음,,비금융 추정 (코드·키워드 없음),코드 없음·금융 키워드 없음 — 비금융 추정 (검토 파일 확인),
1-2b 명단 밖 코스피 모회사의 종속,대성청정에너지(주),대성홀딩스(주),금융업 아님,,금융업 아님 (표준산업분류),표준산업분류 35200 — 금융업 아님,35200
1-2b 명단 밖 코스피 모회사의 종속,대성글로벌네트웍(주),대성홀딩스(주),금융업 아님,,금융업 아님 (표준산업분류),표준산업분류 75991 — 금융업 아님,75991
1-2b 명단 밖 코스피 모회사의 종속,대성이앤씨(주),대성홀딩스(주),금융업 아님,,금융업 아님 (표준산업분류),표준산업분류 41225 — 금융업 아님,41225
1-2b 명단 밖 코스피 모회사의 종속,HDC스포츠,에이치디씨(주),금융 키워드 없음,,비금융 추정 (코드·키워드 없음),코드 없음·금융 키워드 없음 — 비금융 추정 (검토 파일 확인),
1-2b 명단 밖 코스피 모회사의 종속,(주)어뮤즈코리아,(주)신세계인터내셔날,금융업 아님,,금융업 아님 (표준산업분류),표준산업분류 2042 — 금융업 아님,2042
1-2b 명단 밖 코스피 모회사의 종속,엔알랩㈜,(주)대덕,금융업 아님,,금융업 아님 (표준산업분류),표준산업분류 2629 — 금융업 아님,2629
1-2b 명단 밖 코스피 모회사의 종속,삼양이노켐,(주)삼양홀딩스,금융업 아님,,금융업 아님 (표준산업분류),표준산업분류 20119 — 금융업 아님,20119
1-2b 명단 밖 코스피 모회사의 종속,삼양데이타시스템,(주)삼양홀딩스,금융업 아님,,금융업 아님 (표준산업분류),표준산업분류 62021 — 금융업 아님,62021
1-2b 명단 밖 코스피 모회사의 종속,삼양에프앤비,(주)삼양홀딩스,금융업 아님,,금융업 아님 (표준산업분류),표준산업분류 56123 — 금융업 아님,56123
1-2b 명단 밖 코스피 모회사의 종속,한일E&C㈜,한일시멘트(주),금융 키워드 없음,,비금융 추정 (코드·키워드 없음),코드 없음·금융 키워드 없음 — 비금융 추정 (검토 파일 확인),
1-2b 명단 밖 코스피 모회사의 종속,목포신항만운영㈜,에이치엘디앤아이한라(주),금융업 아님,,금융업 아님 (표준산업분류),표준산업분류 5011 — 금융업 아님,5011
1-2b 명단 밖 코스피 모회사의 종속,에이치엘로지스앤코㈜,에이치엘디앤아이한라(주),금융업 아님,,금융업 아님 (표준산업분류),표준산업분류 68129 — 금융업 아님,68129
1-2b 명단 밖 코스피 모회사의 종속,에이치엘에코텍㈜,에이치엘디앤아이한라(주),금융업 아님,,금융업 아님 (표준산업분류),표준산업분류 74100 — 금융업 아님,74100
1-2b 명단 밖 코스피 모회사의 종속,배곧신도시지역특성화타운㈜,에이치엘디앤아이한라(주),금융업 아님,,금융업 아님 (표준산업분류),표준산업분류 68 — 금융업 아님,68
1-2b 명단 밖 코스피 모회사의 종속,태영동부환경 주식회사,(주)태영건설,금융업 아님,,금융업 아님 (표준산업분류),표준산업분류 41224 — 금융업 아님,41224
1-2b 명단 밖 코스피 모회사의 종속,SK텔링크㈜,SK텔레콤(주),금융업 아님,,금융업 아님 (표준산업분류),표준산업분류 61210 — 금융업 아님,61210
1-2b 명단 밖 코스피 모회사의 종속,행복한울,SK텔레콤(주),금융업 아님,,금융업 아님 (표준산업분류),표준산업분류 75991 — 금융업 아님,75991
1-2b 명단 밖 코스피 모회사의 종속,에스케이스토아,SK텔레콤(주),금융업 아님,,금융업 아님 (표준산업분류),표준산업분류 47919 — 금융업 아님,47919
1-2b 명단 밖 코스피 모회사의 종속,피에스앤마케팅㈜,SK텔레콤(주),금융업 아님,,금융업 아님 (표준산업분류),표준산업분류 47 — 금융업 아님,47
1-2b 명단 밖 코스피 모회사의 종속,서비스에이스㈜,SK텔레콤(주),금융업 아님,,금융업 아님 (표준산업분류),표준산업분류 75991 — 금융업 아님,75991
1-2b 명단 밖 코스피 모회사의 종속,서비스탑㈜,SK텔레콤(주),금융업 아님,,금융업 아님 (표준산업분류),표준산업분류 75991 — 금융업 아님,75991
1-2b 명단 밖 코스피 모회사의 종속,SK오앤에스㈜,SK텔레콤(주),금융업 아님,,금융업 아님 (표준산업분류),표준산업분류 74100 — 금융업 아님,74100
1-2b 명단 밖 코스피 모회사의 종속,(주)서연씨엔에프,(주)서연,금융업 아님,,금융업 아님 (표준산업분류),표준산업분류 2225 — 금융업 아님,2225
1-2b 명단 밖 코스피 모회사의 종속,(주)나우종합건설,(주)서연,금융업 아님,,금융업 아님 (표준산업분류),표준산업분류 41112 — 금융업 아님,41112
1-2b 명단 밖 코스피 모회사의 종속,㈜디케이씨,가온전선(주),금융업 아님,,금융업 아님 (표준산업분류),표준산업분류 28302 — 금융업 아님,28302
1-2b 명단 밖 코스피 모회사의 종속,㈜지앤피우드,가온전선(주),금융업 아님,,금융업 아님 (표준산업분류),표준산업분류 1623 — 금융업 아님,1623
1-2b 명단 밖 코스피 모회사의 종속,㈜에이피알커뮤니케이션즈,(주)에이피알,금융 키워드 없음,,비금융 추정 (코드·키워드 없음),코드 없음·금융 키워드 없음 — 비금융 추정 (검토 파일 확인),
1-2b 명단 밖 코스피 모회사의 종속,태경에코(주),태경산업(주),금융업 아님,,금융업 아님 (표준산업분류),표준산업분류 21100 — 금융업 아님,21100
1-2b 명단 밖 코스피 모회사의 종속,현대알루미늄(주),(주)알루코,금융업 아님,,금융업 아님 (표준산업분류),표준산업분류 29293 — 금융업 아님,29293
1-2b 명단 밖 코스피 모회사의 종속,진도산월태양광발전㈜,SK이터닉스(주),금융업 아님,,금융업 아님 (표준산업분류),표준산업분류 3511 — 금융업 아님,3511
1-2b 명단 밖 코스피 모회사의 종속,에스케이하이이엔지㈜,에스케이하이닉스(주),금융업 아님,,금융업 아님 (표준산업분류),표준산업분류 72129 — 금융업 아님,72129
1-2b 명단 밖 코스피 모회사의 종속,에스케이하이스텍㈜,에스케이하이닉스(주),금융업 아님,,금융업 아님 (표준산업분류),표준산업분류 74 — 금융업 아님,74
1-2b 명단 밖 코스피 모회사의 종속,행복모아㈜,에스케이하이닉스(주),금융업 아님,,금융업 아님 (표준산업분류),표준산업분류 14199 — 금융업 아님,14199
1-2b 명단 밖 코스피 모회사의 종속,행복나래㈜,에스케이하이닉스(주),금융업 아님,,금융업 아님 (표준산업분류),표준산업분류 4791 — 금융업 아님,4791
1-2b 명단 밖 코스피 모회사의 종속,에스케이키파운드리㈜,에스케이하이닉스(주),금융업 아님,,금융업 아님 (표준산업분류),표준산업분류 26112 — 금융업 아님,26112
1-2b 명단 밖 코스피 모회사의 종속,에스케이하이닉스시스템아이씨㈜,에스케이하이닉스(주),금융업 아님,,금융업 아님 (표준산업분류),표준산업분류 7390 — 금융업 아님,7390
1-2b 명단 밖 코스피 모회사의 종속,(주)현대캐터링시스템,주식회사 현대그린푸드,금융업 아님,,금융업 아님 (표준산업분류),표준산업분류 7512 — 금융업 아님,7512
1-2b 명단 밖 코스피 모회사의 종속,(주)비노에이치,주식회사 현대그린푸드,금융업 아님,,금융업 아님 (표준산업분류),표준산업분류 47231 — 금융업 아님,47231
1-2b 명단 밖 코스피 모회사의 종속,(주)세아베스틸,(주)세아베스틸지주,금융업 아님,,금융업 아님 (표준산업분류),표준산업분류 24119 — 금융업 아님,24119
1-2b 명단 밖 코스피 모회사의 종속,(주)세아창원특수강,(주)세아베스틸지주,금융업 아님,,금융업 아님 (표준산업분류),표준산업분류 24123 — 금융업 아님,24123
1-2b 명단 밖 코스피 모회사의 종속,(주)세아항공방산소재,(주)세아베스틸지주,금융업 아님,,금융업 아님 (표준산업분류),표준산업분류 24212 — 금융업 아님,24212
1-2b 명단 밖 코스피 모회사의 종속,주식회사 심원테크,명신산업(주),금융업 아님,,금융업 아님 (표준산업분류),표준산업분류 30320 — 금융업 아님,30320
1-2b 명단 밖 코스피 모회사의 종속,(주)신한알파강남위탁관리부동산투지회사,(주)신한알파위탁관리부동산투자회사,금융 키워드 없음,,비금융 추정 (코드·키워드 없음),코드 없음·금융 키워드 없음 — 비금융 추정 (검토 파일 확인),
1-2b 명단 밖 코스피 모회사의 종속,㈜시알아이,주식회사 시알홀딩스,금융 키워드 없음,,비금융 추정 (코드·키워드 없음),코드 없음·금융 키워드 없음 — 비금융 추정 (검토 파일 확인),
1-2b 명단 밖 코스피 모회사의 종속,(주)오설록,(주)아모레퍼시픽홀딩스,금융업 아님,,금융업 아님 (표준산업분류),표준산업분류 4721 — 금융업 아님,4721
1-2b 명단 밖 코스피 모회사의 종속,(주)퍼시픽테크,(주)아모레퍼시픽홀딩스,금융업 아님,,금융업 아님 (표준산업분류),표준산업분류 28519 — 금융업 아님,28519
1-2b 명단 밖 코스피 모회사의 종속,(주)디씨알이,오씨아이홀딩스 주식회사,금융업 아님,,금융업 아님 (표준산업분류),표준산업분류 68121 — 금융업 아님,68121
1-2b 명단 밖 코스피 모회사의 종속,OCI 스페셜티(주),오씨아이홀딩스 주식회사,금융업 아님,,금융업 아님 (표준산업분류),표준산업분류 28111 — 금융업 아님,28111
1-2b 명단 밖 코스피 모회사의 종속,OCI정보통신(주),오씨아이홀딩스 주식회사,금융업 아님,,금융업 아님 (표준산업분류),표준산업분류 62090 — 금융업 아님,62090
1-2b 명단 밖 코스피 모회사의 종속,OCI SE(주),오씨아이홀딩스 주식회사,금융업 아님,,금융업 아님 (표준산업분류),표준산업분류 351 — 금융업 아님,351
1-2b 명단 밖 코스피 모회사의 종속,OCI 파워(주),오씨아이홀딩스 주식회사,금융 키워드 없음,,비금융 추정 (코드·키워드 없음),코드 없음·금융 키워드 없음 — 비금융 추정 (검토 파일 확인),
1-2b 명단 밖 코스피 모회사의 종속,㈜태영디앤아이,(주)태영건설,금융업 아님,,금융업 아님 (표준산업분류),표준산업분류 68121 — 금융업 아님,68121
1-2b 명단 밖 코스피 모회사의 종속,천안에코파크㈜,(주)태영건설,금융업 아님,,금융업 아님 (표준산업분류),표준산업분류 3900 — 금융업 아님,3900
1-2b 명단 밖 코스피 모회사의 종속,주식회사 인제스피디움,(주)태영건설,금융업 아님,,금융업 아님 (표준산업분류),표준산업분류 91113 — 금융업 아님,91113
1-2b 명단 밖 코스피 모회사의 종속,대동산업단지 주식회사,(주)태영건설,금융업 아님,,금융업 아님 (표준산업분류),표준산업분류 68212 — 금융업 아님,68212
1-2b 명단 밖 코스피 모회사의 종속,대구남부에이엠씨(주),(주)태영건설,금융업 아님,,금융업 아님 (표준산업분류),표준산업분류 74100 — 금융업 아님,74100
1-2b 명단 밖 코스피 모회사의 종속,㈜태영유니시티,(주)태영건설,금융업 아님,,금융업 아님 (표준산업분류),표준산업분류 68129 — 금융업 아님,68129
1-2b 명단 밖 코스피 모회사의 종속,(주)에이피알팩토리,(주)에이피알,금융업 아님,,금융업 아님 (표준산업분류),표준산업분류 28519 — 금융업 아님,28519
1-2b 명단 밖 코스피 모회사의 종속,㈜조선내화이엔지,주식회사 시알홀딩스,금융업 아님,,금융업 아님 (표준산업분류),표준산업분류 42 — 금융업 아님,42
1-2b 명단 밖 코스피 모회사의 종속,삼한산업㈜,삼영무역(주),금융 키워드 없음,,비금융 추정 (코드·키워드 없음),코드 없음·금융 키워드 없음 — 비금융 추정 (검토 파일 확인),
1-2b 명단 밖 코스피 모회사의 종속,㈜에스와이티에탄올,삼영무역(주),금융 키워드 없음,,비금융 추정 (코드·키워드 없음),코드 없음·금융 키워드 없음 — 비금융 추정 (검토 파일 확인),
1-2b 명단 밖 코스피 모회사의 종속,㈜삼명정밀,삼영무역(주),금융업 아님,,금융업 아님 (표준산업분류),표준산업분류 2612 — 금융업 아님,2612
1-2b 명단 밖 코스피 모회사의 종속,㈜칼호텔네트워크,(주)한진칼,금융 키워드 없음,,비금융 추정 (코드·키워드 없음),코드 없음·금융 키워드 없음 — 비금융 추정 (검토 파일 확인),
1-2b 명단 밖 코스피 모회사의 종속,㈜한진관광,(주)한진칼,금융업 아님,,금융업 아님 (표준산업분류),표준산업분류 75210 — 금융업 아님,75210
1-2b 명단 밖 코스피 모회사의 종속,프레스티지바이오파마 아이디씨 주식회사,프레스티지바이오파마,금융업 아님,,금융업 아님 (표준산업분류),표준산업분류 70113 — 금융업 아님,70113
1-2b 명단 밖 코스피 모회사의 종속,(주)신우,삼화왕관(주),금융업 아님,,금융업 아님 (표준산업분류),표준산업분류 30399 — 금융업 아님,30399
1-2b 명단 밖 코스피 모회사의 종속,빅히트뮤직,(주)하이브,금융업 아님,,금융업 아님 (표준산업분류),표준산업분류 73901 — 금융업 아님,73901
1-2b 명단 밖 코스피 모회사의 종속,한솔PNS,한솔홀딩스(주),금융 키워드 없음,,비금융 추정 (코드·키워드 없음),코드 없음·금융 키워드 없음 — 비금융 추정 (검토 파일 확인),
1-2b 명단 밖 코스피 모회사의 종속,한솔페이퍼텍,한솔홀딩스(주),금융업 아님,,금융업 아님 (표준산업분류),표준산업분류 17105 — 금융업 아님,17105
1-2b 명단 밖 코스피 모회사의 종속,㈜휘찬,SK(주),금융업 아님,,금융업 아님 (표준산업분류),표준산업분류 55103 — 금융업 아님,55103
1-2b 명단 밖 코스피 모회사의 종속,SK임업㈜,SK(주),금융업 아님,,금융업 아님 (표준산업분류),표준산업분류 02011 — 금융업 아님,02011
1-2b 명단 밖 코스피 모회사의 종속,JW메디칼,JW홀딩스(주),금융 키워드 없음,,비금융 추정 (코드·키워드 없음),코드 없음·금융 키워드 없음 — 비금융 추정 (검토 파일 확인),
1-2b 명단 밖 코스피 모회사의 종속,JW생활건강,JW홀딩스(주),금융 키워드 없음,,비금융 추정 (코드·키워드 없음),코드 없음·금융 키워드 없음 — 비금융 추정 (검토 파일 확인),
1-2b 명단 밖 코스피 모회사의 종속,행복두드리미(주),효성아이티엑스(주),금융업 아님,,금융업 아님 (표준산업분류),표준산업분류 75 — 금융업 아님,75
1-2b 명단 밖 코스피 모회사의 종속,대용무역㈜,호전실업 주식회사,금융업 아님,,금융업 아님 (표준산업분류),표준산업분류 46742 — 금융업 아님,46742
1-2b 명단 밖 코스피 모회사의 종속,에이치그린파워,현대모비스(주),금융업 아님,,금융업 아님 (표준산업분류),표준산업분류 28202 — 금융업 아님,28202
1-2b 명단 밖 코스피 모회사의 종속,모트라스,현대모비스(주),금융업 아님,,금융업 아님 (표준산업분류),표준산업분류 3032 — 금융업 아님,3032
1-2b 명단 밖 코스피 모회사의 종속,유니투스,현대모비스(주),금융업 아님,,금융업 아님 (표준산업분류),표준산업분류 30310 — 금융업 아님,30310
1-2b 명단 밖 코스피 모회사의 종속,모아빛,현대모비스(주),금융업 아님,,금융업 아님 (표준산업분류),표준산업분류 95213 — 금융업 아님,95213
1-2b 명단 밖 코스피 모회사의 종속,㈜포스코모빌리티솔루션,(주)포스코인터내셔널,금융업 아님,,금융업 아님 (표준산업분류),표준산업분류 30331 — 금융업 아님,30331
1-2b 명단 밖 코스피 모회사의 종속,㈜탄천이앤이,(주)포스코인터내셔널,금융업 아님,,금융업 아님 (표준산업분류),표준산업분류 741 — 금융업 아님,741
1-2b 명단 밖 코스피 모회사의 종속,한국퓨얼셀㈜,(주)포스코인터내셔널,금융업 아님,,금융업 아님 (표준산업분류),표준산업분류 28111 — 금융업 아님,28111
1-2b 명단 밖 코스피 모회사의 종속,루미나마스크㈜,SKC(주),금융업 아님,,금융업 아님 (표준산업분류),표준산업분류 2629 — 금융업 아님,2629
1-2b 명단 밖 코스피 모회사의 종속,㈜유니기획,일동홀딩스(주),금융업 아님,,금융업 아님 (표준산업분류),표준산업분류 71310 — 금융업 아님,71310
1-2b 명단 밖 코스피 모회사의 종속,상신금속,세방전지(주),금융업 아님,,금융업 아님 (표준산업분류),표준산업분류 24229 — 금융업 아님,24229
1-2b 명단 밖 코스피 모회사의 종속,신풍USA,신풍제약(주),금융 키워드 없음,,비금융 추정 (코드·키워드 없음),코드 없음·금융 키워드 없음 — 비금융 추정 (검토 파일 확인),
1-2b 명단 밖 코스피 모회사의 종속,(주)에뛰드,(주)아모레퍼시픽홀딩스,금융업 아님,,금융업 아님 (표준산업분류),표준산업분류 46443 — 금융업 아님,46443
1-2b 명단 밖 코스피 모회사의 종속,(주)아모스프로페셔널,(주)아모레퍼시픽홀딩스,금융업 아님,,금융업 아님 (표준산업분류),표준산업분류 46443 — 금융업 아님,46443
1-2b 명단 밖 코스피 모회사의 종속,(주)에스쁘아,(주)아모레퍼시픽홀딩스,금융업 아님,,금융업 아님 (표준산업분류),표준산업분류 46443 — 금융업 아님,46443
1-2b 명단 밖 코스피 모회사의 종속,화인로㈜,주식회사 시알홀딩스,금융 키워드 없음,,비금융 추정 (코드·키워드 없음),코드 없음·금융 키워드 없음 — 비금융 추정 (검토 파일 확인),
1-2b 명단 밖 코스피 모회사의 종속,아시아나에어포트㈜,아시아나항공(주),금융업 아님,,금융업 아님 (표준산업분류),표준산업분류 52939 — 금융업 아님,52939
1-2b 명단 밖 코스피 모회사의 종속,에어서울㈜,아시아나항공(주),금융업 아님,,금융업 아님 (표준산업분류),표준산업분류 51 — 금융업 아님,51
1-2b 명단 밖 코스피 모회사의 종속,명문바이오(주),명문제약(주),금융업 아님,,금융업 아님 (표준산업분류),표준산업분류 21100 — 금융업 아님,21100
1-2b 명단 밖 코스피 모회사의 종속,한국수력원자력(주),한국전력공사(주),금융업 아님,,금융업 아님 (표준산업분류),표준산업분류 3511 — 금융업 아님,3511
1-2b 명단 밖 코스피 모회사의 종속,한전KDN(주),한국전력공사(주),금융업 아님,,금융업 아님 (표준산업분류),표준산업분류 42 — 금융업 아님,42
1-2b 명단 밖 코스피 모회사의 종속,한국남동발전(주),한국전력공사(주),금융업 아님,,금융업 아님 (표준산업분류),표준산업분류 3511 — 금융업 아님,3511
1-2b 명단 밖 코스피 모회사의 종속,㈜항공종합서비스,(주)대한항공,금융업 아님,,금융업 아님 (표준산업분류),표준산업분류 7512 — 금융업 아님,7512
1-2b 명단 밖 코스피 모회사의 종속,아이에이티㈜,(주)대한항공,금융업 아님,,금융업 아님 (표준산업분류),표준산업분류 31321 — 금융업 아님,31321
1-2b 명단 밖 코스피 모회사의 종속,㈜왕산레저개발,(주)대한항공,금융업 아님,,금융업 아님 (표준산업분류),표준산업분류 91 — 금융업 아님,91
1-2b 명단 밖 코스피 모회사의 종속,(주)한국알미늄,(주)까뮤이앤씨,금융업 아님,,금융업 아님 (표준산업분류),표준산업분류 24222 — 금융업 아님,24222
1-2b 명단 밖 코스피 모회사의 종속,(주)모두락 애경산업,애경산업(주),금융업 아님,,금융업 아님 (표준산업분류),표준산업분류 56229 — 금융업 아님,56229
1-2b 명단 밖 코스피 모회사의 종속,(주)에이제이피,애경산업(주),금융업 아님,,금융업 아님 (표준산업분류),표준산업분류 759 — 금융업 아님,759
1-2b 명단 밖 코스피 모회사의 종속,(주)원씽,애경산업(주),금융업 아님,,금융업 아님 (표준산업분류),표준산업분류 2042 — 금융업 아님,2042
1-2b 명단 밖 코스피 모회사의 종속,(주)에이텍세종,애경산업(주),금융업 아님,,금융업 아님 (표준산업분류),표준산업분류 22232 — 금융업 아님,22232
1-2b 명단 밖 코스피 모회사의 종속,에스케이넥실리스㈜,SKC(주),금융업 아님,,금융업 아님 (표준산업분류),표준산업분류 2629 — 금융업 아님,2629
1-2b 명단 밖 코스피 모회사의 종속,㈜빌리프랩,(주)하이브,금융업 아님,,금융업 아님 (표준산업분류),표준산업분류 59201 — 금융업 아님,59201
1-2b 명단 밖 코스피 모회사의 종속,케이웨이프라퍼티 주식회사,(주)대한항공,금융업 아님,,금융업 아님 (표준산업분류),표준산업분류 74100 — 금융업 아님,74100
1-2b 명단 밖 코스피 모회사의 종속,한국중부발전(주),한국전력공사(주),금융업 아님,,금융업 아님 (표준산업분류),표준산업분류 3511 — 금융업 아님,3511
1-2b 명단 밖 코스피 모회사의 종속,한전MCS(주),한국전력공사(주),금융 키워드 없음,,비금융 추정 (코드·키워드 없음),코드 없음·금융 키워드 없음 — 비금융 추정 (검토 파일 확인),
1-2b 명단 밖 코스피 모회사의 종속,한전FMS(주),한국전력공사(주),금융 키워드 없음,,비금융 추정 (코드·키워드 없음),코드 없음·금융 키워드 없음 — 비금융 추정 (검토 파일 확인),
1-2b 명단 밖 코스피 모회사의 종속,한전CSC(주),한국전력공사(주),금융 키워드 없음,,비금융 추정 (코드·키워드 없음),코드 없음·금융 키워드 없음 — 비금융 추정 (검토 파일 확인),
1-2b 명단 밖 코스피 모회사의 종속,한국서부발전(주),한국전력공사(주),금융업 아님,,금융업 아님 (표준산업분류),표준산업분류 3511 — 금융업 아님,3511
1-2b 명단 밖 코스피 모회사의 종속,한국남부발전(주),한국전력공사(주),금융업 아님,,금융업 아님 (표준산업분류),표준산업분류 3511 — 금융업 아님,3511
1-2b 명단 밖 코스피 모회사의 종속,한국동서발전(주),한국전력공사(주),금융업 아님,,금융업 아님 (표준산업분류),표준산업분류 3511 — 금융업 아님,3511
1-2b 명단 밖 코스피 모회사의 종속,(주)세아씨엠,(주)세아제강지주,금융업 아님,,금융업 아님 (표준산업분류),표준산업분류 24191 — 금융업 아님,24191
1-2b 명단 밖 코스피 모회사의 종속,(주)세아스틸인터내셔날,(주)세아제강지주,지주회사,,지주·기금 (금융지주 아님),지주회사(64992) — 사업 자회사를 묶는 중간지주·기금,64992
1-2b 명단 밖 코스피 모회사의 종속,(주)라젤로,(주)형지엘리트,금융 키워드 없음,,비금융 추정 (코드·키워드 없음),코드 없음·금융 키워드 없음 — 비금융 추정 (검토 파일 확인),
1-2b 명단 밖 코스피 모회사의 종속,JW케미타운,제이더블유생명과학(주),금융 키워드 없음,,비금융 추정 (코드·키워드 없음),코드 없음·금융 키워드 없음 — 비금융 추정 (검토 파일 확인),
1-2b 명단 밖 코스피 모회사의 종속,JW바이오사이언스,제이더블유생명과학(주),금융 키워드 없음,,비금융 추정 (코드·키워드 없음),코드 없음·금융 키워드 없음 — 비금융 추정 (검토 파일 확인),
1-2b 명단 밖 코스피 모회사의 종속,지케이엘위드(주),그랜드코리아레저(주),금융업 아님,,금융업 아님 (표준산업분류),표준산업분류 75122 — 금융업 아님,75122
1-2b 명단 밖 코스피 모회사의 종속,신도에이스,(주)신도리코,금융업 아님,,금융업 아님 (표준산업분류),표준산업분류 46591 — 금융업 아님,46591
1-2b 명단 밖 코스피 모회사의 종속,신도디엑스,(주)신도리코,금융업 아님,,금융업 아님 (표준산업분류),표준산업분류 46591 — 금융업 아님,46591
1-2b 명단 밖 코스피 모회사의 종속,K-RICHEVILE(케이리슈빌),계룡건설산업(주),금융 키워드 없음,,비금융 추정 (코드·키워드 없음),코드 없음·금융 키워드 없음 — 비금융 추정 (검토 파일 확인),
1-2b 명단 밖 코스피 모회사의 종속,SGC디벨롭먼트(주),SGC에너지(주),금융 키워드 없음,,비금융 추정 (코드·키워드 없음),코드 없음·금융 키워드 없음 — 비금융 추정 (검토 파일 확인),
1-2b 명단 밖 코스피 모회사의 종속,SGC솔루션(주),SGC에너지(주),금융업 아님,,금융업 아님 (표준산업분류),표준산업분류 23192 — 금융업 아님,23192
1-2b 명단 밖 코스피 모회사의 종속,제이와이중공업 주식회사,씨에스윈드(주),금융업 아님,,금융업 아님 (표준산업분류),표준산업분류 31114 — 금융업 아님,31114
1-2b 명단 밖 코스피 모회사의 종속,(주)바운스,아이에스동서(주),금융업 아님,,금융업 아님 (표준산업분류),표준산업분류 91299 — 금융업 아님,91299
1-2b 명단 밖 코스피 모회사의 종속,환경에너지솔루션(주),아이에스동서(주),금융업 아님,,금융업 아님 (표준산업분류),표준산업분류 38210 — 금융업 아님,38210
1-2b 명단 밖 코스피 모회사의 종속,㈜TCC개발,(주)TCC스틸,금융 키워드 없음,,비금융 추정 (코드·키워드 없음),코드 없음·금융 키워드 없음 — 비금융 추정 (검토 파일 확인),
1-2b 명단 밖 코스피 모회사의 종속,㈜TCC강판,(주)TCC스틸,금융 키워드 없음,,비금융 추정 (코드·키워드 없음),코드 없음·금융 키워드 없음 — 비금융 추정 (검토 파일 확인),
1-2b 명단 밖 코스피 모회사의 종속,(주)동일씨앤이,디아이동일(주),금융업 아님,,금융업 아님 (표준산업분류),표준산업분류 29175 — 금융업 아님,29175
1-2b 명단 밖 코스피 모회사의 종속,(주)디아이비즈,디아이동일(주),금융업 아님,,금융업 아님 (표준산업분류),표준산업분류 47 — 금융업 아님,47
1-2b 명단 밖 코스피 모회사의 종속,디아이시스템(주),디아이동일(주),금융업 아님,,금융업 아님 (표준산업분류),표준산업분류 29172 — 금융업 아님,29172
1-2b 명단 밖 코스피 모회사의 종속,DIB-이집트,디아이동일(주),금융 키워드 없음,,비금융 추정 (코드·키워드 없음),코드 없음·금융 키워드 없음 — 비금융 추정 (검토 파일 확인),
1-2b 명단 밖 코스피 모회사의 종속,동일알루미늄-인디아,디아이동일(주),금융 키워드 없음,,비금융 추정 (코드·키워드 없음),코드 없음·금융 키워드 없음 — 비금융 추정 (검토 파일 확인),
1-2b 명단 밖 코스피 모회사의 종속,㈜싸이버스카이,(주)대한항공,금융업 아님,,금융업 아님 (표준산업분류),표준산업분류 47911 — 금융업 아님,47911
1-2b 명단 밖 코스피 모회사의 종속,케이에비에이션 주식회사,(주)대한항공,금융업 아님,,금융업 아님 (표준산업분류),표준산업분류 51100 — 금융업 아님,51100
1-2b 명단 밖 코스피 모회사의 종속,에이씨앤티시스템,엘에스일렉트릭 주식회사,금융업 아님,,금융업 아님 (표준산업분류),표준산업분류 26410 — 금융업 아님,26410
1-2b 명단 밖 코스피 모회사의 종속,칼라앤터치주식회사,한세실업(주),금융업 아님,,금융업 아님 (표준산업분류),표준산업분류 13211 — 금융업 아님,13211
1-2b 명단 밖 코스피 모회사의 종속,㈜엠비케이코퍼레이션,(주)LS네트웍스,금융업 아님,,금융업 아님 (표준산업분류),표준산업분류 46413 — 금융업 아님,46413
1-2b 명단 밖 코스피 모회사의 종속,㈜베스트토요타,(주)LS네트웍스,금융업 아님,,금융업 아님 (표준산업분류),표준산업분류 45110 — 금융업 아님,45110
1-2b 명단 밖 코스피 모회사의 종속,(주)케이제이모터라드,(주)LS네트웍스,금융업 아님,,금융업 아님 (표준산업분류),표준산업분류 45 — 금융업 아님,45
1-2b 명단 밖 코스피 모회사의 종속,㈜흥업,(주)LS네트웍스,금융업 아님,,금융업 아님 (표준산업분류),표준산업분류 74100 — 금융업 아님,74100
1-2b 명단 밖 코스피 모회사의 종속,(주)아이엔스틸인더스트리,(주)대창,금융업 아님,,금융업 아님 (표준산업분류),표준산업분류 24122 — 금융업 아님,24122
1-2b 명단 밖 코스피 모회사의 종속,아이에스해운(주),아이에스동서(주),금융업 아님,,금융업 아님 (표준산업분류),표준산업분류 501 — 금융업 아님,501
1-2b 명단 밖 코스피 모회사의 종속,아이에스에코솔루션(주),아이에스동서(주),금융업 아님,,금융업 아님 (표준산업분류),표준산업분류 20129 — 금융업 아님,20129
1-2b 명단 밖 코스피 모회사의 종속,욕지도해상풍력(주),아이에스동서(주),금융업 아님,,금융업 아님 (표준산업분류),표준산업분류 35119 — 금융업 아님,35119
1-2b 명단 밖 코스피 모회사의 종속,중앙레미콘(주),아이에스동서(주),금융업 아님,,금융업 아님 (표준산업분류),표준산업분류 23322 — 금융업 아님,23322
1-2b 명단 밖 코스피 모회사의 종속,(주)삼정이알케이,아이에스동서(주),금융업 아님,,금융업 아님 (표준산업분류),표준산업분류 72122 — 금융업 아님,72122
1-2b 명단 밖 코스피 모회사의 종속,(주)부산블루코스트,아이에스동서(주),금융업 아님,,금융업 아님 (표준산업분류),표준산업분류 52999 — 금융업 아님,52999
1-2b 명단 밖 코스피 모회사의 종속,(주)서현관리,아이에스동서(주),금융업 아님,,금융업 아님 (표준산업분류),표준산업분류 68212 — 금융업 아님,68212
1-2b 명단 밖 코스피 모회사의 종속,TEH*FASON(째흐파손),계룡건설산업(주),금융 키워드 없음,,비금융 추정 (코드·키워드 없음),코드 없음·금융 키워드 없음 — 비금융 추정 (검토 파일 확인),
1-2b 명단 밖 코스피 모회사의 종속,케이알스포츠㈜,계룡건설산업(주),금융업 아님,,금융업 아님 (표준산업분류),표준산업분류 91121 — 금융업 아님,91121
1-2b 명단 밖 코스피 모회사의 종속,(주)충북소주,롯데칠성음료(주),금융업 아님,,금융업 아님 (표준산업분류),표준산업분류 11 — 금융업 아님,11
1-2b 명단 밖 코스피 모회사의 종속,산청음료(주),롯데칠성음료(주),금융업 아님,,금융업 아님 (표준산업분류),표준산업분류 11202 — 금융업 아님,11202
1-2b 명단 밖 코스피 모회사의 종속,㈜씨에스리더,(주)LG유플러스,금융업 아님,,금융업 아님 (표준산업분류),표준산업분류 75991 — 금융업 아님,75991
1-2b 명단 밖 코스피 모회사의 종속,㈜위드유,(주)LG유플러스,금융업 아님,,금융업 아님 (표준산업분류),표준산업분류 75999 — 금융업 아님,75999
1-2b 명단 밖 코스피 모회사의 종속,㈜아인텔레서비스,(주)LG유플러스,금융업 아님,,금융업 아님 (표준산업분류),표준산업분류 75991 — 금융업 아님,75991
1-2b 명단 밖 코스피 모회사의 종속,㈜유플러스홈서비스,(주)LG유플러스,금융업 아님,,금융업 아님 (표준산업분류),표준산업분류 4232 — 금융업 아님,4232
1-2b 명단 밖 코스피 모회사의 종속,㈜씨에스원파트너,(주)LG유플러스,금융업 아님,,금융업 아님 (표준산업분류),표준산업분류 75991 — 금융업 아님,75991
1-2b 명단 밖 코스피 모회사의 종속,보스포러스인베스트먼트㈜,씨제이씨지브이(주),금융업 아님,,금융업 아님 (표준산업분류),표준산업분류 59141 — 금융업 아님,59141
1-2b 명단 밖 코스피 모회사의 종속,씨에스에너지 주식회사,씨에스윈드(주),금융업 아님,,금융업 아님 (표준산업분류),표준산업분류 35119 — 금융업 아님,35119
1-2b 명단 밖 코스피 모회사의 종속,(주)알피티코리아,(주)주성코퍼레이션,금융 키워드 없음,,비금융 추정 (코드·키워드 없음),코드 없음·금융 키워드 없음 — 비금융 추정 (검토 파일 확인),
1-2b 명단 밖 코스피 모회사의 종속,(주)컨버즈네트웍스,(주)주성코퍼레이션,금융 키워드 없음,,비금융 추정 (코드·키워드 없음),코드 없음·금융 키워드 없음 — 비금융 추정 (검토 파일 확인),
1-2b 명단 밖 코스피 모회사의 종속,LS메탈㈜,엘에스일렉트릭 주식회사,금융업 아님,,금융업 아님 (표준산업분류),표준산업분류 259 — 금융업 아님,259
1-2b 명단 밖 코스피 모회사의 종속,엘에스이모빌리티솔루션㈜,엘에스일렉트릭 주식회사,금융업 아님,,금융업 아님 (표준산업분류),표준산업분류 28121 — 금융업 아님,28121
1-2b 명단 밖 코스피 모회사의 종속,엘에스영종스카이솔라㈜,엘에스일렉트릭 주식회사,금융업 아님,,금융업 아님 (표준산업분류),표준산업분류 35114 — 금융업 아님,35114
1-2b 명단 밖 코스피 모회사의 종속,LS메카피온㈜,엘에스일렉트릭 주식회사,금융업 아님,,금융업 아님 (표준산업분류),표준산업분류 28111 — 금융업 아님,28111
1-2b 명단 밖 코스피 모회사의 종속,(주)제스코이지,엘에스일렉트릭 주식회사,금융업 아님,,금융업 아님 (표준산업분류),표준산업분류 38321 — 금융업 아님,38321
1-2b 명단 밖 코스피 모회사의 종속,이앤씨인프라(주),씨제이대한통운(주),금융업 아님,,금융업 아님 (표준산업분류),표준산업분류 68119 — 금융업 아님,68119
1-2b 명단 밖 코스피 모회사의 종속,(주)대우에스티,(주)대우건설,금융업 아님,,금융업 아님 (표준산업분류),표준산업분류 42131 — 금융업 아님,42131
1-2b 명단 밖 코스피 모회사의 종속,(주)세중이엔씨,(주)대우건설,금융업 아님,,금융업 아님 (표준산업분류),표준산업분류 68129 — 금융업 아님,68129
1-2b 명단 밖 코스피 모회사의 종속,지더블유아이시(주),(주)대우건설,금융업 아님,,금융업 아님 (표준산업분류),표준산업분류 6812 — 금융업 아님,6812
1-2b 명단 밖 코스피 모회사의 종속,대우송도호텔(주),(주)대우건설,금융업 아님,,금융업 아님 (표준산업분류),표준산업분류 55101 — 금융업 아님,55101
1-2b 명단 밖 코스피 모회사의 종속,안산그린파워(주),(주)대우건설,금융업 아님,,금융업 아님 (표준산업분류),표준산업분류 35119 — 금융업 아님,35119
1-2b 명단 밖 코스피 모회사의 종속,케이잼㈜,고려아연(주),금융업 아님,,금융업 아님 (표준산업분류),표준산업분류 24221 — 금융업 아님,24221
1-2b 명단 밖 코스피 모회사의 종속,케이지엑스,고려아연(주),금융업 아님,,금융업 아님 (표준산업분류),표준산업분류 42600 — 금융업 아님,42600
1-2b 명단 밖 코스피 모회사의 종속,케이지그린텍,고려아연(주),금융업 아님,,금융업 아님 (표준산업분류),표준산업분류 35 — 금융업 아님,35
1-2b 명단 밖 코스피 모회사의 종속,스틸싸이클,고려아연(주),금융업 아님,,금융업 아님 (표준산업분류),표준산업분류 24213 — 금융업 아님,24213
1-2b 명단 밖 코스피 모회사의 종속,㈜화승디지털,화승인더스트리(주),금융 키워드 없음,,비금융 추정 (코드·키워드 없음),코드 없음·금융 키워드 없음 — 비금융 추정 (검토 파일 확인),
1-2b 명단 밖 코스피 모회사의 종속,㈜화승케미칼,화승인더스트리(주),금융업 아님,,금융업 아님 (표준산업분류),표준산업분류 22212 — 금융업 아님,22212
1-2b 명단 밖 코스피 모회사의 종속,에이치에스소싱 주식회사,한세실업(주),금융업 아님,,금융업 아님 (표준산업분류),표준산업분류 14192 — 금융업 아님,14192
1-2b 명단 밖 코스피 모회사의 종속,그린위드(주),롯데칠성음료(주),금융업 아님,,금융업 아님 (표준산업분류),표준산업분류 74100 — 금융업 아님,74100
1-2b 명단 밖 코스피 모회사의 종속,씨에이치음료(주),롯데칠성음료(주),금융업 아님,,금융업 아님 (표준산업분류),표준산업분류 11202 — 금융업 아님,11202
1-2b 명단 밖 코스피 모회사의 종속,HD하이드로젠㈜,에이치디한국조선해양(주),금융업 아님,,금융업 아님 (표준산업분류),표준산업분류 28111 — 금융업 아님,28111
1-2b 명단 밖 코스피 모회사의 종속,(주)노루케미칼,(주)노루홀딩스,금융업 아님,,금융업 아님 (표준산업분류),표준산업분류 20411 — 금융업 아님,20411
1-2b 명단 밖 코스피 모회사의 종속,(주)기반테크,(주)노루홀딩스,금융업 아님,,금융업 아님 (표준산업분류),표준산업분류 73909 — 금융업 아님,73909
1-2b 명단 밖 코스피 모회사의 종속,(주)노루로지넷,(주)노루홀딩스,금융업 아님,,금융업 아님 (표준산업분류),표준산업분류 52992 — 금융업 아님,52992
1-2b 명단 밖 코스피 모회사의 종속,(주)푸르웰,(주)대우건설,금융업 아님,,금융업 아님 (표준산업분류),표준산업분류 56 — 금융업 아님,56
1-2b 명단 밖 코스피 모회사의 종속,(주)스튜디오푸르지오,(주)대우건설,금융업 아님,,금융업 아님 (표준산업분류),표준산업분류 59111 — 금융업 아님,59111
1-2b 명단 밖 코스피 모회사의 종속,태안솔라팜,효성중공업(주),금융업 아님,,금융업 아님 (표준산업분류),표준산업분류 3511 — 금융업 아님,3511
1-2b 명단 밖 코스피 모회사의 종속,대웅바이오,(주)대웅,금융업 아님,,금융업 아님 (표준산업분류),표준산업분류 21100 — 금융업 아님,21100
1-2b 명단 밖 코스피 모회사의 종속,국도화인켐(주),국도화학(주),금융업 아님,,금융업 아님 (표준산업분류),표준산업분류 20119 — 금융업 아님,20119
1-2b 명단 밖 코스피 모회사의 종속,서교흥업(주),국도화학(주),금융업 아님,,금융업 아님 (표준산업분류),표준산업분류 68112 — 금융업 아님,68112
1-2b 명단 밖 코스피 모회사의 종속,정도이앤피(주),국도화학(주),금융업 아님,,금융업 아님 (표준산업분류),표준산업분류 20202 — 금융업 아님,20202
1-2b 명단 밖 코스피 모회사의 종속,(주)국도인터내셔널,국도화학(주),금융 키워드 없음,,비금융 추정 (코드·키워드 없음),코드 없음·금융 키워드 없음 — 비금융 추정 (검토 파일 확인),
1-2b 명단 밖 코스피 모회사의 종속,㈜화인테크,조선내화 주식회사,금융업 아님,,금융업 아님 (표준산업분류),표준산업분류 21309 — 금융업 아님,21309
1-2b 명단 밖 코스피 모회사의 종속,한국복합물류(주),씨제이대한통운(주),금융업 아님,,금융업 아님 (표준산업분류),표준산업분류 52913 — 금융업 아님,52913
1-2b 명단 밖 코스피 모회사의 종속,(주)모나미코스메틱,(주)모나미,금융 키워드 없음,,비금융 추정 (코드·키워드 없음),코드 없음·금융 키워드 없음 — 비금융 추정 (검토 파일 확인),
1-2b 명단 밖 코스피 모회사의 종속,㈜와이에이치오토,(주)영흥,금융업 아님,,금융업 아님 (표준산업분류),표준산업분류 25943 — 금융업 아님,25943
1-2b 명단 밖 코스피 모회사의 종속,양산에덴밸리풍력발전㈜,코오롱글로벌(주),금융업 아님,,금융업 아님 (표준산업분류),표준산업분류 35119 — 금융업 아님,35119
1-2b 명단 밖 코스피 모회사의 종속,경주운곡풍력발전㈜,코오롱글로벌(주),금융업 아님,,금융업 아님 (표준산업분류),표준산업분류 35115 — 금융업 아님,35115
1-2b 명단 밖 코스피 모회사의 종속,테크비전㈜,코오롱글로벌(주),금융 키워드 없음,,비금융 추정 (코드·키워드 없음),코드 없음·금융 키워드 없음 — 비금융 추정 (검토 파일 확인),
1-2b 명단 밖 코스피 모회사의 종속,코오롱하우스비전㈜,코오롱글로벌(주),금융업 아님,,금융업 아님 (표준산업분류),표준산업분류 6812 — 금융업 아님,6812
1-2b 명단 밖 코스피 모회사의 종속,삼척오두풍력발전㈜,코오롱글로벌(주),금융업 아님,,금융업 아님 (표준산업분류),표준산업분류 3511 — 금융업 아님,3511
1-2b 명단 밖 코스피 모회사의 종속,대웅개발,(주)대웅,금융업 아님,,금융업 아님 (표준산업분류),표준산업분류 681 — 금융업 아님,681
1-2b 명단 밖 코스피 모회사의 종속,한전기술서비스 주식회사,한국전력기술(주),금융업 아님,,금융업 아님 (표준산업분류),표준산업분류 74100 — 금융업 아님,74100
1-2b 명단 밖 코스피 모회사의 종속,평화기공(주),평화홀딩스(주),금융업 아님,,금융업 아님 (표준산업분류),표준산업분류 2922 — 금융업 아님,2922
1-2b 명단 밖 코스피 모회사의 종속,㈜케이앤웍스,(주)카카오,금융업 아님,,금융업 아님 (표준산업분류),표준산업분류 63120 — 금융업 아님,63120
1-2b 명단 밖 코스피 모회사의 종속,㈜에이엑스지,(주)카카오,금융 키워드 없음,,비금융 추정 (코드·키워드 없음),코드 없음·금융 키워드 없음 — 비금융 추정 (검토 파일 확인),
1-2b 명단 밖 코스피 모회사의 종속,리베토 코리아㈜,코오롱글로벌(주),금융업 아님,,금융업 아님 (표준산업분류),표준산업분류 68111 — 금융업 아님,68111
1-2b 명단 밖 코스피 모회사의 종속,하사미㈜,코오롱글로벌(주),금융업 아님,,금융업 아님 (표준산업분류),표준산업분류 7212 — 금융업 아님,7212
1-2b 명단 밖 코스피 모회사의 종속,㈜HD현대스포츠,에이치디한국조선해양(주),금융업 아님,,금융업 아님 (표준산업분류),표준산업분류 91191 — 금융업 아님,91191
1-2b 명단 밖 코스피 모회사의 종속,씨마크서비스㈜,에이치디한국조선해양(주),금융업 아님,,금융업 아님 (표준산업분류),표준산업분류 75122 — 금융업 아님,75122
1-2b 명단 밖 코스피 모회사의 종속,DRB유니온벨티노(주),동일고무벨트(주),금융 키워드 없음,,비금융 추정 (코드·키워드 없음),코드 없음·금융 키워드 없음 — 비금융 추정 (검토 파일 확인),
1-2b 명단 밖 코스피 모회사의 종속,(주)비에이치앤바이오,교촌에프앤비(주),금융업 아님,,금융업 아님 (표준산업분류),표준산업분류 10832 — 금융업 아님,10832
1-2b 명단 밖 코스피 모회사의 종속,(주)계림물산,교촌에프앤비(주),금융업 아님,,금융업 아님 (표준산업분류),표준산업분류 1012 — 금융업 아님,1012
1-2b 명단 밖 코스피 모회사의 종속,(주)케이앤피푸드,교촌에프앤비(주),금융업 아님,,금융업 아님 (표준산업분류),표준산업분류 10302 — 금융업 아님,10302
1-2b 명단 밖 코스피 모회사의 종속,나투라페이퍼(주),페이퍼코리아(주),금융업 아님,,금융업 아님 (표준산업분류),표준산업분류 17102 — 금융업 아님,17102
1-2b 명단 밖 코스피 모회사의 종속,(주)디오션시티퍼스트,페이퍼코리아(주),금융업 아님,,금융업 아님 (표준산업분류),표준산업분류 68121 — 금융업 아님,68121
1-2b 명단 밖 코스피 모회사의 종속,(주)디오션시티투,페이퍼코리아(주),금융업 아님,,금융업 아님 (표준산업분류),표준산업분류 68121 — 금융업 아님,68121
1-2b 명단 밖 코스피 모회사의 종속,(주)디오션시티쓰리,페이퍼코리아(주),금융업 아님,,금융업 아님 (표준산업분류),표준산업분류 68121 — 금융업 아님,68121
1-2b 명단 밖 코스피 모회사의 종속,(주)디오션시티포,페이퍼코리아(주),금융업 아님,,금융업 아님 (표준산업분류),표준산업분류 68 — 금융업 아님,68
1-2b 명단 밖 코스피 모회사의 종속,(주)디오션시티식스,페이퍼코리아(주),금융 키워드 없음,,비금융 추정 (코드·키워드 없음),코드 없음·금융 키워드 없음 — 비금융 추정 (검토 파일 확인),
1-2b 명단 밖 코스피 모회사의 종속,(주)노루코일코팅 (비상장사),(주)노루페인트,금융 키워드 없음,,비금융 추정 (코드·키워드 없음),코드 없음·금융 키워드 없음 — 비금융 추정 (검토 파일 확인),
1-2b 명단 밖 코스피 모회사의 종속,롯데용인씨케이 주식회사,롯데웰푸드(주),금융업 아님,,금융업 아님 (표준산업분류),표준산업분류 10 — 금융업 아님,10
1-2b 명단 밖 코스피 모회사의 종속,롯데평택씨케이 주식회사,롯데웰푸드(주),금융업 아님,,금융업 아님 (표준산업분류),표준산업분류 10 — 금융업 아님,10
1-2b 명단 밖 코스피 모회사의 종속,롯데부산씨케이 주식회사,롯데웰푸드(주),금융업 아님,,금융업 아님 (표준산업분류),표준산업분류 1070 — 금융업 아님,1070
1-2b 명단 밖 코스피 모회사의 종속,롯데광주씨케이 주식회사,롯데웰푸드(주),금융업 아님,,금융업 아님 (표준산업분류),표준산업분류 10701 — 금융업 아님,10701
1-2b 명단 밖 코스피 모회사의 종속,스위트위드㈜,롯데웰푸드(주),금융업 아님,,금융업 아님 (표준산업분류),표준산업분류 10603 — 금융업 아님,10603
1-2b 명단 밖 코스피 모회사의 종속,지역난방플러스(주),한국지역난방공사,금융업 아님,,금융업 아님 (표준산업분류),표준산업분류 74100 — 금융업 아님,74100
1-2b 명단 밖 코스피 모회사의 종속,지역난방안전(주),한국지역난방공사,금융업 아님,,금융업 아님 (표준산업분류),표준산업분류 75999 — 금융업 아님,75999
1-2b 명단 밖 코스피 모회사의 종속,㈜파인랩,주식회사 에이플러스에셋어드바이저,금융 키워드 없음,,비금융 추정 (코드·키워드 없음),코드 없음·금융 키워드 없음 — 비금융 추정 (검토 파일 확인),
1-2b 명단 밖 코스피 모회사의 종속,㈜신세계야구단,(주)이마트,금융업 아님,,금융업 아님 (표준산업분류),표준산업분류 91191 — 금융업 아님,91191
1-2b 명단 밖 코스피 모회사의 종속,신세계건설㈜,(주)이마트,금융업 아님,,금융업 아님 (표준산업분류),표준산업분류 4112 — 금융업 아님,4112
1-2b 명단 밖 코스피 모회사의 종속,㈜신세계엘앤비,(주)이마트,금융업 아님,,금융업 아님 (표준산업분류),표준산업분류 46331 — 금융업 아님,46331
1-2b 명단 밖 코스피 모회사의 종속,㈜신세계프라퍼티,(주)이마트,금융업 아님,,금융업 아님 (표준산업분류),표준산업분류 6812 — 금융업 아님,6812
1-2b 명단 밖 코스피 모회사의 종속,㈜이마트24,(주)이마트,금융업 아님,,금융업 아님 (표준산업분류),표준산업분류 47122 — 금융업 아님,47122
1-2b 명단 밖 코스피 모회사의 종속,㈜디케이테크인,(주)카카오,금융업 아님,,금융업 아님 (표준산업분류),표준산업분류 582 — 금융업 아님,582
1-2b 명단 밖 코스피 모회사의 종속,㈜카카오인베스트먼트,(주)카카오,금융업 아님,,금융업 아님 (표준산업분류),표준산업분류 71531 — 금융업 아님,71531
1-2b 명단 밖 코스피 모회사의 종속,한세드림재팬(주),한세엠케이(주),금융 키워드 없음,,비금융 추정 (코드·키워드 없음),코드 없음·금융 키워드 없음 — 비금융 추정 (검토 파일 확인),
1-2b 명단 밖 코스피 모회사의 종속,(주)다나아데이터,(주)대웅제약,금융 키워드 없음,,비금융 추정 (코드·키워드 없음),코드 없음·금융 키워드 없음 — 비금융 추정 (검토 파일 확인),
1-2b 명단 밖 코스피 모회사의 종속,(주)대웅이엔지,(주)대웅제약,금융업 아님,,금융업 아님 (표준산업분류),표준산업분류 74100 — 금융업 아님,74100
1-2b 명단 밖 코스피 모회사의 종속,㈜파이넥스,롯데정밀화학(주),금융업 아님,,금융업 아님 (표준산업분류),표준산업분류 2011 — 금융업 아님,2011
1-2b 명단 밖 코스피 모회사의 종속,(주)에프앤에프로지스틱스,주식회사 에프앤에프홀딩스,금융업 아님,,금융업 아님 (표준산업분류),표준산업분류 52101 — 금융업 아님,52101
1-2b 명단 밖 코스피 모회사의 종속,(주)이세아시아,주식회사 에프앤에프홀딩스,금융 키워드 없음,,비금융 추정 (코드·키워드 없음),코드 없음·금융 키워드 없음 — 비금융 추정 (검토 파일 확인),
1-2b 명단 밖 코스피 모회사의 종속,㈜플그림,(주)신세계아이앤씨,금융업 아님,,금융업 아님 (표준산업분류),표준산업분류 58221 — 금융업 아님,58221
1-2b 명단 밖 코스피 모회사의 종속,에프앤에프차이나,주식회사 에프앤에프,금융 키워드 없음,,비금융 추정 (코드·키워드 없음),코드 없음·금융 키워드 없음 — 비금융 추정 (검토 파일 확인),
1-2b 명단 밖 코스피 모회사의 종속,㈜에프앤에프엔터테인먼트,주식회사 에프앤에프,금융 키워드 없음,,비금융 추정 (코드·키워드 없음),코드 없음·금융 키워드 없음 — 비금융 추정 (검토 파일 확인),
1-2b 명단 밖 코스피 모회사의 종속,무림파워텍,무림페이퍼(주),금융업 아님,,금융업 아님 (표준산업분류),표준산업분류 35113 — 금융업 아님,35113
1-2b 명단 밖 코스피 모회사의 종속,무림USA,무림페이퍼(주),금융 키워드 없음,,비금융 추정 (코드·키워드 없음),코드 없음·금융 키워드 없음 — 비금융 추정 (검토 파일 확인),
1-2b 명단 밖 코스피 모회사의 종속,무림EUROPE,무림페이퍼(주),금융 키워드 없음,,비금융 추정 (코드·키워드 없음),코드 없음·금융 키워드 없음 — 비금융 추정 (검토 파일 확인),
1-2b 명단 밖 코스피 모회사의 종속,엔피씨몰텍(주),엔피씨(주),금융업 아님,,금융업 아님 (표준산업분류),표준산업분류 29293 — 금융업 아님,29293
1-2b 명단 밖 코스피 모회사의 종속,주식회사 디퍼플 (DPL),(주)이노션,금융 키워드 없음,,비금융 추정 (코드·키워드 없음),코드 없음·금융 키워드 없음 — 비금융 추정 (검토 파일 확인),
1-2b 명단 밖 코스피 모회사의 종속,㈜이노션에스 (INNS),(주)이노션,금융 키워드 없음,,비금융 추정 (코드·키워드 없음),코드 없음·금융 키워드 없음 — 비금융 추정 (검토 파일 확인),
1-2b 명단 밖 코스피 모회사의 종속,㈜풍산메탈서비스,(주)풍산홀딩스,금융 키워드 없음,,비금융 추정 (코드·키워드 없음),코드 없음·금융 키워드 없음 — 비금융 추정 (검토 파일 확인),
1-2b 명단 밖 코스피 모회사의 종속,㈜풍산화동양행,(주)풍산홀딩스,금융업 아님,,금융업 아님 (표준산업분류),표준산업분류 47842 — 금융업 아님,47842
1-2b 명단 밖 코스피 모회사의 종속,인지개성㈜,인지컨트롤스(주),금융 키워드 없음,,비금융 추정 (코드·키워드 없음),코드 없음·금융 키워드 없음 — 비금융 추정 (검토 파일 확인),
1-2b 명단 밖 코스피 모회사의 종속,㈜풀무원아카데미,(주)풀무원,금융 키워드 없음,,비금융 추정 (코드·키워드 없음),코드 없음·금융 키워드 없음 — 비금융 추정 (검토 파일 확인),
1-2b 명단 밖 코스피 모회사의 종속,풀무원건강생활㈜,(주)풀무원,금융업 아님,,금융업 아님 (표준산업분류),표준산업분류 10897 — 금융업 아님,10897
1-2b 명단 밖 코스피 모회사의 종속,넥서스가스(주),(주)화인베스틸,금융 키워드 없음,,비금융 추정 (코드·키워드 없음),코드 없음·금융 키워드 없음 — 비금융 추정 (검토 파일 확인),
1-2b 명단 밖 코스피 모회사의 종속,AJ토탈㈜,AJ네트웍스 주식회사,금융 키워드 없음,,비금융 추정 (코드·키워드 없음),코드 없음·금융 키워드 없음 — 비금융 추정 (검토 파일 확인),
1-2b 명단 밖 코스피 모회사의 종속,AJ리테일㈜,AJ네트웍스 주식회사,금융 키워드 없음,,비금융 추정 (코드·키워드 없음),코드 없음·금융 키워드 없음 — 비금융 추정 (검토 파일 확인),
1-2b 명단 밖 코스피 모회사의 종속,AJ에너지㈜,AJ네트웍스 주식회사,금융 키워드 없음,,비금융 추정 (코드·키워드 없음),코드 없음·금융 키워드 없음 — 비금융 추정 (검토 파일 확인),
1-2b 명단 밖 코스피 모회사의 종속,에이제이트랜스밸류㈜,AJ네트웍스 주식회사,금융업 아님,,금융업 아님 (표준산업분류),표준산업분류 52992 — 금융업 아님,52992
1-2b 명단 밖 코스피 모회사의 종속,AJ솔루션테크㈜,AJ네트웍스 주식회사,금융 키워드 없음,,비금융 추정 (코드·키워드 없음),코드 없음·금융 키워드 없음 — 비금융 추정 (검토 파일 확인),
1-2b 명단 밖 코스피 모회사의 종속,㈜AJ전국스카이,AJ네트웍스 주식회사,금융 키워드 없음,,비금융 추정 (코드·키워드 없음),코드 없음·금융 키워드 없음 — 비금융 추정 (검토 파일 확인),
1-2b 명단 밖 코스피 모회사의 종속,AJ스포츠㈜,AJ네트웍스 주식회사,금융 키워드 없음,,비금융 추정 (코드·키워드 없음),코드 없음·금융 키워드 없음 — 비금융 추정 (검토 파일 확인),
1-2b 명단 밖 코스피 모회사의 종속,유니온툴텍공구(유),유니온머티리얼(주),금융 키워드 없음,,비금융 추정 (코드·키워드 없음),코드 없음·금융 키워드 없음 — 비금융 추정 (검토 파일 확인),
1-2b 명단 밖 코스피 모회사의 종속,농심태경(주),(주)농심홀딩스,금융업 아님,,금융업 아님 (표준산업분류),표준산업분류 1030 — 금융업 아님,1030
1-2b 명단 밖 코스피 모회사의 종속,(주)세우,(주)농심홀딩스,금융업 아님,,금융업 아님 (표준산업분류),표준산업분류 10831 — 금융업 아님,10831
1-2b 명단 밖 코스피 모회사의 종속,농심엔지니어링(주),(주)농심홀딩스,금융업 아님,,금융업 아님 (표준산업분류),표준산업분류 72129 — 금융업 아님,72129
1-2b 명단 밖 코스피 모회사의 종속,농심개발(주),(주)농심홀딩스,금융업 아님,,금융업 아님 (표준산업분류),표준산업분류 91121 — 금융업 아님,91121
1-2b 명단 밖 코스피 모회사의 종속,주식회사 에이치엘클레무브,에이치엘만도(주),금융업 아님,,금융업 아님 (표준산업분류),표준산업분류 30399 — 금융업 아님,30399
1-2b 명단 밖 코스피 모회사의 종속,엔젤위더스(주),넥센타이어(주),금융 키워드 없음,,비금융 추정 (코드·키워드 없음),코드 없음·금융 키워드 없음 — 비금융 추정 (검토 파일 확인),
1-2b 명단 밖 코스피 모회사의 종속,(주)명애드컴,명인제약(주),금융 키워드 없음,,비금융 추정 (코드·키워드 없음),코드 없음·금융 키워드 없음 — 비금융 추정 (검토 파일 확인),
1-2b 명단 밖 코스피 모회사의 종속,에이치엘로보틱스 주식회사,에이치엘홀딩스(주),금융업 아님,,금융업 아님 (표준산업분류),표준산업분류 29280 — 금융업 아님,29280
1-2b 명단 밖 코스피 모회사의 종속,㈜제이제이한라,에이치엘홀딩스(주),금융업 아님,,금융업 아님 (표준산업분류),표준산업분류 68212 — 금융업 아님,68212
1-2b 명단 밖 코스피 모회사의 종속,에이치엘위코 주식회사,에이치엘홀딩스(주),금융업 아님,,금융업 아님 (표준산업분류),표준산업분류 30391 — 금융업 아님,30391
1-2b 명단 밖 코스피 모회사의 종속,동국시스템즈(주),동국홀딩스(주),금융업 아님,,금융업 아님 (표준산업분류),표준산업분류 58221 — 금융업 아님,58221
1-2b 명단 밖 코스피 모회사의 종속,오픈핸즈(주),삼성에스디에스(주),금융업 아님,,금융업 아님 (표준산업분류),표준산업분류 620 — 금융업 아님,620
1-2b 명단 밖 코스피 모회사의 종속,이노베이스,(주)코오롱,금융업 아님,,금융업 아님 (표준산업분류),표준산업분류 7153 — 금융업 아님,7153
1-2b 명단 밖 코스피 모회사의 종속,엔피씨로지스(주),엔피씨(주),금융 키워드 없음,,비금융 추정 (코드·키워드 없음),코드 없음·금융 키워드 없음 — 비금융 추정 (검토 파일 확인),
1-2b 명단 밖 코스피 모회사의 종속,엔피씨시스템(주),엔피씨(주),금융 키워드 없음,,비금융 추정 (코드·키워드 없음),코드 없음·금융 키워드 없음 — 비금융 추정 (검토 파일 확인),
1-2b 명단 밖 코스피 모회사의 종속,(주)엔피씨케미칼,엔피씨(주),금융업 아님,,금융업 아님 (표준산업분류),표준산업분류 20203 — 금융업 아님,20203
1-2b 명단 밖 코스피 모회사의 종속,엔디케이(주),엔피씨(주),금융업 아님,,금융업 아님 (표준산업분류),표준산업분류 22232 — 금융업 아님,22232
1-2b 명단 밖 코스피 모회사의 종속,엔에스씨(주),엔피씨(주),금융업 아님,,금융업 아님 (표준산업분류),표준산업분류 22232 — 금융업 아님,22232
1-2b 명단 밖 코스피 모회사의 종속,㈜풀무원식품,(주)풀무원,금융업 아님,,금융업 아님 (표준산업분류),표준산업분류 46 — 금융업 아님,46
1-2b 명단 밖 코스피 모회사의 종속,㈜풀무원푸드앤컬처,(주)풀무원,금융업 아님,,금융업 아님 (표준산업분류),표준산업분류 56130 — 금융업 아님,56130
1-2b 명단 밖 코스피 모회사의 종속,HD현대이엔티㈜,에이치디현대중공업(주),금융업 아님,,금융업 아님 (표준산업분류),표준산업분류 72129 — 금융업 아님,72129
1-2b 명단 밖 코스피 모회사의 종속,㈜윤국식품,동원수산(주),금융 키워드 없음,,비금융 추정 (코드·키워드 없음),코드 없음·금융 키워드 없음 — 비금융 추정 (검토 파일 확인),
1-2b 명단 밖 코스피 모회사의 종속,(주)유왕식품,동원수산(주),금융 키워드 없음,,비금융 추정 (코드·키워드 없음),코드 없음·금융 키워드 없음 — 비금융 추정 (검토 파일 확인),
1-2b 명단 밖 코스피 모회사의 종속,나산실업(주),(주)인디에프,금융업 아님,,금융업 아님 (표준산업분류),표준산업분류 74 — 금융업 아님,74
1-2b 명단 밖 코스피 모회사의 종속,에픽프라퍼티 인베스트먼트컴퍼니㈜,(주)코오롱,금융업 아님,,금융업 아님 (표준산업분류),표준산업분류 68122 — 금융업 아님,68122
1-2b 명단 밖 코스피 모회사의 종속,코오롱베니트,(주)코오롱,금융업 아님,,금융업 아님 (표준산업분류),표준산업분류 58221 — 금융업 아님,58221
1-2b 명단 밖 코스피 모회사의 종속,MH바이오텍,(주)MH에탄올,금융 키워드 없음,,비금융 추정 (코드·키워드 없음),코드 없음·금융 키워드 없음 — 비금융 추정 (검토 파일 확인),
1-2b 명단 밖 코스피 모회사의 종속,(주)GS텔레서비스,(주)지에스리테일,금융업 아님,,금융업 아님 (표준산업분류),표준산업분류 75991 — 금융업 아님,75991
1-2b 명단 밖 코스피 모회사의 종속,(주)퍼스프,(주)지에스리테일,금융업 아님,,금융업 아님 (표준산업분류),표준산업분류 10309 — 금융업 아님,10309
1-2b 명단 밖 코스피 모회사의 종속,(주)후레쉬서브,(주)지에스리테일,금융업 아님,,금융업 아님 (표준산업분류),표준산업분류 1070 — 금융업 아님,1070
1-2b 명단 밖 코스피 모회사의 종속,(주)지에스넷비전,(주)지에스리테일,금융업 아님,,금융업 아님 (표준산업분류),표준산업분류 713 — 금융업 아님,713
1-2b 명단 밖 코스피 모회사의 종속,(주)퓨처그라프,(주)포스코퓨처엠,금융업 아님,,금융업 아님 (표준산업분류),표준산업분류 23993 — 금융업 아님,23993
1-2b 명단 밖 코스피 모회사의 종속,삼성전자판매㈜,삼성전자(주),금융업 아님,,금융업 아님 (표준산업분류),표준산업분류 47320 — 금융업 아님,47320
1-2b 명단 밖 코스피 모회사의 종속,삼성전자로지텍㈜,삼성전자(주),금융업 아님,,금융업 아님 (표준산업분류),표준산업분류 52999 — 금융업 아님,52999
1-2b 명단 밖 코스피 모회사의 종속,㈜희망별숲,삼성전자(주),금융업 아님,,금융업 아님 (표준산업분류),표준산업분류 10603 — 금융업 아님,10603
1-2b 명단 밖 코스피 모회사의 종속,디오토모티브㈜,동일산업(주),금융업 아님,,금융업 아님 (표준산업분류),표준산업분류 30331 — 금융업 아님,30331
1-2b 명단 밖 코스피 모회사의 종속,(주)티에스 개발,대한제당(주),금융업 아님,,금융업 아님 (표준산업분류),표준산업분류 91121 — 금융업 아님,91121
1-2b 명단 밖 코스피 모회사의 종속,(주)티에스 신용투자대부,대한제당(주),기타 여신금융,,포트폴리오 없음 (GA·손해사정·IT·대부업·신용정보),"대부업 — 계열사 자금 운용 목적, 제조업 여신 포트폴리오 없음",64919
1-2b 명단 밖 코스피 모회사의 종속,티에스 유업(주),대한제당(주),금융 키워드 없음,,비금융 추정 (코드·키워드 없음),코드 없음·금융 키워드 없음 — 비금융 추정 (검토 파일 확인),
1-2b 명단 밖 코스피 모회사의 종속,대한에프 에쓰에쓰(주),대한제당(주),금융 키워드 없음,,비금융 추정 (코드·키워드 없음),코드 없음·금융 키워드 없음 — 비금융 추정 (검토 파일 확인),
1-2b 명단 밖 코스피 모회사의 종속,델리치 푸드(주),대한제당(주),금융업 아님,,금융업 아님 (표준산업분류),표준산업분류 71201 — 금융업 아님,71201
1-2b 명단 밖 코스피 모회사의 종속,(주)대상다이브스 구)(주)대상에프앤비,대상(주),금융 키워드 없음,,비금융 추정 (코드·키워드 없음),코드 없음·금융 키워드 없음 — 비금융 추정 (검토 파일 확인),
1-2b 명단 밖 코스피 모회사의 종속,수양물류(주),하이트진로(주),금융업 아님,,금융업 아님 (표준산업분류),표준산업분류 49301 — 금융업 아님,49301
1-2b 명단 밖 코스피 모회사의 종속,㈜지아이테크,(주)세진중공업,금융업 아님,,금융업 아님 (표준산업분류),표준산업분류 31114 — 금융업 아님,31114
1-2b 명단 밖 코스피 모회사의 종속,삼강에스앤씨(주),에스케이오션플랜트(주),금융업 아님,,금융업 아님 (표준산업분류),표준산업분류 31114 — 금융업 아님,31114
1-2b 명단 밖 코스피 모회사의 종속,슈퍼트레인㈜,코오롱인더스트리(주),금융업 아님,,금융업 아님 (표준산업분류),표준산업분류 4741 — 금융업 아님,4741
1-2b 명단 밖 코스피 모회사의 종속,㈜케이오에이,코오롱인더스트리(주),금융업 아님,,금융업 아님 (표준산업분류),표준산업분류 4674 — 금융업 아님,4674
1-2b 명단 밖 코스피 모회사의 종속,코오롱머티리얼㈜,코오롱인더스트리(주),금융업 아님,,금융업 아님 (표준산업분류),표준산업분류 2050 — 금융업 아님,2050
1-2b 명단 밖 코스피 모회사의 종속,(주)메가코스,(주)토니모리,금융업 아님,,금융업 아님 (표준산업분류),표준산업분류 20423 — 금융업 아님,20423
1-2b 명단 밖 코스피 모회사의 종속,㈜아비커스,에이치디현대(주),금융업 아님,,금융업 아님 (표준산업분류),표준산업분류 58222 — 금융업 아님,58222
1-2b 명단 밖 코스피 모회사의 종속,HD현대사이트솔루션㈜,에이치디현대(주),금융업 아님,,금융업 아님 (표준산업분류),표준산업분류 29 — 금융업 아님,29
1-2b 명단 밖 코스피 모회사의 종속,HD현대엠엔에스㈜,에이치디현대중공업(주),금융업 아님,,금융업 아님 (표준산업분류),표준산업분류 31114 — 금융업 아님,31114
1-2b 명단 밖 코스피 모회사의 종속,대상마리비온㈜,대상(주),금융 키워드 없음,,비금융 추정 (코드·키워드 없음),코드 없음·금융 키워드 없음 — 비금융 추정 (검토 파일 확인),
1-2b 명단 밖 코스피 모회사의 종속,(주)우성사료,(주)우성,금융업 아님,,금융업 아님 (표준산업분류),표준산업분류 10902 — 금융업 아님,10902
1-2b 명단 밖 코스피 모회사의 종속,에어코리아,한국공항(주),금융업 아님,,금융업 아님 (표준산업분류),표준산업분류 51 — 금융업 아님,51
1-2b 명단 밖 코스피 모회사의 종속,(주)앤로보틱스,(주)씨아이테크,금융업 아님,,금융업 아님 (표준산업분류),표준산업분류 29280 — 금융업 아님,29280
1-2b 명단 밖 코스피 모회사의 종속,(주)로드와이즈,(주)씨아이테크,금융 키워드 없음,,비금융 추정 (코드·키워드 없음),코드 없음·금융 키워드 없음 — 비금융 추정 (검토 파일 확인),
1-2b 명단 밖 코스피 모회사의 종속,(주)케빅,(주)씨아이테크,금융업 아님,,금융업 아님 (표준산업분류),표준산업분류 26529 — 금융업 아님,26529
1-2b 명단 밖 코스피 모회사의 종속,(주)조흥지에프,(주)조흥,금융업 아님,,금융업 아님 (표준산업분류),표준산업분류 10421 — 금융업 아님,10421
1-2b 명단 밖 코스피 모회사의 종속,(주)빨라쪼,해태제과식품주식회사,금융 키워드 없음,,비금융 추정 (코드·키워드 없음),코드 없음·금융 키워드 없음 — 비금융 추정 (검토 파일 확인),
1-2b 명단 밖 코스피 모회사의 종속,에듀베이션㈜,(주)대교,금융 키워드 없음,,비금융 추정 (코드·키워드 없음),코드 없음·금융 키워드 없음 — 비금융 추정 (검토 파일 확인),
1-2b 명단 밖 코스피 모회사의 종속,㈜키즈스콜레,(주)대교,금융 키워드 없음,,비금융 추정 (코드·키워드 없음),코드 없음·금융 키워드 없음 — 비금융 추정 (검토 파일 확인),
1-2b 명단 밖 코스피 모회사의 종속,(주)아이언그레이,(주)세아홀딩스,금융업 아님,,금융업 아님 (표준산업분류),표준산업분류 68 — 금융업 아님,68
1-2b 명단 밖 코스피 모회사의 종속,(주)세아네트웍스,(주)세아홀딩스,금융업 아님,,금융업 아님 (표준산업분류),표준산업분류 42 — 금융업 아님,42
1-2b 명단 밖 코스피 모회사의 종속,(주)세아엘앤에스,(주)세아홀딩스,금융업 아님,,금융업 아님 (표준산업분류),표준산업분류 49301 — 금융업 아님,49301
1-2b 명단 밖 코스피 모회사의 종속,티에스 사료(주),대한제당(주),금융업 아님,,금융업 아님 (표준산업분류),표준산업분류 10902 — 금융업 아님,10902
1-2b 명단 밖 코스피 모회사의 종속,(주)티에스 우인,대한제당(주),금융업 아님,,금융업 아님 (표준산업분류),표준산업분류 74100 — 금융업 아님,74100
1-2b 명단 밖 코스피 모회사의 종속,동아제약,동아쏘시오홀딩스(주),금융업 아님,,금융업 아님 (표준산업분류),표준산업분류 21212 — 금융업 아님,21212
1-2b 명단 밖 코스피 모회사의 종속,용마로지스,동아쏘시오홀딩스(주),금융업 아님,,금융업 아님 (표준산업분류),표준산업분류 49301 — 금융업 아님,49301
1-2b 명단 밖 코스피 모회사의 종속,동아에코팩,동아쏘시오홀딩스(주),금융업 아님,,금융업 아님 (표준산업분류),표준산업분류 23192 — 금융업 아님,23192
1-2b 명단 밖 코스피 모회사의 종속,디에이인포메이션,동아쏘시오홀딩스(주),금융 키워드 없음,,비금융 추정 (코드·키워드 없음),코드 없음·금융 키워드 없음 — 비금융 추정 (검토 파일 확인),
1-2b 명단 밖 코스피 모회사의 종속,아벤종합건설,동아쏘시오홀딩스(주),금융업 아님,,금융업 아님 (표준산업분류),표준산업분류 4112 — 금융업 아님,4112
1-2b 명단 밖 코스피 모회사의 종속,(주) 행복누리,(주)LG화학,금융업 아님,,금융업 아님 (표준산업분류),표준산업분류 74211 — 금융업 아님,74211
1-2b 명단 밖 코스피 모회사의 종속,(주)팜한농,(주)LG화학,금융업 아님,,금융업 아님 (표준산업분류),표준산업분류 2032 — 금융업 아님,2032
1-2b 명단 밖 코스피 모회사의 종속,부산청과㈜,고려산업(주),금융업 아님,,금융업 아님 (표준산업분류),표준산업분류 4631 — 금융업 아님,4631
1-2b 명단 밖 코스피 모회사의 종속,코리아로지스(주),고려산업(주),금융 키워드 없음,,비금융 추정 (코드·키워드 없음),코드 없음·금융 키워드 없음 — 비금융 추정 (검토 파일 확인),
1-2b 명단 밖 코스피 모회사의 종속,코리아캐피탈대부㈜,고려산업(주),카드·할부금융,,포트폴리오 없음 (GA·손해사정·IT·대부업·신용정보),"대부업 — 계열사 자금 운용 목적, 제조업 여신 포트폴리오 없음",
1-2b 명단 밖 코스피 모회사의 종속,(주)유수로지스틱스,(주)유수홀딩스,금융업 아님,,금융업 아님 (표준산업분류),표준산업분류 5299 — 금융업 아님,5299
1-2b 명단 밖 코스피 모회사의 종속,하이트진로산업(주),하이트진로(주),금융업 아님,,금융업 아님 (표준산업분류),표준산업분류 23192 — 금융업 아님,23192
1-2b 명단 밖 코스피 모회사의 종속,하이트진로음료(주),하이트진로(주),금융업 아님,,금융업 아님 (표준산업분류),표준산업분류 11202 — 금융업 아님,11202
1-2b 명단 밖 코스피 모회사의 종속,대상델리하임㈜,대상(주),금융업 아님,,금융업 아님 (표준산업분류),표준산업분류 10129 — 금융업 아님,10129
1-2b 명단 밖 코스피 모회사의 종속,대상푸드플러스㈜,대상(주),금융업 아님,,금융업 아님 (표준산업분류),표준산업분류 10832 — 금융업 아님,10832
1-2b 명단 밖 코스피 모회사의 종속,대상참푸드(주) 구)대상참푸드(주),대상(주),금융 키워드 없음,,비금융 추정 (코드·키워드 없음),코드 없음·금융 키워드 없음 — 비금융 추정 (검토 파일 확인),
1-2b 명단 밖 코스피 모회사의 종속,㈜선진햄,(주)선진,금융업 아님,,금융업 아님 (표준산업분류),표준산업분류 1012 — 금융업 아님,1012
1-2b 명단 밖 코스피 모회사의 종속,(주)경동에버런,(주)경동나비엔,금융업 아님,,금융업 아님 (표준산업분류),표준산업분류 28520 — 금융업 아님,28520
1-2b 명단 밖 코스피 모회사의 종속,(주)경동티에스,(주)경동나비엔,금융업 아님,,금융업 아님 (표준산업분류),표준산업분류 95399 — 금융업 아님,95399
1-2b 명단 밖 코스피 모회사의 종속,(주)경동폴리움,(주)경동나비엔,금융업 아님,,금융업 아님 (표준산업분류),표준산업분류 22 — 금융업 아님,22
1-2b 명단 밖 코스피 모회사의 종속,(주)경동씨앤에스,(주)경동나비엔,금융 키워드 없음,,비금융 추정 (코드·키워드 없음),코드 없음·금융 키워드 없음 — 비금융 추정 (검토 파일 확인),
1-2b 명단 밖 코스피 모회사의 종속,(주)에스엘솔라,에스엘(주),금융 키워드 없음,,비금융 추정 (코드·키워드 없음),코드 없음·금융 키워드 없음 — 비금융 추정 (검토 파일 확인),
1-2b 명단 밖 코스피 모회사의 종속,넥스트커넥트피에프브이㈜,(주)케이티,금융업 아님,,금융업 아님 (표준산업분류),표준산업분류 68 — 금융업 아님,68
1-2b 명단 밖 코스피 모회사의 종속,㈜케이티넷코어,(주)케이티,금융업 아님,,금융업 아님 (표준산업분류),표준산업분류 741 — 금융업 아님,741
1-2b 명단 밖 코스피 모회사의 종속,㈜케이티피앤엠,(주)케이티,금융업 아님,,금융업 아님 (표준산업분류),표준산업분류 42322 — 금융업 아님,42322
1-2b 명단 밖 코스피 모회사의 종속,㈜케이티엠앤에스,(주)케이티,금융업 아님,,금융업 아님 (표준산업분류),표준산업분류 46522 — 금융업 아님,46522
1-2b 명단 밖 코스피 모회사의 종속,㈜케이티엠오에스북부,(주)케이티,금융업 아님,,금융업 아님 (표준산업분류),표준산업분류 61220 — 금융업 아님,61220
1-2b 명단 밖 코스피 모회사의 종속,㈜케이티알티미디어,(주)케이티,금융업 아님,,금융업 아님 (표준산업분류),표준산업분류 582 — 금융업 아님,582
1-2b 명단 밖 코스피 모회사의 종속,㈜대교뉴이프,(주)대교,금융업 아님,,금융업 아님 (표준산업분류),표준산업분류 87293 — 금융업 아님,87293
1-2b 명단 밖 코스피 모회사의 종속,대교말레이지아,(주)대교,금융 키워드 없음,,비금융 추정 (코드·키워드 없음),코드 없음·금융 키워드 없음 — 비금융 추정 (검토 파일 확인),
1-2b 명단 밖 코스피 모회사의 종속,피노라인(유),동아쏘시오홀딩스(주),금융 키워드 없음,,비금융 추정 (코드·키워드 없음),코드 없음·금융 키워드 없음 — 비금융 추정 (검토 파일 확인),
1-2b 명단 밖 코스피 모회사의 종속,㈜한컴헬스케어,주식회사 한컴라이프케어,금융업 아님,,금융업 아님 (표준산업분류),표준산업분류 13229 — 금융업 아님,13229
1-2b 명단 밖 코스피 모회사의 종속,유유메디컬스,(주)유유제약,금융 키워드 없음,,비금융 추정 (코드·키워드 없음),코드 없음·금융 키워드 없음 — 비금융 추정 (검토 파일 확인),
1-2b 명단 밖 코스피 모회사의 종속,㈜한독헬스케어,(주)한독,금융업 아님,,금융업 아님 (표준산업분류),표준산업분류 4722 — 금융업 아님,4722
1-2b 명단 밖 코스피 모회사의 종속,넥센디앤에스,(주)넥센,금융업 아님,,금융업 아님 (표준산업분류),표준산업분류 68112 — 금융업 아님,68112
1-2b 명단 밖 코스피 모회사의 종속,㈜평택싸이로,(주)티와이홀딩스,금융업 아님,,금융업 아님 (표준산업분류),표준산업분류 52103 — 금융업 아님,52103
1-2b 명단 밖 코스피 모회사의 종속,㈜에스비에스디앤피,(주)티와이홀딩스,금융업 아님,,금융업 아님 (표준산업분류),표준산업분류 71399 — 금융업 아님,71399
1-2b 명단 밖 코스피 모회사의 종속,(주)남성 에이엠디,(주)남성,금융업 아님,,금융업 아님 (표준산업분류),표준산업분류 26 — 금융업 아님,26
1-2b 명단 밖 코스피 모회사의 종속,대명전선(주),대원전선(주),금융업 아님,,금융업 아님 (표준산업분류),표준산업분류 28302 — 금융업 아님,28302
1-2b 명단 밖 코스피 모회사의 종속,㈜케이티에스테이트,(주)케이티,금융업 아님,,금융업 아님 (표준산업분류),표준산업분류 68 — 금융업 아님,68
1-2b 명단 밖 코스피 모회사의 종속,케이티지디에이치㈜,(주)케이티,금융업 아님,,금융업 아님 (표준산업분류),표준산업분류 62 — 금융업 아님,62
1-2b 명단 밖 코스피 모회사의 종속,㈜케이티샛,(주)케이티,금융업 아님,,금융업 아님 (표준산업분류),표준산업분류 61220 — 금융업 아님,61220
1-2b 명단 밖 코스피 모회사의 종속,㈜케이티엠모바일,(주)케이티,금융업 아님,,금융업 아님 (표준산업분류),표준산업분류 61291 — 금융업 아님,61291
1-2b 명단 밖 코스피 모회사의 종속,㈜세티,(주)선진,금융업 아님,,금융업 아님 (표준산업분류),표준산업분류 72122 — 금융업 아님,72122
1-2b 명단 밖 코스피 모회사의 종속,(주)하림푸드,(주)선진,금융업 아님,,금융업 아님 (표준산업분류),표준산업분류 10709 — 금융업 아님,10709
1-2b 명단 밖 코스피 모회사의 종속,㈜선진FS,(주)선진,금융 키워드 없음,,비금융 추정 (코드·키워드 없음),코드 없음·금융 키워드 없음 — 비금융 추정 (검토 파일 확인),
1-2b 명단 밖 코스피 모회사의 종속,롯데엔지니어링플라스틱㈜,롯데케미칼(주),금융업 아님,,금융업 아님 (표준산업분류),표준산업분류 20202 — 금융업 아님,20202
1-2b 명단 밖 코스피 모회사의 종속,에이프로젠파마㈜,(주)에이프로젠바이오로직스,금융업 아님,,금융업 아님 (표준산업분류),표준산업분류 4644 — 금융업 아님,4644
1-2b 명단 밖 코스피 모회사의 종속,한진울산신항운영㈜,(주)한진,금융업 아님,,금융업 아님 (표준산업분류),표준산업분류 52101 — 금융업 아님,52101
1-2b 명단 밖 코스피 모회사의 종속,한진인천컨테이너터미널,(주)한진,금융업 아님,,금융업 아님 (표준산업분류),표준산업분류 75999 — 금융업 아님,75999
1-2b 명단 밖 코스피 모회사의 종속,(주)에스디케어,에스디바이오센서(주),금융 키워드 없음,,비금융 추정 (코드·키워드 없음),코드 없음·금융 키워드 없음 — 비금융 추정 (검토 파일 확인),
1-2b 명단 밖 코스피 모회사의 종속,앰브로비앤피(주),환인제약(주),금융 키워드 없음,,비금융 추정 (코드·키워드 없음),코드 없음·금융 키워드 없음 — 비금융 추정 (검토 파일 확인),
1-2b 명단 밖 코스피 모회사의 종속,애즈유(주),환인제약(주),금융 키워드 없음,,비금융 추정 (코드·키워드 없음),코드 없음·금융 키워드 없음 — 비금융 추정 (검토 파일 확인),
1-2b 명단 밖 코스피 모회사의 종속,한국동그라미파트너스(주),한국타이어앤테크놀로지(주),금융업 아님,,금융업 아님 (표준산업분류),표준산업분류 75919 — 금융업 아님,75919
1-2b 명단 밖 코스피 모회사의 종속,티엔에이 주식회사,한국타이어앤테크놀로지(주),금융 키워드 없음,,비금융 추정 (코드·키워드 없음),코드 없음·금융 키워드 없음 — 비금융 추정 (검토 파일 확인),
1-2b 명단 밖 코스피 모회사의 종속,아이앤비코퍼레이션,한국타이어앤테크놀로지(주),금융업 아님,,금융업 아님 (표준산업분류),표준산업분류 71531 — 금융업 아님,71531
1-2b 명단 밖 코스피 모회사의 종속,(주)아첼라,(주)종근당,금융 키워드 없음,,비금융 추정 (코드·키워드 없음),코드 없음·금융 키워드 없음 — 비금융 추정 (검토 파일 확인),
1-2b 명단 밖 코스피 모회사의 종속,기신메가텍(주),기신정기(주),금융업 아님,,금융업 아님 (표준산업분류),표준산업분류 29293 — 금융업 아님,29293
1-2b 명단 밖 코스피 모회사의 종속,(주)원진정공,기신정기(주),금융업 아님,,금융업 아님 (표준산업분류),표준산업분류 29293 — 금융업 아님,29293
1-2b 명단 밖 코스피 모회사의 종속,㈜백산아트앤네트워크,(주)백산,금융 키워드 없음,,비금융 추정 (코드·키워드 없음),코드 없음·금융 키워드 없음 — 비금융 추정 (검토 파일 확인),
1-2b 명단 밖 코스피 모회사의 종속,한솔티씨에스 주식회사,한솔로지스틱스(주),금융업 아님,,금융업 아님 (표준산업분류),표준산업분류 52992 — 금융업 아님,52992
1-2b 명단 밖 코스피 모회사의 종속,한솔로지스유 주식회사,한솔로지스틱스(주),금융업 아님,,금융업 아님 (표준산업분류),표준산업분류 52101 — 금융업 아님,52101
1-2b 명단 밖 코스피 모회사의 종속,㈜허심청브로이,(주)농심,금융업 아님,,금융업 아님 (표준산업분류),표준산업분류 11112 — 금융업 아님,11112
1-2b 명단 밖 코스피 모회사의 종속,롯데김해개발,롯데쇼핑(주),금융업 아님,,금융업 아님 (표준산업분류),표준산업분류 741 — 금융업 아님,741
1-2b 명단 밖 코스피 모회사의 종속,코스맥스라보라토리(주),코스맥스(주),금융 키워드 없음,,비금융 추정 (코드·키워드 없음),코드 없음·금융 키워드 없음 — 비금융 추정 (검토 파일 확인),
1-2b 명단 밖 코스피 모회사의 종속,하이엑시움모터스㈜,두산퓨얼셀 주식회사,금융업 아님,,금융업 아님 (표준산업분류),표준산업분류 30121 — 금융업 아님,30121
1-2b 명단 밖 코스피 모회사의 종속,(유)와이피씨,(주)영풍,지주회사,,지주·기금 (금융지주 아님),지주회사(64992) — 사업 자회사를 묶는 중간지주·기금,64992
1-2b 명단 밖 코스피 모회사의 종속,(유)엠와이지,(주)영풍,지주회사,,지주·기금 (금융지주 아님),지주회사(64992) — 사업 자회사를 묶는 중간지주·기금,64992
1-2b 명단 밖 코스피 모회사의 종속,㈜영풍이앤이,(주)영풍,금융업 아님,,금융업 아님 (표준산업분류),표준산업분류 68212 — 금융업 아님,68212
1-2b 명단 밖 코스피 모회사의 종속,㈜영풍JAPAN,(주)영풍,금융 키워드 없음,,비금융 추정 (코드·키워드 없음),코드 없음·금융 키워드 없음 — 비금융 추정 (검토 파일 확인),
1-2b 명단 밖 코스피 모회사의 종속,영풍전자㈜,(주)영풍,금융업 아님,,금융업 아님 (표준산업분류),표준산업분류 2622 — 금융업 아님,2622
1-2b 명단 밖 코스피 모회사의 종속,케이피한석유화㈜,한국석유공업(주),금융업 아님,,금융업 아님 (표준산업분류),표준산업분류 46733 — 금융업 아님,46733
1-2b 명단 밖 코스피 모회사의 종속,케이피한석화학㈜,한국석유공업(주),금융업 아님,,금융업 아님 (표준산업분류),표준산업분류 46739 — 금융업 아님,46739
1-2b 명단 밖 코스피 모회사의 종속,효원산업㈜,한국석유공업(주),금융 키워드 없음,,비금융 추정 (코드·키워드 없음),코드 없음·금융 키워드 없음 — 비금융 추정 (검토 파일 확인),
1-2b 명단 밖 코스피 모회사의 종속,㈜서울레이크사이드,삼성물산(주),금융업 아님,,금융업 아님 (표준산업분류),표준산업분류 91121 — 금융업 아님,91121
1-2b 명단 밖 코스피 모회사의 종속,㈜삼우종합건축사사무소,삼성물산(주),금융업 아님,,금융업 아님 (표준산업분류),표준산업분류 72111 — 금융업 아님,72111
1-2b 명단 밖 코스피 모회사의 종속,제일패션리테일㈜,삼성물산(주),금융업 아님,,금융업 아님 (표준산업분류),표준산업분류 47 — 금융업 아님,47
1-2b 명단 밖 코스피 모회사의 종속,삼성웰스토리㈜,삼성물산(주),금융업 아님,,금융업 아님 (표준산업분류),표준산업분류 56130 — 금융업 아님,56130
1-2b 명단 밖 코스피 모회사의 종속,㈜한국글로벌솔루션,(주)한국카본,금융업 아님,,금융업 아님 (표준산업분류),표준산업분류 31114 — 금융업 아님,31114
1-2b 명단 밖 코스피 모회사의 종속,(주)립스,(주)한국카본,금융업 아님,,금융업 아님 (표준산업분류),표준산업분류 23121 — 금융업 아님,23121
1-2b 명단 밖 코스피 모회사의 종속,㈜에이치씨네트웍스,(주)한국카본,금융업 아님,,금융업 아님 (표준산업분류),표준산업분류 4610 — 금융업 아님,4610
1-2b 명단 밖 코스피 모회사의 종속,동부엔지니어링㈜,동부건설(주),금융업 아님,,금융업 아님 (표준산업분류),표준산업분류 72121 — 금융업 아님,72121
1-2b 명단 밖 코스피 모회사의 종속,케이피인베스트앤대부㈜,한국석유공업(주),신탁·집합투자,,포트폴리오 없음 (GA·손해사정·IT·대부업·신용정보),"대부업 — 계열사 자금 운용 목적, 제조업 여신 포트폴리오 없음",
1-2b 명단 밖 코스피 모회사의 종속,신성산업㈜,한국석유공업(주),금융업 아님,,금융업 아님 (표준산업분류),표준산업분류 25923 — 금융업 아님,25923
1-2b 명단 밖 코스피 모회사의 종속,에이치엘엘중앙(주),(주)콘텐트리중앙,금융업 아님,,금융업 아님 (표준산업분류),표준산업분류 59114 — 금융업 아님,59114
1-2b 명단 밖 코스피 모회사의 종속,(주)삼아소이전자,삼아알미늄(주),금융업 아님,,금융업 아님 (표준산업분류),표준산업분류 46510 — 금융업 아님,46510
1-2b 명단 밖 코스피 모회사의 종속,이노위드 주식회사,엘지이노텍(주),금융업 아님,,금융업 아님 (표준산업분류),표준산업분류 74 — 금융업 아님,74
1-2b 명단 밖 코스피 모회사의 종속,마인드마크,(주)신세계,금융업 아님,,금융업 아님 (표준산업분류),표준산업분류 5912 — 금융업 아님,5912
1-2b 명단 밖 코스피 모회사의 종속,신세계디에프,(주)신세계,금융업 아님,,금융업 아님 (표준산업분류),표준산업분류 47 — 금융업 아님,47
1-2b 명단 밖 코스피 모회사의 종속,㈜더파크,동부건설(주),금융업 아님,,금융업 아님 (표준산업분류),표준산업분류 6811 — 금융업 아님,6811
1-2b 명단 밖 코스피 모회사의 종속,와이제이글로벌개발 주식회사,동부건설(주),금융업 아님,,금융업 아님 (표준산업분류),표준산업분류 68121 — 금융업 아님,68121
1-2b 명단 밖 코스피 모회사의 종속,동부당진솔라㈜,동부건설(주),금융업 아님,,금융업 아님 (표준산업분류),표준산업분류 3511 — 금융업 아님,3511
1-2b 명단 밖 코스피 모회사의 종속,동부자산관리㈜,동부건설(주),금융업 아님,,금융업 아님 (표준산업분류),표준산업분류 76190 — 금융업 아님,76190
1-2b 명단 밖 코스피 모회사의 종속,효성굿스프링스㈜,(주)효성,금융업 아님,,금융업 아님 (표준산업분류),표준산업분류 29131 — 금융업 아님,29131
1-2b 명단 밖 코스피 모회사의 종속,㈜에프엠케이,(주)효성,금융업 아님,,금융업 아님 (표준산업분류),표준산업분류 45110 — 금융업 아님,45110
1-2b 명단 밖 코스피 모회사의 종속,에이스스틸,한국주철관공업(주),금융업 아님,,금융업 아님 (표준산업분류),표준산업분류 46721 — 금융업 아님,46721
1-2b 명단 밖 코스피 모회사의 종속,진방스틸,한국주철관공업(주),금융업 아님,,금융업 아님 (표준산업분류),표준산업분류 2413 — 금융업 아님,2413
1-2b 명단 밖 코스피 모회사의 종속,진방스틸재팬,한국주철관공업(주),금융 키워드 없음,,비금융 추정 (코드·키워드 없음),코드 없음·금융 키워드 없음 — 비금융 추정 (검토 파일 확인),
1-2b 명단 밖 코스피 모회사의 종속,한국강재,한국주철관공업(주),금융업 아님,,금융업 아님 (표준산업분류),표준산업분류 2413 — 금융업 아님,2413
1-2b 명단 밖 코스피 모회사의 종속,DRB인터내셔널(주),(주)디알비동일,금융 키워드 없음,,비금융 추정 (코드·키워드 없음),코드 없음·금융 키워드 없음 — 비금융 추정 (검토 파일 확인),
1-2b 명단 밖 코스피 모회사의 종속,DRB오토메이션(주),(주)디알비동일,금융 키워드 없음,,비금융 추정 (코드·키워드 없음),코드 없음·금융 키워드 없음 — 비금융 추정 (검토 파일 확인),
1-2b 명단 밖 코스피 모회사의 종속,DRB오토모티브(주),(주)디알비동일,금융 키워드 없음,,비금융 추정 (코드·키워드 없음),코드 없음·금융 키워드 없음 — 비금융 추정 (검토 파일 확인),
1-2b 명단 밖 코스피 모회사의 종속,주식회사 에코앤로지스부산,(주)LX인터내셔널,금융업 아님,,금융업 아님 (표준산업분류),표준산업분류 5210 — 금융업 아님,5210
1-2b 명단 밖 코스피 모회사의 종속,포승그린파워㈜,(주)LX인터내셔널,금융업 아님,,금융업 아님 (표준산업분류),표준산업분류 35300 — 금융업 아님,35300
1-2b 명단 밖 코스피 모회사의 종속,주식회사 엘엑스글라스,(주)LX인터내셔널,금융업 아님,,금융업 아님 (표준산업분류),표준산업분류 23111 — 금융업 아님,23111
1-2b 명단 밖 코스피 모회사의 종속,당진탱크터미널(주),(주)LX인터내셔널,금융업 아님,,금융업 아님 (표준산업분류),표준산업분류 52921 — 금융업 아님,52921
1-2b 명단 밖 코스피 모회사의 종속,한국복합소재㈜,(주)한국카본,금융업 아님,,금융업 아님 (표준산업분류),표준산업분류 31322 — 금융업 아님,31322
1-2b 명단 밖 코스피 모회사의 종속,한국항공기술 케이에이티㈜,(주)한국카본,금융 키워드 없음,,비금융 추정 (코드·키워드 없음),코드 없음·금융 키워드 없음 — 비금융 추정 (검토 파일 확인),
1-2b 명단 밖 코스피 모회사의 종속,일조국제물류㈜,(주)동방,금융 키워드 없음,,비금융 추정 (코드·키워드 없음),코드 없음·금융 키워드 없음 — 비금융 추정 (검토 파일 확인),
1-2b 명단 밖 코스피 모회사의 종속,포항영일만항운영㈜,(주)동방,금융업 아님,,금융업 아님 (표준산업분류),표준산업분류 50201 — 금융업 아님,50201
1-2b 명단 밖 코스피 모회사의 종속,동방에스앤디(주),(주)동방,금융업 아님,,금융업 아님 (표준산업분류),표준산업분류 58221 — 금융업 아님,58221
1-2b 명단 밖 코스피 모회사의 종속,상신제동계통(무석)(유),상신브레이크(주),금융 키워드 없음,,비금융 추정 (코드·키워드 없음),코드 없음·금융 키워드 없음 — 비금융 추정 (검토 파일 확인),
1-2b 명단 밖 코스피 모회사의 종속,사천상신제동계통(유),상신브레이크(주),금융 키워드 없음,,비금융 추정 (코드·키워드 없음),코드 없음·금융 키워드 없음 — 비금융 추정 (검토 파일 확인),
1-2b 명단 밖 코스피 모회사의 종속,㈜에스피오디오,(주)신풍,금융 키워드 없음,,비금융 추정 (코드·키워드 없음),코드 없음·금융 키워드 없음 — 비금융 추정 (검토 파일 확인),
1-2b 명단 밖 코스피 모회사의 종속,㈜꿈의실현1331,(주)신풍,금융 키워드 없음,,비금융 추정 (코드·키워드 없음),코드 없음·금융 키워드 없음 — 비금융 추정 (검토 파일 확인),
1-2b 명단 밖 코스피 모회사의 종속,㈜다웅,(주)신풍,금융 키워드 없음,,비금융 추정 (코드·키워드 없음),코드 없음·금융 키워드 없음 — 비금융 추정 (검토 파일 확인),
1-2b 명단 밖 코스피 모회사의 종속,서현이엔지,서울도시가스(주),금융업 아님,,금융업 아님 (표준산업분류),표준산업분류 74100 — 금융업 아님,74100
1-2b 명단 밖 코스피 모회사의 종속,은평도시가스이엔지,서울도시가스(주),금융업 아님,,금융업 아님 (표준산업분류),표준산업분류 35 — 금융업 아님,35
1-2b 명단 밖 코스피 모회사의 종속,용산도시가스이엔지,서울도시가스(주),금융업 아님,,금융업 아님 (표준산업분류),표준산업분류 74100 — 금융업 아님,74100
1-2b 명단 밖 코스피 모회사의 종속,대전신세계,(주)신세계,금융업 아님,,금융업 아님 (표준산업분류),표준산업분류 47 — 금융업 아님,47
1-2b 명단 밖 코스피 모회사의 종속,1. 서울청과(주),고려제강(주),금융 키워드 없음,,비금융 추정 (코드·키워드 없음),코드 없음·금융 키워드 없음 — 비금융 추정 (검토 파일 확인),
1-2b 명단 밖 코스피 모회사의 종속,2. 케이.에이.티.(주),고려제강(주),금융 키워드 없음,,비금융 추정 (코드·키워드 없음),코드 없음·금융 키워드 없음 — 비금융 추정 (검토 파일 확인),
1-2b 명단 밖 코스피 모회사의 종속,3. 홍덕섬유(주),고려제강(주),금융 키워드 없음,,비금융 추정 (코드·키워드 없음),코드 없음·금융 키워드 없음 — 비금융 추정 (검토 파일 확인),
1-2b 명단 밖 코스피 모회사의 종속,수광티티아이(주),자화전자(주),금융업 아님,,금융업 아님 (표준산업분류),표준산업분류 22291 — 금융업 아님,22291
1-2b 명단 밖 코스피 모회사의 종속,롯데미래전략연구소,롯데지주(주),금융업 아님,,금융업 아님 (표준산업분류),표준산업분류 71531 — 금융업 아님,71531
1-2b 명단 밖 코스피 모회사의 종속,롯데에이엠씨,롯데지주(주),금융업 아님,,금융업 아님 (표준산업분류),표준산업분류 68 — 금융업 아님,68
1-2b 명단 밖 코스피 모회사의 종속,엘앤에프플러스,(주)엘앤에프,금융업 아님,,금융업 아님 (표준산업분류),표준산업분류 28209 — 금융업 아님,28209
1-2b 명단 밖 코스피 모회사의 종속,경기도시가스,서울도시가스(주),금융업 아님,,금융업 아님 (표준산업분류),표준산업분류 74100 — 금융업 아님,74100
1-2b 명단 밖 코스피 모회사의 종속,지알엠,서울도시가스(주),금융업 아님,,금융업 아님 (표준산업분류),표준산업분류 68112 — 금융업 아님,68112
1-2b 명단 밖 코스피 모회사의 종속,지알이에스,서울도시가스(주),금융업 아님,,금융업 아님 (표준산업분류),표준산업분류 75999 — 금융업 아님,75999
1-2b 명단 밖 코스피 모회사의 종속,서울씨엔지,서울도시가스(주),금융업 아님,,금융업 아님 (표준산업분류),표준산업분류 46713 — 금융업 아님,46713
1-2b 명단 밖 코스피 모회사의 종속,(주)비지에프로지스,(주)비지에프리테일,금융업 아님,,금융업 아님 (표준산업분류),표준산업분류 52101 — 금융업 아님,52101
1-2b 명단 밖 코스피 모회사의 종속,(주)비지에프푸드,(주)비지에프리테일,금융업 아님,,금융업 아님 (표준산업분류),표준산업분류 1070 — 금융업 아님,1070
1-2b 명단 밖 코스피 모회사의 종속,대한사료(주),대한제분(주),금융업 아님,,금융업 아님 (표준산업분류),표준산업분류 1090 — 금융업 아님,1090
1-2b 명단 밖 코스피 모회사의 종속,우리와(주),대한제분(주),금융업 아님,,금융업 아님 (표준산업분류),표준산업분류 10901 — 금융업 아님,10901
1-2b 명단 밖 코스피 모회사의 종속,(주)보나비,대한제분(주),금융업 아님,,금융업 아님 (표준산업분류),표준산업분류 56150 — 금융업 아님,56150
1-2b 명단 밖 코스피 모회사의 종속,(주)쉐프스푸드,대한제분(주),금융업 아님,,금융업 아님 (표준산업분류),표준산업분류 46321 — 금융업 아님,46321
1-2b 명단 밖 코스피 모회사의 종속,대한싸이로(주),대한제분(주),금융업 아님,,금융업 아님 (표준산업분류),표준산업분류 52942 — 금융업 아님,52942
1-2b 명단 밖 코스피 모회사의 종속,DH바이탈피드(주),대한제분(주),금융업 아님,,금융업 아님 (표준산업분류),표준산업분류 1090 — 금융업 아님,1090
1-2b 명단 밖 코스피 모회사의 종속,(주)엔케이 에더먼트,(주)엔케이,금융업 아님,,금융업 아님 (표준산업분류),표준산업분류 25929 — 금융업 아님,25929
1-2b 명단 밖 코스피 모회사의 종속,SK에너지(주),SK이노베이션(주),금융업 아님,,금융업 아님 (표준산업분류),표준산업분류 19210 — 금융업 아님,19210
1-2b 명단 밖 코스피 모회사의 종속,행복키움(주),SK이노베이션(주),금융업 아님,,금융업 아님 (표준산업분류),표준산업분류 75122 — 금융업 아님,75122
1-2b 명단 밖 코스피 모회사의 종속,엘아이지정밀기술(주),엘아이지디펜스앤에어로스페이스(주),금융업 아님,,금융업 아님 (표준산업분류),표준산업분류 26410 — 금융업 아님,26410
1-2b 명단 밖 코스피 모회사의 종속,블랑제리길(주),엘아이지디펜스앤에어로스페이스(주),금융 키워드 없음,,비금융 추정 (코드·키워드 없음),코드 없음·금융 키워드 없음 — 비금융 추정 (검토 파일 확인),
1-2b 명단 밖 코스피 모회사의 종속,해태아이스크림㈜,(주)빙그레,금융업 아님,,금융업 아님 (표준산업분류),표준산업분류 46324 — 금융업 아님,46324
1-2b 명단 밖 코스피 모회사의 종속,SK인텔릭스(주),SK네트웍스(주),금융업 아님,,금융업 아님 (표준산업분류),표준산업분류 28519 — 금융업 아님,28519
1-2b 명단 밖 코스피 모회사의 종속,민팃(주),SK네트웍스(주),금융업 아님,,금융업 아님 (표준산업분류),표준산업분류 46 — 금융업 아님,46
1-2b 명단 밖 코스피 모회사의 종속,카티니(주),SK네트웍스(주),금융업 아님,,금융업 아님 (표준산업분류),표준산업분류 47912 — 금융업 아님,47912
1-2b 명단 밖 코스피 모회사의 종속,SK네트웍스서비스(주),SK네트웍스(주),금융업 아님,,금융업 아님 (표준산업분류),표준산업분류 95120 — 금융업 아님,95120
1-2b 명단 밖 코스피 모회사의 종속,에스케이스피드메이트(주),SK네트웍스(주),금융업 아님,,금융업 아님 (표준산업분류),표준산업분류 45212 — 금융업 아님,45212
1-2b 명단 밖 코스피 모회사의 종속,글로와이드(주),SK네트웍스(주),금융업 아님,,금융업 아님 (표준산업분류),표준산업분류 467 — 금융업 아님,467
1-2b 명단 밖 코스피 모회사의 종속,한산기전(주),한전산업개발(주),금융 키워드 없음,,비금융 추정 (코드·키워드 없음),코드 없음·금융 키워드 없음 — 비금융 추정 (검토 파일 확인),
1-2b 명단 밖 코스피 모회사의 종속,HSI(주),한전산업개발(주),금융 키워드 없음,,비금융 추정 (코드·키워드 없음),코드 없음·금융 키워드 없음 — 비금융 추정 (검토 파일 확인),
1-2b 명단 밖 코스피 모회사의 종속,주식회사 하암태양광발전소,한전산업개발(주),금융 키워드 없음,,비금융 추정 (코드·키워드 없음),코드 없음·금융 키워드 없음 — 비금융 추정 (검토 파일 확인),
1-2b 명단 밖 코스피 모회사의 종속,알디에스(주),(주)오뚜기,금융업 아님,,금융업 아님 (표준산업분류),표준산업분류 62021 — 금융업 아님,62021
1-2b 명단 밖 코스피 모회사의 종속,인터지스중앙부두(주),인터지스(주),금융업 아님,,금융업 아님 (표준산업분류),표준산업분류 52942 — 금융업 아님,52942
1-2b 명단 밖 코스피 모회사의 종속,에스케이지오센트릭(주),SK이노베이션(주),금융업 아님,,금융업 아님 (표준산업분류),표준산업분류 20111 — 금융업 아님,20111
1-2b 명단 밖 코스피 모회사의 종속,해쌀태양광㈜,SK이노베이션(주),금융업 아님,,금융업 아님 (표준산업분류),표준산업분류 71600 — 금융업 아님,71600
1-2b 명단 밖 코스피 모회사의 종속,SK인천석유화학(주),SK이노베이션(주),금융업 아님,,금융업 아님 (표준산업분류),표준산업분류 19210 — 금융업 아님,19210
1-2b 명단 밖 코스피 모회사의 종속,아리울 행복솔라㈜,SK이노베이션(주),금융업 아님,,금융업 아님 (표준산업분류),표준산업분류 3511 — 금융업 아님,3511
1-2b 명단 밖 코스피 모회사의 종속,아이지이㈜,SK이노베이션(주),금융업 아님,,금융업 아님 (표준산업분류),표준산업분류 3520 — 금융업 아님,3520
1-2b 명단 밖 코스피 모회사의 종속,엔솔브㈜,SK이노베이션(주),금융업 아님,,금융업 아님 (표준산업분류),표준산업분류 3511 — 금융업 아님,3511
1-2b 명단 밖 코스피 모회사의 종속,(주)비지에프휴먼넷,(주)비지에프리테일,금융업 아님,,금융업 아님 (표준산업분류),표준산업분류 47122 — 금융업 아님,47122
1-2b 명단 밖 코스피 모회사의 종속,(주)비지에프네트웍스,(주)비지에프리테일,금융업 아님,,금융업 아님 (표준산업분류),표준산업분류 52992 — 금융업 아님,52992
1-2b 명단 밖 코스피 모회사의 종속,온라인팜(주),한미사이언스(주),금융업 아님,,금융업 아님 (표준산업분류),표준산업분류 46441 — 금융업 아님,46441
1-2b 명단 밖 코스피 모회사의 종속,(주)새한리싸이클,OCI(주),금융업 아님,,금융업 아님 (표준산업분류),표준산업분류 20499 — 금융업 아님,20499
1-2b 명단 밖 코스피 모회사의 종속,오씨아이드림(주),OCI(주),금융업 아님,,금융업 아님 (표준산업분류),표준산업분류 75122 — 금융업 아님,75122
1-2b 명단 밖 코스피 모회사의 종속,모비언트㈜,현대위아(주),금융업 아님,,금융업 아님 (표준산업분류),표준산업분류 30392 — 금융업 아님,30392
1-2b 명단 밖 코스피 모회사의 종속,테크젠㈜,현대위아(주),금융업 아님,,금융업 아님 (표준산업분류),표준산업분류 3031 — 금융업 아님,3031
1-2b 명단 밖 코스피 모회사의 종속,(주)참좋은,(주)엔케이,금융업 아님,,금융업 아님 (표준산업분류),표준산업분류 6812 — 금융업 아님,6812
1-2b 명단 밖 코스피 모회사의 종속,삼부 네팔,삼부토건(주),금융 키워드 없음,,비금융 추정 (코드·키워드 없음),코드 없음·금융 키워드 없음 — 비금융 추정 (검토 파일 확인),
1-2b 명단 밖 코스피 모회사의 종속,삼부 파키스탄,삼부토건(주),금융 키워드 없음,,비금융 추정 (코드·키워드 없음),코드 없음·금융 키워드 없음 — 비금융 추정 (검토 파일 확인),
1-2b 명단 밖 코스피 모회사의 종속,셀론텍㈜,에쓰씨엔지니어링(주),금융업 아님,,금융업 아님 (표준산업분류),표준산업분류 21212 — 금융업 아님,21212
1-2b 명단 밖 코스피 모회사의 종속,두산지오솔루션㈜,두산에너빌리티(주),금융업 아님,,금융업 아님 (표준산업분류),표준산업분류 71531 — 금융업 아님,71531
1-2b 명단 밖 코스피 모회사의 종속,(주)애드리치,(주)오뚜기,금융업 아님,,금융업 아님 (표준산업분류),표준산업분류 71310 — 금융업 아님,71310
1-2b 명단 밖 코스피 모회사의 종속,강소 부도옹식품,(주)오뚜기,금융 키워드 없음,,비금융 추정 (코드·키워드 없음),코드 없음·금융 키워드 없음 — 비금융 추정 (검토 파일 확인),
1-2b 명단 밖 코스피 모회사의 종속,강소태동식품,(주)오뚜기,금융 키워드 없음,,비금융 추정 (코드·키워드 없음),코드 없음·금융 키워드 없음 — 비금융 추정 (검토 파일 확인),
1-2b 명단 밖 코스피 모회사의 종속,(주)오뚜기 프렌즈,(주)오뚜기,금융업 아님,,금융업 아님 (표준산업분류),표준산업분류 75999 — 금융업 아님,75999
1-2b 명단 밖 코스피 모회사의 종속,오뚜기라면 (주),(주)오뚜기,금융업 아님,,금융업 아님 (표준산업분류),표준산업분류 10 — 금융업 아님,10
1-2b 명단 밖 코스피 모회사의 종속,오뚜기제유(주),(주)오뚜기,금융업 아님,,금융업 아님 (표준산업분류),표준산업분류 10412 — 금융업 아님,10412
1-2b 명단 밖 코스피 모회사의 종속,오뚜기물류 서비스(주),(주)오뚜기,금융업 아님,,금융업 아님 (표준산업분류),표준산업분류 52992 — 금융업 아님,52992
1-2b 명단 밖 코스피 모회사의 종속,오뚜기 냉동식품(주),(주)오뚜기,금융업 아님,,금융업 아님 (표준산업분류),표준산업분류 10602 — 금융업 아님,10602
1-2b 명단 밖 코스피 모회사의 종속,오뚜기에스에프 (주),(주)오뚜기,금융업 아님,,금융업 아님 (표준산업분류),표준산업분류 10211 — 금융업 아님,10211
1-2b 명단 밖 코스피 모회사의 종속,(주)풍림피앤피,(주)오뚜기,금융업 아님,,금융업 아님 (표준산업분류),표준산업분류 18119 — 금융업 아님,18119
1-2b 명단 밖 코스피 모회사의 종속,상미식품(주),(주)오뚜기,금융업 아님,,금융업 아님 (표준산업분류),표준산업분류 10832 — 금융업 아님,10832
1-2b 명단 밖 코스피 모회사의 종속,상원농산㈜,(주)선앤엘,금융 키워드 없음,,비금융 추정 (코드·키워드 없음),코드 없음·금융 키워드 없음 — 비금융 추정 (검토 파일 확인),
1-2b 명단 밖 코스피 모회사의 종속,두산큐벡스㈜,두산에너빌리티(주),금융업 아님,,금융업 아님 (표준산업분류),표준산업분류 74100 — 금융업 아님,74100
1-2b 명단 밖 코스피 모회사의 종속,두산리사이클솔루션㈜,두산에너빌리티(주),금융업 아님,,금융업 아님 (표준산업분류),표준산업분류 2421 — 금융업 아님,2421
1-2b 명단 밖 코스피 모회사의 종속,현대케피코,현대자동차(주),금융업 아님,,금융업 아님 (표준산업분류),표준산업분류 30 — 금융업 아님,30
1-2b 명단 밖 코스피 모회사의 종속,전북현대모터스에프씨,현대자동차(주),금융업 아님,,금융업 아님 (표준산업분류),표준산업분류 91191 — 금융업 아님,91191
1-2b 명단 밖 코스피 모회사의 종속,호텔에이치디씨㈜,아이파크현대산업개발(주),금융 키워드 없음,,비금융 추정 (코드·키워드 없음),코드 없음·금융 키워드 없음 — 비금융 추정 (검토 파일 확인),
1-2b 명단 밖 코스피 모회사의 종속,에이치디씨현대피씨이㈜,아이파크현대산업개발(주),금융업 아님,,금융업 아님 (표준산업분류),표준산업분류 23325 — 금융업 아님,23325
1-2b 명단 밖 코스피 모회사의 종속,서창김포고속도로(주),아이파크현대산업개발(주),금융업 아님,,금융업 아님 (표준산업분류),표준산업분류 52914 — 금융업 아님,52914
1-2b 명단 밖 코스피 모회사의 종속,인천신항배후단지㈜,아이파크현대산업개발(주),금융업 아님,,금융업 아님 (표준산업분류),표준산업분류 68129 — 금융업 아님,68129
1-2b 명단 밖 코스피 모회사의 종속,에스케이어스온(주),SK이노베이션(주),금융업 아님,,금융업 아님 (표준산업분류),표준산업분류 05200 — 금융업 아님,05200
1-2b 명단 밖 코스피 모회사의 종속,보령블루하이㈜,SK이노베이션(주),금융업 아님,,금융업 아님 (표준산업분류),표준산업분류 20122 — 금융업 아님,20122
1-2b 명단 밖 코스피 모회사의 종속,이엔에스시티가스㈜,SK이노베이션(주),지주회사,,지주·기금 (금융지주 아님),지주회사(64992) — 사업 자회사를 묶는 중간지주·기금,64992
1-2b 명단 밖 코스피 모회사의 종속,이엔에스시티가스부산㈜,SK이노베이션(주),지주회사,,지주·기금 (금융지주 아님),지주회사(64992) — 사업 자회사를 묶는 중간지주·기금,64992
1-2b 명단 밖 코스피 모회사의 종속,삼부르네상스(주),삼부토건(주),금융업 아님,,금융업 아님 (표준산업분류),표준산업분류 68121 — 금융업 아님,68121
1-2b 명단 밖 코스피 모회사의 종속,삼부르네상스더힐(주),삼부토건(주),금융업 아님,,금융업 아님 (표준산업분류),표준산업분류 68121 — 금융업 아님,68121
1-2b 명단 밖 코스피 모회사의 종속,에스알엔(주),삼부토건(주),금융 키워드 없음,,비금융 추정 (코드·키워드 없음),코드 없음·금융 키워드 없음 — 비금융 추정 (검토 파일 확인),
1-2b 명단 밖 코스피 모회사의 종속,(주)루치펠로코리아,(주)LG생활건강,금융업 아님,,금융업 아님 (표준산업분류),표준산업분류 20422 — 금융업 아님,20422
1-2b 명단 밖 코스피 모회사의 종속,(주)에프엠지,(주)LG생활건강,금융업 아님,,금융업 아님 (표준산업분류),표준산업분류 20423 — 금융업 아님,20423
1-2b 명단 밖 코스피 모회사의 종속,(주)밝은누리,(주)LG생활건강,금융업 아님,,금융업 아님 (표준산업분류),표준산업분류 90191 — 금융업 아님,90191
1-2b 명단 밖 코스피 모회사의 종속,한화세미텍㈜ (舊한화정밀기계㈜),한화비전(주),금융 키워드 없음,,비금융 추정 (코드·키워드 없음),코드 없음·금융 키워드 없음 — 비금융 추정 (검토 파일 확인),
1-2b 명단 밖 코스피 모회사의 종속,(주)케이티에이치씨엔,(주)케이티스카이라이프,금융업 아님,,금융업 아님 (표준산업분류),표준산업분류 60222 — 금융업 아님,60222
1-2b 명단 밖 코스피 모회사의 종속,금양흥업 주식회사,남양유업(주),금융업 아님,,금융업 아님 (표준산업분류),표준산업분류 68112 — 금융업 아님,68112
1-2b 명단 밖 코스피 모회사의 종속,건강한사람들 주식회사,남양유업(주),금융업 아님,,금융업 아님 (표준산업분류),표준산업분류 11209 — 금융업 아님,11209
1-2b 명단 밖 코스피 모회사의 종속,백미방아이앤씨 주식회사,남양유업(주),금융 키워드 없음,,비금융 추정 (코드·키워드 없음),코드 없음·금융 키워드 없음 — 비금융 추정 (검토 파일 확인),
1-2b 명단 밖 코스피 모회사의 종속,(주)나눔누리,엘지디스플레이(주),금융업 아님,,금융업 아님 (표준산업분류),표준산업분류 74211 — 금융업 아님,74211
1-2b 명단 밖 코스피 모회사의 종속,블루팩키지 주식회사,블루산업개발 주식회사,금융업 아님,,금융업 아님 (표준산업분류),표준산업분류 17211 — 금융업 아님,17211
1-2b 명단 밖 코스피 모회사의 종속,와이피리싸이클링 주식회사,블루산업개발 주식회사,금융 키워드 없음,,비금융 추정 (코드·키워드 없음),코드 없음·금융 키워드 없음 — 비금융 추정 (검토 파일 확인),
1-2b 명단 밖 코스피 모회사의 종속,에스티엠주식회사,삼성SDI(주),금융업 아님,,금융업 아님 (표준산업분류),표준산업분류 28 — 금융업 아님,28
1-2b 명단 밖 코스피 모회사의 종속,(주)무학위드,(주)무학,금융 키워드 없음,,비금융 추정 (코드·키워드 없음),코드 없음·금융 키워드 없음 — 비금융 추정 (검토 파일 확인),
1-2b 명단 밖 코스피 모회사의 종속,(주)좋은데이디엔에프,(주)무학,금융 키워드 없음,,비금융 추정 (코드·키워드 없음),코드 없음·금융 키워드 없음 — 비금융 추정 (검토 파일 확인),
1-2b 명단 밖 코스피 모회사의 종속,(주)무학월드,(주)무학,금융 키워드 없음,,비금융 추정 (코드·키워드 없음),코드 없음·금융 키워드 없음 — 비금융 추정 (검토 파일 확인),
1-2b 명단 밖 코스피 모회사의 종속,㈜선앤엘인테리어,(주)선앤엘,금융업 아님,,금융업 아님 (표준산업분류),표준산업분류 42 — 금융업 아님,42
1-2b 명단 밖 코스피 모회사의 종속,신대양제지반월(주),신대양제지(주),금융업 아님,,금융업 아님 (표준산업분류),표준산업분류 17105 — 금융업 아님,17105
1-2b 명단 밖 코스피 모회사의 종속,삼성바이오에피스(주),삼성에피스홀딩스(주),금융업 아님,,금융업 아님 (표준산업분류),표준산업분류 70113 — 금융업 아님,70113
1-2b 명단 밖 코스피 모회사의 종속,에피스넥스랩(주),삼성에피스홀딩스(주),금융업 아님,,금융업 아님 (표준산업분류),표준산업분류 70113 — 금융업 아님,70113
1-2b 명단 밖 코스피 모회사의 종속,㈜아론테크,미래산업(주),금융 키워드 없음,,비금융 추정 (코드·키워드 없음),코드 없음·금융 키워드 없음 — 비금융 추정 (검토 파일 확인),
1-2b 명단 밖 코스피 모회사의 종속,일성이엔지㈜,일성건설(주),금융업 아님,,금융업 아님 (표준산업분류),표준산업분류 28123 — 금융업 아님,28123
1-2b 명단 밖 코스피 모회사의 종속,㈜미래로디앤시,한신공영(주),금융업 아님,,금융업 아님 (표준산업분류),표준산업분류 6812 — 금융업 아님,6812
1-2b 명단 밖 코스피 모회사의 종속,인본개발㈜,한신공영(주),금융업 아님,,금융업 아님 (표준산업분류),표준산업분류 68121 — 금융업 아님,68121
1-2b 명단 밖 코스피 모회사의 종속,㈜씨앤에스공영,한신공영(주),금융업 아님,,금융업 아님 (표준산업분류),표준산업분류 68121 — 금융업 아님,68121
1-2b 명단 밖 코스피 모회사의 종속,(유)군산자동차학원,한신공영(주),금융 키워드 없음,,비금융 추정 (코드·키워드 없음),코드 없음·금융 키워드 없음 — 비금융 추정 (검토 파일 확인),
1-2b 명단 밖 코스피 모회사의 종속,와이제이디투,한신공영(주),금융업 아님,,금융업 아님 (표준산업분류),표준산업분류 68121 — 금융업 아님,68121
1-2b 명단 밖 코스피 모회사의 종속,케이지모빌리티커머셜㈜,케이지모빌리티(주),금융업 아님,,금융업 아님 (표준산업분류),표준산업분류 30121 — 금융업 아님,30121
1-2b 명단 밖 코스피 모회사의 종속,㈜한국인삼공사,(주)케이티앤지,금융업 아님,,금융업 아님 (표준산업분류),표준산업분류 10895 — 금융업 아님,10895
1-2b 명단 밖 코스피 모회사의 종속,㈜상상스테이,(주)케이티앤지,금융업 아님,,금융업 아님 (표준산업분류),표준산업분류 6812 — 금융업 아님,6812
1-2b 명단 밖 코스피 모회사의 종속,태아산업㈜,(주)케이티앤지,금융업 아님,,금융업 아님 (표준산업분류),표준산업분류 12000 — 금융업 아님,12000
1-2b 명단 밖 코스피 모회사의 종속,해태에이치티비(주),(주)LG생활건강,금융업 아님,,금융업 아님 (표준산업분류),표준산업분류 11209 — 금융업 아님,11209
1-2b 명단 밖 코스피 모회사의 종속,천장산풍력 주식회사,한화오션(주),금융업 아님,,금융업 아님 (표준산업분류),표준산업분류 35119 — 금융업 아님,35119
1-2b 명단 밖 코스피 모회사의 종속,고군산해상풍력 주식회사,한화오션(주),금융업 아님,,금융업 아님 (표준산업분류),표준산업분류 35119 — 금융업 아님,35119
1-2b 명단 밖 코스피 모회사의 종속,보령녹도풍력 주식회사,한화오션(주),금융 키워드 없음,,비금융 추정 (코드·키워드 없음),코드 없음·금융 키워드 없음 — 비금융 추정 (검토 파일 확인),
1-2b 명단 밖 코스피 모회사의 종속,에이치엘비생활건강㈜,에이치엘비글로벌(주),금융 키워드 없음,,비금융 추정 (코드·키워드 없음),코드 없음·금융 키워드 없음 — 비금융 추정 (검토 파일 확인),
1-2b 명단 밖 코스피 모회사의 종속,㈜모던파파스,에이치엘비글로벌(주),금융 키워드 없음,,비금융 추정 (코드·키워드 없음),코드 없음·금융 키워드 없음 — 비금융 추정 (검토 파일 확인),
1-2b 명단 밖 코스피 모회사의 종속,㈜퍼플리쉬,에이치엘비글로벌(주),금융 키워드 없음,,비금융 추정 (코드·키워드 없음),코드 없음·금융 키워드 없음 — 비금융 추정 (검토 파일 확인),
1-2b 명단 밖 코스피 모회사의 종속,㈜베네큐어,에이치엘비글로벌(주),금융 키워드 없음,,비금융 추정 (코드·키워드 없음),코드 없음·금융 키워드 없음 — 비금융 추정 (검토 파일 확인),
1-2b 명단 밖 코스피 모회사의 종속,㈜엔씨다이노스,(주)엔씨,금융업 아님,,금융업 아님 (표준산업분류),표준산업분류 911 — 금융업 아님,911
1-2b 명단 밖 코스피 모회사의 종속,케이비아이알로이(주),케이비아이동양철관(주),금융업 아님,,금융업 아님 (표준산업분류),표준산업분류 24229 — 금융업 아님,24229
1-2b 명단 밖 코스피 모회사의 종속,㈜녹십자이엠,(주)녹십자홀딩스,금융업 아님,,금융업 아님 (표준산업분류),표준산업분류 42 — 금융업 아님,42
1-2b 명단 밖 코스피 모회사의 종속,(주)SPC GFS,(주)삼립,금융 키워드 없음,,비금융 추정 (코드·키워드 없음),코드 없음·금융 키워드 없음 — 비금융 추정 (검토 파일 확인),
1-2b 명단 밖 코스피 모회사의 종속,(주)몬즈컴퍼니,(주)삼립,금융업 아님,,금융업 아님 (표준산업분류),표준산업분류 46323 — 금융업 아님,46323
1-2b 명단 밖 코스피 모회사의 종속,한신비엠㈜,한신공영(주),금융 키워드 없음,,비금융 추정 (코드·키워드 없음),코드 없음·금융 키워드 없음 — 비금융 추정 (검토 파일 확인),
1-2b 명단 밖 코스피 모회사의 종속,드림파크개발㈜,한신공영(주),금융업 아님,,금융업 아님 (표준산업분류),표준산업분류 6812 — 금융업 아님,6812
1-2b 명단 밖 코스피 모회사의 종속,강남제비스코(곤산),강남제비스코(주),금융 키워드 없음,,비금융 추정 (코드·키워드 없음),코드 없음·금융 키워드 없음 — 비금융 추정 (검토 파일 확인),
1-2b 명단 밖 코스피 모회사의 종속,강남제비스코파우더 코팅스(장가항),강남제비스코(주),금융 키워드 없음,,비금융 추정 (코드·키워드 없음),코드 없음·금융 키워드 없음 — 비금융 추정 (검토 파일 확인),
1-2b 명단 밖 코스피 모회사의 종속,주식회사 엔씨큐에이,(주)엔씨,금융업 아님,,금융업 아님 (표준산업분류),표준산업분류 58222 — 금융업 아님,58222
1-2b 명단 밖 코스피 모회사의 종속,주식회사 엔씨아이디에스,(주)엔씨,금융업 아님,,금융업 아님 (표준산업분류),표준산업분류 58222 — 금융업 아님,58222
1-2b 명단 밖 코스피 모회사의 종속,주식회사 퍼스트스파크게임즈,(주)엔씨,금융업 아님,,금융업 아님 (표준산업분류),표준산업분류 58211 — 금융업 아님,58211
1-2b 명단 밖 코스피 모회사의 종속,주식회사 빅파이어게임즈,(주)엔씨,금융업 아님,,금융업 아님 (표준산업분류),표준산업분류 5821 — 금융업 아님,5821
1-2b 명단 밖 코스피 모회사의 종속,주식회사 엔씨에이아이,(주)엔씨,금융업 아님,,금융업 아님 (표준산업분류),표준산업분류 58222 — 금융업 아님,58222
1-2b 명단 밖 코스피 모회사의 종속,주식회사 루디우스게임즈,(주)엔씨,금융업 아님,,금융업 아님 (표준산업분류),표준산업분류 5821 — 금융업 아님,5821
1-2b 명단 밖 코스피 모회사의 종속,㈜엔씨아이티에스,(주)엔씨,금융업 아님,,금융업 아님 (표준산업분류),표준산업분류 58222 — 금융업 아님,58222
1-2b 명단 밖 코스피 모회사의 종속,(주)메타프라임,(주)메타케어,금융업 아님,,금융업 아님 (표준산업분류),표준산업분류 68112 — 금융업 아님,68112
1-2b 명단 밖 코스피 모회사의 종속,상갈피에프브이㈜(1종종류주),부국증권(주),금융 키워드 없음,,비금융 추정 (코드·키워드 없음),코드 없음·금융 키워드 없음 — 비금융 추정 (검토 파일 확인),
1-2b 명단 밖 코스피 모회사의 종속,상갈피에프브이㈜(2종종류주),부국증권(주),금융 키워드 없음,,비금융 추정 (코드·키워드 없음),코드 없음·금융 키워드 없음 — 비금융 추정 (검토 파일 확인),
1-2b 명단 밖 코스피 모회사의 종속,솔루스 아이테크 주식회사,솔루스첨단소재 주식회사,금융업 아님,,금융업 아님 (표준산업분류),표준산업분류 26212 — 금융업 아님,26212
1-2b 명단 밖 코스피 모회사의 종속,동림로지스틱(주),태림포장(주),금융업 아님,,금융업 아님 (표준산업분류),표준산업분류 4930 — 금융업 아님,4930
1-2b 명단 밖 코스피 모회사의 종속,영광칠해해상풍력 주식회사,한화오션(주),금융업 아님,,금융업 아님 (표준산업분류),표준산업분류 35119 — 금융업 아님,35119
1-2b 명단 밖 코스피 모회사의 종속,오션이앤아이 주식회사,한화오션(주),금융업 아님,,금융업 아님 (표준산업분류),표준산업분류 50122 — 금융업 아님,50122
1-2b 명단 밖 코스피 모회사의 종속,한화오션엔지니어링㈜,한화오션(주),금융업 아님,,금융업 아님 (표준산업분류),표준산업분류 72919 — 금융업 아님,72919
1-2b 명단 밖 코스피 모회사의 종속,케이지스틸에스앤디㈜,KG스틸(주),금융업 아님,,금융업 아님 (표준산업분류),표준산업분류 34019 — 금융업 아님,34019
1-2b 명단 밖 코스피 모회사의 종속,케이지스틸에스앤아이㈜,KG스틸(주),금융업 아님,,금융업 아님 (표준산업분류),표준산업분류 52993 — 금융업 아님,52993
1-2b 명단 밖 코스피 모회사의 종속,케이지에너켐㈜,KG스틸(주),금융업 아님,,금융업 아님 (표준산업분류),표준산업분류 20131 — 금융업 아님,20131
1-2b 명단 밖 코스피 모회사의 종속,KG써닝라이프㈜ 에스엘케이),KG스틸(주),금융 키워드 없음,,비금융 추정 (코드·키워드 없음),코드 없음·금융 키워드 없음 — 비금융 추정 (검토 파일 확인),
1-2b 명단 밖 코스피 모회사의 종속,케이지스틸Japan,KG스틸(주),금융 키워드 없음,,비금융 추정 (코드·키워드 없음),코드 없음·금융 키워드 없음 — 비금융 추정 (검토 파일 확인),
1-2b 명단 밖 코스피 모회사의 종속,케이지스틸USA,KG스틸(주),금융 키워드 없음,,비금융 추정 (코드·키워드 없음),코드 없음·금융 키워드 없음 — 비금융 추정 (검토 파일 확인),
1-2b 명단 밖 코스피 모회사의 종속,케이지지엔에스㈜,KG스틸(주),금융업 아님,,금융업 아님 (표준산업분류),표준산업분류 52942 — 금융업 아님,52942
1-2b 명단 밖 코스피 모회사의 종속,케이지이앤씨㈜,KG스틸(주),금융 키워드 없음,,비금융 추정 (코드·키워드 없음),코드 없음·금융 키워드 없음 — 비금융 추정 (검토 파일 확인),
1-2b 명단 밖 코스피 모회사의 종속,자이가이스트㈜,지에스건설(주),금융업 아님,,금융업 아님 (표준산업분류),표준산업분류 20 — 금융업 아님,20
1-2b 명단 밖 코스피 모회사의 종속,글로벌워터솔루션㈜,지에스건설(주),지주회사,,지주·기금 (금융지주 아님),지주회사(64992) — 사업 자회사를 묶는 중간지주·기금,64992
1-2b 명단 밖 코스피 모회사의 종속,(주)미팩토리,(주)에이블씨엔씨,금융업 아님,,금융업 아님 (표준산업분류),표준산업분류 46443 — 금융업 아님,46443
1-2b 명단 밖 코스피 모회사의 종속,(주)C&C신약 연구소,JW중외제약(주),금융 키워드 없음,,비금융 추정 (코드·키워드 없음),코드 없음·금융 키워드 없음 — 비금융 추정 (검토 파일 확인),
1-2b 명단 밖 코스피 모회사의 종속,(주)생명누리,JW중외제약(주),금융 키워드 없음,,비금융 추정 (코드·키워드 없음),코드 없음·금융 키워드 없음 — 비금융 추정 (검토 파일 확인),
1-2b 명단 밖 코스피 모회사의 종속,(주)LX엠디아이,주식회사 엘엑스홀딩스,금융 키워드 없음,,비금융 추정 (코드·키워드 없음),코드 없음·금융 키워드 없음 — 비금융 추정 (검토 파일 확인),
1-2b 명단 밖 코스피 모회사의 종속,지베스코㈜,지에스건설(주),금융업 아님,,금융업 아님 (표준산업분류),표준산업분류 71600 — 금융업 아님,71600
1-2b 명단 밖 코스피 모회사의 종속,비에스엠㈜,지에스건설(주),금융업 아님,,금융업 아님 (표준산업분류),표준산업분류 24312 — 금융업 아님,24312
1-2b 명단 밖 코스피 모회사의 종속,지피씨㈜,지에스건설(주),금융업 아님,,금융업 아님 (표준산업분류),표준산업분류 23325 — 금융업 아님,23325
1-2b 명단 밖 코스피 모회사의 종속,㈜삼천리이엔지,삼천리(주),금융업 아님,,금융업 아님 (표준산업분류),표준산업분류 42 — 금융업 아님,42
1-2b 명단 밖 코스피 모회사의 종속,㈜삼천리이브이,삼천리(주),금융업 아님,,금융업 아님 (표준산업분류),표준산업분류 4511 — 금융업 아님,4511
1-2b 명단 밖 코스피 모회사의 종속,㈜스튜디오프리즘,(주)SBS,금융업 아님,,금융업 아님 (표준산업분류),표준산업분류 59114 — 금융업 아님,59114
1-2b 명단 밖 코스피 모회사의 종속,㈜나인투원,(주)쏘카,금융업 아님,,금융업 아님 (표준산업분류),표준산업분류 76210 — 금융업 아님,76210
1-2b 명단 밖 코스피 모회사의 종속,(주)루트,주식회사 티와이엠,금융업 아님,,금융업 아님 (표준산업분류),표준산업분류 52101 — 금융업 아님,52101
1-2b 명단 밖 코스피 모회사의 종속,(주)티와이엠아이씨티,주식회사 티와이엠,금융 키워드 없음,,비금융 추정 (코드·키워드 없음),코드 없음·금융 키워드 없음 — 비금융 추정 (검토 파일 확인),
1-2b 명단 밖 코스피 모회사의 종속,서한물산㈜,태광산업(주),금융업 아님,,금융업 아님 (표준산업분류),표준산업분류 1790 — 금융업 아님,1790
1-2b 명단 밖 코스피 모회사의 종속,태광산업㈜개성,태광산업(주),금융 키워드 없음,,비금융 추정 (코드·키워드 없음),코드 없음·금융 키워드 없음 — 비금융 추정 (검토 파일 확인),
1-2b 명단 밖 코스피 모회사의 종속,티엘케미칼㈜,태광산업(주),금융업 아님,,금융업 아님 (표준산업분류),표준산업분류 20111 — 금융업 아님,20111
1-2b 명단 밖 코스피 모회사의 종속,㈜실,태광산업(주),금융업 아님,,금융업 아님 (표준산업분류),표준산업분류 46443 — 금융업 아님,46443
1-2b 명단 밖 코스피 모회사의 종속,㈜세광패션,태광산업(주),금융업 아님,,금융업 아님 (표준산업분류),표준산업분류 75999 — 금융업 아님,75999
1-2b 명단 밖 코스피 모회사의 종속,(주)서울대부,(주)신흥,금융 키워드 없음,,비금융 추정 (코드·키워드 없음),코드 없음·금융 키워드 없음 — 비금융 추정 (검토 파일 확인),
1-2b 명단 밖 코스피 모회사의 종속,(주)에스에스아이케이,(주)세아제강,금융업 아님,,금융업 아님 (표준산업분류),표준산업분류 46721 — 금융업 아님,46721
1-2b 명단 밖 코스피 모회사의 종속,에스제이지세움(주),에스제이지세종(주),금융업 아님,,금융업 아님 (표준산업분류),표준산업분류 30 — 금융업 아님,30
1-2b 명단 밖 코스피 모회사의 종속,에스제이지이브이(주),에스제이지세종(주),금융업 아님,,금융업 아님 (표준산업분류),표준산업분류 28111 — 금융업 아님,28111
1-2b 명단 밖 코스피 모회사의 종속,에스제이지중앙연구소(주),에스제이지세종(주),금융업 아님,,금융업 아님 (표준산업분류),표준산업분류 72 — 금융업 아님,72
1-2b 명단 밖 코스피 모회사의 종속,(주)현대리바트엠앤에스,(주)현대리바트,금융업 아님,,금융업 아님 (표준산업분류),표준산업분류 42 — 금융업 아님,42
1-2b 명단 밖 코스피 모회사의 종속,HD현대크랭크샤프트,에이치디현대마린엔진(주),금융업 아님,,금융업 아님 (표준산업분류),표준산업분류 31114 — 금융업 아님,31114
1-2b 명단 밖 코스피 모회사의 종속,주식회사 에스에이치피코퍼레이션,(주)호텔신라,금융업 아님,,금융업 아님 (표준산업분류),표준산업분류 91131 — 금융업 아님,91131
1-2b 명단 밖 코스피 모회사의 종속,㈜티웨이에어서비스,(주)트리니티항공,금융 키워드 없음,,비금융 추정 (코드·키워드 없음),코드 없음·금융 키워드 없음 — 비금융 추정 (검토 파일 확인),
1-2b 명단 밖 코스피 모회사의 종속,씨제이엠디원(주),CJ제일제당(주),금융 키워드 없음,,비금융 추정 (코드·키워드 없음),코드 없음·금융 키워드 없음 — 비금융 추정 (검토 파일 확인),
1-2b 명단 밖 코스피 모회사의 종속,디씨브릿지㈜,지에스건설(주),금융업 아님,,금융업 아님 (표준산업분류),표준산업분류 6311 — 금융업 아님,6311
1-2b 명단 밖 코스피 모회사의 종속,부천영상단지관리㈜,지에스건설(주),금융업 아님,,금융업 아님 (표준산업분류),표준산업분류 68212 — 금융업 아님,68212
1-2b 명단 밖 코스피 모회사의 종속,하임랩㈜,지에스건설(주),금융업 아님,,금융업 아님 (표준산업분류),표준산업분류 4241 — 금융업 아님,4241
1-2b 명단 밖 코스피 모회사의 종속,인천신항스마트물류단지㈜,지에스건설(주),금융업 아님,,금융업 아님 (표준산업분류),표준산업분류 6812 — 금융업 아님,6812
1-2b 명단 밖 코스피 모회사의 종속,자이에스텍㈜,지에스건설(주),금융업 아님,,금융업 아님 (표준산업분류),표준산업분류 72111 — 금융업 아님,72111
1-2b 명단 밖 코스피 모회사의 종속,㈜지씨에스,지에스건설(주),금융업 아님,,금융업 아님 (표준산업분류),표준산업분류 74100 — 금융업 아님,74100
1-2b 명단 밖 코스피 모회사의 종속,㈜큐브릿지,(주)아이마켓코리아,금융업 아님,,금융업 아님 (표준산업분류),표준산업분류 4761 — 금융업 아님,4761
1-2b 명단 밖 코스피 모회사의 종속,㈜에스비에스아이,(주)SBS,금융업 아님,,금융업 아님 (표준산업분류),표준산업분류 63991 — 금융업 아님,63991
1-2b 명단 밖 코스피 모회사의 종속,㈜스튜디오일육일,(주)SBS,금융업 아님,,금융업 아님 (표준산업분류),표준산업분류 63991 — 금융업 아님,63991
1-2b 명단 밖 코스피 모회사의 종속,신의도천일염(주),CJ제일제당(주),금융업 아님,,금융업 아님 (표준산업분류),표준산업분류 03 — 금융업 아님,03
1-2b 명단 밖 코스피 모회사의 종속,(주)원지,CJ제일제당(주),금융업 아님,,금융업 아님 (표준산업분류),표준산업분류 1811 — 금융업 아님,1811
1-2b 명단 밖 코스피 모회사의 종속,씨제이피드앤케어㈜,CJ제일제당(주),금융 키워드 없음,,비금융 추정 (코드·키워드 없음),코드 없음·금융 키워드 없음 — 비금융 추정 (검토 파일 확인),
1-2b 명단 밖 코스피 모회사의 종속,씨제이웰케어 주식회사,CJ제일제당(주),금융업 아님,,금융업 아님 (표준산업분류),표준산업분류 10895 — 금융업 아님,10895
1-2b 명단 밖 코스피 모회사의 종속,㈜그린누리,(주)엘엑스하우시스,금융업 아님,,금융업 아님 (표준산업분류),표준산업분류 74211 — 금융업 아님,74211
1-2b 명단 밖 코스피 모회사의 종속,에이치디현대마린솔루션테크(주),에이치디현대마린솔루션(주),금융업 아님,,금융업 아님 (표준산업분류),표준산업분류 7212 — 금융업 아님,7212
1-2b 명단 밖 코스피 모회사의 종속,SK멀티유틸리티(주),에스케이케미칼(주),금융업 아님,,금융업 아님 (표준산업분류),표준산업분류 35300 — 금융업 아님,35300
1-2b 명단 밖 코스피 모회사의 종속,청도삼양피혁,에스와이티에스(주),금융 키워드 없음,,비금융 추정 (코드·키워드 없음),코드 없음·금융 키워드 없음 — 비금융 추정 (검토 파일 확인),
1-2b 명단 밖 코스피 모회사의 종속,㈜보령컨슈머헬스케어,(주)보령,금융업 아님,,금융업 아님 (표준산업분류),표준산업분류 46441 — 금융업 아님,46441
1-2b 명단 밖 코스피 모회사의 종속,㈜휴세스,삼천리(주),금융업 아님,,금융업 아님 (표준산업분류),표준산업분류 3530 — 금융업 아님,3530
1-2b 명단 밖 코스피 모회사의 종속,㈜삼천리이에스,삼천리(주),금융업 아님,,금융업 아님 (표준산업분류),표준산업분류 46 — 금융업 아님,46
1-2b 명단 밖 코스피 모회사의 종속,(주)유니온 자원,(주)유니온,금융 키워드 없음,,비금융 추정 (코드·키워드 없음),코드 없음·금융 키워드 없음 — 비금융 추정 (검토 파일 확인),
1-2b 명단 밖 코스피 모회사의 종속,(주)대광소재,(주)유니온,금융 키워드 없음,,비금융 추정 (코드·키워드 없음),코드 없음·금융 키워드 없음 — 비금융 추정 (검토 파일 확인),
1-2b 명단 밖 코스피 모회사의 종속,㈜디비글로벌칩,주식회사 DB하이텍,금융업 아님,,금융업 아님 (표준산업분류),표준산업분류 26112 — 금융업 아님,26112
1-2b 명단 밖 코스피 모회사의 종속,상하이백광신소재기술(유),피케이씨(주),금융 키워드 없음,,비금융 추정 (코드·키워드 없음),코드 없음·금융 키워드 없음 — 비금융 추정 (검토 파일 확인),
1-2b 명단 밖 코스피 모회사의 종속,티피나디아(주),티피(주),금융업 아님,,금융업 아님 (표준산업분류),표준산업분류 14199 — 금융업 아님,14199
1-2b 명단 밖 코스피 모회사의 종속,이오주식회사,티피(주),금융업 아님,,금융업 아님 (표준산업분류),표준산업분류 141 — 금융업 아님,141
1-2b 명단 밖 코스피 모회사의 종속,티피리빙(주),티피(주),금융업 아님,,금융업 아님 (표준산업분류),표준산업분류 13221 — 금융업 아님,13221
1-2b 명단 밖 코스피 모회사의 종속,티피에프앤비(주),티피(주),금융 키워드 없음,,비금융 추정 (코드·키워드 없음),코드 없음·금융 키워드 없음 — 비금융 추정 (검토 파일 확인),
1-2b 명단 밖 코스피 모회사의 종속,현대스틸산업㈜,현대건설(주),금융업 아님,,금융업 아님 (표준산업분류),표준산업분류 42 — 금융업 아님,42
1-2b 명단 밖 코스피 모회사의 종속,메인트란스㈜,현대로템(주),금융업 아님,,금융업 아님 (표준산업분류),표준산업분류 52911 — 금융업 아님,52911
1-2b 명단 밖 코스피 모회사의 종속,로템에스알에스㈜,현대로템(주),금융업 아님,,금융업 아님 (표준산업분류),표준산업분류 49211 — 금융업 아님,49211
1-2b 명단 밖 코스피 모회사의 종속,에스트랜스㈜,현대로템(주),금융업 아님,,금융업 아님 (표준산업분류),표준산업분류 4921 — 금융업 아님,4921
1-2b 명단 밖 코스피 모회사의 종속,김포골드라인에스알에스㈜,현대로템(주),금융업 아님,,금융업 아님 (표준산업분류),표준산업분류 49211 — 금융업 아님,49211
1-2b 명단 밖 코스피 모회사의 종속,㈜밸류포인트,(주)아이마켓코리아,금융업 아님,,금융업 아님 (표준산업분류),표준산업분류 33910 — 금융업 아님,33910
1-2b 명단 밖 코스피 모회사의 종속,비투엘물류㈜,(주)아이마켓코리아,금융업 아님,,금융업 아님 (표준산업분류),표준산업분류 52992 — 금융업 아님,52992
1-2b 명단 밖 코스피 모회사의 종속,㈜아이로지스틱스,(주)아이마켓코리아,금융업 아님,,금융업 아님 (표준산업분류),표준산업분류 75994 — 금융업 아님,75994
1-2b 명단 밖 코스피 모회사의 종속,지티엑스씨㈜,현대건설(주),금융업 아님,,금융업 아님 (표준산업분류),표준산업분류 49101 — 금융업 아님,49101
1-2b 명단 밖 코스피 모회사의 종속,PAPUA(파푸아뉴기니),현대건설(주),금융 키워드 없음,,비금융 추정 (코드·키워드 없음),코드 없음·금융 키워드 없음 — 비금융 추정 (검토 파일 확인),
1-2b 명단 밖 코스피 모회사의 종속,MEEDCO(사우디),현대건설(주),금융 키워드 없음,,비금융 추정 (코드·키워드 없음),코드 없음·금융 키워드 없음 — 비금융 추정 (검토 파일 확인),
1-2b 명단 밖 코스피 모회사의 종속,DOBR(브라질),현대건설(주),금융 키워드 없음,,비금융 추정 (코드·키워드 없음),코드 없음·금융 키워드 없음 — 비금융 추정 (검토 파일 확인),
1-2b 명단 밖 코스피 모회사의 종속,㈜하누리,LG전자(주),금융업 아님,,금융업 아님 (표준산업분류),표준산업분류 74211 — 금융업 아님,74211
1-2b 명단 밖 코스피 모회사의 종속,㈜하이텔레서비스,LG전자(주),금융업 아님,,금융업 아님 (표준산업분류),표준산업분류 75991 — 금융업 아님,75991
1-2b 명단 밖 코스피 모회사의 종속,㈜하이프라자,LG전자(주),금융업 아님,,금융업 아님 (표준산업분류),표준산업분류 47320 — 금융업 아님,47320
1-2b 명단 밖 코스피 모회사의 종속,하이엠솔루텍㈜,LG전자(주),금융업 아님,,금융업 아님 (표준산업분류),표준산업분류 3402 — 금융업 아님,3402
1-2b 명단 밖 코스피 모회사의 종속,(주)E1물류,(주)E1,금융업 아님,,금융업 아님 (표준산업분류),표준산업분류 49301 — 금융업 아님,49301
1-2b 명단 밖 코스피 모회사의 종속,㈜E1쏠라,(주)E1,금융 키워드 없음,,비금융 추정 (코드·키워드 없음),코드 없음·금융 키워드 없음 — 비금융 추정 (검토 파일 확인),
1-2b 명단 밖 코스피 모회사의 종속,(주)운해연구원,(주)SNT홀딩스,금융 키워드 없음,,비금융 추정 (코드·키워드 없음),코드 없음·금융 키워드 없음 — 비금융 추정 (검토 파일 확인),
1-2b 명단 밖 코스피 모회사의 종속,(주)SNT로보틱스,(주)SNT홀딩스,금융 키워드 없음,,비금융 추정 (코드·키워드 없음),코드 없음·금융 키워드 없음 — 비금융 추정 (검토 파일 확인),
1-2b 명단 밖 코스피 모회사의 종속,(주)수산이앤에스,(주)수산인더스트리,금융업 아님,,금융업 아님 (표준산업분류),표준산업분류 72129 — 금융업 아님,72129
1-2b 명단 밖 코스피 모회사의 종속,대한오션웍스(주),대한전선(주),금융업 아님,,금융업 아님 (표준산업분류),표준산업분류 4231 — 금융업 아님,4231
1-2b 명단 밖 코스피 모회사의 종속,대한씨앤에스(주),대한전선(주),금융업 아님,,금융업 아님 (표준산업분류),표준산업분류 4231 — 금융업 아님,4231
1-2b 명단 밖 코스피 모회사의 종속,(주)비체팰리스,모나용평(주),금융 키워드 없음,,비금융 추정 (코드·키워드 없음),코드 없음·금융 키워드 없음 — 비금융 추정 (검토 파일 확인),
1-2b 명단 밖 코스피 모회사의 종속,모나파크(주),모나용평(주),금융 키워드 없음,,비금융 추정 (코드·키워드 없음),코드 없음·금융 키워드 없음 — 비금융 추정 (검토 파일 확인),
1-2b 명단 밖 코스피 모회사의 종속,(주)비상캠퍼스,(주)비상교육,금융 키워드 없음,,비금융 추정 (코드·키워드 없음),코드 없음·금융 키워드 없음 — 비금융 추정 (검토 파일 확인),
1-2b 명단 밖 코스피 모회사의 종속,(주)비상교과서,(주)비상교육,금융 키워드 없음,,비금융 추정 (코드·키워드 없음),코드 없음·금융 키워드 없음 — 비금융 추정 (검토 파일 확인),
1-2b 명단 밖 코스피 모회사의 종속,(주)휴먼티에스에스,(주)에스원,금융업 아님,,금융업 아님 (표준산업분류),표준산업분류 75310 — 금융업 아님,75310
1-2b 명단 밖 코스피 모회사의 종속,에스원씨알엠(주),(주)에스원,금융업 아님,,금융업 아님 (표준산업분류),표준산업분류 75991 — 금융업 아님,75991
1-2b 명단 밖 코스피 모회사의 종속,"UJC(해외,종속회사)",(주)유니드,금융 키워드 없음,,비금융 추정 (코드·키워드 없음),코드 없음·금융 키워드 없음 — 비금융 추정 (검토 파일 확인),
1-2b 명단 밖 코스피 모회사의 종속,"OJC(해외,종속회사)",(주)유니드,금융 키워드 없음,,비금융 추정 (코드·키워드 없음),코드 없음·금융 키워드 없음 — 비금융 추정 (검토 파일 확인),
1-2b 명단 밖 코스피 모회사의 종속,셀트리온바이오솔루션스,(주)셀트리온,금융업 아님,,금융업 아님 (표준산업분류),표준산업분류 70113 — 금융업 아님,70113
1-2b 명단 밖 코스피 모회사의 종속,(주)에이치알티로보틱스,(주)와이투솔루션,금융 키워드 없음,,비금융 추정 (코드·키워드 없음),코드 없음·금융 키워드 없음 — 비금융 추정 (검토 파일 확인),
1-2b 명단 밖 코스피 모회사의 종속,콜마글로벌(주),콜마홀딩스(주),금융업 아님,,금융업 아님 (표준산업분류),표준산업분류 70113 — 금융업 아님,70113
1-2b 명단 밖 코스피 모회사의 종속,(주)플래닛147,콜마홀딩스(주),금융업 아님,,금융업 아님 (표준산업분류),표준산업분류 46443 — 금융업 아님,46443
1-2b 명단 밖 코스피 모회사의 종속,여수그린에너지,(주)E1,금융업 아님,,금융업 아님 (표준산업분류),표준산업분류 3511 — 금융업 아님,3511
1-2b 명단 밖 코스피 모회사의 종속,인천클린에너지허브㈜,(주)E1,금융업 아님,,금융업 아님 (표준산업분류),표준산업분류 3520 — 금융업 아님,3520
1-2b 명단 밖 코스피 모회사의 종속,(주)E1컨테이너터미널,(주)E1,금융업 아님,,금융업 아님 (표준산업분류),표준산업분류 52921 — 금융업 아님,52921
1-2b 명단 밖 코스피 모회사의 종속,현대도시개발㈜,현대건설(주),금융업 아님,,금융업 아님 (표준산업분류),표준산업분류 68129 — 금융업 아님,68129
1-2b 명단 밖 코스피 모회사의 종속,㈜알이씨데이터센터,한화솔루션(주),금융업 아님,,금융업 아님 (표준산업분류),표준산업분류 68122 — 금융업 아님,68122
1-2b 명단 밖 코스피 모회사의 종속,경포올림픽카운티(주),모나용평(주),금융업 아님,,금융업 아님 (표준산업분류),표준산업분류 68122 — 금융업 아님,68122
1-2b 명단 밖 코스피 모회사의 종속,(주)예스코,(주)INVENI,금융업 아님,,금융업 아님 (표준산업분류),표준산업분류 3520 — 금융업 아님,3520
1-2b 명단 밖 코스피 모회사의 종속,(주)에비오시스 테크놀러지스,한국항공우주산업(주),금융업 아님,,금융업 아님 (표준산업분류),표준산업분류 31322 — 금융업 아님,31322
1-2b 명단 밖 코스피 모회사의 종속,에스앤케이항공(주),한국항공우주산업(주),금융업 아님,,금융업 아님 (표준산업분류),표준산업분류 31322 — 금융업 아님,31322
1-2b 명단 밖 코스피 모회사의 종속,㈜티에스이엔지,(주)씨케이솔루션,금융 키워드 없음,,비금융 추정 (코드·키워드 없음),코드 없음·금융 키워드 없음 — 비금융 추정 (검토 파일 확인),
1-2b 명단 밖 코스피 모회사의 종속,(주)한화도시개발,한화솔루션(주),금융업 아님,,금융업 아님 (표준산업분류),표준산업분류 68129 — 금융업 아님,68129
1-2b 명단 밖 코스피 모회사의 종속,한화이센셜㈜,한화솔루션(주),금융업 아님,,금융업 아님 (표준산업분류),표준산업분류 26299 — 금융업 아님,26299
1-2b 명단 밖 코스피 모회사의 종속,한화컴파운드㈜,한화솔루션(주),금융업 아님,,금융업 아님 (표준산업분류),표준산업분류 20202 — 금융업 아님,20202
1-2b 명단 밖 코스피 모회사의 종속,하이케어솔루션㈜,LG전자(주),금융업 아님,,금융업 아님 (표준산업분류),표준산업분류 7599 — 금융업 아님,7599
1-2b 명단 밖 코스피 모회사의 종속,에이스냉동공조㈜,LG전자(주),금융업 아님,,금융업 아님 (표준산업분류),표준산업분류 29172 — 금융업 아님,29172
1-2b 명단 밖 코스피 모회사의 종속,한솔에코패키징(주),한솔제지(주),금융업 아님,,금융업 아님 (표준산업분류),표준산업분류 17223 — 금융업 아님,17223
1-2b 명단 밖 코스피 모회사의 종속,(주)삼양에코테크,주식회사 삼양패키징,금융업 아님,,금융업 아님 (표준산업분류),표준산업분류 38 — 금융업 아님,38
1-2b 명단 밖 코스피 모회사의 종속,효성네오켐홀딩스㈜,효성티앤씨(주),금융업 아님,,금융업 아님 (표준산업분류),표준산업분류 7153 — 금융업 아님,7153
1-2b 명단 밖 코스피 모회사의 종속,수원삼성축구단㈜,(주)제일기획,금융업 아님,,금융업 아님 (표준산업분류),표준산업분류 911 — 금융업 아님,911
1-2b 명단 밖 코스피 모회사의 종속,모나용평고창(주),모나용평(주),금융 키워드 없음,,비금융 추정 (코드·키워드 없음),코드 없음·금융 키워드 없음 — 비금융 추정 (검토 파일 확인),
1-2b 명단 밖 코스피 모회사의 종속,고려항만㈜,(주)케이씨티시,금융업 아님,,금융업 아님 (표준산업분류),표준산업분류 5294 — 금융업 아님,5294
1-2b 명단 밖 코스피 모회사의 종속,극동케미칼(주),극동유화(주),금융 키워드 없음,,비금융 추정 (코드·키워드 없음),코드 없음·금융 키워드 없음 — 비금융 추정 (검토 파일 확인),
1-2b 명단 밖 코스피 모회사의 종속,일진디앤코(주),일진홀딩스(주),금융업 아님,,금융업 아님 (표준산업분류),표준산업분류 681 — 금융업 아님,681
1-2b 명단 밖 코스피 모회사의 종속,㈜화승네트웍스,(주)화승코퍼레이션,금융업 아님,,금융업 아님 (표준산업분류),표준산업분류 46800 — 금융업 아님,46800
1-2b 명단 밖 코스피 모회사의 종속,산동삼진전장(유),(주)티에이치엔,금융 키워드 없음,,비금융 추정 (코드·키워드 없음),코드 없음·금융 키워드 없음 — 비금융 추정 (검토 파일 확인),
1-2b 명단 밖 코스피 모회사의 종속,삼동삼신전자(유),(주)티에이치엔,금융 키워드 없음,,비금융 추정 (코드·키워드 없음),코드 없음·금융 키워드 없음 — 비금융 추정 (검토 파일 확인),
1-2b 명단 밖 코스피 모회사의 종속,위해삼현전자과기(유),(주)티에이치엔,금융 키워드 없음,,비금융 추정 (코드·키워드 없음),코드 없음·금융 키워드 없음 — 비금융 추정 (검토 파일 확인),
1-2b 명단 밖 코스피 모회사의 종속,쿠쿠전자주식회사,쿠쿠홀딩스(주),금융업 아님,,금융업 아님 (표준산업분류),표준산업분류 28511 — 금융업 아님,28511
1-2b 명단 밖 코스피 모회사의 종속,㈜케이이씨디바이스,(주)한국전자홀딩스,금융업 아님,,금융업 아님 (표준산업분류),표준산업분류 68112 — 금융업 아님,68112
1-2b 명단 밖 코스피 모회사의 종속,한국전자판매㈜,(주)한국전자홀딩스,금융업 아님,,금융업 아님 (표준산업분류),표준산업분류 46595 — 금융업 아님,46595
1-2b 명단 밖 코스피 모회사의 종속,(주)화승티앤드씨,주식회사 화승알앤에이,금융 키워드 없음,,비금융 추정 (코드·키워드 없음),코드 없음·금융 키워드 없음 — 비금융 추정 (검토 파일 확인),
1-2b 명단 밖 코스피 모회사의 종속,지에이엠코리아 주식회사,애경케미칼(주),금융업 아님,,금융업 아님 (표준산업분류),표준산업분류 2049 — 금융업 아님,2049
1-2b 명단 밖 코스피 모회사의 종속,광주투자개발㈜,애경케미칼(주),금융업 아님,,금융업 아님 (표준산업분류),표준산업분류 91121 — 금융업 아님,91121
1-2b 명단 밖 코스피 모회사의 종속,애경스페셜티㈜,애경케미칼(주),금융업 아님,,금융업 아님 (표준산업분류),표준산업분류 20411 — 금융업 아님,20411
1-2b 명단 밖 코스피 모회사의 종속,이음 주식회사,기아(주),금융업 아님,,금융업 아님 (표준산업분류),표준산업분류 46800 — 금융업 아님,46800
1-2b 명단 밖 코스피 모회사의 종속,㈜서연오토비전,(주)서연이화,금융업 아님,,금융업 아님 (표준산업분류),표준산업분류 30 — 금융업 아님,30
1-2b 명단 밖 코스피 모회사의 종속,고려사일로㈜,(주)케이씨티시,금융업 아님,,금융업 아님 (표준산업분류),표준산업분류 52942 — 금융업 아님,52942
1-2b 명단 밖 코스피 모회사의 종속,고려강재장,(주)케이씨티시,금융업 아님,,금융업 아님 (표준산업분류),표준산업분류 25114 — 금융업 아님,25114
1-2b 명단 밖 코스피 모회사의 종속,태경가스기술(주),태경케미컬 주식회사,금융 키워드 없음,,비금융 추정 (코드·키워드 없음),코드 없음·금융 키워드 없음 — 비금융 추정 (검토 파일 확인),
1-2b 명단 밖 코스피 모회사의 종속,미스토코리아㈜,(주)미스토홀딩스,금융업 아님,,금융업 아님 (표준산업분류),표준산업분류 464 — 금융업 아님,464
1-2b 명단 밖 코스피 모회사의 종속,주식회사 매그너스홀딩스,(주)미스토홀딩스,지주회사,,지주·기금 (금융지주 아님),지주회사(64992) — 사업 자회사를 묶는 중간지주·기금,64992
1-2b 명단 밖 코스피 모회사의 종속,(주)휴비스글로벌,(주)휴비스,금융 키워드 없음,,비금융 추정 (코드·키워드 없음),코드 없음·금융 키워드 없음 — 비금융 추정 (검토 파일 확인),
1-2b 명단 밖 코스피 모회사의 종속,주식회사 솔루엠시스템즈,주식회사 솔루엠,금융 키워드 없음,,비금융 추정 (코드·키워드 없음),코드 없음·금융 키워드 없음 — 비금융 추정 (검토 파일 확인),
1-2b 명단 밖 코스피 모회사의 종속,주식회사 솔루엠씨에스,주식회사 솔루엠,금융 키워드 없음,,비금융 추정 (코드·키워드 없음),코드 없음·금융 키워드 없음 — 비금융 추정 (검토 파일 확인),
1-2b 명단 밖 코스피 모회사의 종속,주식회사 와이스타씨엔에스,주식회사 솔루엠,금융 키워드 없음,,비금융 추정 (코드·키워드 없음),코드 없음·금융 키워드 없음 — 비금융 추정 (검토 파일 확인),
1-2b 명단 밖 코스피 모회사의 종속,주식회사 와이스타에셋,주식회사 솔루엠,금융 키워드 없음,,비금융 추정 (코드·키워드 없음),코드 없음·금융 키워드 없음 — 비금융 추정 (검토 파일 확인),
1-2b 명단 밖 코스피 모회사의 종속,주식회사 와이스타이엔씨,주식회사 솔루엠,금융 키워드 없음,,비금융 추정 (코드·키워드 없음),코드 없음·금융 키워드 없음 — 비금융 추정 (검토 파일 확인),
1-2b 명단 밖 코스피 모회사의 종속,주식회사 케이앤이,깨끗한나라(주),금융 키워드 없음,,비금융 추정 (코드·키워드 없음),코드 없음·금융 키워드 없음 — 비금융 추정 (검토 파일 확인),
1-2b 명단 밖 코스피 모회사의 종속,㈜서연인더스트리,(주)서연이화,금융 키워드 없음,,비금융 추정 (코드·키워드 없음),코드 없음·금융 키워드 없음 — 비금융 추정 (검토 파일 확인),
1-2b 명단 밖 코스피 모회사의 종속,신라에이치엠 주식회사,(주)호텔신라,금융업 아님,,금융업 아님 (표준산업분류),표준산업분류 55101 — 금융업 아님,55101
1-2b 명단 밖 코스피 모회사의 종속,돈돈팜(주),CJ제일제당(주),금융업 아님,,금융업 아님 (표준산업분류),표준산업분류 01220 — 금융업 아님,01220
1-2b 명단 밖 코스피 모회사의 종속,한일레저,(주)한진중공업홀딩스,금융업 아님,,금융업 아님 (표준산업분류),표준산업분류 91121 — 금융업 아님,91121
1-2b 명단 밖 코스피 모회사의 종속,케이지스틸India,KG스틸(주),금융 키워드 없음,,비금융 추정 (코드·키워드 없음),코드 없음·금융 키워드 없음 — 비금융 추정 (검토 파일 확인),
1-2b 명단 밖 코스피 모회사의 종속,다우재팬㈜,(주)다우기술,금융 키워드 없음,,비금융 추정 (코드·키워드 없음),코드 없음·금융 키워드 없음 — 비금융 추정 (검토 파일 확인),
1-2b 명단 밖 코스피 모회사의 종속,엠씨넥스INDIA,(주)엠씨넥스,금융 키워드 없음,,비금융 추정 (코드·키워드 없음),코드 없음·금융 키워드 없음 — 비금융 추정 (검토 파일 확인),
1-2b 명단 밖 코스피 모회사의 종속,㈜대교에듀캠프,(주)대교,금융업 아님,,금융업 아님 (표준산업분류),표준산업분류 85 — 금융업 아님,85
1-2b 명단 밖 코스피 모회사의 종속,롯데지에프알,롯데쇼핑(주),금융업 아님,,금융업 아님 (표준산업분류),표준산업분류 14112 — 금융업 아님,14112
1-2b 명단 밖 코스피 모회사의 종속,㈜조선호텔앤리조트,(주)이마트,금융업 아님,,금융업 아님 (표준산업분류),표준산업분류 55101 — 금융업 아님,55101
1-2b 명단 밖 코스피 모회사의 종속,(주)파주영농,대성산업(주),금융 키워드 없음,,비금융 추정 (코드·키워드 없음),코드 없음·금융 키워드 없음 — 비금융 추정 (검토 파일 확인),
1-2b 명단 밖 코스피 모회사의 종속,씨에스유통,롯데쇼핑(주),금융업 아님,,금융업 아님 (표준산업분류),표준산업분류 47121 — 금융업 아님,47121
1-2b 명단 밖 코스피 모회사의 종속,(주)트라이씨클,(주)LF,금융업 아님,,금융업 아님 (표준산업분류),표준산업분류 4791 — 금융업 아님,4791
1-2b 명단 밖 코스피 모회사의 종속,나투라미디어(주),페이퍼코리아(주),금융업 아님,,금융업 아님 (표준산업분류),표준산업분류 2049 — 금융업 아님,2049
1-2b 명단 밖 코스피 모회사의 종속,(주)SBS에이앤티,(주)SBS,금융 키워드 없음,,비금융 추정 (코드·키워드 없음),코드 없음·금융 키워드 없음 — 비금융 추정 (검토 파일 확인),
1-2b 명단 밖 코스피 모회사의 종속,㈜하이원추추파크,(주)강원랜드,금융업 아님,,금융업 아님 (표준산업분류),표준산업분류 55103 — 금융업 아님,55103
1-2b 명단 밖 코스피 모회사의 종속,(주)삼영캐스코,(주)삼영,금융 키워드 없음,,비금융 추정 (코드·키워드 없음),코드 없음·금융 키워드 없음 — 비금융 추정 (검토 파일 확인),
1-2b 명단 밖 코스피 모회사의 종속,㈜미디어로그,(주)LG유플러스,금융업 아님,,금융업 아님 (표준산업분류),표준산업분류 61299 — 금융업 아님,61299
1-2b 명단 밖 코스피 모회사의 종속,SK플래닛㈜,에스케이스퀘어 주식회사,금융업 아님,,금융업 아님 (표준산업분류),표준산업분류 7599 — 금융업 아님,7599
1-2b 명단 밖 코스피 모회사의 종속,넷마블넥서스㈜,넷마블(주),금융업 아님,,금융업 아님 (표준산업분류),표준산업분류 5821 — 금융업 아님,5821
1-2b 명단 밖 코스피 모회사의 종속,㈜삼송캐스터,(주)삼익악기,금융업 아님,,금융업 아님 (표준산업분류),표준산업분류 31999 — 금융업 아님,31999
1-2b 명단 밖 코스피 모회사의 종속,한진정보통신㈜,(주)대한항공,금융업 아님,,금융업 아님 (표준산업분류),표준산업분류 58221 — 금융업 아님,58221
1-2b 명단 밖 코스피 모회사의 종속,송도랜드마크시티(유),현대건설(주),금융업 아님,,금융업 아님 (표준산업분류),표준산업분류 6812 — 금융업 아님,6812
1-2b 명단 밖 코스피 모회사의 종속,삼성전자서비스㈜,삼성전자(주),금융업 아님,,금융업 아님 (표준산업분류),표준산업분류 95310 — 금융업 아님,95310
1-2b 명단 밖 코스피 모회사의 종속,스튜디오에스㈜,(주)SBS,금융업 아님,,금융업 아님 (표준산업분류),표준산업분류 591 — 금융업 아님,591
1-2b 명단 밖 코스피 모회사의 종속,성문디엠주식회사,성문전자(주),금융 키워드 없음,,비금융 추정 (코드·키워드 없음),코드 없음·금융 키워드 없음 — 비금융 추정 (검토 파일 확인),
1-2b 명단 밖 코스피 모회사의 종속,㈜지에스네트웍스,(주)지에스리테일,금융업 아님,,금융업 아님 (표준산업분류),표준산업분류 52 — 금융업 아님,52
1-2b 명단 밖 코스피 모회사의 종속,㈜아이아이씨컴퍼니,(주)아이마켓코리아,금융업 아님,,금융업 아님 (표준산업분류),표준산업분류 4791 — 금융업 아님,4791
1-2b 명단 밖 코스피 모회사의 종속,(주)마포애경타운,AK홀딩스(주),금융 키워드 없음,,비금융 추정 (코드·키워드 없음),코드 없음·금융 키워드 없음 — 비금융 추정 (검토 파일 확인),
1-2b 명단 밖 코스피 모회사의 종속,(주)쏠리스장흥,다스코(주),금융 키워드 없음,,비금융 추정 (코드·키워드 없음),코드 없음·금융 키워드 없음 — 비금융 추정 (검토 파일 확인),
1-2b 명단 밖 코스피 모회사의 종속,㈜KBI에이스텍,케이비아이동국실업(주),금융 키워드 없음,,비금융 추정 (코드·키워드 없음),코드 없음·금융 키워드 없음 — 비금융 추정 (검토 파일 확인),
1-2b 명단 밖 코스피 모회사의 종속,SK브로드밴드㈜,SK텔레콤(주),금융업 아님,,금융업 아님 (표준산업분류),표준산업분류 61210 — 금융업 아님,61210
1-2b 명단 밖 코스피 모회사의 종속,칠레 차카오 교량공사 시공법인,현대건설(주),금융 키워드 없음,,비금융 추정 (코드·키워드 없음),코드 없음·금융 키워드 없음 — 비금융 추정 (검토 파일 확인),
1-2b 명단 밖 코스피 모회사의 종속,현대아이에이치엘,현대모비스(주),금융업 아님,,금융업 아님 (표준산업분류),표준산업분류 30 — 금융업 아님,30
1-2b 명단 밖 코스피 모회사의 종속,(주)태우,(주)대창,금융업 아님,,금융업 아님 (표준산업분류),표준산업분류 263 — 금융업 아님,263
1-2b 명단 밖 코스피 모회사의 종속,신성이엔지인디아,주식회사 신성이엔지,금융 키워드 없음,,비금융 추정 (코드·키워드 없음),코드 없음·금융 키워드 없음 — 비금융 추정 (검토 파일 확인),
1-2b 명단 밖 코스피 모회사의 종속,태극제약 (주),(주)LG생활건강,금융업 아님,,금융업 아님 (표준산업분류),표준산업분류 21212 — 금융업 아님,21212
1-2b 명단 밖 코스피 모회사의 종속,한화오션에코텍(주),한화오션(주),금융업 아님,,금융업 아님 (표준산업분류),표준산업분류 31114 — 금융업 아님,31114
1-2b 명단 밖 코스피 모회사의 종속,글로벌아그로(주),(주)경농,금융업 아님,,금융업 아님 (표준산업분류),표준산업분류 68112 — 금융업 아님,68112
1-2b 명단 밖 코스피 모회사의 종속,㈜엔에이치엔여행박사,엔에이치엔(주),금융업 아님,,금융업 아님 (표준산업분류),표준산업분류 75210 — 금융업 아님,75210
1-2b 명단 밖 코스피 모회사의 종속,롯데울산개발,롯데쇼핑(주),금융업 아님,,금융업 아님 (표준산업분류),표준산업분류 68122 — 금융업 아님,68122
1-2b 명단 밖 코스피 모회사의 종속,문경에스코(주),한솔제지(주),금융업 아님,,금융업 아님 (표준산업분류),표준산업분류 382 — 금융업 아님,382
1-2b 명단 밖 코스피 모회사의 종속,(주)디지털킹덤홀딩스,(주)이엔플러스,금융업 아님,,금융업 아님 (표준산업분류),표준산업분류 71531 — 금융업 아님,71531
1-2b 명단 밖 코스피 모회사의 종속,(주)인덜지,(주)LF,금융업 아님,,금융업 아님 (표준산업분류),표준산업분류 46331 — 금융업 아님,46331
1-2b 명단 밖 코스피 모회사의 종속,농업회사법인 (주)오설록농장,(주)아모레퍼시픽홀딩스,금융업 아님,,금융업 아님 (표준산업분류),표준산업분류 01132 — 금융업 아님,01132
1-2b 명단 밖 코스피 모회사의 종속,(주)에르무루스,한미사이언스(주),금융 키워드 없음,,비금융 추정 (코드·키워드 없음),코드 없음·금융 키워드 없음 — 비금융 추정 (검토 파일 확인),
1-2b 명단 밖 코스피 모회사의 종속,㈜코스모코스,(주)케이티앤지,금융업 아님,,금융업 아님 (표준산업분류),표준산업분류 20423 — 금융업 아님,20423
1-2b 명단 밖 코스피 모회사의 종속,㈜경동,(주)경동인베스트,금융업 아님,,금융업 아님 (표준산업분류),표준산업분류 4112 — 금융업 아님,4112
1-2b 명단 밖 코스피 모회사의 종속,에어플러그,현대자동차(주),금융 키워드 없음,,비금융 추정 (코드·키워드 없음),코드 없음·금융 키워드 없음 — 비금융 추정 (검토 파일 확인),
1-2b 명단 밖 코스피 모회사의 종속,㈜케이티엠오에스남부,(주)케이티,금융업 아님,,금융업 아님 (표준산업분류),표준산업분류 61220 — 금융업 아님,61220
1-2b 명단 밖 코스피 모회사의 종속,㈜파파모빌리티,(주)코오롱,금융업 아님,,금융업 아님 (표준산업분류),표준산업분류 582 — 금융업 아님,582
1-2b 명단 밖 코스피 모회사의 종속,롯데자이언츠,롯데지주(주),금융업 아님,,금융업 아님 (표준산업분류),표준산업분류 91191 — 금융업 아님,91191
1-2b 명단 밖 코스피 모회사의 종속,(주)이노빌,(주)화신,금융업 아님,,금융업 아님 (표준산업분류),표준산업분류 30320 — 금융업 아님,30320
1-2b 명단 밖 코스피 모회사의 종속,에스제이지아센텍(주),에스제이지세종(주),금융업 아님,,금융업 아님 (표준산업분류),표준산업분류 26294 — 금융업 아님,26294
1-2b 명단 밖 코스피 모회사의 종속,㈜카카오엔터프라이즈,(주)카카오,금융업 아님,,금융업 아님 (표준산업분류),표준산업분류 58222 — 금융업 아님,58222
1-2b 명단 밖 코스피 모회사의 종속,㈜서울아레나,(주)카카오,금융업 아님,,금융업 아님 (표준산업분류),표준산업분류 90191 — 금융업 아님,90191
1-2b 명단 밖 코스피 모회사의 종속,(주)동아티브이,(주)LF,금융업 아님,,금융업 아님 (표준산업분류),표준산업분류 60210 — 금융업 아님,60210
1-2b 명단 밖 코스피 모회사의 종속,신세계까사,(주)신세계,금융업 아님,,금융업 아님 (표준산업분류),표준산업분류 47520 — 금융업 아님,47520
1-2b 명단 밖 코스피 모회사의 종속,알파플러스 그로쓰밸류,현대엘리베이터(주),금융 키워드 없음,,비금융 추정 (코드·키워드 없음),코드 없음·금융 키워드 없음 — 비금융 추정 (검토 파일 확인),
1-2b 명단 밖 코스피 모회사의 종속,농업회사법인 굿가든,서울도시가스(주),금융업 아님,,금융업 아님 (표준산업분류),표준산업분류 0112 — 금융업 아님,0112
1-2b 명단 밖 코스피 모회사의 종속,코스맥스이스트(주),코스맥스(주),금융업 아님,,금융업 아님 (표준산업분류),표준산업분류 20423 — 금융업 아님,20423
1-2b 명단 밖 코스피 모회사의 종속,(주)팜스코 바이오인티,(주)팜스코,금융 키워드 없음,,비금융 추정 (코드·키워드 없음),코드 없음·금융 키워드 없음 — 비금융 추정 (검토 파일 확인),
1-2b 명단 밖 코스피 모회사의 종속,유농영농조합 법인,(주)유니온,금융 키워드 없음,,비금융 추정 (코드·키워드 없음),코드 없음·금융 키워드 없음 — 비금융 추정 (검토 파일 확인),
1-2b 명단 밖 코스피 모회사의 종속,성신씨엠(주),성신양회(주),금융업 아님,,금융업 아님 (표준산업분류),표준산업분류 23993 — 금융업 아님,23993
1-2b 명단 밖 코스피 모회사의 종속,KC글라스㈜,케이씨그린홀딩스(주),금융업 아님,,금융업 아님 (표준산업분류),표준산업분류 23192 — 금융업 아님,23192
1-2b 명단 밖 코스피 모회사의 종속,(주)프라이맥스,태양금속공업(주),금융업 아님,,금융업 아님 (표준산업분류),표준산업분류 30 — 금융업 아님,30
1-2b 명단 밖 코스피 모회사의 종속,(주)평화이엔지,평화홀딩스(주),금융업 아님,,금융업 아님 (표준산업분류),표준산업분류 29293 — 금융업 아님,29293
1-2b 명단 밖 코스피 모회사의 종속,훼미리식품㈜,해태제과식품주식회사,금융업 아님,,금융업 아님 (표준산업분류),표준산업분류 10603 — 금융업 아님,10603
1-2b 명단 밖 코스피 모회사의 종속,HD현대삼호㈜,에이치디한국조선해양(주),금융업 아님,,금융업 아님 (표준산업분류),표준산업분류 3111 — 금융업 아님,3111
1-2b 명단 밖 코스피 모회사의 종속,(주)아트밸리,(주)크라운해태홀딩스,금융업 아님,,금융업 아님 (표준산업분류),표준산업분류 6811 — 금융업 아님,6811
1-2b 명단 밖 코스피 모회사의 종속,코오롱모빌리티그룹 보통주,(주)코오롱,금융 키워드 없음,,비금융 추정 (코드·키워드 없음),코드 없음·금융 키워드 없음 — 비금융 추정 (검토 파일 확인),
1-2b 명단 밖 코스피 모회사의 종속,한전원자력연료(주),한국전력공사(주),금융업 아님,,금융업 아님 (표준산업분류),표준산업분류 20129 — 금융업 아님,20129
1-2b 명단 밖 코스피 모회사의 종속,(주)한국코스모,(주)서흥,금융업 아님,,금융업 아님 (표준산업분류),표준산업분류 20423 — 금융업 아님,20423
1-2b 명단 밖 코스피 모회사의 종속,조치원식품(주),샘표(주),금융 키워드 없음,,비금융 추정 (코드·키워드 없음),코드 없음·금융 키워드 없음 — 비금융 추정 (검토 파일 확인),
1-2b 명단 밖 코스피 모회사의 종속,㈜오토유레카,(주)우진,금융 키워드 없음,,비금융 추정 (코드·키워드 없음),코드 없음·금융 키워드 없음 — 비금융 추정 (검토 파일 확인),
1-2b 명단 밖 코스피 모회사의 종속,코리아에너지발전소(주),금호석유화학(주),금융업 아님,,금융업 아님 (표준산업분류),표준산업분류 3511 — 금융업 아님,3511
1-2b 명단 밖 코스피 모회사의 종속,KIS정보통신(주),(주)NICE홀딩스,금융업 아님,,금융업 아님 (표준산업분류),표준산업분류 61299 — 금융업 아님,61299
1-2b 명단 밖 코스피 모회사의 종속,㈜비즈테크온,(주)엘지씨엔에스,금융업 아님,,금융업 아님 (표준산업분류),표준산업분류 7512 — 금융업 아님,7512
1-2b 명단 밖 코스피 모회사의 종속,㈜비즈테크아이,(주)엘지씨엔에스,금융업 아님,,금융업 아님 (표준산업분류),표준산업분류 6202 — 금융업 아님,6202
1-2b 명단 밖 코스피 모회사의 종속,최신물산㈜,(주)백산,금융업 아님,,금융업 아님 (표준산업분류),표준산업분류 14300 — 금융업 아님,14300
1-2b 명단 밖 코스피 모회사의 종속,메가박스중앙(주),(주)콘텐트리중앙,금융업 아님,,금융업 아님 (표준산업분류),표준산업분류 59141 — 금융업 아님,59141
1-2b 명단 밖 코스피 모회사의 종속,㈜리얼티어드바이저스코리아,(주)SH에너지화학,금융업 아님,,금융업 아님 (표준산업분류),표준산업분류 68212 — 금융업 아님,68212
1-2b 명단 밖 코스피 모회사의 종속,효성비에이솔라㈜,효성중공업(주),금융업 아님,,금융업 아님 (표준산업분류),표준산업분류 71531 — 금융업 아님,71531
1-2b 명단 밖 코스피 모회사의 종속,스위트밀㈜,코오롱인더스트리(주),금융업 아님,,금융업 아님 (표준산업분류),표준산업분류 1060 — 금융업 아님,1060
1-2b 명단 밖 코스피 모회사의 종속,㈜웅진컴퍼스,(주)웅진씽크빅,금융업 아님,,금융업 아님 (표준산업분류),표준산업분류 58 — 금융업 아님,58
1-2b 명단 밖 코스피 모회사의 종속,㈜한국케이블텔레콤,태광산업(주),금융업 아님,,금융업 아님 (표준산업분류),표준산업분류 61299 — 금융업 아님,61299
1-2b 명단 밖 코스피 모회사의 종속,(주)엔케이텍,(주)엔케이,금융업 아님,,금융업 아님 (표준산업분류),표준산업분류 291 — 금융업 아님,291
1-2b 명단 밖 코스피 모회사의 종속,펄테크(주)),교촌에프앤비(주),금융 키워드 없음,,비금융 추정 (코드·키워드 없음),코드 없음·금융 키워드 없음 — 비금융 추정 (검토 파일 확인),
1-2b 명단 밖 코스피 모회사의 종속,(주)신세계톰보이,(주)신세계인터내셔날,금융업 아님,,금융업 아님 (표준산업분류),표준산업분류 4741 — 금융업 아님,4741
1-2b 명단 밖 코스피 모회사의 종속,대상웰라이프㈜,대상홀딩스(주),금융업 아님,,금융업 아님 (표준산업분류),표준산업분류 10897 — 금융업 아님,10897
1-2b 명단 밖 코스피 모회사의 종속,HDC아이앤콘스,에이치디씨(주),금융 키워드 없음,,비금융 추정 (코드·키워드 없음),코드 없음·금융 키워드 없음 — 비금융 추정 (검토 파일 확인),
1-2b 명단 밖 코스피 모회사의 종속,인천신세계,(주)신세계,금융업 아님,,금융업 아님 (표준산업분류),표준산업분류 47 — 금융업 아님,47
1-2b 명단 밖 코스피 모회사의 종속,농업회사법인(주)대한에코팜,대한제분(주),금융업 아님,,금융업 아님 (표준산업분류),표준산업분류 01220 — 금융업 아님,01220
1-2b 명단 밖 코스피 모회사의 종속,코크렙안양(주),(주)LF,금융업 아님,,금융업 아님 (표준산업분류),표준산업분류 68122 — 금융업 아님,68122
1-2b 명단 밖 코스피 모회사의 종속,바른인천가좌피에프브이(4종),부국증권(주),금융 키워드 없음,,비금융 추정 (코드·키워드 없음),코드 없음·금융 키워드 없음 — 비금융 추정 (검토 파일 확인),
1-2b 명단 밖 코스피 모회사의 종속,㈜한국글로발로지스틱스시스템,(주)대한항공,금융업 아님,,금융업 아님 (표준산업분류),표준산업분류 63112 — 금융업 아님,63112
1-2b 명단 밖 코스피 모회사의 종속,풍산특수금속㈜,(주)풍산홀딩스,금융업 아님,,금융업 아님 (표준산업분류),표준산업분류 24121 — 금융업 아님,24121
1-2b 명단 밖 코스피 모회사의 종속,CITRA(인니),현대건설(주),금융 키워드 없음,,비금융 추정 (코드·키워드 없음),코드 없음·금융 키워드 없음 — 비금융 추정 (검토 파일 확인),
1-2b 명단 밖 코스피 모회사의 종속,LS아이앤디,(주)LS,금융업 아님,,금융업 아님 (표준산업분류),표준산업분류 68112 — 금융업 아님,68112
1-2b 명단 밖 코스피 모회사의 종속,㈜프레시코,에이치엘비글로벌(주),금융업 아님,,금융업 아님 (표준산업분류),표준산업분류 10309 — 금융업 아님,10309
1-2b 명단 밖 코스피 모회사의 종속,동건레미콘,(주)동양,금융 키워드 없음,,비금융 추정 (코드·키워드 없음),코드 없음·금융 키워드 없음 — 비금융 추정 (검토 파일 확인),
1-2b 명단 밖 코스피 모회사의 종속,와플랫㈜,엔에이치엔(주),금융 키워드 없음,,비금융 추정 (코드·키워드 없음),코드 없음·금융 키워드 없음 — 비금융 추정 (검토 파일 확인),
1-2b 명단 밖 코스피 모회사의 종속,농심이스포츠㈜,(주)농심,금융업 아님,,금융업 아님 (표준산업분류),표준산업분류 91191 — 금융업 아님,91191
1-2b 명단 밖 코스피 모회사의 종속,지타운피에프브이㈜,넷마블(주),금융업 아님,,금융업 아님 (표준산업분류),표준산업분류 68112 — 금융업 아님,68112
1-2b 명단 밖 코스피 모회사의 종속,㈜한국엔지니어링웍스,한국타이어앤테크놀로지(주),금융업 아님,,금융업 아님 (표준산업분류),표준산업분류 292 — 금융업 아님,292
1-2b 명단 밖 코스피 모회사의 종속,시흥거모피에프브이㈜,계룡건설산업(주),금융업 아님,,금융업 아님 (표준산업분류),표준산업분류 68121 — 금융업 아님,68121
1-2b 명단 밖 코스피 모회사의 종속,SGC그린파워(주),SGC에너지(주),금융 키워드 없음,,비금융 추정 (코드·키워드 없음),코드 없음·금융 키워드 없음 — 비금융 추정 (검토 파일 확인),
1-2b 명단 밖 코스피 모회사의 종속,씨제이브리딩(주),CJ제일제당(주),금융업 아님,,금융업 아님 (표준산업분류),표준산업분류 0111 — 금융업 아님,0111
1-2b 명단 밖 코스피 모회사의 종속,국제케어주식회사,국제약품(주),금융 키워드 없음,,비금융 추정 (코드·키워드 없음),코드 없음·금융 키워드 없음 — 비금융 추정 (검토 파일 확인),
1-2b 명단 밖 코스피 모회사의 종속,㈜글로우원과 종속기업,(주)티엠씨,금융 키워드 없음,,비금융 추정 (코드·키워드 없음),코드 없음·금융 키워드 없음 — 비금융 추정 (검토 파일 확인),
1-2b 명단 밖 코스피 모회사의 종속,오리온제주용암수,(주)오리온홀딩스,금융업 아님,,금융업 아님 (표준산업분류),표준산업분류 11209 — 금융업 아님,11209
1-2b 명단 밖 코스피 모회사의 종속,(주)엘에프푸드(*),(주)LF,금융 키워드 없음,,비금융 추정 (코드·키워드 없음),코드 없음·금융 키워드 없음 — 비금융 추정 (검토 파일 확인),
1-2b 명단 밖 코스피 모회사의 종속,토파스여행정보㈜,(주)한진칼,금융업 아님,,금융업 아님 (표준산업분류),표준산업분류 63991 — 금융업 아님,63991
1-2b 명단 밖 코스피 모회사의 종속,HDC영창,에이치디씨(주),금융 키워드 없음,,비금융 추정 (코드·키워드 없음),코드 없음·금융 키워드 없음 — 비금융 추정 (검토 파일 확인),
1-2b 명단 밖 코스피 모회사의 종속,(주)레진엔터테인먼트,(주)키다리스튜디오,금융업 아님,,금융업 아님 (표준산업분류),표준산업분류 63991 — 금융업 아님,63991
1-2b 명단 밖 코스피 모회사의 종속,(주)리빙스타,대림통상(주),금융 키워드 없음,,비금융 추정 (코드·키워드 없음),코드 없음·금융 키워드 없음 — 비금융 추정 (검토 파일 확인),
1-2b 명단 밖 코스피 모회사의 종속,엔에이치엔커머스㈜,엔에이치엔(주),금융업 아님,,금융업 아님 (표준산업분류),표준산업분류 58221 — 금융업 아님,58221
1-2b 명단 밖 코스피 모회사의 종속,㈜지씨케어,(주)녹십자홀딩스,금융 키워드 없음,,비금융 추정 (코드·키워드 없음),코드 없음·금융 키워드 없음 — 비금융 추정 (검토 파일 확인),
1-2b 명단 밖 코스피 모회사의 종속,(주)아이엔테라퓨틱스,(주)대웅제약,금융업 아님,,금융업 아님 (표준산업분류),표준산업분류 70113 — 금융업 아님,70113
1-2b 명단 밖 코스피 모회사의 종속,롯데멤버스,롯데지주(주),금융업 아님,,금융업 아님 (표준산업분류),표준산업분류 75999 — 금융업 아님,75999
1-2b 명단 밖 코스피 모회사의 종속,플라맥스(주),(주)모나미,금융업 아님,,금융업 아님 (표준산업분류),표준산업분류 22299 — 금융업 아님,22299
1-2b 명단 밖 코스피 모회사의 종속,성신레미컨(주),성신양회(주),금융업 아님,,금융업 아님 (표준산업분류),표준산업분류 23322 — 금융업 아님,23322
1-2b 명단 밖 코스피 모회사의 종속,에스비바이오팜(주),(주)유한양행,금융업 아님,,금융업 아님 (표준산업분류),표준산업분류 10902 — 금융업 아님,10902
1-2b 명단 밖 코스피 모회사의 종속,지타워㈜,넷마블(주),금융업 아님,,금융업 아님 (표준산업분류),표준산업분류 68122 — 금융업 아님,68122
1-2b 명단 밖 코스피 모회사의 종속,농업회사법인 (주)더기반,(주)노루홀딩스,금융 키워드 없음,,비금융 추정 (코드·키워드 없음),코드 없음·금융 키워드 없음 — 비금융 추정 (검토 파일 확인),
1-2b 명단 밖 코스피 모회사의 종속,LS전선,(주)LS,금융업 아님,,금융업 아님 (표준산업분류),표준산업분류 2830 — 금융업 아님,2830
1-2b 명단 밖 코스피 모회사의 종속,(주)엔코아,SK네트웍스(주),금융업 아님,,금융업 아님 (표준산업분류),표준산업분류 6202 — 금융업 아님,6202
1-2b 명단 밖 코스피 모회사의 종속,메디베이트,(주)녹십자홀딩스,금융 키워드 없음,,비금융 추정 (코드·키워드 없음),코드 없음·금융 키워드 없음 — 비금융 추정 (검토 파일 확인),
1-2b 명단 밖 코스피 모회사의 종속,케이티텔레캅㈜,(주)케이티,금융업 아님,,금융업 아님 (표준산업분류),표준산업분류 75310 — 금융업 아님,75310
1-2b 명단 밖 코스피 모회사의 종속,㈜케이티클라우드,(주)케이티,금융업 아님,,금융업 아님 (표준산업분류),표준산업분류 63120 — 금융업 아님,63120
1-2b 명단 밖 코스피 모회사의 종속,디유푸드㈜,대상(주),금융 키워드 없음,,비금융 추정 (코드·키워드 없음),코드 없음·금융 키워드 없음 — 비금융 추정 (검토 파일 확인),
1-2b 명단 밖 코스피 모회사의 종속,코리아세븐,롯데지주(주),금융업 아님,,금융업 아님 (표준산업분류),표준산업분류 4610 — 금융업 아님,4610
1-2b 명단 밖 코스피 모회사의 종속,STX에어로서비스㈜,(주)STX,금융 키워드 없음,,비금융 추정 (코드·키워드 없음),코드 없음·금융 키워드 없음 — 비금융 추정 (검토 파일 확인),
1-2b 명단 밖 코스피 모회사의 종속,세방리튬배터리,세방전지(주),금융업 아님,,금융업 아님 (표준산업분류),표준산업분류 28113 — 금융업 아님,28113
1-2b 명단 밖 코스피 모회사의 종속,농업회사법인(주) 사조프레시미트,사조씨푸드(주),금융업 아님,,금융업 아님 (표준산업분류),표준산업분류 10129 — 금융업 아님,10129
1-2b 명단 밖 코스피 모회사의 종속,㈜케이티디에스,(주)케이티,금융업 아님,,금융업 아님 (표준산업분류),표준산업분류 62021 — 금융업 아님,62021
1-2b 명단 밖 코스피 모회사의 종속,㈜두산모빌리티이노베이션,(주)두산,금융업 아님,,금융업 아님 (표준산업분류),표준산업분류 28111 — 금융업 아님,28111
1-2b 명단 밖 코스피 모회사의 종속,세메스㈜,삼성전자(주),금융업 아님,,금융업 아님 (표준산업분류),표준산업분류 29271 — 금융업 아님,29271
1-2b 명단 밖 코스피 모회사의 종속,(주)페럼인프라,동국홀딩스(주),금융업 아님,,금융업 아님 (표준산업분류),표준산업분류 68 — 금융업 아님,68
1-2b 명단 밖 코스피 모회사의 종속,(주)고강알루미늄,(주)알루코,금융업 아님,,금융업 아님 (표준산업분류),표준산업분류 24222 — 금융업 아님,24222
1-2b 명단 밖 코스피 모회사의 종속,제이에이치 화학공업(주),(주)엘앤에프,금융업 아님,,금융업 아님 (표준산업분류),표준산업분류 28202 — 금융업 아님,28202
1-2b 명단 밖 코스피 모회사의 종속,대륜E&S,(주)한진중공업홀딩스,금융업 아님,,금융업 아님 (표준산업분류),표준산업분류 35200 — 금융업 아님,35200
1-2b 명단 밖 코스피 모회사의 종속,인천북항운영(주),(주)에이치제이중공업,금융업 아님,,금융업 아님 (표준산업분류),표준산업분류 52942 — 금융업 아님,52942
1-2b 명단 밖 코스피 모회사의 종속,디씨아이티와이 인천피에프브이 주식회사,(주)동양,금융업 아님,,금융업 아님 (표준산업분류),표준산업분류 6812 — 금융업 아님,6812
1-2b 명단 밖 코스피 모회사의 종속,디씨아이티와이 부천피에프브이 주식회사,(주)동양,금융업 아님,,금융업 아님 (표준산업분류),표준산업분류 6812 — 금융업 아님,6812
1-2b 명단 밖 코스피 모회사의 종속,아토메탈테크코리아㈜,코오롱인더스트리(주),금융업 아님,,금융업 아님 (표준산업분류),표준산업분류 2411 — 금융업 아님,2411
1-2b 명단 밖 코스피 모회사의 종속,㈜케이티스튜디오지니,(주)케이티,금융업 아님,,금융업 아님 (표준산업분류),표준산업분류 59114 — 금융업 아님,59114
1-2b 명단 밖 코스피 모회사의 종속,여주에너지서비스㈜,SK이노베이션(주),금융업 아님,,금융업 아님 (표준산업분류),표준산업분류 35113 — 금융업 아님,35113
1-2b 명단 밖 코스피 모회사의 종속,(주)빅썸바이오,롯데칠성음료(주),금융업 아님,,금융업 아님 (표준산업분류),표준산업분류 46329 — 금융업 아님,46329
1-2b 명단 밖 코스피 모회사의 종속,(주)에스에이치파워,(주)수산인더스트리,금융업 아님,,금융업 아님 (표준산업분류),표준산업분류 96999 — 금융업 아님,96999
1-2b 명단 밖 코스피 모회사의 종속,어업회사법인 에코아쿠아팜㈜,지에스건설(주),금융업 아님,,금융업 아님 (표준산업분류),표준산업분류 03213 — 금융업 아님,03213
1-2b 명단 밖 코스피 모회사의 종속,(주)이니스프리,(주)아모레퍼시픽홀딩스,금융업 아님,,금융업 아님 (표준산업분류),표준산업분류 46443 — 금융업 아님,46443
1-2b 명단 밖 코스피 모회사의 종속,케이지스틸Thailand,KG스틸(주),금융 키워드 없음,,비금융 추정 (코드·키워드 없음),코드 없음·금융 키워드 없음 — 비금융 추정 (검토 파일 확인),
1-2b 명단 밖 코스피 모회사의 종속,"에스케이온(주) (주1,2)",SK이노베이션(주),금융 키워드 없음,,비금융 추정 (코드·키워드 없음),코드 없음·금융 키워드 없음 — 비금융 추정 (검토 파일 확인),
1-2b 명단 밖 코스피 모회사의 종속,(주)코스알엑스,(주)아모레퍼시픽,금융업 아님,,금융업 아님 (표준산업분류),표준산업분류 20423 — 금융업 아님,20423
1-2b 명단 밖 코스피 모회사의 종속,벽산페인트(주),(주)벽산,금융업 아님,,금융업 아님 (표준산업분류),표준산업분류 20411 — 금융업 아님,20411
1-2b 명단 밖 코스피 모회사의 종속,(주)에스엠면세점,(주)하나투어,금융업 아님,,금융업 아님 (표준산업분류),표준산업분류 471 — 금융업 아님,471
1-2b 명단 밖 코스피 모회사의 종속,에이치엘리츠운용 주식회사,에이치엘홀딩스(주),금융업 아님,,금융업 아님 (표준산업분류),표준산업분류 68212 — 금융업 아님,68212
1-2b 명단 밖 코스피 모회사의 종속,나래에너지서비스㈜,SK이노베이션(주),금융업 아님,,금융업 아님 (표준산업분류),표준산업분류 35300 — 금융업 아님,35300
1-2b 명단 밖 코스피 모회사의 종속,(주)에이치에스머티리얼즈,(주)한솔케미칼,금융업 아님,,금융업 아님 (표준산업분류),표준산업분류 20499 — 금융업 아님,20499
1-2b 명단 밖 코스피 모회사의 종속,발왕산1458(주),모나용평(주),금융 키워드 없음,,비금융 추정 (코드·키워드 없음),코드 없음·금융 키워드 없음 — 비금융 추정 (검토 파일 확인),
1-2b 명단 밖 코스피 모회사의 종속,안산그린에너지(주),(주)대우건설,금융업 아님,,금융업 아님 (표준산업분류),표준산업분류 35119 — 금융업 아님,35119
1-2b 명단 밖 코스피 모회사의 종속,케이엔로지스틱스㈜,(주)케이씨티시,금융업 아님,,금융업 아님 (표준산업분류),표준산업분류 52101 — 금융업 아님,52101
1-2b 명단 밖 코스피 모회사의 종속,디에스우일바이오,주식회사 디에스단석,금융업 아님,,금융업 아님 (표준산업분류),표준산업분류 10411 — 금융업 아님,10411
1-2b 명단 밖 코스피 모회사의 종속,농업회사법인 에스피팜랜드(유),(주)영풍,금융업 아님,,금융업 아님 (표준산업분류),표준산업분류 011 — 금융업 아님,011
1-2b 명단 밖 코스피 모회사의 종속,씨제이올리브네트웍스㈜,씨제이씨지브이(주),금융업 아님,,금융업 아님 (표준산업분류),표준산업분류 6202 — 금융업 아님,6202
1-2b 명단 밖 코스피 모회사의 종속,농업회사법인 코스맥스향약원㈜,코스맥스(주),금융 키워드 없음,,비금융 추정 (코드·키워드 없음),코드 없음·금융 키워드 없음 — 비금융 추정 (검토 파일 확인),
1-2b 명단 밖 코스피 모회사의 종속,농업회사법인 인백팜㈜,(주)녹십자,금융업 아님,,금융업 아님 (표준산업분류),표준산업분류 01231 — 금융업 아님,01231
1-2b 명단 밖 코스피 모회사의 종속,동양고속미디어,(주)동양고속,금융 키워드 없음,,비금융 추정 (코드·키워드 없음),코드 없음·금융 키워드 없음 — 비금융 추정 (검토 파일 확인),
1-2b 명단 밖 코스피 모회사의 종속,㈜플레디스엔터테인먼트,(주)하이브,금융업 아님,,금융업 아님 (표준산업분류),표준산업분류 73901 — 금융업 아님,73901
1-2b 명단 밖 코스피 모회사의 종속,농업회사법인 (주)팜엔코,(주)팜스코,금융업 아님,,금융업 아님 (표준산업분류),표준산업분류 2031 — 금융업 아님,2031
1-2b 명단 밖 코스피 모회사의 종속,㈜피엘에스,(주)지에스글로벌,금융업 아님,,금융업 아님 (표준산업분류),표준산업분류 52101 — 금융업 아님,52101
1-2b 명단 밖 코스피 모회사의 종속,에스비위드크롭스(주),에스비성보(주),금융 키워드 없음,,비금융 추정 (코드·키워드 없음),코드 없음·금융 키워드 없음 — 비금융 추정 (검토 파일 확인),
1-2b 명단 밖 코스피 모회사의 종속,(주)막스코,(주)LF,금융업 아님,,금융업 아님 (표준산업분류),표준산업분류 4641 — 금융업 아님,4641
1-2b 명단 밖 코스피 모회사의 종속,농업회사법인일성주식회사,일성건설(주),금융업 아님,,금융업 아님 (표준산업분류),표준산업분류 01123 — 금융업 아님,01123
1-2b 명단 밖 코스피 모회사의 종속,코카콜라음료(주),(주)LG생활건강,금융업 아님,,금융업 아님 (표준산업분류),표준산업분류 11209 — 금융업 아님,11209
1-2b 명단 밖 코스피 모회사의 종속,고북주민태양광발전 주식회사,한화솔루션(주),금융업 아님,,금융업 아님 (표준산업분류),표준산업분류 42311 — 금융업 아님,42311
1-2b 명단 밖 코스피 모회사의 종속,주식회사 문라이트이엔티,(주)MDS스피어,금융 키워드 없음,,비금융 추정 (코드·키워드 없음),코드 없음·금융 키워드 없음 — 비금융 추정 (검토 파일 확인),
1-2b 명단 밖 코스피 모회사의 종속,(주)엘펨스,엘에스일렉트릭 주식회사,금융업 아님,,금융업 아님 (표준산업분류),표준산업분류 76390 — 금융업 아님,76390
1-2b 명단 밖 코스피 모회사의 종속,LS사우타㈜,엘에스일렉트릭 주식회사,금융업 아님,,금융업 아님 (표준산업분류),표준산업분류 423 — 금융업 아님,423
1-2b 명단 밖 코스피 모회사의 종속,씨제이포디플렉스㈜,씨제이씨지브이(주),금융업 아님,,금융업 아님 (표준산업분류),표준산업분류 59 — 금융업 아님,59
1-2b 명단 밖 코스피 모회사의 종속,엘티솔라㈜,엘에스일렉트릭 주식회사,금융업 아님,,금융업 아님 (표준산업분류),표준산업분류 35114 — 금융업 아님,35114
1-2b 명단 밖 코스피 모회사의 종속,㈜장수건강,한신공영(주),금융 키워드 없음,,비금융 추정 (코드·키워드 없음),코드 없음·금융 키워드 없음 — 비금융 추정 (검토 파일 확인),
1-2b 명단 밖 코스피 모회사의 종속,서광씨에스,(주)동양고속,금융 키워드 없음,,비금융 추정 (코드·키워드 없음),코드 없음·금융 키워드 없음 — 비금융 추정 (검토 파일 확인),
1-2b 명단 밖 코스피 모회사의 종속,농업회사법인(주)에프앤아이,(주)LG생활건강,금융업 아님,,금융업 아님 (표준산업분류),표준산업분류 01123 — 금융업 아님,01123
1-2b 명단 밖 코스피 모회사의 종속,신안천일염㈜,대상(주),금융 키워드 없음,,비금융 추정 (코드·키워드 없음),코드 없음·금융 키워드 없음 — 비금융 추정 (검토 파일 확인),
1-2b 명단 밖 코스피 모회사의 종속,인터지스웅동센터(주),인터지스(주),금융업 아님,,금융업 아님 (표준산업분류),표준산업분류 5210 — 금융업 아님,5210
1-2b 명단 밖 코스피 모회사의 종속,농업회사법인 에스비위드아그로(주),에스비성보(주),금융 키워드 없음,,비금융 추정 (코드·키워드 없음),코드 없음·금융 키워드 없음 — 비금융 추정 (검토 파일 확인),
1-2b 명단 밖 코스피 모회사의 종속,농업회사법인 (주)알앤에프,대한제당(주),금융업 아님,,금융업 아님 (표준산업분류),표준산업분류 01220 — 금융업 아님,01220
1-2b 명단 밖 코스피 모회사의 종속,스노우 주식회사,네이버(주),금융업 아님,,금융업 아님 (표준산업분류),표준산업분류 58222 — 금융업 아님,58222
1-2b 명단 밖 코스피 모회사의 종속,용인기흥PFV(주),동아쏘시오홀딩스(주),금융 키워드 없음,,비금융 추정 (코드·키워드 없음),코드 없음·금융 키워드 없음 — 비금융 추정 (검토 파일 확인),
1-2b 명단 밖 코스피 모회사의 종속,만도브로제 주식회사,에이치엘만도(주),금융업 아님,,금융업 아님 (표준산업분류),표준산업분류 30 — 금융업 아님,30
1-2b 명단 밖 코스피 모회사의 종속,사조농산,(주)사조대림,금융 키워드 없음,,비금융 추정 (코드·키워드 없음),코드 없음·금융 키워드 없음 — 비금융 추정 (검토 파일 확인),
1-2b 명단 밖 코스피 모회사의 종속,농업회사법인여물㈜,고려산업(주),금융업 아님,,금융업 아님 (표준산업분류),표준산업분류 012 — 금융업 아님,012
1-2b 명단 밖 코스피 모회사의 종속,㈜엣지코어피에프브이,(주)한화,금융업 아님,,금융업 아님 (표준산업분류),표준산업분류 68 — 금융업 아님,68
1-2b 명단 밖 코스피 모회사의 종속,㈜동방광양물류센터,(주)동방,금융 키워드 없음,,비금융 추정 (코드·키워드 없음),코드 없음·금융 키워드 없음 — 비금융 추정 (검토 파일 확인),
1-2b 명단 밖 코스피 모회사의 종속,㈜애그리로보텍,(주)선진,금융업 아님,,금융업 아님 (표준산업분류),표준산업분류 46 — 금융업 아님,46
1-2b 명단 밖 코스피 모회사의 종속,(주)가하컨설팅,대성산업(주),금융업 아님,,금융업 아님 (표준산업분류),표준산업분류 71532 — 금융업 아님,71532
1-2b 명단 밖 코스피 모회사의 종속,농업회사법인㈜선진한마을,(주)선진,금융업 아님,,금융업 아님 (표준산업분류),표준산업분류 01220 — 금융업 아님,01220
1-2b 명단 밖 코스피 모회사의 종속,롯데자산개발,롯데지주(주),금융업 아님,,금융업 아님 (표준산업분류),표준산업분류 68112 — 금융업 아님,68112
1-2b 명단 밖 코스피 모회사의 종속,씨제이대한통운비엔디(주),CJ제일제당(주),금융업 아님,,금융업 아님 (표준산업분류),표준산업분류 52101 — 금융업 아님,52101
1-2b 명단 밖 코스피 모회사의 종속,코오롱스페이스웍스㈜,(주)코오롱,금융업 아님,,금융업 아님 (표준산업분류),표준산업분류 31322 — 금융업 아님,31322
1-2b 명단 밖 코스피 모회사의 종속,DL케미칼㈜,디엘 주식회사,금융업 아님,,금융업 아님 (표준산업분류),표준산업분류 2020 — 금융업 아님,2020
1-2b 명단 밖 코스피 모회사의 종속,대흥산업(주),KISCO홀딩스(주),금융업 아님,,금융업 아님 (표준산업분류),표준산업분류 681 — 금융업 아님,681
1-2b 명단 밖 코스피 모회사의 종속,평택에너지앤파워㈜,(주)E1,금융업 아님,,금융업 아님 (표준산업분류),표준산업분류 351 — 금융업 아님,351
1-2b 명단 밖 코스피 모회사의 종속,인지컨트롤스 헝가리,인지컨트롤스(주),금융 키워드 없음,,비금융 추정 (코드·키워드 없음),코드 없음·금융 키워드 없음 — 비금융 추정 (검토 파일 확인),
1-2b 명단 밖 코스피 모회사의 종속,에이플러스리얼티㈜,주식회사 에이플러스에셋어드바이저,금융업 아님,,금융업 아님 (표준산업분류),표준산업분류 682 — 금융업 아님,682
1-2b 명단 밖 코스피 모회사의 종속,(주)브이엔티지,(주)세아홀딩스,금융업 아님,,금융업 아님 (표준산업분류),표준산업분류 58221 — 금융업 아님,58221
1-2b 명단 밖 코스피 모회사의 종속,고려기공㈜,(주)케이씨티시,금융업 아님,,금융업 아님 (표준산업분류),표준산업분류 5299 — 금융업 아님,5299
1-2b 명단 밖 코스피 모회사의 종속,농업법인 아농(주),아세아시멘트(주),금융 키워드 없음,,비금융 추정 (코드·키워드 없음),코드 없음·금융 키워드 없음 — 비금융 추정 (검토 파일 확인),
1-2b 명단 밖 코스피 모회사의 종속,GS이앤알,(주)GS,금융업 아님,,금융업 아님 (표준산업분류),표준산업분류 35300 — 금융업 아님,35300
1-2b 명단 밖 코스피 모회사의 종속,㈜블루원,(주)티와이홀딩스,금융업 아님,,금융업 아님 (표준산업분류),표준산업분류 55103 — 금융업 아님,55103
1-2b 명단 밖 코스피 모회사의 종속,디지털데일리,(주)종근당홀딩스,금융 키워드 없음,,비금융 추정 (코드·키워드 없음),코드 없음·금융 키워드 없음 — 비금융 추정 (검토 파일 확인),
1-2b 명단 밖 코스피 모회사의 종속,양포식품(주),샘표(주),금융 키워드 없음,,비금융 추정 (코드·키워드 없음),코드 없음·금융 키워드 없음 — 비금융 추정 (검토 파일 확인),
1-2b 명단 밖 코스피 모회사의 종속,아이파크마리나(주),아이파크현대산업개발(주),금융업 아님,,금융업 아님 (표준산업분류),표준산업분류 91 — 금융업 아님,91
1-2b 명단 밖 코스피 모회사의 종속,HDC아이파크몰,에이치디씨(주),금융 키워드 없음,,비금융 추정 (코드·키워드 없음),코드 없음·금융 키워드 없음 — 비금융 추정 (검토 파일 확인),
1-2b 명단 밖 코스피 모회사의 종속,영덕동대산풍력발전(주),(주)도화엔지니어링,금융 키워드 없음,,비금융 추정 (코드·키워드 없음),코드 없음·금융 키워드 없음 — 비금융 추정 (검토 파일 확인),
1-2b 명단 밖 코스피 모회사의 종속,㈜동방물류센터,(주)동방,금융업 아님,,금융업 아님 (표준산업분류),표준산업분류 52101 — 금융업 아님,52101
1-2b 명단 밖 코스피 모회사의 종속,(주)울릉샘물,(주)LG생활건강,금융업 아님,,금융업 아님 (표준산업분류),표준산업분류 11202 — 금융업 아님,11202
1-2b 명단 밖 코스피 모회사의 종속,넷마블엔투㈜,넷마블(주),금융업 아님,,금융업 아님 (표준산업분류),표준산업분류 5821 — 금융업 아님,5821
1-2b 명단 밖 코스피 모회사의 종속,한세모빌리티(주),한세예스24홀딩스(주),금융업 아님,,금융업 아님 (표준산업분류),표준산업분류 30 — 금융업 아님,30
1-2b 명단 밖 코스피 모회사의 종속,㈜신흥MST,(주)신흥,금융 키워드 없음,,비금융 추정 (코드·키워드 없음),코드 없음·금융 키워드 없음 — 비금융 추정 (검토 파일 확인),
1-2b 명단 밖 코스피 모회사의 종속,롯데컬처웍스,롯데쇼핑(주),금융업 아님,,금융업 아님 (표준산업분류),표준산업분류 5914 — 금융업 아님,5914
1-2b 명단 밖 코스피 모회사의 종속,㈜커브컴퍼니,(주)녹십자홀딩스,금융 키워드 없음,,비금융 추정 (코드·키워드 없음),코드 없음·금융 키워드 없음 — 비금융 추정 (검토 파일 확인),
1-2b 명단 밖 코스피 모회사의 종속,청도남남(유),(주)비비안,금융 키워드 없음,,비금융 추정 (코드·키워드 없음),코드 없음·금융 키워드 없음 — 비금융 추정 (검토 파일 확인),
1-2b 명단 밖 코스피 모회사의 종속,(주)백학음료,롯데칠성음료(주),금융업 아님,,금융업 아님 (표준산업분류),표준산업분류 11202 — 금융업 아님,11202
1-2b 명단 밖 코스피 모회사의 종속,케이이티 엔지니어링(주),한국단자공업(주),금융 키워드 없음,,비금융 추정 (코드·키워드 없음),코드 없음·금융 키워드 없음 — 비금융 추정 (검토 파일 확인),
1-2b 명단 밖 코스피 모회사의 종속,(주)이큐포올,(주)디엔오토모티브,금융업 아님,,금융업 아님 (표준산업분류),표준산업분류 5822 — 금융업 아님,5822
1-2b 명단 밖 코스피 모회사의 종속,에이비테크(주),상신브레이크(주),금융업 아님,,금융업 아님 (표준산업분류),표준산업분류 30 — 금융업 아님,30
1-2b 명단 밖 코스피 모회사의 종속,현대GBFMS㈜,현대엘리베이터(주),금융 키워드 없음,,비금융 추정 (코드·키워드 없음),코드 없음·금융 키워드 없음 — 비금융 추정 (검토 파일 확인),
1-2b 명단 밖 코스피 모회사의 종속,㈜하울팟,(주)대교,금융 키워드 없음,,비금융 추정 (코드·키워드 없음),코드 없음·금융 키워드 없음 — 비금융 추정 (검토 파일 확인),
1-2b 명단 밖 코스피 모회사의 종속,일신창업투자(주),일신방직(주),기금 운영업,,지주·기금 (금융지주 아님),기금 운영업(64991) — 사업 자회사를 묶는 중간지주·기금,64991
1-2b 명단 밖 코스피 모회사의 종속,산도브레이크(주),상신브레이크(주),금융업 아님,,금융업 아님 (표준산업분류),표준산업분류 30392 — 금융업 아님,30392
1-2b 명단 밖 코스피 모회사의 종속,엔에이치엔클라우드㈜,엔에이치엔(주),금융업 아님,,금융업 아님 (표준산업분류),표준산업분류 620 — 금융업 아님,620
1-2b 명단 밖 코스피 모회사의 종속,동원로엑스냉장투㈜,동원산업(주),금융업 아님,,금융업 아님 (표준산업분류),표준산업분류 52102 — 금융업 아님,52102
1-2b 명단 밖 코스피 모회사의 종속,동원로엑스냉장㈜,동원산업(주),금융업 아님,,금융업 아님 (표준산업분류),표준산업분류 46102 — 금융업 아님,46102
1-2b 명단 밖 코스피 모회사의 종속,(주)흥아로지스틱스,흥아해운(주),금융업 아님,,금융업 아님 (표준산업분류),표준산업분류 5299 — 금융업 아님,5299
1-2b 명단 밖 코스피 모회사의 종속,평택석정화성파크드림㈜,에이치에스화성(주),금융 키워드 없음,,비금융 추정 (코드·키워드 없음),코드 없음·금융 키워드 없음 — 비금융 추정 (검토 파일 확인),
1-2b 명단 밖 코스피 모회사의 종속,경동양산고객 서비스(주),(주)경동도시가스,금융 키워드 없음,,비금융 추정 (코드·키워드 없음),코드 없음·금융 키워드 없음 — 비금융 추정 (검토 파일 확인),
1-2b 명단 밖 코스피 모회사의 종속,디앤디프라퍼티솔루션㈜,SK디앤디(주),금융업 아님,,금융업 아님 (표준산업분류),표준산업분류 46431 — 금융업 아님,46431
1-2b 명단 밖 코스피 모회사의 종속,경동강북고객 서비스(주),(주)경동도시가스,금융 키워드 없음,,비금융 추정 (코드·키워드 없음),코드 없음·금융 키워드 없음 — 비금융 추정 (검토 파일 확인),
1-2b 명단 밖 코스피 모회사의 종속,삼성디스플레이㈜,삼성전자(주),금융업 아님,,금융업 아님 (표준산업분류),표준산업분류 2621 — 금융업 아님,2621
1-2b 명단 밖 코스피 모회사의 종속,㈜그린카,롯데렌탈(주),금융업 아님,,금융업 아님 (표준산업분류),표준산업분류 76110 — 금융업 아님,76110
1-2b 명단 밖 코스피 모회사의 종속,씨제이푸드빌(주),CJ(주),금융업 아님,,금융업 아님 (표준산업분류),표준산업분류 56123 — 금융업 아님,56123
1-2b 명단 밖 코스피 모회사의 종속,㈜현대서산농장,현대건설(주),금융 키워드 없음,,비금융 추정 (코드·키워드 없음),코드 없음·금융 키워드 없음 — 비금융 추정 (검토 파일 확인),
1-2b 명단 밖 코스피 모회사의 종속,아이디에스앤트러스트,(주)대웅,금융업 아님,,금융업 아님 (표준산업분류),표준산업분류 58221 — 금융업 아님,58221
1-2b 명단 밖 코스피 모회사의 종속,아이엠테크놀로지㈜,(주)아이마켓코리아,금융 키워드 없음,,비금융 추정 (코드·키워드 없음),코드 없음·금융 키워드 없음 — 비금융 추정 (검토 파일 확인),
1-2b 명단 밖 코스피 모회사의 종속,엔에이치엔에듀㈜,엔에이치엔(주),금융업 아님,,금융업 아님 (표준산업분류),표준산업분류 63999 — 금융업 아님,63999
1-2b 명단 밖 코스피 모회사의 종속,AMC 사이언스㈜,에이치디한국조선해양(주),금융 키워드 없음,,비금융 추정 (코드·키워드 없음),코드 없음·금융 키워드 없음 — 비금융 추정 (검토 파일 확인),
1-2b 명단 밖 코스피 모회사의 종속,비에이치에스피에프브이(주),한신공영(주),금융업 아님,,금융업 아님 (표준산업분류),표준산업분류 6812 — 금융업 아님,6812
1-2b 명단 밖 코스피 모회사의 종속,㈜케이티서비스남부,(주)케이티,금융업 아님,,금융업 아님 (표준산업분류),표준산업분류 42 — 금융업 아님,42
1-2b 명단 밖 코스피 모회사의 종속,(주)서연인테크,(주)서연,금융업 아님,,금융업 아님 (표준산업분류),표준산업분류 30203 — 금융업 아님,30203
1-2b 명단 밖 코스피 모회사의 종속,(주)세아엠앤에스,(주)세아홀딩스,금융업 아님,,금융업 아님 (표준산업분류),표준산업분류 24219 — 금융업 아님,24219
1-2b 명단 밖 코스피 모회사의 종속,(주)인터컨스텍,(주)황금에스티,금융업 아님,,금융업 아님 (표준산업분류),표준산업분류 4122 — 금융업 아님,4122
1-2b 명단 밖 코스피 모회사의 종속,(주)미라콤아이앤씨,삼성에스디에스(주),금융업 아님,,금융업 아님 (표준산업분류),표준산업분류 62021 — 금융업 아님,62021
1-2b 명단 밖 코스피 모회사의 종속,환영철강공업(주),KISCO홀딩스(주),금융업 아님,,금융업 아님 (표준산업분류),표준산업분류 24121 — 금융업 아님,24121
1-2b 명단 밖 코스피 모회사의 종속,(주)이노그린팜,(주)황금에스티,금융 키워드 없음,,비금융 추정 (코드·키워드 없음),코드 없음·금융 키워드 없음 — 비금융 추정 (검토 파일 확인),
1-2b 명단 밖 코스피 모회사의 종속,현대아산㈜,현대엘리베이터(주),금융업 아님,,금융업 아님 (표준산업분류),표준산업분류 75210 — 금융업 아님,75210
1-2b 명단 밖 코스피 모회사의 종속,KC코트렐㈜,케이씨그린홀딩스(주),금융업 아님,,금융업 아님 (표준산업분류),표준산업분류 291 — 금융업 아님,291
1-2b 명단 밖 코스피 모회사의 종속,누리네트웍스,(주)넥센,금융업 아님,,금융업 아님 (표준산업분류),표준산업분류 52101 — 금융업 아님,52101
1-2b 명단 밖 코스피 모회사의 종속,강남화성(주),강남제비스코(주),금융업 아님,,금융업 아님 (표준산업분류),표준산업분류 20501 — 금융업 아님,20501
1-2b 명단 밖 코스피 모회사의 종속,매드스퀘어㈜,코스맥스(주),금융 키워드 없음,,비금융 추정 (코드·키워드 없음),코드 없음·금융 키워드 없음 — 비금융 추정 (검토 파일 확인),
1-2b 명단 밖 코스피 모회사의 종속,SK리비오,SKC(주),금융업 아님,,금융업 아님 (표준산업분류),표준산업분류 2020 — 금융업 아님,2020
1-2b 명단 밖 코스피 모회사의 종속,앨리브랜즈(주),에이치엘비글로벌(주),금융 키워드 없음,,비금융 추정 (코드·키워드 없음),코드 없음·금융 키워드 없음 — 비금융 추정 (검토 파일 확인),
1-2b 명단 밖 코스피 모회사의 종속,(주)일우파이낸스대부,사조씨푸드(주),기타 여신금융,,포트폴리오 없음 (GA·손해사정·IT·대부업·신용정보),"대부업 — 계열사 자금 운용 목적, 제조업 여신 포트폴리오 없음",64919
1-2b 명단 밖 코스피 모회사의 종속,HD현대로보틱스㈜,에이치디현대(주),금융업 아님,,금융업 아님 (표준산업분류),표준산업분류 2928 — 금융업 아님,2928
1-2b 명단 밖 코스피 모회사의 종속,디에스파워(주),대성산업(주),금융업 아님,,금융업 아님 (표준산업분류),표준산업분류 701 — 금융업 아님,701
1-2b 명단 밖 코스피 모회사의 종속,㈜LS네트웍스,(주)E1,금융업 아님,,금융업 아님 (표준산업분류),표준산업분류 46800 — 금융업 아님,46800
1-2b 명단 밖 코스피 모회사의 종속,에스코어(주),삼성에스디에스(주),금융업 아님,,금융업 아님 (표준산업분류),표준산업분류 62021 — 금융업 아님,62021
1-2b 명단 밖 코스피 모회사의 종속,동화농산(주),사조산업(주),금융업 아님,,금융업 아님 (표준산업분류),표준산업분류 012 — 금융업 아님,012
1-2b 명단 밖 코스피 모회사의 종속,동아참메드,동아에스티(주),금융업 아님,,금융업 아님 (표준산업분류),표준산업분류 27199 — 금융업 아님,27199
1-2b 명단 밖 코스피 모회사의 종속,㈜키움이앤에스,(주)다우기술,금융업 아님,,금융업 아님 (표준산업분류),표준산업분류 68129 — 금융업 아님,68129
1-2b 명단 밖 코스피 모회사의 종속,(주)명문투자개발,명문제약(주),금융업 아님,,금융업 아님 (표준산업분류),표준산업분류 91121 — 금융업 아님,91121
1-2b 명단 밖 코스피 모회사의 종속,㈜시알이노테크,주식회사 시알홀딩스,금융업 아님,,금융업 아님 (표준산업분류),표준산업분류 23211 — 금융업 아님,23211
1-2b 명단 밖 코스피 모회사의 종속,케이티커머스㈜,(주)케이티씨에스,금융업 아님,,금융업 아님 (표준산업분류),표준산업분류 4791 — 금융업 아님,4791
1-2b 명단 밖 코스피 모회사의 종속,현대에코에너지㈜,현대건설(주),금융업 아님,,금융업 아님 (표준산업분류),표준산업분류 35114 — 금융업 아님,35114
1-2b 명단 밖 코스피 모회사의 종속,코오롱글로텍㈜,코오롱인더스트리(주),금융업 아님,,금융업 아님 (표준산업분류),표준산업분류 22299 — 금융업 아님,22299
1-2b 명단 밖 코스피 모회사의 종속,에스티젠바이오,동아쏘시오홀딩스(주),금융 키워드 없음,,비금융 추정 (코드·키워드 없음),코드 없음·금융 키워드 없음 — 비금융 추정 (검토 파일 확인),
1-2b 명단 밖 코스피 모회사의 종속,(주)웅진플레이도시,(주)웅진,금융업 아님,,금융업 아님 (표준산업분류),표준산업분류 912 — 금융업 아님,912
1-2b 명단 밖 코스피 모회사의 종속,칸테크,일양약품(주),금융 키워드 없음,,비금융 추정 (코드·키워드 없음),코드 없음·금융 키워드 없음 — 비금융 추정 (검토 파일 확인),
1-2b 명단 밖 코스피 모회사의 종속,서한오토USA,한국무브넥스(주),금융 키워드 없음,,비금융 추정 (코드·키워드 없음),코드 없음·금융 키워드 없음 — 비금융 추정 (검토 파일 확인),
1-2b 명단 밖 코스피 모회사의 종속,유광에너지,서울도시가스(주),금융업 아님,,금융업 아님 (표준산업분류),표준산업분류 74100 — 금융업 아님,74100
1-2b 명단 밖 코스피 모회사의 종속,한일해운(주) (국내 비상장법인/종속회사),한일철강(주),금융 키워드 없음,,비금융 추정 (코드·키워드 없음),코드 없음·금융 키워드 없음 — 비금융 추정 (검토 파일 확인),
1-2b 명단 밖 코스피 모회사의 종속,서부도시가스서비스,서울도시가스(주),금융업 아님,,금융업 아님 (표준산업분류),표준산업분류 74100 — 금융업 아님,74100
1-2b 명단 밖 코스피 모회사의 종속,클린인더스트리얼 위탁관리부동산 투자회사㈜,에스케이위탁관리부동산투자회사 주식회사,금융업 아님,,금융업 아님 (표준산업분류),표준산업분류 68 — 금융업 아님,68
1-2b 명단 밖 코스피 모회사의 종속,엘에스이엔엠㈜,엘에스일렉트릭 주식회사,금융업 아님,,금융업 아님 (표준산업분류),표준산업분류 29163 — 금융업 아님,29163
1-2b 명단 밖 코스피 모회사의 종속,㈜김해테크노밸리,한화솔루션(주),금융업 아님,,금융업 아님 (표준산업분류),표준산업분류 6812 — 금융업 아님,6812
1-2b 명단 밖 코스피 모회사의 종속,㈜넥스포에너지,(주)E1,금융업 아님,,금융업 아님 (표준산업분류),표준산업분류 35114 — 금융업 아님,35114
1-2b 명단 밖 코스피 모회사의 종속,㈜넥스포쏠라,(주)E1,금융업 아님,,금융업 아님 (표준산업분류),표준산업분류 35114 — 금융업 아님,35114
1-2b 명단 밖 코스피 모회사의 종속,아시아나세이버㈜,아시아나항공(주),금융 키워드 없음,,비금융 추정 (코드·키워드 없음),코드 없음·금융 키워드 없음 — 비금융 추정 (검토 파일 확인),
1-2b 명단 밖 코스피 모회사의 종속,주식회사 디에스에스에너셀,디와이덕양(주),금융 키워드 없음,,비금융 추정 (코드·키워드 없음),코드 없음·금융 키워드 없음 — 비금융 추정 (검토 파일 확인),
1-2b 명단 밖 코스피 모회사의 종속,남부도시가스이엔지,서울도시가스(주),금융업 아님,,금융업 아님 (표준산업분류),표준산업분류 74100 — 금융업 아님,74100
1-2b 명단 밖 코스피 모회사의 종속,㈜에이치테크노밸리,한화솔루션(주),금융업 아님,,금융업 아님 (표준산업분류),표준산업분류 681 — 금융업 아님,681
1-2b 명단 밖 코스피 모회사의 종속,㈜쏘스뮤직,(주)하이브,금융업 아님,,금융업 아님 (표준산업분류),표준산업분류 73901 — 금융업 아님,73901
1-2b 명단 밖 코스피 모회사의 종속,이건에너지(주),이건산업(주),금융업 아님,,금융업 아님 (표준산업분류),표준산업분류 35300 — 금융업 아님,35300
1-2b 명단 밖 코스피 모회사의 종속,티피스퀘어(주),티피(주),금융 키워드 없음,,비금융 추정 (코드·키워드 없음),코드 없음·금융 키워드 없음 — 비금융 추정 (검토 파일 확인),
1-2b 명단 밖 코스피 모회사의 종속,인터지스신항센터(주),인터지스(주),금융업 아님,,금융업 아님 (표준산업분류),표준산업분류 52 — 금융업 아님,52
1-2b 명단 밖 코스피 모회사의 종속,"ICT FZCO (아랍에미리트, 비상장)",(주)덴티움,금융 키워드 없음,,비금융 추정 (코드·키워드 없음),코드 없음·금융 키워드 없음 — 비금융 추정 (검토 파일 확인),
1-2b 명단 밖 코스피 모회사의 종속,하북산업개발 주식회사,블루산업개발 주식회사,금융 키워드 없음,,비금융 추정 (코드·키워드 없음),코드 없음·금융 키워드 없음 — 비금융 추정 (검토 파일 확인),
1-2b 명단 밖 코스피 모회사의 종속,(주)씨티닷츠,(주)LF,금융업 아님,,금융업 아님 (표준산업분류),표준산업분류 46413 — 금융업 아님,46413
1-2b 명단 밖 코스피 모회사의 종속,에이치디씨폴리올(주),에이치디씨현대이피(주),금융업 아님,,금융업 아님 (표준산업분류),표준산업분류 2020 — 금융업 아님,2020
1-2b 명단 밖 코스피 모회사의 종속,진천테크노폴리스개발,(주)태영건설,금융업 아님,,금융업 아님 (표준산업분류),표준산업분류 68129 — 금융업 아님,68129
1-2b 명단 밖 코스피 모회사의 종속,KBI산업개발㈜,케이비아이동국실업(주),금융 키워드 없음,,비금융 추정 (코드·키워드 없음),코드 없음·금융 키워드 없음 — 비금융 추정 (검토 파일 확인),
1-2b 명단 밖 코스피 모회사의 종속,주식회사 에코시티개발,(주)태영건설,금융업 아님,,금융업 아님 (표준산업분류),표준산업분류 41112 — 금융업 아님,41112
1-2b 명단 밖 코스피 모회사의 종속,주식회사 어도어,(주)하이브,금융업 아님,,금융업 아님 (표준산업분류),표준산업분류 73901 — 금융업 아님,73901
1-2b 명단 밖 코스피 모회사의 종속,애경바이오팜㈜,애경케미칼(주),금융업 아님,,금융업 아님 (표준산업분류),표준산업분류 10413 — 금융업 아님,10413
1-2b 명단 밖 코스피 모회사의 종속,일양바이오팜,일양약품(주),금융업 아님,,금융업 아님 (표준산업분류),표준산업분류 21212 — 금융업 아님,21212
1-2b 명단 밖 코스피 모회사의 종속,현대더블에이치,한신공영(주),금융 키워드 없음,,비금융 추정 (코드·키워드 없음),코드 없음·금융 키워드 없음 — 비금융 추정 (검토 파일 확인),
1-2b 명단 밖 코스피 모회사의 종속,엔프라니,한국주철관공업(주),금융업 아님,,금융업 아님 (표준산업분류),표준산업분류 20423 — 금융업 아님,20423
1-2b 명단 밖 코스피 모회사의 종속,코스맥스파마 주식회사,코스맥스비티아이(주),금융업 아님,,금융업 아님 (표준산업분류),표준산업분류 212 — 금융업 아님,212
1-2b 명단 밖 코스피 모회사의 종속,(주)캐슬렉스서울,사조산업(주),금융업 아님,,금융업 아님 (표준산업분류),표준산업분류 91121 — 금융업 아님,91121
1-2b 명단 밖 코스피 모회사의 종속,넷마블에프앤씨㈜,넷마블(주),금융업 아님,,금융업 아님 (표준산업분류),표준산업분류 5821 — 금융업 아님,5821
1-2b 명단 밖 코스피 모회사의 종속,평화씨엠비(주),평화홀딩스(주),금융업 아님,,금융업 아님 (표준산업분류),표준산업분류 2219 — 금융업 아님,2219
1-2b 명단 밖 코스피 모회사의 종속,(주)제이엠씨,(주)경인양행,금융업 아님,,금융업 아님 (표준산업분류),표준산업분류 71531 — 금융업 아님,71531
1-2b 명단 밖 코스피 모회사의 종속,엔에이치엔애드㈜,엔에이치엔(주),금융업 아님,,금융업 아님 (표준산업분류),표준산업분류 71310 — 금융업 아님,71310
1-2b 명단 밖 코스피 모회사의 종속,주식회사 LG에너지솔루션,(주)LG화학,금융업 아님,,금융업 아님 (표준산업분류),표준산업분류 28202 — 금융업 아님,28202
1-2b 명단 밖 코스피 모회사의 종속,망포역세권개발피에프브이(주),(주)대우건설,금융업 아님,,금융업 아님 (표준산업분류),표준산업분류 6812 — 금융업 아님,6812
1-2b 명단 밖 코스피 모회사의 종속,㈜케이티서비스북부,(주)케이티,금융업 아님,,금융업 아님 (표준산업분류),표준산업분류 42 — 금융업 아님,42
1-2b 명단 밖 코스피 모회사의 종속,(주)힐리언스,(주)대웅제약,금융업 아님,,금융업 아님 (표준산업분류),표준산업분류 551 — 금융업 아님,551
1-2b 명단 밖 코스피 모회사의 종속,이든더파인센트럴서초㈜,(주)케이티앤지,금융업 아님,,금융업 아님 (표준산업분류),표준산업분류 6812 — 금융업 아님,6812
1-2b 명단 밖 코스피 모회사의 종속,넷마블네오㈜,넷마블(주),금융업 아님,,금융업 아님 (표준산업분류),표준산업분류 5821 — 금융업 아님,5821
1-2b 명단 밖 코스피 모회사의 종속,㈜디플랜 360 (D360),(주)이노션,금융 키워드 없음,,비금융 추정 (코드·키워드 없음),코드 없음·금융 키워드 없음 — 비금융 추정 (검토 파일 확인),
1-2b 명단 밖 코스피 모회사의 종속,산도테크(주),상신브레이크(주),금융업 아님,,금융업 아님 (표준산업분류),표준산업분류 30 — 금융업 아님,30
1-2b 명단 밖 코스피 모회사의 종속,(주)유한건강생활,(주)유한양행,금융업 아님,,금융업 아님 (표준산업분류),표준산업분류 47222 — 금융업 아님,47222
1-2b 명단 밖 코스피 모회사의 종속,루치노바 주식회사,현대코퍼레이션(주),금융업 아님,,금융업 아님 (표준산업분류),표준산업분류 30 — 금융업 아님,30
1-2b 명단 밖 코스피 모회사의 종속,에너지머티리얼즈㈜,지에스건설(주),금융업 아님,,금융업 아님 (표준산업분류),표준산업분류 2421 — 금융업 아님,2421
1-2b 명단 밖 코스피 모회사의 종속,(주)하나투어제주,(주)하나투어,금융 키워드 없음,,비금융 추정 (코드·키워드 없음),코드 없음·금융 키워드 없음 — 비금융 추정 (검토 파일 확인),
1-2b 명단 밖 코스피 모회사의 종속,의정부에코피아㈜,디엘이앤씨 주식회사,금융업 아님,,금융업 아님 (표준산업분류),표준산업분류 37011 — 금융업 아님,37011
1-2b 명단 밖 코스피 모회사의 종속,웹투어(주),(주)하나투어,금융업 아님,,금융업 아님 (표준산업분류),표준산업분류 75210 — 금융업 아님,75210
1-2b 명단 밖 코스피 모회사의 종속,시흥서울연결도로(주),아이파크현대산업개발(주),금융업 아님,,금융업 아님 (표준산업분류),표준산업분류 74100 — 금융업 아님,74100
1-2b 명단 밖 코스피 모회사의 종속,대웅생명과학,(주)대웅,금융업 아님,,금융업 아님 (표준산업분류),표준산업분류 10893 — 금융업 아님,10893
1-2b 명단 밖 코스피 모회사의 종속,(주)백산린텍스,(주)백산,금융업 아님,,금융업 아님 (표준산업분류),표준산업분류 13992 — 금융업 아님,13992
1-2b 명단 밖 코스피 모회사의 종속,아시아나아이디티㈜,아시아나항공(주),금융 키워드 없음,,비금융 추정 (코드·키워드 없음),코드 없음·금융 키워드 없음 — 비금융 추정 (검토 파일 확인),
1-2b 명단 밖 코스피 모회사의 종속,신세계라이브쇼핑,(주)신세계,금융업 아님,,금융업 아님 (표준산업분류),표준산업분류 47919 — 금융업 아님,47919
1-2b 명단 밖 코스피 모회사의 종속,한국후지필름,롯데지주(주),금융업 아님,,금융업 아님 (표준산업분류),표준산업분류 4673 — 금융업 아님,4673
1-2b 명단 밖 코스피 모회사의 종속,(주)LX판토스,(주)LX인터내셔널,금융 키워드 없음,,비금융 추정 (코드·키워드 없음),코드 없음·금융 키워드 없음 — 비금융 추정 (검토 파일 확인),
1-2b 명단 밖 코스피 모회사의 종속,넷마블몬스터㈜,넷마블(주),금융업 아님,,금융업 아님 (표준산업분류),표준산업분류 5821 — 금융업 아님,5821
1-2b 명단 밖 코스피 모회사의 종속,(주)웅진에버스카이 (주1 참조),(주)웅진,금융 키워드 없음,,비금융 추정 (코드·키워드 없음),코드 없음·금융 키워드 없음 — 비금융 추정 (검토 파일 확인),
1-2b 명단 밖 코스피 모회사의 종속,㈜경기용인테크노밸리,한화솔루션(주),금융업 아님,,금융업 아님 (표준산업분류),표준산업분류 68129 — 금융업 아님,68129
1-2b 명단 밖 코스피 모회사의 종속,덕송내각고속화도로㈜,디엘이앤씨 주식회사,금융업 아님,,금융업 아님 (표준산업분류),표준산업분류 4122 — 금융업 아님,4122
1-2b 명단 밖 코스피 모회사의 종속,㈜대교에듀스퀘어,(주)대교,금융 키워드 없음,,비금융 추정 (코드·키워드 없음),코드 없음·금융 키워드 없음 — 비금융 추정 (검토 파일 확인),
1-2b 명단 밖 코스피 모회사의 종속,농업회사법인고려㈜,고려산업(주),금융 키워드 없음,,비금융 추정 (코드·키워드 없음),코드 없음·금융 키워드 없음 — 비금융 추정 (검토 파일 확인),
1-2b 명단 밖 코스피 모회사의 종속,㈜필우산업개발,동부건설(주),금융업 아님,,금융업 아님 (표준산업분류),표준산업분류 68121 — 금융업 아님,68121
1-2b 명단 밖 코스피 모회사의 종속,㈜케이오지엔터테인먼트,(주)하이브,금융업 아님,,금융업 아님 (표준산업분류),표준산업분류 73901 — 금융업 아님,73901
1-2b 명단 밖 코스피 모회사의 종속,㈜비바웨이브,(주)LG생활건강,금융업 아님,,금융업 아님 (표준산업분류),표준산업분류 47813 — 금융업 아님,47813
1-2b 명단 밖 코스피 모회사의 종속,주식회사 제삼용인테크노밸리,한화솔루션(주),금융업 아님,,금융업 아님 (표준산업분류),표준산업분류 68 — 금융업 아님,68
1-2b 명단 밖 코스피 모회사의 종속,주식회사 케이엘에스,(주)코아스,금융업 아님,,금융업 아님 (표준산업분류),표준산업분류 41112 — 금융업 아님,41112
1-2b 명단 밖 코스피 모회사의 종속,에이치에스홀딩스㈜,한신공영(주),금융업 아님,,금융업 아님 (표준산업분류),표준산업분류 52915 — 금융업 아님,52915
1-2b 명단 밖 코스피 모회사의 종속,주식회사 미켈란,(주)코아스,금융업 아님,,금융업 아님 (표준산업분류),표준산업분류 68112 — 금융업 아님,68112
1-2b 명단 밖 코스피 모회사의 종속,㈜안성테크노밸리,한화솔루션(주),금융업 아님,,금융업 아님 (표준산업분류),표준산업분류 6812 — 금융업 아님,6812
1-2b 명단 밖 코스피 모회사의 종속,LS엠앤엠,(주)LS,금융업 아님,,금융업 아님 (표준산업분류),표준산업분류 24211 — 금융업 아님,24211
1-2b 명단 밖 코스피 모회사의 종속,(주)에버티스 임플란트,(주)신흥,금융 키워드 없음,,비금융 추정 (코드·키워드 없음),코드 없음·금융 키워드 없음 — 비금융 추정 (검토 파일 확인),
1-2b 명단 밖 코스피 모회사의 종속,지디케이화장품 주식회사,주식회사 솔루엠,금융업 아님,,금융업 아님 (표준산업분류),표준산업분류 20423 — 금융업 아님,20423
1-2b 명단 밖 코스피 모회사의 종속,(주)원광전자,광전자(주),금융업 아님,,금융업 아님 (표준산업분류),표준산업분류 26 — 금융업 아님,26
1-2b 명단 밖 코스피 모회사의 종속,대원에프엠아이(주),대원전선(주),금융 키워드 없음,,비금융 추정 (코드·키워드 없음),코드 없음·금융 키워드 없음 — 비금융 추정 (검토 파일 확인),
1-2b 명단 밖 코스피 모회사의 종속,서울미라마(유),(주)제이에스코퍼레이션,금융업 아님,,금융업 아님 (표준산업분류),표준산업분류 55101 — 금융업 아님,55101
1-2b 명단 밖 코스피 모회사의 종속,(주)실버프리,(주)방림,금융 키워드 없음,,비금융 추정 (코드·키워드 없음),코드 없음·금융 키워드 없음 — 비금융 추정 (검토 파일 확인),
1-2b 명단 밖 코스피 모회사의 종속,아이노리조트개발(주),모나용평(주),금융 키워드 없음,,비금융 추정 (코드·키워드 없음),코드 없음·금융 키워드 없음 — 비금융 추정 (검토 파일 확인),
1-2b 명단 밖 코스피 모회사의 종속,HD현대플라스포㈜,에이치디현대일렉트릭(주),금융업 아님,,금융업 아님 (표준산업분류),표준산업분류 2811 — 금융업 아님,2811
1-2b 명단 밖 코스피 모회사의 종속,(주)DB월드,주식회사 DB하이텍,금융업 아님,,금융업 아님 (표준산업분류),표준산업분류 91121 — 금융업 아님,91121
1-2b 명단 밖 코스피 모회사의 종속,HD현대오일뱅크㈜,에이치디현대(주),금융업 아님,,금융업 아님 (표준산업분류),표준산업분류 19210 — 금융업 아님,19210
1-2b 명단 밖 코스피 모회사의 종속,㈜엔씨소프트서비스,(주)엔씨,금융 키워드 없음,,비금융 추정 (코드·키워드 없음),코드 없음·금융 키워드 없음 — 비금융 추정 (검토 파일 확인),
1-2b 명단 밖 코스피 모회사의 종속,나이스비즈니스플랫폼(주),(주)NICE홀딩스,금융업 아님,,금융업 아님 (표준산업분류),표준산업분류 58222 — 금융업 아님,58222
1-2b 명단 밖 코스피 모회사의 종속,㈜지에스엔텍,(주)지에스글로벌,금융업 아님,,금융업 아님 (표준산업분류),표준산업분류 25114 — 금융업 아님,25114
1-2b 명단 밖 코스피 모회사의 종속,㈜이루팩,(주)선앤엘,금융업 아님,,금융업 아님 (표준산업분류),표준산업분류 22232 — 금융업 아님,22232
1-2b 명단 밖 코스피 모회사의 종속,단석파키스탄,주식회사 디에스단석,금융 키워드 없음,,비금융 추정 (코드·키워드 없음),코드 없음·금융 키워드 없음 — 비금융 추정 (검토 파일 확인),
1-2b 명단 밖 코스피 모회사의 종속,삼미금속,금강공업(주),금융업 아님,,금융업 아님 (표준산업분류),표준산업분류 25912 — 금융업 아님,25912
1-2b 명단 밖 코스피 모회사의 종속,켐코 주식회사,고려아연(주),금융업 아님,,금융업 아님 (표준산업분류),표준산업분류 28202 — 금융업 아님,28202
1-2b 명단 밖 코스피 모회사의 종속,모션,현대자동차(주),금융업 아님,,금융업 아님 (표준산업분류),표준산업분류 58222 — 금융업 아님,58222
1-2b 명단 밖 코스피 모회사의 종속,앱티스(주),동아에스티(주),금융 키워드 없음,,비금융 추정 (코드·키워드 없음),코드 없음·금융 키워드 없음 — 비금융 추정 (검토 파일 확인),
1-2b 명단 밖 코스피 모회사의 종속,㈜오픈소스컨설팅,(주)엘지씨엔에스,금융업 아님,,금융업 아님 (표준산업분류),표준산업분류 62021 — 금융업 아님,62021
1-2b 명단 밖 코스피 모회사의 종속,㈜케이알산업,계룡건설산업(주),금융업 아님,,금융업 아님 (표준산업분류),표준산업분류 41 — 금융업 아님,41
1-2b 명단 밖 코스피 모회사의 종속,㈜서오창테크노밸리,한화솔루션(주),금융업 아님,,금융업 아님 (표준산업분류),표준산업분류 68 — 금융업 아님,68
1-2b 명단 밖 코스피 모회사의 종속,공덕경우개발㈜,(주)효성,금융업 아님,,금융업 아님 (표준산업분류),표준산업분류 6811 — 금융업 아님,6811
1-2b 명단 밖 코스피 모회사의 종속,㈜웅진북센,(주)웅진씽크빅,금융업 아님,,금융업 아님 (표준산업분류),표준산업분류 5299 — 금융업 아님,5299
1-2b 명단 밖 코스피 모회사의 종속,(주)이노큐브,(주)한독,금융 키워드 없음,,비금융 추정 (코드·키워드 없음),코드 없음·금융 키워드 없음 — 비금융 추정 (검토 파일 확인),
1-2b 명단 밖 코스피 모회사의 종속,(주)현대경제연구원,현대엘리베이터(주),금융업 아님,,금융업 아님 (표준산업분류),표준산업분류 71531 — 금융업 아님,71531
1-2b 명단 밖 코스피 모회사의 종속,삼양패키징,(주)삼양사,금융업 아님,,금융업 아님 (표준산업분류),표준산업분류 22232 — 금융업 아님,22232
1-2b 명단 밖 코스피 모회사의 종속,(주)금호에이엠티,금호전기(주),금융업 아님,,금융업 아님 (표준산업분류),표준산업분류 2612 — 금융업 아님,2612
1-2b 명단 밖 코스피 모회사의 종속,(주)솔머티리얼즈,(주)한솔케미칼,금융업 아님,,금융업 아님 (표준산업분류),표준산업분류 20122 — 금융업 아님,20122
1-2b 명단 밖 코스피 모회사의 종속,SK가스㈜,에스케이디스커버리(주),금융업 아님,,금융업 아님 (표준산업분류),표준산업분류 46713 — 금융업 아님,46713
1-2b 명단 밖 코스피 모회사의 종속,(주)앱토크롬 (舊. (주)에이피헬스케어,(주)에이프로젠,금융 키워드 없음,,비금융 추정 (코드·키워드 없음),코드 없음·금융 키워드 없음 — 비금융 추정 (검토 파일 확인),
1-2b 명단 밖 코스피 모회사의 종속,코오롱글로벌 보통주,(주)코오롱,금융 키워드 없음,,비금융 추정 (코드·키워드 없음),코드 없음·금융 키워드 없음 — 비금융 추정 (검토 파일 확인),
1-2b 명단 밖 코스피 모회사의 종속,코리아이플랫폼,광동제약(주),금융업 아님,,금융업 아님 (표준산업분류),표준산업분류 47912 — 금융업 아님,47912
1-2b 명단 밖 코스피 모회사의 종속,에이케이플라자(주),AK홀딩스(주),금융업 아님,,금융업 아님 (표준산업분류),표준산업분류 68112 — 금융업 아님,68112
1-2b 명단 밖 코스피 모회사의 종속,㈜경동건설,(주)경동인베스트,금융업 아님,,금융업 아님 (표준산업분류),표준산업분류 41229 — 금융업 아님,41229
1-2b 명단 밖 코스피 모회사의 종속,동원시스템즈㈜,동원산업(주),금융업 아님,,금융업 아님 (표준산업분류),표준산업분류 222 — 금융업 아님,222
1-2b 명단 밖 코스피 모회사의 종속,대성에너지(주),대성홀딩스(주),금융업 아님,,금융업 아님 (표준산업분류),표준산업분류 35200 — 금융업 아님,35200
1-2b 명단 밖 코스피 모회사의 종속,대성환경에너지(주),대성홀딩스(주),금융업 아님,,금융업 아님 (표준산업분류),표준산업분류 3832 — 금융업 아님,3832
1-2b 명단 밖 코스피 모회사의 종속,(주)포스코인터내셔널,포스코홀딩스(주),금융업 아님,,금융업 아님 (표준산업분류),표준산업분류 461 — 금융업 아님,461
1-2b 명단 밖 코스피 모회사의 종속,㈜케이티알파,(주)케이티,금융업 아님,,금융업 아님 (표준산업분류),표준산업분류 461 — 금융업 아님,461
1-2b 명단 밖 코스피 모회사의 종속,용산역세권개발(주),롯데관광개발(주),금융업 아님,,금융업 아님 (표준산업분류),표준산업분류 71531 — 금융업 아님,71531
1-2b 명단 밖 코스피 모회사의 종속,㈜클레스트라하우저만,케이씨그린홀딩스(주),금융업 아님,,금융업 아님 (표준산업분류),표준산업분류 25119 — 금융업 아님,25119
1-2b 명단 밖 코스피 모회사의 종속,대교싱가폴,(주)대교,금융 키워드 없음,,비금융 추정 (코드·키워드 없음),코드 없음·금융 키워드 없음 — 비금융 추정 (검토 파일 확인),
1-2b 명단 밖 코스피 모회사의 종속,㈜대교CSA,(주)대교,금융 키워드 없음,,비금융 추정 (코드·키워드 없음),코드 없음·금융 키워드 없음 — 비금융 추정 (검토 파일 확인),
1-2b 명단 밖 코스피 모회사의 종속,아산배방개발 주식회사,(주)한화,금융업 아님,,금융업 아님 (표준산업분류),표준산업분류 6812 — 금융업 아님,6812
1-2b 명단 밖 코스피 모회사의 종속,상신이엔지(주),상신브레이크(주),금융업 아님,,금융업 아님 (표준산업분류),표준산업분류 29280 — 금융업 아님,29280
1-2b 명단 밖 코스피 모회사의 종속,(주)비에스지파트너스,(주)LX인터내셔널,금융업 아님,,금융업 아님 (표준산업분류),표준산업분류 58221 — 금융업 아님,58221
1-2b 명단 밖 코스피 모회사의 종속,GS이피에스,(주)GS,금융업 아님,,금융업 아님 (표준산업분류),표준산업분류 35113 — 금융업 아님,35113
1-2b 명단 밖 코스피 모회사의 종속,㈜화승크라운,주식회사 화승엔터프라이즈,금융업 아님,,금융업 아님 (표준산업분류),표준산업분류 14491 — 금융업 아님,14491
1-2b 명단 밖 코스피 모회사의 종속,(주)에스아이머트리얼즈,한솔테크닉스(주),금융업 아님,,금융업 아님 (표준산업분류),표준산업분류 27220 — 금융업 아님,27220
1-2b 명단 밖 코스피 모회사의 종속,경동강동고객 서비스(주),(주)경동도시가스,금융 키워드 없음,,비금융 추정 (코드·키워드 없음),코드 없음·금융 키워드 없음 — 비금융 추정 (검토 파일 확인),
1-2b 명단 밖 코스피 모회사의 종속,주식회사 큐브릭스튜디오,(주)MDS스피어,금융 키워드 없음,,비금융 추정 (코드·키워드 없음),코드 없음·금융 키워드 없음 — 비금융 추정 (검토 파일 확인),
1-2b 명단 밖 코스피 모회사의 종속,㈜제이용인테크노밸리,한화솔루션(주),금융업 아님,,금융업 아님 (표준산업분류),표준산업분류 6812 — 금융업 아님,6812
1-2b 명단 밖 코스피 모회사의 종속,부산양곡터미널㈜,(주)케이씨티시,금융업 아님,,금융업 아님 (표준산업분류),표준산업분류 52942 — 금융업 아님,52942
1-2b 명단 밖 코스피 모회사의 종속,(주)에이치엠티메가라인,(주)케이씨티시,금융업 아님,,금융업 아님 (표준산업분류),표준산업분류 50112 — 금융업 아님,50112
1-2b 명단 밖 코스피 모회사의 종속,(주)아이오컨스텍,(주)황금에스티,금융 키워드 없음,,비금융 추정 (코드·키워드 없음),코드 없음·금융 키워드 없음 — 비금융 추정 (검토 파일 확인),
1-2b 명단 밖 코스피 모회사의 종속,강북도시가스서비스,서울도시가스(주),금융업 아님,,금융업 아님 (표준산업분류),표준산업분류 74100 — 금융업 아님,74100
1-2b 명단 밖 코스피 모회사의 종속,에이치엘비라이프케어(주),에이치엘비글로벌(주),금융 키워드 없음,,비금융 추정 (코드·키워드 없음),코드 없음·금융 키워드 없음 — 비금융 추정 (검토 파일 확인),
1-2b 명단 밖 코스피 모회사의 종속,㈜케이맥스(*),(주)케이탑자기관리부동산투자회사,금융 키워드 없음,,비금융 추정 (코드·키워드 없음),코드 없음·금융 키워드 없음 — 비금융 추정 (검토 파일 확인),
1-2b 명단 밖 코스피 모회사의 종속,발안남양도로 주식회사,에이치엘디앤아이한라(주),금융업 아님,,금융업 아님 (표준산업분류),표준산업분류 41221 — 금융업 아님,41221
1-2b 명단 밖 코스피 모회사의 종속,스테코㈜,삼성전자(주),금융업 아님,,금융업 아님 (표준산업분류),표준산업분류 2612 — 금융업 아님,2612
1-2b 명단 밖 코스피 모회사의 종속,부사호행복나눔솔라㈜,SK이노베이션(주),금융업 아님,,금융업 아님 (표준산업분류),표준산업분류 3511 — 금융업 아님,3511
1-2b 명단 밖 코스피 모회사의 종속,당진고대부두운영(주),인터지스(주),금융업 아님,,금융업 아님 (표준산업분류),표준산업분류 50 — 금융업 아님,50
1-2b 명단 밖 코스피 모회사의 종속,NES머티리얼즈,남해화학(주),금융 키워드 없음,,비금융 추정 (코드·키워드 없음),코드 없음·금융 키워드 없음 — 비금융 추정 (검토 파일 확인),
1-2b 명단 밖 코스피 모회사의 종속,태일테크,삼성공조(주),금융업 아님,,금융업 아님 (표준산업분류),표준산업분류 30 — 금융업 아님,30
1-2b 명단 밖 코스피 모회사의 종속,DL에너지㈜,디엘 주식회사,금융업 아님,,금융업 아님 (표준산업분류),표준산업분류 71531 — 금융업 아님,71531
1-2b 명단 밖 코스피 모회사의 종속,(주)비지에프에코머티리얼,(주)비지에프,금융 키워드 없음,,비금융 추정 (코드·키워드 없음),코드 없음·금융 키워드 없음 — 비금융 추정 (검토 파일 확인),
1-2b 명단 밖 코스피 모회사의 종속,에스아이내포산업단지개발㈜,삼부토건(주),금융 키워드 없음,,비금융 추정 (코드·키워드 없음),코드 없음·금융 키워드 없음 — 비금융 추정 (검토 파일 확인),
1-2b 명단 밖 코스피 모회사의 종속,(주)투어마케팅코리아,(주)하나투어,금융 키워드 없음,,비금융 추정 (코드·키워드 없음),코드 없음·금융 키워드 없음 — 비금융 추정 (검토 파일 확인),
1-2b 명단 밖 코스피 모회사의 종속,대한통운에스비(주),CJ제일제당(주),금융업 아님,,금융업 아님 (표준산업분류),표준산업분류 5210 — 금융업 아님,5210
1-2b 명단 밖 코스피 모회사의 종속,SNT솔루션(주),(주)SNT홀딩스,금융 키워드 없음,,비금융 추정 (코드·키워드 없음),코드 없음·금융 키워드 없음 — 비금융 추정 (검토 파일 확인),
1-2b 명단 밖 코스피 모회사의 종속,(주)혜성프로비젼,대상홀딩스(주),금융업 아님,,금융업 아님 (표준산업분류),표준산업분류 46313 — 금융업 아님,46313
1-2b 명단 밖 코스피 모회사의 종속,㈜케이티희망지음,(주)케이티,금융업 아님,,금융업 아님 (표준산업분류),표준산업분류 95213 — 금융업 아님,95213
1-2b 명단 밖 코스피 모회사의 종속,(주)세아특수강,(주)세아홀딩스,금융업 아님,,금융업 아님 (표준산업분류),표준산업분류 24122 — 금융업 아님,24122
1-2b 명단 밖 코스피 모회사의 종속,㈜도플소프트,엔에이치엔(주),금융 키워드 없음,,비금융 추정 (코드·키워드 없음),코드 없음·금융 키워드 없음 — 비금융 추정 (검토 파일 확인),
1-2b 명단 밖 코스피 모회사의 종속,인워터솔루션(주),(주)도화엔지니어링,금융 키워드 없음,,비금융 추정 (코드·키워드 없음),코드 없음·금융 키워드 없음 — 비금융 추정 (검토 파일 확인),
1-2b 명단 밖 코스피 모회사의 종속,풀무원다논㈜,(주)풀무원,금융업 아님,,금융업 아님 (표준산업분류),표준산업분류 10421 — 금융업 아님,10421
1-2b 명단 밖 코스피 모회사의 종속,이화물산(주),이화산업(주),금융업 아님,,금융업 아님 (표준산업분류),표준산업분류 68112 — 금융업 아님,68112
1-2b 명단 밖 코스피 모회사의 종속,풀무원샘물㈜,(주)풀무원,금융업 아님,,금융업 아님 (표준산업분류),표준산업분류 11202 — 금융업 아님,11202
1-2b 명단 밖 코스피 모회사의 종속,HD현대중공업㈜,에이치디한국조선해양(주),금융업 아님,,금융업 아님 (표준산업분류),표준산업분류 31113 — 금융업 아님,31113
1-2b 명단 밖 코스피 모회사의 종속,한세엠케이(주),한세예스24홀딩스(주),금융업 아님,,금융업 아님 (표준산업분류),표준산업분류 4741 — 금융업 아님,4741
1-2b 명단 밖 코스피 모회사의 종속,(주)대유금형,(주)디와이에이,금융업 아님,,금융업 아님 (표준산업분류),표준산업분류 29293 — 금융업 아님,29293
1-2b 명단 밖 코스피 모회사의 종속,네오시티 주식회사,(주)태영건설,금융업 아님,,금융업 아님 (표준산업분류),표준산업분류 25113 — 금융업 아님,25113
1-2b 명단 밖 코스피 모회사의 종속,㈜미디어웹,넷마블(주),금융업 아님,,금융업 아님 (표준산업분류),표준산업분류 58222 — 금융업 아님,58222
1-2b 명단 밖 코스피 모회사의 종속,엣지포인트가산피에프브이㈜,지에스건설(주),금융업 아님,,금융업 아님 (표준산업분류),표준산업분류 68 — 금융업 아님,68
1-2b 명단 밖 코스피 모회사의 종속,대홍기획,롯데지주(주),금융업 아님,,금융업 아님 (표준산업분류),표준산업분류 71310 — 금융업 아님,71310
1-2b 명단 밖 코스피 모회사의 종속,삼성메디슨㈜,삼성전자(주),금융업 아님,,금융업 아님 (표준산업분류),표준산업분류 27199 — 금융업 아님,27199
1-2b 명단 밖 코스피 모회사의 종속,㈜화승엔터프라이즈,화승인더스트리(주),금융업 아님,,금융업 아님 (표준산업분류),표준산업분류 15219 — 금융업 아님,15219
1-2b 명단 밖 코스피 모회사의 종속,코스맥스바이오 주식회사,코스맥스비티아이(주),금융업 아님,,금융업 아님 (표준산업분류),표준산업분류 10897 — 금융업 아님,10897
1-2b 명단 밖 코스피 모회사의 종속,(주)메디플러스솔루션,에이치디현대(주),금융 키워드 없음,,비금융 추정 (코드·키워드 없음),코드 없음·금융 키워드 없음 — 비금융 추정 (검토 파일 확인),
1-2b 명단 밖 코스피 모회사의 종속,현대엔지비,현대자동차(주),금융업 아님,,금융업 아님 (표준산업분류),표준산업분류 72129 — 금융업 아님,72129
1-2b 명단 밖 코스피 모회사의 종속,서한오토멕시코,한국무브넥스(주),금융 키워드 없음,,비금융 추정 (코드·키워드 없음),코드 없음·금융 키워드 없음 — 비금융 추정 (검토 파일 확인),
1-2b 명단 밖 코스피 모회사의 종속,진양화학,(주)진양홀딩스,금융업 아님,,금융업 아님 (표준산업분류),표준산업분류 22214 — 금융업 아님,22214
1-2b 명단 밖 코스피 모회사의 종속,두산로보틱스㈜,(주)두산,금융업 아님,,금융업 아님 (표준산업분류),표준산업분류 2928 — 금융업 아님,2928
1-2b 명단 밖 코스피 모회사의 종속,㈜삼성라이온즈,(주)제일기획,금융업 아님,,금융업 아님 (표준산업분류),표준산업분류 91191 — 금융업 아님,91191
1-2b 명단 밖 코스피 모회사의 종속,한진평택컨테이너터미널㈜,(주)한진,금융업 아님,,금융업 아님 (표준산업분류),표준산업분류 52942 — 금융업 아님,52942
1-2b 명단 밖 코스피 모회사의 종속,한화로보틱스 주식회사,(주)한화,금융업 아님,,금융업 아님 (표준산업분류),표준산업분류 29299 — 금융업 아님,29299
1-2b 명단 밖 코스피 모회사의 종속,파르나스호텔(주),(주)지에스피앤엘,금융업 아님,,금융업 아님 (표준산업분류),표준산업분류 55101 — 금융업 아님,55101
1-2b 명단 밖 코스피 모회사의 종속,㈜에스씨케이컴퍼니,(주)이마트,금융업 아님,,금융업 아님 (표준산업분류),표준산업분류 5622 — 금융업 아님,5622
1-2b 명단 밖 코스피 모회사의 종속,㈜진양홀딩스,KPX홀딩스(주),금융업 아님,,금융업 아님 (표준산업분류),표준산업분류 222 — 금융업 아님,222
1-2b 명단 밖 코스피 모회사의 종속,(주)오션,(주)토니모리,금융업 아님,,금융업 아님 (표준산업분류),표준산업분류 10903 — 금융업 아님,10903
1-2b 명단 밖 코스피 모회사의 종속,(주)미라벨컴퍼니,(주)LF,금융 키워드 없음,,비금융 추정 (코드·키워드 없음),코드 없음·금융 키워드 없음 — 비금융 추정 (검토 파일 확인),
1-2b 명단 밖 코스피 모회사의 종속,㈜더블다운인터액티브,(주)더블유게임즈,금융업 아님,,금융업 아님 (표준산업분류),표준산업분류 58211 — 금융업 아님,58211
1-2b 명단 밖 코스피 모회사의 종속,무림P&P,무림페이퍼(주),금융업 아님,,금융업 아님 (표준산업분류),표준산업분류 171 — 금융업 아님,171
1-2b 명단 밖 코스피 모회사의 종속,대웅펫,(주)대웅,금융 키워드 없음,,비금융 추정 (코드·키워드 없음),코드 없음·금융 키워드 없음 — 비금융 추정 (검토 파일 확인),
1-2b 명단 밖 코스피 모회사의 종속,(주)대동애그테크,(주)대동,금융업 아님,,금융업 아님 (표준산업분류),표준산업분류 62021 — 금융업 아님,62021
1-2b 명단 밖 코스피 모회사의 종속,(주)인포인,(주)화인베스틸,금융업 아님,,금융업 아님 (표준산업분류),표준산업분류 58222 — 금융업 아님,58222
1-2b 명단 밖 코스피 모회사의 종속,금호리조트㈜,금호석유화학(주),금융업 아님,,금융업 아님 (표준산업분류),표준산업분류 55103 — 금융업 아님,55103
1-2b 명단 밖 코스피 모회사의 종속,에스케이시그넷㈜,SK(주),금융업 아님,,금융업 아님 (표준산업분류),표준산업분류 2811 — 금융업 아님,2811
1-2b 명단 밖 코스피 모회사의 종속,㈜디아이씨,(주)디아이,금융업 아님,,금융업 아님 (표준산업분류),표준산업분류 26211 — 금융업 아님,26211
1-2b 명단 밖 코스피 모회사의 종속,코오롱이앤피㈜,코오롱인더스트리(주),금융업 아님,,금융업 아님 (표준산업분류),표준산업분류 20202 — 금융업 아님,20202
1-2b 명단 밖 코스피 모회사의 종속,(주)렉스필드컨트리클럽 (주1 참조),(주)웅진,금융 키워드 없음,,비금융 추정 (코드·키워드 없음),코드 없음·금융 키워드 없음 — 비금융 추정 (검토 파일 확인),
1-2b 명단 밖 코스피 모회사의 종속,서한오토조지아,한국무브넥스(주),금융 키워드 없음,,비금융 추정 (코드·키워드 없음),코드 없음·금융 키워드 없음 — 비금융 추정 (검토 파일 확인),
1-2b 명단 밖 코스피 모회사의 종속,청라메디폴리스개발 주식회사,(주)케이티앤지,금융업 아님,,금융업 아님 (표준산업분류),표준산업분류 68212 — 금융업 아님,68212
1-2b 명단 밖 코스피 모회사의 종속,㈜에스제이디,(주)세진중공업,금융업 아님,,금융업 아님 (표준산업분류),표준산업분류 46522 — 금융업 아님,46522
1-2b 명단 밖 코스피 모회사의 종속,SK에코플랜트㈜,SK(주),금융업 아님,,금융업 아님 (표준산업분류),표준산업분류 41229 — 금융업 아님,41229
1-2b 명단 밖 코스피 모회사의 종속,프롭티어㈜,에스케이디스커버리(주),금융업 아님,,금융업 아님 (표준산업분류),표준산업분류 58221 — 금융업 아님,58221
1-2b 명단 밖 코스피 모회사의 종속,한국항공서비스(주),한국항공우주산업(주),금융업 아님,,금융업 아님 (표준산업분류),표준산업분류 34019 — 금융업 아님,34019
1-2b 명단 밖 코스피 모회사의 종속,케이스퀘어데이터센터피에프브이(주),(주)LF,금융업 아님,,금융업 아님 (표준산업분류),표준산업분류 68122 — 금융업 아님,68122
1-2b 명단 밖 코스피 모회사의 종속,진양오토모티브,(주)진양홀딩스,금융업 아님,,금융업 아님 (표준산업분류),표준산업분류 30399 — 금융업 아님,30399
1-2b 명단 밖 코스피 모회사의 종속,SK 바이오사이언스(주),에스케이케미칼(주),금융업 아님,,금융업 아님 (표준산업분류),표준산업분류 211 — 금융업 아님,211
1-2b 명단 밖 코스피 모회사의 종속,(주)한텍 (국내 - 상장),(주)후성,금융 키워드 없음,,비금융 추정 (코드·키워드 없음),코드 없음·금융 키워드 없음 — 비금융 추정 (검토 파일 확인),
1-2b 명단 밖 코스피 모회사의 종속,롯데이노베이트,롯데지주(주),금융업 아님,,금융업 아님 (표준산업분류),표준산업분류 62021 — 금융업 아님,62021
1-2b 명단 밖 코스피 모회사의 종속,씨제이올리브영(주),CJ(주),금융업 아님,,금융업 아님 (표준산업분류),표준산업분류 47813 — 금융업 아님,47813
1-2b 명단 밖 코스피 모회사의 종속,㈜카카오엔터테인먼트,(주)카카오,금융업 아님,,금융업 아님 (표준산업분류),표준산업분류 63120 — 금융업 아님,63120
1-2b 명단 밖 코스피 모회사의 종속,DRB헬스케어(주),동일고무벨트(주),금융 키워드 없음,,비금융 추정 (코드·키워드 없음),코드 없음·금융 키워드 없음 — 비금융 추정 (검토 파일 확인),
1-2b 명단 밖 코스피 모회사의 종속,(주)유에스티,(주)황금에스티,금융업 아님,,금융업 아님 (표준산업분류),표준산업분류 241 — 금융업 아님,241
1-2b 명단 밖 코스피 모회사의 종속,평택동방아이포트㈜,(주)동방,금융업 아님,,금융업 아님 (표준산업분류),표준산업분류 52942 — 금융업 아님,52942
1-2b 명단 밖 코스피 모회사의 종속,당진에코파워(주),SK가스(주),금융업 아님,,금융업 아님 (표준산업분류),표준산업분류 35114 — 금융업 아님,35114
1-2b 명단 밖 코스피 모회사의 종속,북항아이브리지,에이치디씨(주),금융업 아님,,금융업 아님 (표준산업분류),표준산업분류 75999 — 금융업 아님,75999
1-2b 명단 밖 코스피 모회사의 종속,효제피에프브이㈜,디엘이앤씨 주식회사,금융업 아님,,금융업 아님 (표준산업분류),표준산업분류 6812 — 금융업 아님,6812
1-2b 명단 밖 코스피 모회사의 종속,동서음료(주),(주)동서,금융 키워드 없음,,비금융 추정 (코드·키워드 없음),코드 없음·금융 키워드 없음 — 비금융 추정 (검토 파일 확인),
1-2b 명단 밖 코스피 모회사의 종속,삼양라운드힐(주),삼양식품(주),금융 키워드 없음,,비금융 추정 (코드·키워드 없음),코드 없음·금융 키워드 없음 — 비금융 추정 (검토 파일 확인),
1-2b 명단 밖 코스피 모회사의 종속,애드파마(주),(주)유한양행,금융업 아님,,금융업 아님 (표준산업분류),표준산업분류 70113 — 금융업 아님,70113
1-2b 명단 밖 코스피 모회사의 종속,(주)이뮨온시아,(주)유한양행,금융업 아님,,금융업 아님 (표준산업분류),표준산업분류 70113 — 금융업 아님,70113
1-2b 명단 밖 코스피 모회사의 종속,해태제과식품(주),(주)크라운해태홀딩스,금융업 아님,,금융업 아님 (표준산업분류),표준산업분류 108 — 금융업 아님,108
1-2b 명단 밖 코스피 모회사의 종속,주식회사 드림에이지,(주)하이브,금융업 아님,,금융업 아님 (표준산업분류),표준산업분류 58212 — 금융업 아님,58212
1-2b 명단 밖 코스피 모회사의 종속,서울랜드,한일홀딩스(주),금융업 아님,,금융업 아님 (표준산업분류),표준산업분류 91210 — 금융업 아님,91210
1-2b 명단 밖 코스피 모회사의 종속,광동헬스바이오,광동제약(주),금융업 아님,,금융업 아님 (표준산업분류),표준산업분류 108 — 금융업 아님,108
1-2b 명단 밖 코스피 모회사의 종속,(주)포스코디엑스,포스코홀딩스(주),금융 키워드 없음,,비금융 추정 (코드·키워드 없음),코드 없음·금융 키워드 없음 — 비금융 추정 (검토 파일 확인),
1-2b 명단 밖 코스피 모회사의 종속,한진부산컨테이너터미널㈜,(주)한진,금융업 아님,,금융업 아님 (표준산업분류),표준산업분류 52921 — 금융업 아님,52921
1-2b 명단 밖 코스피 모회사의 종속,롯데하이마트,롯데쇼핑(주),금융업 아님,,금융업 아님 (표준산업분류),표준산업분류 47320 — 금융업 아님,47320
1-2b 명단 밖 코스피 모회사의 종속,㈜디지털프론티어,(주)디아이,금융업 아님,,금융업 아님 (표준산업분류),표준산업분류 2612 — 금융업 아님,2612
1-2b 명단 밖 코스피 모회사의 종속,태경에스비씨(주),태경산업(주),금융업 아님,,금융업 아님 (표준산업분류),표준산업분류 20131 — 금융업 아님,20131
1-2b 명단 밖 코스피 모회사의 종속,(주)동방 그린팜,(주)동방아그로,금융 키워드 없음,,비금융 추정 (코드·키워드 없음),코드 없음·금융 키워드 없음 — 비금융 추정 (검토 파일 확인),
1-2b 명단 밖 코스피 모회사의 종속,㈜퍼플아이오,코오롱인더스트리(주),금융업 아님,,금융업 아님 (표준산업분류),표준산업분류 62010 — 금융업 아님,62010
1-2b 명단 밖 코스피 모회사의 종속,업성개발피에프브이㈜,계룡건설산업(주),금융업 아님,,금융업 아님 (표준산업분류),표준산업분류 68121 — 금융업 아님,68121
1-2b 명단 밖 코스피 모회사의 종속,(유)제이에스 산업개발,유니퀘스트(주),금융업 아님,,금융업 아님 (표준산업분류),표준산업분류 68 — 금융업 아님,68
1-2b 명단 밖 코스피 모회사의 종속,인팩일렉스(주),(주)인팩,금융업 아님,,금융업 아님 (표준산업분류),표준산업분류 3033 — 금융업 아님,3033
1-2b 명단 밖 코스피 모회사의 종속,대원메디테크㈜,대원제약(주),금융 키워드 없음,,비금융 추정 (코드·키워드 없음),코드 없음·금융 키워드 없음 — 비금융 추정 (검토 파일 확인),
1-2b 명단 밖 코스피 모회사의 종속,미래비아이,에이치디씨(주),금융업 아님,,금융업 아님 (표준산업분류),표준산업분류 681 — 금융업 아님,681
1-2b 명단 밖 코스피 모회사의 종속,가온에스티(주),동국홀딩스(주),금융업 아님,,금융업 아님 (표준산업분류),표준산업분류 25929 — 금융업 아님,25929
1-2b 명단 밖 코스피 모회사의 종속,SK바이오팜㈜,SK(주),금융업 아님,,금융업 아님 (표준산업분류),표준산업분류 7011 — 금융업 아님,7011
1-2b 명단 밖 코스피 모회사의 종속,"울산항6,7부두㈜",(주)동방,금융 키워드 없음,,비금융 추정 (코드·키워드 없음),코드 없음·금융 키워드 없음 — 비금융 추정 (검토 파일 확인),
1-2b 명단 밖 코스피 모회사의 종속,주식회사 스튜디오레논 (LEN),(주)이노션,금융 키워드 없음,,비금융 추정 (코드·키워드 없음),코드 없음·금융 키워드 없음 — 비금융 추정 (검토 파일 확인),
1-2b 명단 밖 코스피 모회사의 종속,아시아나항공㈜,(주)대한항공,금융업 아님,,금융업 아님 (표준산업분류),표준산업분류 511 — 금융업 아님,511
1-2b 명단 밖 코스피 모회사의 종속,㈜TCC아이엔에스,(주)TCC스틸,금융 키워드 없음,,비금융 추정 (코드·키워드 없음),코드 없음·금융 키워드 없음 — 비금융 추정 (검토 파일 확인),
1-2b 명단 밖 코스피 모회사의 종속,(주)엠파파,호전실업 주식회사,금융 키워드 없음,,비금융 추정 (코드·키워드 없음),코드 없음·금융 키워드 없음 — 비금융 추정 (검토 파일 확인),
1-2b 명단 밖 코스피 모회사의 종속,티맵모빌리티㈜,에스케이스퀘어 주식회사,금융업 아님,,금융업 아님 (표준산업분류),표준산업분류 63991 — 금융업 아님,63991
1-2b 명단 밖 코스피 모회사의 종속,㈜엑시아머티리얼스,코오롱글로벌(주),금융업 아님,,금융업 아님 (표준산업분류),표준산업분류 20202 — 금융업 아님,20202
1-2b 명단 밖 코스피 모회사의 종속,주식회사 솔루엠센서,주식회사 솔루엠,금융 키워드 없음,,비금융 추정 (코드·키워드 없음),코드 없음·금융 키워드 없음 — 비금융 추정 (검토 파일 확인),
1-2b 명단 밖 코스피 모회사의 종속,아도바이오(주),대림바스 주식회사,금융 키워드 없음,,비금융 추정 (코드·키워드 없음),코드 없음·금융 키워드 없음 — 비금융 추정 (검토 파일 확인),
1-2b 명단 밖 코스피 모회사의 종속,한미정밀화학,한미약품(주),금융업 아님,,금융업 아님 (표준산업분류),표준산업분류 212 — 금융업 아님,212
1-2b 명단 밖 코스피 모회사의 종속,헬스포트(*),광동제약(주),금융 키워드 없음,,비금융 추정 (코드·키워드 없음),코드 없음·금융 키워드 없음 — 비금융 추정 (검토 파일 확인),
1-2b 명단 밖 코스피 모회사의 종속,모델솔루션(주),한국타이어앤테크놀로지(주),금융업 아님,,금융업 아님 (표준산업분류),표준산업분류 292 — 금융업 아님,292
1-2b 명단 밖 코스피 모회사의 종속,나이스인베스트먼트(주),(주)NICE홀딩스,금융업 아님,,금융업 아님 (표준산업분류),표준산업분류 71531 — 금융업 아님,71531
1-2b 명단 밖 코스피 모회사의 종속,광주신세계,(주)신세계,금융업 아님,,금융업 아님 (표준산업분류),표준산업분류 47111 — 금융업 아님,47111
1-2b 명단 밖 코스피 모회사의 종속,(주)케이티이엔에이,(주)케이티스카이라이프,금융업 아님,,금융업 아님 (표준산업분류),표준산업분류 60221 — 금융업 아님,60221
1-2b 명단 밖 코스피 모회사의 종속,(주)에이투젠,(주)유한양행,금융업 아님,,금융업 아님 (표준산업분류),표준산업분류 71511 — 금융업 아님,71511
1-2b 명단 밖 코스피 모회사의 종속,동서물산(주),(주)동서,금융업 아님,,금융업 아님 (표준산업분류),표준산업분류 10891 — 금융업 아님,10891
1-2b 명단 밖 코스피 모회사의 종속,케이에스첨단소재(주),강남제비스코(주),금융 키워드 없음,,비금융 추정 (코드·키워드 없음),코드 없음·금융 키워드 없음 — 비금융 추정 (검토 파일 확인),
1-2b 명단 밖 코스피 모회사의 종속,(주)주은테크,(주)황금에스티,금융업 아님,,금융업 아님 (표준산업분류),표준산업분류 29293 — 금융업 아님,29293
1-2b 명단 밖 코스피 모회사의 종속,(주)멀티캠퍼스,삼성에스디에스(주),금융업 아님,,금융업 아님 (표준산업분류),표준산업분류 85650 — 금융업 아님,85650
1-2b 명단 밖 코스피 모회사의 종속,주식회사 메디쎄이,동화약품(주),금융업 아님,,금융업 아님 (표준산업분류),표준산업분류 27199 — 금융업 아님,27199
1-2b 명단 밖 코스피 모회사의 종속,㈜쏠리스,SK이노베이션(주),금융업 아님,,금융업 아님 (표준산업분류),표준산업분류 35114 — 금융업 아님,35114
1-2b 명단 밖 코스피 모회사의 종속,㈜세빛섬,효성티앤씨(주),금융업 아님,,금융업 아님 (표준산업분류),표준산업분류 682 — 금융업 아님,682
1-2b 명단 밖 코스피 모회사의 종속,㈜그린벳,(주)녹십자홀딩스,금융업 아님,,금융업 아님 (표준산업분류),표준산업분류 73100 — 금융업 아님,73100
1-2b 명단 밖 코스피 모회사의 종속,씨제이바이오사이언스(주),CJ제일제당(주),금융업 아님,,금융업 아님 (표준산업분류),표준산업분류 701 — 금융업 아님,701
1-2b 명단 밖 코스피 모회사의 종속,㈜라이트브레인,(주)엘지씨엔에스,금융업 아님,,금융업 아님 (표준산업분류),표준산업분류 62010 — 금융업 아님,62010
1-2b 명단 밖 코스피 모회사의 종속,삼양사,(주)삼양홀딩스,금융업 아님,,금융업 아님 (표준산업분류),표준산업분류 108 — 금융업 아님,108
1-2b 명단 밖 코스피 모회사의 종속,대호기계공업(주),(주)디아이씨,금융업 아님,,금융업 아님 (표준산업분류),표준산업분류 303 — 금융업 아님,303
1-2b 명단 밖 코스피 모회사의 종속,(주)세아베스틸지주,(주)세아홀딩스,금융업 아님,,금융업 아님 (표준산업분류),표준산업분류 2411 — 금융업 아님,2411
1-2b 명단 밖 코스피 모회사의 종속,사조씨푸드(주),사조산업(주),금융업 아님,,금융업 아님 (표준산업분류),표준산업분류 102 — 금융업 아님,102
1-2b 명단 밖 코스피 모회사의 종속,강남케이피아이(주),강남제비스코(주),금융업 아님,,금융업 아님 (표준산업분류),표준산업분류 46731 — 금융업 아님,46731
1-2b 명단 밖 코스피 모회사의 종속,신세계동대구복합환승센터,(주)신세계,금융업 아님,,금융업 아님 (표준산업분류),표준산업분류 47111 — 금융업 아님,47111
1-2b 명단 밖 코스피 모회사의 종속,세방산업,세방전지(주),금융업 아님,,금융업 아님 (표준산업분류),표준산업분류 28202 — 금융업 아님,28202
1-2b 명단 밖 코스피 모회사의 종속,㈜오리콤,(주)두산,금융업 아님,,금융업 아님 (표준산업분류),표준산업분류 71310 — 금융업 아님,71310
1-2b 명단 밖 코스피 모회사의 종속,㈜사조오양,(주)사조대림,금융업 아님,,금융업 아님 (표준산업분류),표준산업분류 102 — 금융업 아님,102
1-2b 명단 밖 코스피 모회사의 종속,㈜신안증도태양광,SK이노베이션(주),금융업 아님,,금융업 아님 (표준산업분류),표준산업분류 35114 — 금융업 아님,35114
1-2b 명단 밖 코스피 모회사의 종속,애경케미칼(주),AK홀딩스(주),금융업 아님,,금융업 아님 (표준산업분류),표준산업분류 201 — 금융업 아님,201
1-2b 명단 밖 코스피 모회사의 종속,롯데바이오로직스,롯데지주(주),금융업 아님,,금융업 아님 (표준산업분류),표준산업분류 211 — 금융업 아님,211
1-2b 명단 밖 코스피 모회사의 종속,도화코데코홀딩스(주),(주)도화엔지니어링,금융 키워드 없음,,비금융 추정 (코드·키워드 없음),코드 없음·금융 키워드 없음 — 비금융 추정 (검토 파일 확인),
1-2b 명단 밖 코스피 모회사의 종속,㈜케이씨이노베이션,(주)케이씨,금융업 아님,,금융업 아님 (표준산업분류),표준산업분류 29175 — 금융업 아님,29175
1-2b 명단 밖 코스피 모회사의 종속,통영에코파워,에이치디씨(주),금융업 아님,,금융업 아님 (표준산업분류),표준산업분류 35113 — 금융업 아님,35113
1-2b 명단 밖 코스피 모회사의 종속,정석기업㈜,(주)한진칼,금융업 아님,,금융업 아님 (표준산업분류),표준산업분류 68112 — 금융업 아님,68112
1-2b 명단 밖 코스피 모회사의 종속,한국철강(주),KISCO홀딩스(주),금융업 아님,,금융업 아님 (표준산업분류),표준산업분류 2411 — 금융업 아님,2411
1-2b 명단 밖 코스피 모회사의 종속,대양제지공업(주),신대양제지(주),금융업 아님,,금융업 아님 (표준산업분류),표준산업분류 1710 — 금융업 아님,1710
1-2b 명단 밖 코스피 모회사의 종속,㈜케이씨파츠텍,(주)케이씨,금융업 아님,,금융업 아님 (표준산업분류),표준산업분류 29271 — 금융업 아님,29271
1-2b 명단 밖 코스피 모회사의 종속,동원페이퍼(주),태림포장(주),금융업 아님,,금융업 아님 (표준산업분류),표준산업분류 1721 — 금융업 아님,1721
1-2b 명단 밖 코스피 모회사의 종속,(주)포스코엠씨머티리얼즈,(주)포스코퓨처엠,금융업 아님,,금융업 아님 (표준산업분류),표준산업분류 20119 — 금융업 아님,20119
1-2b 명단 밖 코스피 모회사의 종속,㈜스캇노스아시아,(주)영원무역홀딩스,금융업 아님,,금융업 아님 (표준산업분류),표준산업분류 46465 — 금융업 아님,46465
1-2b 명단 밖 코스피 모회사의 종속,옥산오창고속도로㈜,지에스건설(주),금융업 아님,,금융업 아님 (표준산업분류),표준산업분류 41221 — 금융업 아님,41221
1-2b 명단 밖 코스피 모회사의 종속,에프에스케이엘앤에스㈜,에스케이스퀘어 주식회사,금융업 아님,,금융업 아님 (표준산업분류),표준산업분류 52 — 금융업 아님,52
1-2b 명단 밖 코스피 모회사의 종속,지엠비에이지테크(주),지엠비코리아(주),금융업 아님,,금융업 아님 (표준산업분류),표준산업분류 30 — 금융업 아님,30
1-2b 명단 밖 코스피 모회사의 종속,단양레이크파크㈜,동부건설(주),금융 키워드 없음,,비금융 추정 (코드·키워드 없음),코드 없음·금융 키워드 없음 — 비금융 추정 (검토 파일 확인),
1-2b 명단 밖 코스피 모회사의 종속,영종이피(주),삼부토건(주),금융업 아님,,금융업 아님 (표준산업분류),표준산업분류 35300 — 금융업 아님,35300
1-2b 명단 밖 코스피 모회사의 종속,신세계센트럴,(주)신세계,금융업 아님,,금융업 아님 (표준산업분류),표준산업분류 52912 — 금융업 아님,52912
1-2b 명단 밖 코스피 모회사의 종속,㈜컴퍼니잇,(주)비비안,금융 키워드 없음,,비금융 추정 (코드·키워드 없음),코드 없음·금융 키워드 없음 — 비금융 추정 (검토 파일 확인),
1-2b 명단 밖 코스피 모회사의 종속,㈜브이텐시스템,(주)디아이,금융업 아님,,금융업 아님 (표준산업분류),표준산업분류 28123 — 금융업 아님,28123
1-2b 명단 밖 코스피 모회사의 종속,강서도시가스,서울도시가스(주),금융업 아님,,금융업 아님 (표준산업분류),표준산업분류 74100 — 금융업 아님,74100
1-2b 명단 밖 코스피 모회사의 종속,지엠비엘피스(주),지엠비코리아(주),금융업 아님,,금융업 아님 (표준산업분류),표준산업분류 30310 — 금융업 아님,30310
1-2b 명단 밖 코스피 모회사의 종속,자이씨앤에이㈜,자이에스앤디(주),금융업 아님,,금융업 아님 (표준산업분류),표준산업분류 41129 — 금융업 아님,41129
1-2b 명단 밖 코스피 모회사의 종속,마포도시가스이엔지,서울도시가스(주),금융업 아님,,금융업 아님 (표준산업분류),표준산업분류 74100 — 금융업 아님,74100
1-2b 명단 밖 코스피 모회사의 종속,일산도시가스이앤지,서울도시가스(주),금융업 아님,,금융업 아님 (표준산업분류),표준산업분류 352 — 금융업 아님,352
1-2b 명단 밖 코스피 모회사의 종속,(주)케이디에코허브,(주)경동도시가스,금융업 아님,,금융업 아님 (표준산업분류),표준산업분류 76390 — 금융업 아님,76390
1-2b 명단 밖 코스피 모회사의 종속,포항코스타밸리모나용평(주),모나용평(주),금융 키워드 없음,,비금융 추정 (코드·키워드 없음),코드 없음·금융 키워드 없음 — 비금융 추정 (검토 파일 확인),
1-2b 명단 밖 코스피 모회사의 종속,HRCC(사우디),현대건설(주),금융 키워드 없음,,비금융 추정 (코드·키워드 없음),코드 없음·금융 키워드 없음 — 비금융 추정 (검토 파일 확인),
1-2b 명단 밖 코스피 모회사의 종속,관악도시가스서비스,서울도시가스(주),금융업 아님,,금융업 아님 (표준산업분류),표준산업분류 42 — 금융업 아님,42
1-2b 명단 밖 코스피 모회사의 종속,덕양도시가스서비스,서울도시가스(주),금융업 아님,,금융업 아님 (표준산업분류),표준산업분류 352 — 금융업 아님,352
1-2b 명단 밖 코스피 모회사의 종속,㈜피엔티,(주)풍산,금융업 아님,,금융업 아님 (표준산업분류),표준산업분류 292 — 금융업 아님,292
1-2b 명단 밖 코스피 모회사의 종속,케이엔케이코팅스(주),강남제비스코(주),금융업 아님,,금융업 아님 (표준산업분류),표준산업분류 20411 — 금융업 아님,20411
1-2b 명단 밖 코스피 모회사의 종속,티더블유바이오매스에너지 주식회사,(주)LG화학,금융업 아님,,금융업 아님 (표준산업분류),표준산업분류 35119 — 금융업 아님,35119
1-2b 명단 밖 코스피 모회사의 종속,㈜고삼하이파크,계룡건설산업(주),금융업 아님,,금융업 아님 (표준산업분류),표준산업분류 561 — 금융업 아님,561
1-2b 명단 밖 코스피 모회사의 종속,LIG풍산프로테크(주),엘아이지디펜스앤에어로스페이스(주),금융 키워드 없음,,비금융 추정 (코드·키워드 없음),코드 없음·금융 키워드 없음 — 비금융 추정 (검토 파일 확인),
1-2b 명단 밖 코스피 모회사의 종속,효성지에스솔라㈜,효성중공업(주),금융업 아님,,금융업 아님 (표준산업분류),표준산업분류 71531 — 금융업 아님,71531
1-2b 명단 밖 코스피 모회사의 종속,효성지제이솔라㈜,효성중공업(주),금융업 아님,,금융업 아님 (표준산업분류),표준산업분류 71531 — 금융업 아님,71531
1-2b 명단 밖 코스피 모회사의 종속,현대씨스퀘어(주),현대코퍼레이션홀딩스(주),금융 키워드 없음,,비금융 추정 (코드·키워드 없음),코드 없음·금융 키워드 없음 — 비금융 추정 (검토 파일 확인),
1-2b 명단 밖 코스피 모회사의 종속,HS효성토요타㈜,(주)에이치에스효성,금융 키워드 없음,,비금융 추정 (코드·키워드 없음),코드 없음·금융 키워드 없음 — 비금융 추정 (검토 파일 확인),
1-2b 명단 밖 코스피 모회사의 종속,심양인파극 기차부건(유),(주)인팩,금융 키워드 없음,,비금융 추정 (코드·키워드 없음),코드 없음·금융 키워드 없음 — 비금융 추정 (검토 파일 확인),
1-2b 명단 밖 코스피 모회사의 종속,현대종합특수강,현대제철(주),금융업 아님,,금융업 아님 (표준산업분류),표준산업분류 24123 — 금융업 아님,24123
1-2b 명단 밖 코스피 모회사의 종속,(주)광명문화관광복합단지자산관리,아이파크현대산업개발(주),금융 키워드 없음,,비금융 추정 (코드·키워드 없음),코드 없음·금융 키워드 없음 — 비금융 추정 (검토 파일 확인),
1-2b 명단 밖 코스피 모회사의 종속,신안우이해상풍력 주식회사,한화오션(주),금융업 아님,,금융업 아님 (표준산업분류),표준산업분류 35119 — 금융업 아님,35119
1-2b 명단 밖 코스피 모회사의 종속,오리온바이오로직스,(주)오리온홀딩스,금융업 아님,,금융업 아님 (표준산업분류),표준산업분류 70113 — 금융업 아님,70113
1-2b 명단 밖 코스피 모회사의 종속,삼양엔씨켐,(주)삼양홀딩스,금융업 아님,,금융업 아님 (표준산업분류),표준산업분류 20499 — 금융업 아님,20499
1-2b 명단 밖 코스피 모회사의 종속,(주)광신판지,신대양제지(주),금융업 아님,,금융업 아님 (표준산업분류),표준산업분류 1721 — 금융업 아님,1721
1-2b 명단 밖 코스피 모회사의 종속,한일시멘트,한일홀딩스(주),금융업 아님,,금융업 아님 (표준산업분류),표준산업분류 23311 — 금융업 아님,23311
1-2b 명단 밖 코스피 모회사의 종속,㈜케이티엔지니어링,(주)케이티,금융업 아님,,금융업 아님 (표준산업분류),표준산업분류 4232 — 금융업 아님,4232
1-2b 명단 밖 코스피 모회사의 종속,일진하이솔루스㈜,일진다이아몬드(주),금융업 아님,,금융업 아님 (표준산업분류),표준산업분류 319 — 금융업 아님,319
1-2b 명단 밖 코스피 모회사의 종속,한국공항㈜,(주)대한항공,금융업 아님,,금융업 아님 (표준산업분류),표준산업분류 52939 — 금융업 아님,52939
1-2b 명단 밖 코스피 모회사의 종속,케이피엑스일렉트로켐㈜,KPX홀딩스(주),금융업 아님,,금융업 아님 (표준산업분류),표준산업분류 26299 — 금융업 아님,26299
1-2b 명단 밖 코스피 모회사의 종속,대원정밀공업(주),대원강업(주),금융업 아님,,금융업 아님 (표준산업분류),표준산업분류 30 — 금융업 아님,30
1-2b 명단 밖 코스피 모회사의 종속,㈜영원아웃도어,(주)영원무역홀딩스,금융업 아님,,금융업 아님 (표준산업분류),표준산업분류 141 — 금융업 아님,141
1-2b 명단 밖 코스피 모회사의 종속,㈜디엠씨미디어,(주)티와이홀딩스,금융업 아님,,금융업 아님 (표준산업분류),표준산업분류 71399 — 금융업 아님,71399
1-2b 명단 밖 코스피 모회사의 종속,조선내화㈜,주식회사 시알홀딩스,금융업 아님,,금융업 아님 (표준산업분류),표준산업분류 2321 — 금융업 아님,2321
1-2b 명단 밖 코스피 모회사의 종속,피닉스스포츠㈜,(주)콘텐트리중앙,금융업 아님,,금융업 아님 (표준산업분류),표준산업분류 76400 — 금융업 아님,76400
1-2b 명단 밖 코스피 모회사의 종속,한국인프라관리(주),(주)대우건설,금융업 아님,,금융업 아님 (표준산업분류),표준산업분류 52914 — 금융업 아님,52914
1-2b 명단 밖 코스피 모회사의 종속,효성투자개발㈜,(주)효성,금융업 아님,,금융업 아님 (표준산업분류),표준산업분류 68119 — 금융업 아님,68119
1-2b 명단 밖 코스피 모회사의 종속,㈜제주메이리조트,(주)TCC스틸,금융 키워드 없음,,비금융 추정 (코드·키워드 없음),코드 없음·금융 키워드 없음 — 비금융 추정 (검토 파일 확인),
1-2b 명단 밖 코스피 모회사의 종속,(주)웅진씽크빅 (주1 참조),(주)웅진,금융 키워드 없음,,비금융 추정 (코드·키워드 없음),코드 없음·금융 키워드 없음 — 비금융 추정 (검토 파일 확인),
1-2b 명단 밖 코스피 모회사의 종속,GS피앤엘,(주)GS,지주회사,,지주·기금 (금융지주 아님),지주회사(64992) — 사업 자회사를 묶는 중간지주·기금,64992
1-2b 명단 밖 코스피 모회사의 종속,GS리테일,(주)GS,금융업 아님,,금융업 아님 (표준산업분류),표준산업분류 47122 — 금융업 아님,47122
1-2b 명단 밖 코스피 모회사의 종속,㈜엘지헬로비전,(주)LG유플러스,금융업 아님,,금융업 아님 (표준산업분류),표준산업분류 60222 — 금융업 아님,60222
1-2b 명단 밖 코스피 모회사의 종속,마이데일리(주),롯데관광개발(주),금융 키워드 없음,,비금융 추정 (코드·키워드 없음),코드 없음·금융 키워드 없음 — 비금융 추정 (검토 파일 확인),
1-2b 명단 밖 코스피 모회사의 종속,(주)와이즈켐,(주)경인양행,금융업 아님,,금융업 아님 (표준산업분류),표준산업분류 20132 — 금융업 아님,20132
1-2b 명단 밖 코스피 모회사의 종속,아주스틸(주),동국씨엠 주식회사,금융업 아님,,금융업 아님 (표준산업분류),표준산업분류 2419 — 금융업 아님,2419
1-2b 명단 밖 코스피 모회사의 종속,브릭메이트(주),금호전기(주),금융 키워드 없음,,비금융 추정 (코드·키워드 없음),코드 없음·금융 키워드 없음 — 비금융 추정 (검토 파일 확인),
1-2b 명단 밖 코스피 모회사의 종속,㈜태영건설,(주)티와이홀딩스,금융업 아님,,금융업 아님 (표준산업분류),표준산업분류 41221 — 금융업 아님,41221
1-2b 명단 밖 코스피 모회사의 종속,(주)포스코퓨처엠,포스코홀딩스(주),금융업 아님,,금융업 아님 (표준산업분류),표준산업분류 282 — 금융업 아님,282
1-2b 명단 밖 코스피 모회사의 종속,스틸코㈜,다스코(주),금융업 아님,,금융업 아님 (표준산업분류),표준산업분류 46721 — 금융업 아님,46721
1-2b 명단 밖 코스피 모회사의 종속,걸포도시개발자산관리 주식회사,(주)태영건설,금융업 아님,,금융업 아님 (표준산업분류),표준산업분류 6812 — 금융업 아님,6812
1-2b 명단 밖 코스피 모회사의 종속,(주)태경코엠,태경산업(주),금융업 아님,,금융업 아님 (표준산업분류),표준산업분류 20422 — 금융업 아님,20422
1-2b 명단 밖 코스피 모회사의 종속,㈜애임스바이오사이언스,일동홀딩스(주),금융 키워드 없음,,비금융 추정 (코드·키워드 없음),코드 없음·금융 키워드 없음 — 비금융 추정 (검토 파일 확인),
1-2b 명단 밖 코스피 모회사의 종속,이브이시스㈜,롯데이노베이트(주),금융업 아님,,금융업 아님 (표준산업분류),표준산업분류 28119 — 금융업 아님,28119
1-2b 명단 밖 코스피 모회사의 종속,종근당산업,(주)종근당홀딩스,금융업 아님,,금융업 아님 (표준산업분류),표준산업분류 68119 — 금융업 아님,68119
1-2b 명단 밖 코스피 모회사의 종속,쇼박스,(주)오리온홀딩스,금융업 아님,,금융업 아님 (표준산업분류),표준산업분류 59130 — 금융업 아님,59130
1-2b 명단 밖 코스피 모회사의 종속,(주)현대홈쇼핑,(주)현대지에프홀딩스,금융업 아님,,금융업 아님 (표준산업분류),표준산업분류 47919 — 금융업 아님,47919
1-2b 명단 밖 코스피 모회사의 종속,(주)한컴유비마이크로,주식회사 한컴라이프케어,금융 키워드 없음,,비금융 추정 (코드·키워드 없음),코드 없음·금융 키워드 없음 — 비금융 추정 (검토 파일 확인),
1-2b 명단 밖 코스피 모회사의 종속,(주)이엔케이,(주)엔케이,금융업 아님,,금융업 아님 (표준산업분류),표준산업분류 25123 — 금융업 아님,25123
1-2b 명단 밖 코스피 모회사의 종속,㈜케이씨이앤씨,(주)케이씨,금융업 아님,,금융업 아님 (표준산업분류),표준산업분류 42 — 금융업 아님,42
1-2b 명단 밖 코스피 모회사의 종속,㈜카카오모빌리티,(주)카카오,금융업 아님,,금융업 아님 (표준산업분류),표준산업분류 63999 — 금융업 아님,63999
1-2b 명단 밖 코스피 모회사의 종속,에이엠플러스자산개발(주),AK홀딩스(주),금융업 아님,,금융업 아님 (표준산업분류),표준산업분류 68121 — 금융업 아님,68121
1-2b 명단 밖 코스피 모회사의 종속,㈜프로텍코퍼레이션,(주)디아이,금융 키워드 없음,,비금융 추정 (코드·키워드 없음),코드 없음·금융 키워드 없음 — 비금융 추정 (검토 파일 확인),
1-2b 명단 밖 코스피 모회사의 종속,잼팟㈜,넷마블(주),금융업 아님,,금융업 아님 (표준산업분류),표준산업분류 58212 — 금융업 아님,58212
1-2b 명단 밖 코스피 모회사의 종속,SGC이앤씨(주),SGC에너지(주),금융 키워드 없음,,비금융 추정 (코드·키워드 없음),코드 없음·금융 키워드 없음 — 비금융 추정 (검토 파일 확인),
1-2b 명단 밖 코스피 모회사의 종속,아세아시멘트(주),아세아(주),금융업 아님,,금융업 아님 (표준산업분류),표준산업분류 23311 — 금융업 아님,23311
1-2b 명단 밖 코스피 모회사의 종속,투데이홀딩스(주),(주)원림,금융업 아님,,금융업 아님 (표준산업분류),표준산업분류 582 — 금융업 아님,582
1-2b 명단 밖 코스피 모회사의 종속,주식회사 에이프로젠바이오로직스,(주)에이프로젠,금융업 아님,,금융업 아님 (표준산업분류),표준산업분류 212 — 금융업 아님,212
1-2b 명단 밖 코스피 모회사의 종속,㈜수퍼톤,(주)하이브,금융업 아님,,금융업 아님 (표준산업분류),표준산업분류 58221 — 금융업 아님,58221
1-2b 명단 밖 코스피 모회사의 종속,(주)테라닉스,(주)코리아써키트,금융업 아님,,금융업 아님 (표준산업분류),표준산업분류 2622 — 금융업 아님,2622
1-2b 명단 밖 코스피 모회사의 종속,(주)시큐아이,삼성에스디에스(주),금융업 아님,,금융업 아님 (표준산업분류),표준산업분류 58221 — 금융업 아님,58221
1-2b 명단 밖 코스피 모회사의 종속,서부산도시고속도로㈜,현대건설(주),금융업 아님,,금융업 아님 (표준산업분류),표준산업분류 4122 — 금융업 아님,4122
1-2b 명단 밖 코스피 모회사의 종속,한무쇼핑(주),(주)현대백화점,금융업 아님,,금융업 아님 (표준산업분류),표준산업분류 47111 — 금융업 아님,47111
1-2b 명단 밖 코스피 모회사의 종속,현대파텍스,현대자동차(주),금융업 아님,,금융업 아님 (표준산업분류),표준산업분류 30 — 금융업 아님,30
1-2b 명단 밖 코스피 모회사의 종속,한국표면처리(주),한국항공우주산업(주),금융 키워드 없음,,비금융 추정 (코드·키워드 없음),코드 없음·금융 키워드 없음 — 비금융 추정 (검토 파일 확인),
1-2b 명단 밖 코스피 모회사의 종속,㈜신세계푸드,(주)이마트,금융업 아님,,금융업 아님 (표준산업분류),표준산업분류 561 — 금융업 아님,561
1-2b 명단 밖 코스피 모회사의 종속,에스케이텔레콤씨에스티원㈜,에스케이스퀘어 주식회사,금융업 아님,,금융업 아님 (표준산업분류),표준산업분류 91191 — 금융업 아님,91191
1-2b 명단 밖 코스피 모회사의 종속,HD현대마린솔루션㈜,에이치디현대(주),금융업 아님,,금융업 아님 (표준산업분류),표준산업분류 7212 — 금융업 아님,7212
1-2b 명단 밖 코스피 모회사의 종속,(주)남영전구,태경산업(주),금융업 아님,,금융업 아님 (표준산업분류),표준산업분류 28410 — 금융업 아님,28410
1-2b 명단 밖 코스피 모회사의 종속,㈜위버스컴퍼니,(주)하이브,금융업 아님,,금융업 아님 (표준산업분류),표준산업분류 47912 — 금융업 아님,47912
1-2b 명단 밖 코스피 모회사의 종속,은평새길㈜,지에스건설(주),금융업 아님,,금융업 아님 (표준산업분류),표준산업분류 412 — 금융업 아님,412
1-2b 명단 밖 코스피 모회사의 종속,㈜이채널,태광산업(주),금융업 아님,,금융업 아님 (표준산업분류),표준산업분류 60221 — 금융업 아님,60221
1-2b 명단 밖 코스피 모회사의 종속,(주)지티이노비젼,(주)엘지씨엔에스,금융 키워드 없음,,비금융 추정 (코드·키워드 없음),코드 없음·금융 키워드 없음 — 비금융 추정 (검토 파일 확인),
1-2b 명단 밖 코스피 모회사의 종속,㈜케이씨인더스트리얼,(주)케이씨,금융업 아님,,금융업 아님 (표준산업분류),표준산업분류 46595 — 금융업 아님,46595
1-2b 명단 밖 코스피 모회사의 종속,경동강남고객 서비스(주),(주)경동도시가스,금융 키워드 없음,,비금융 추정 (코드·키워드 없음),코드 없음·금융 키워드 없음 — 비금융 추정 (검토 파일 확인),
1-2b 명단 밖 코스피 모회사의 종속,엘에스엘앤에프배터리솔루션㈜,(주)LS,금융업 아님,,금융업 아님 (표준산업분류),표준산업분류 2012 — 금융업 아님,2012
1-2b 명단 밖 코스피 모회사의 종속,해피그린서비스,서울도시가스(주),금융업 아님,,금융업 아님 (표준산업분류),표준산업분류 74100 — 금융업 아님,74100
1-2b 명단 밖 코스피 모회사의 종속,서경에너지서비스,서울도시가스(주),금융업 아님,,금융업 아님 (표준산업분류),표준산업분류 74100 — 금융업 아님,74100
1-2b 명단 밖 코스피 모회사의 종속,농업회사법인 (주)에스앤마니커,(주)마니커,금융 키워드 없음,,비금융 추정 (코드·키워드 없음),코드 없음·금융 키워드 없음 — 비금융 추정 (검토 파일 확인),
1-2b 명단 밖 코스피 모회사의 종속,(주)파라다이스세가사미,(주)파라다이스,금융업 아님,,금융업 아님 (표준산업분류),표준산업분류 55101 — 금융업 아님,55101
1-2b 명단 밖 코스피 모회사의 종속,골든에코(주),아이에스동서(주),금융업 아님,,금융업 아님 (표준산업분류),표준산업분류 38220 — 금융업 아님,38220
1-2b 명단 밖 코스피 모회사의 종속,대성나찌유압공업(주),대성산업(주),금융업 아님,,금융업 아님 (표준산업분류),표준산업분류 29133 — 금융업 아님,29133
1-2b 명단 밖 코스피 모회사의 종속,(주)조비,(주)경농,금융업 아님,,금융업 아님 (표준산업분류),표준산업분류 20312 — 금융업 아님,20312
1-2b 명단 밖 코스피 모회사의 종속,전남2해상풍력㈜,SK이노베이션(주),금융업 아님,,금융업 아님 (표준산업분류),표준산업분류 35119 — 금융업 아님,35119
1-2b 명단 밖 코스피 모회사의 종속,(주)삼원강재,대원강업(주),금융업 아님,,금융업 아님 (표준산업분류),표준산업분류 303 — 금융업 아님,303
1-2b 명단 밖 코스피 모회사의 종속,전남3해상풍력㈜,SK이노베이션(주),금융업 아님,,금융업 아님 (표준산업분류),표준산업분류 35119 — 금융업 아님,35119
1-2b 명단 밖 코스피 모회사의 종속,청진이삼프로젝트㈜,디엘 주식회사,금융업 아님,,금융업 아님 (표준산업분류),표준산업분류 6811 — 금융업 아님,6811
1-2b 명단 밖 코스피 모회사의 종속,㈜진에어,(주)대한항공,금융업 아님,,금융업 아님 (표준산업분류),표준산업분류 511 — 금융업 아님,511
1-2b 명단 밖 코스피 모회사의 종속,셀트리온제약,(주)셀트리온,금융업 아님,,금융업 아님 (표준산업분류),표준산업분류 212 — 금융업 아님,212
1-2b 명단 밖 코스피 모회사의 종속,프리시젼바이오,광동제약(주),금융업 아님,,금융업 아님 (표준산업분류),표준산업분류 27199 — 금융업 아님,27199
1-2b 명단 밖 코스피 모회사의 종속,(주)아피셀테라퓨틱스,(주)대웅제약,금융 키워드 없음,,비금융 추정 (코드·키워드 없음),코드 없음·금융 키워드 없음 — 비금융 추정 (검토 파일 확인),
1-2b 명단 밖 코스피 모회사의 종속,아이디언스㈜,일동홀딩스(주),금융업 아님,,금융업 아님 (표준산업분류),표준산업분류 70113 — 금융업 아님,70113
1-2b 명단 밖 코스피 모회사의 종속,㈜신안그린에너지,(주)포스코인터내셔널,금융업 아님,,금융업 아님 (표준산업분류),표준산업분류 3511 — 금융업 아님,3511
1-2b 명단 밖 코스피 모회사의 종속,㈜일승,(주)세진중공업,금융업 아님,,금융업 아님 (표준산업분류),표준산업분류 311 — 금융업 아님,311
1-2b 명단 밖 코스피 모회사의 종속,롯데지알에스,롯데지주(주),금융업 아님,,금융업 아님 (표준산업분류),표준산업분류 4610 — 금융업 아님,4610
1-2b 명단 밖 코스피 모회사의 종속,SNT에너지(주),(주)SNT홀딩스,금융업 아님,,금융업 아님 (표준산업분류),표준산업분류 29176 — 금융업 아님,29176
1-2b 명단 밖 코스피 모회사의 종속,에스엘엘중앙(주),(주)콘텐트리중앙,금융업 아님,,금융업 아님 (표준산업분류),표준산업분류 59130 — 금융업 아님,59130
1-2b 명단 밖 코스피 모회사의 종속,효성티앤에스㈜,(주)효성,금융업 아님,,금융업 아님 (표준산업분류),표준산업분류 62021 — 금융업 아님,62021
1-2b 명단 밖 코스피 모회사의 종속,SK플라즈마㈜,에스케이디스커버리(주),금융업 아님,,금융업 아님 (표준산업분류),표준산업분류 21212 — 금융업 아님,21212
1-2b 명단 밖 코스피 모회사의 종속,㈜루텍,일동홀딩스(주),금융업 아님,,금융업 아님 (표준산업분류),표준산업분류 62021 — 금융업 아님,62021
1-2b 명단 밖 코스피 모회사의 종속,씨에스베어링 주식회사,씨에스윈드(주),금융업 아님,,금융업 아님 (표준산업분류),표준산업분류 29141 — 금융업 아님,29141
1-2b 명단 밖 코스피 모회사의 종속,HD현대에너지솔루션㈜,에이치디한국조선해양(주),금융업 아님,,금융업 아님 (표준산업분류),표준산업분류 2612 — 금융업 아님,2612
1-2b 명단 밖 코스피 모회사의 종속,우리홈쇼핑,롯데쇼핑(주),금융업 아님,,금융업 아님 (표준산업분류),표준산업분류 47919 — 금융업 아님,47919
1-2b 명단 밖 코스피 모회사의 종속,삼화왕관(주),(주)금비,금융업 아님,,금융업 아님 (표준산업분류),표준산업분류 25991 — 금융업 아님,25991
1-2b 명단 밖 코스피 모회사의 종속,SK아이이테크놀로지(주),SK이노베이션(주),금융업 아님,,금융업 아님 (표준산업분류),표준산업분류 282 — 금융업 아님,282
1-2b 명단 밖 코스피 모회사의 종속,㈜휴데이터스,(주)한진,금융업 아님,,금융업 아님 (표준산업분류),표준산업분류 63991 — 금융업 아님,63991
1-2b 명단 밖 코스피 모회사의 종속,HR그룹,(주)대웅,금융 키워드 없음,,비금융 추정 (코드·키워드 없음),코드 없음·금융 키워드 없음 — 비금융 추정 (검토 파일 확인),
1-2b 명단 밖 코스피 모회사의 종속,(주)싸이버로지텍,(주)유수홀딩스,금융업 아님,,금융업 아님 (표준산업분류),표준산업분류 58221 — 금융업 아님,58221
1-2b 명단 밖 코스피 모회사의 종속,(주)비케이메디케어,일동제약(주),금융업 아님,,금융업 아님 (표준산업분류),표준산업분류 21309 — 금융업 아님,21309
1-2b 명단 밖 코스피 모회사의 종속,반포센트럴피에프브이(주),(주)대우건설,금융업 아님,,금융업 아님 (표준산업분류),표준산업분류 68121 — 금융업 아님,68121
1-2b 명단 밖 코스피 모회사의 종속,한화첨단소재 주식회사,한화솔루션(주),금융업 아님,,금융업 아님 (표준산업분류),표준산업분류 20202 — 금융업 아님,20202
1-2b 명단 밖 코스피 모회사의 종속,㈜인천스마트에너지,현대건설(주),금융업 아님,,금융업 아님 (표준산업분류),표준산업분류 76390 — 금융업 아님,76390
1-2b 명단 밖 코스피 모회사의 종속,대동금속(주),(주)대동,금융업 아님,,금융업 아님 (표준산업분류),표준산업분류 24312 — 금융업 아님,24312
1-2b 명단 밖 코스피 모회사의 종속,대웅제약,(주)대웅,금융업 아님,,금융업 아님 (표준산업분류),표준산업분류 212 — 금융업 아님,212
1-2b 명단 밖 코스피 모회사의 종속,㈜케이티스포츠,(주)케이티,금융업 아님,,금융업 아님 (표준산업분류),표준산업분류 91191 — 금융업 아님,91191
1-2b 명단 밖 코스피 모회사의 종속,엠티알 주식회사,전진건설로봇(주),금융업 아님,,금융업 아님 (표준산업분류),표준산업분류 30201 — 금융업 아님,30201
1-2b 명단 밖 코스피 모회사의 종속,(주) SJM ECS,(주)에스제이엠,금융 키워드 없음,,비금융 추정 (코드·키워드 없음),코드 없음·금융 키워드 없음 — 비금융 추정 (검토 파일 확인),
1-2b 명단 밖 코스피 모회사의 종속,주식회사 와이웍스엔터테인먼트,(주)MDS스피어,금융업 아님,,금융업 아님 (표준산업분류),표준산업분류 59120 — 금융업 아님,59120
1-2b 명단 밖 코스피 모회사의 종속,영진약품㈜,(주)케이티앤지,금융업 아님,,금융업 아님 (표준산업분류),표준산업분류 212 — 금융업 아님,212
1-2b 명단 밖 코스피 모회사의 종속,KPX케미칼㈜,KPX홀딩스(주),금융업 아님,,금융업 아님 (표준산업분류),표준산업분류 20119 — 금융업 아님,20119
1-2b 명단 밖 코스피 모회사의 종속,㈜에이플러스라이프,주식회사 에이플러스에셋어드바이저,금융업 아님,,금융업 아님 (표준산업분류),표준산업분류 96921 — 금융업 아님,96921
1-2b 명단 밖 코스피 모회사의 종속,아세아제지(주),아세아(주),금융업 아님,,금융업 아님 (표준산업분류),표준산업분류 172 — 금융업 아님,172
1-2b 명단 밖 코스피 모회사의 종속,대구남부순환도로(주),(주)태영건설,금융업 아님,,금융업 아님 (표준산업분류),표준산업분류 74100 — 금융업 아님,74100
1-2b 명단 밖 코스피 모회사의 종속,SK이노베이션㈜,SK(주),금융업 아님,,금융업 아님 (표준산업분류),표준산업분류 192 — 금융업 아님,192
1-2b 명단 밖 코스피 모회사의 종속,울산항만운영(주),CJ제일제당(주),금융업 아님,,금융업 아님 (표준산업분류),표준산업분류 52942 — 금융업 아님,52942
1-2b 명단 밖 코스피 모회사의 종속,마그나피에프브이㈜,지에스건설(주),금융업 아님,,금융업 아님 (표준산업분류),표준산업분류 68 — 금융업 아님,68
1-2b 명단 밖 코스피 모회사의 종속,케이디탱크터미널(주),극동유화(주),금융업 아님,,금융업 아님 (표준산업분류),표준산업분류 52104 — 금융업 아님,52104
1-2b 명단 밖 코스피 모회사의 종속,진양산업,(주)진양홀딩스,금융업 아님,,금융업 아님 (표준산업분류),표준산업분류 2225 — 금융업 아님,2225
1-2b 명단 밖 코스피 모회사의 종속,태경에프앤지(주),태경산업(주),금융업 아님,,금융업 아님 (표준산업분류),표준산업분류 56199 — 금융업 아님,56199
1-2b 명단 밖 코스피 모회사의 종속,한온시스템㈜,한국타이어앤테크놀로지(주),금융업 아님,,금융업 아님 (표준산업분류),표준산업분류 29172 — 금융업 아님,29172
1-2b 명단 밖 코스피 모회사의 종속,원주그린㈜,(주)한화,금융업 아님,,금융업 아님 (표준산업분류),표준산업분류 382 — 금융업 아님,382
1-2b 명단 밖 코스피 모회사의 종속,코오롱이앤씨㈜,코오롱글로벌(주),금융업 아님,,금융업 아님 (표준산업분류),표준산업분류 4111 — 금융업 아님,4111
1-2b 명단 밖 코스피 모회사의 종속,청라메디폴리스피에프브이㈜,(주)케이티앤지,금융업 아님,,금융업 아님 (표준산업분류),표준산업분류 6812 — 금융업 아님,6812
1-2b 명단 밖 코스피 모회사의 종속,풍무역세권개발자산관리(주),(주)대우건설,금융업 아님,,금융업 아님 (표준산업분류),표준산업분류 6812 — 금융업 아님,6812
1-2b 명단 밖 코스피 모회사의 종속,코스맥스에이비㈜,코스맥스(주),금융 키워드 없음,,비금융 추정 (코드·키워드 없음),코드 없음·금융 키워드 없음 — 비금융 추정 (검토 파일 확인),
1-2b 명단 밖 코스피 모회사의 종속,씨엠테크㈜,코스맥스(주),금융업 아님,,금융업 아님 (표준산업분류),표준산업분류 20423 — 금융업 아님,20423
1-2b 명단 밖 코스피 모회사의 종속,(주)한가람포닉스,(주)이수화학                             ,금융 키워드 없음,,비금융 추정 (코드·키워드 없음),코드 없음·금융 키워드 없음 — 비금융 추정 (검토 파일 확인),
1-2b 명단 밖 코스피 모회사의 종속,에이치엔엘트랜스 주식회사,에이치엠엠(주) ,금융업 아님,,금융업 아님 (표준산업분류),표준산업분류 5299 — 금융업 아님,5299
1-2b 명단 밖 코스피 모회사의 종속,LS파워솔루션㈜,엘에스일렉트릭 주식회사,금융업 아님,,금융업 아님 (표준산업분류),표준산업분류 2812 — 금융업 아님,2812
1-2b 명단 밖 코스피 모회사의 종속,디에스케이피에프브이(주),(주)대우건설,금융업 아님,,금융업 아님 (표준산업분류),표준산업분류 41112 — 금융업 아님,41112
1-2b 명단 밖 코스피 모회사의 종속,㈜데이콤크로싱,(주)LG유플러스,금융업 아님,,금융업 아님 (표준산업분류),표준산업분류 61210 — 금융업 아님,61210
1-2b 명단 밖 코스피 모회사의 종속,인천글로벌물류센터㈜,(주)한진,금융업 아님,,금융업 아님 (표준산업분류),표준산업분류 5210 — 금융업 아님,5210
1-2b 명단 밖 코스피 모회사의 종속,코스맥스네오㈜,코스맥스(주),금융업 아님,,금융업 아님 (표준산업분류),표준산업분류 20423 — 금융업 아님,20423
1-2b 명단 밖 코스피 모회사의 종속,페코시티,(주)한국종합기술,금융 키워드 없음,,비금융 추정 (코드·키워드 없음),코드 없음·금융 키워드 없음 — 비금융 추정 (검토 파일 확인),
1-2b 명단 밖 코스피 모회사의 종속,부산글로벌물류센터㈜,(주)한진,금융업 아님,,금융업 아님 (표준산업분류),표준산업분류 52101 — 금융업 아님,52101
1-2b 명단 밖 코스피 모회사의 종속,카페스(주),한국전력공사(주),금융업 아님,,금융업 아님 (표준산업분류),표준산업분류 72129 — 금융업 아님,72129
1-2b 명단 밖 코스피 모회사의 종속,한전KPS(주),한국전력공사(주),금융업 아님,,금융업 아님 (표준산업분류),표준산업분류 42311 — 금융업 아님,42311
1-2b 명단 밖 코스피 모회사의 종속,씨엑스솔루션 주식회사,엘에스일렉트릭 주식회사,금융업 아님,,금융업 아님 (표준산업분류),표준산업분류 28123 — 금융업 아님,28123
1-2b 명단 밖 코스피 모회사의 종속,한국전력기술(주),한국전력공사(주),금융 키워드 없음,,비금융 추정 (코드·키워드 없음),코드 없음·금융 키워드 없음 — 비금융 추정 (검토 파일 확인),
1-2b 명단 밖 코스피 모회사의 종속,전남해상풍력㈜,SK이노베이션(주),금융업 아님,,금융업 아님 (표준산업분류),표준산업분류 35119 — 금융업 아님,35119
1-2b 명단 밖 코스피 모회사의 종속,덕평랜드㈜,코오롱글로벌(주),금융업 아님,,금융업 아님 (표준산업분류),표준산업분류 68112 — 금융업 아님,68112
1-2b 명단 밖 코스피 모회사의 종속,SK실트론(주),SK(주),금융업 아님,,금융업 아님 (표준산업분류),표준산업분류 2612 — 금융업 아님,2612
1-2b 명단 밖 코스피 모회사의 종속,에스케이플러그하이버스㈜,SK이노베이션(주),금융 키워드 없음,,비금융 추정 (코드·키워드 없음),코드 없음·금융 키워드 없음 — 비금융 추정 (검토 파일 확인),
1-2b 명단 밖 코스피 모회사의 종속,파주에너지서비스㈜,SK이노베이션(주),금융업 아님,,금융업 아님 (표준산업분류),표준산업분류 35113 — 금융업 아님,35113
1-2b 명단 밖 코스피 모회사의 종속,(주)에스엘미러텍,에스엘(주),금융업 아님,,금융업 아님 (표준산업분류),표준산업분류 2311 — 금융업 아님,2311
1-2b 명단 밖 코스피 모회사의 종속,케이스마트양식(주),동원산업(주),금융업 아님,,금융업 아님 (표준산업분류),표준산업분류 0321 — 금융업 아님,0321
1-2b 명단 밖 코스피 모회사의 종속,웨스트사이드로지스틱스(주),SGC에너지(주),금융업 아님,,금융업 아님 (표준산업분류),표준산업분류 52102 — 금융업 아님,52102
1-2b 명단 밖 코스피 모회사의 종속,㈜마이크로알지에스크어스,대상홀딩스(주),금융 키워드 없음,,비금융 추정 (코드·키워드 없음),코드 없음·금융 키워드 없음 — 비금융 추정 (검토 파일 확인),
1-2b 명단 밖 코스피 모회사의 종속,㈜에이치밸리,한화솔루션(주),금융업 아님,,금융업 아님 (표준산업분류),표준산업분류 68 — 금융업 아님,68
1-2b 명단 밖 코스피 모회사의 종속,㈜안연케어,(주)아이마켓코리아,금융업 아님,,금융업 아님 (표준산업분류),표준산업분류 46441 — 금융업 아님,46441
1-2b 명단 밖 코스피 모회사의 종속,헤텍스,(주)에넥스,금융 키워드 없음,,비금융 추정 (코드·키워드 없음),코드 없음·금융 키워드 없음 — 비금융 추정 (검토 파일 확인),
1-2b 명단 밖 코스피 모회사의 종속,(주)후레쉬미트,(주)지에스피앤엘,금융업 아님,,금융업 아님 (표준산업분류),표준산업분류 47212 — 금융업 아님,47212
1-2b 명단 밖 코스피 모회사의 종속,대산항만운영㈜,(주)동방,금융업 아님,,금융업 아님 (표준산업분류),표준산업분류 52942 — 금융업 아님,52942
1-2b 명단 밖 코스피 모회사의 종속,주식회사 채화,(주)잇츠한불,금융 키워드 없음,,비금융 추정 (코드·키워드 없음),코드 없음·금융 키워드 없음 — 비금융 추정 (검토 파일 확인),
1-2b 명단 밖 코스피 모회사의 종속,안휘국제경전기계(유),주식회사 티와이엠,금융 키워드 없음,,비금융 추정 (코드·키워드 없음),코드 없음·금융 키워드 없음 — 비금융 추정 (검토 파일 확인),
1-2b 명단 밖 코스피 모회사의 종속,에이치앤지케미칼 주식회사,한화솔루션(주),금융업 아님,,금융업 아님 (표준산업분류),표준산업분류 20202 — 금융업 아님,20202
1-2b 명단 밖 코스피 모회사의 종속,그린에어,현대제철(주),금융업 아님,,금융업 아님 (표준산업분류),표준산업분류 35200 — 금융업 아님,35200
1-2b 명단 밖 코스피 모회사의 종속,㈜에스파워,삼천리(주),금융업 아님,,금융업 아님 (표준산업분류),표준산업분류 35113 — 금융업 아님,35113
1-2b 명단 밖 코스피 모회사의 종속,창원복합행정타운개발 주식회사,(주)태영건설,금융업 아님,,금융업 아님 (표준산업분류),표준산업분류 71600 — 금융업 아님,71600
1-2b 명단 밖 코스피 모회사의 종속,효성하이드로젠(주),효성중공업(주),금융업 아님,,금융업 아님 (표준산업분류),표준산업분류 47712 — 금융업 아님,47712
1-2b 명단 밖 코스피 모회사의 종속,엘지마그나 이파워트레인㈜,LG전자(주),금융업 아님,,금융업 아님 (표준산업분류),표준산업분류 28111 — 금융업 아님,28111
1-2b 명단 밖 코스피 모회사의 종속,한로해운㈜,흥아해운(주),금융업 아님,,금융업 아님 (표준산업분류),표준산업분류 52992 — 금융업 아님,52992
1-2b 명단 밖 코스피 모회사의 종속,종근당건강,(주)종근당홀딩스,금융업 아님,,금융업 아님 (표준산업분류),표준산업분류 10895 — 금융업 아님,10895
1-2b 명단 밖 코스피 모회사의 종속,벨커뮤니케이션즈,(주)종근당홀딩스,금융업 아님,,금융업 아님 (표준산업분류),표준산업분류 7131 — 금융업 아님,7131
1-2b 명단 밖 코스피 모회사의 종속,한국나가노㈜,(주)우진,금융 키워드 없음,,비금융 추정 (코드·키워드 없음),코드 없음·금융 키워드 없음 — 비금융 추정 (검토 파일 확인),
1-2b 명단 밖 코스피 모회사의 종속,㈜브랙스스페이스,(주)보령,금융 키워드 없음,,비금융 추정 (코드·키워드 없음),코드 없음·금융 키워드 없음 — 비금융 추정 (검토 파일 확인),
1-2b 명단 밖 코스피 모회사의 종속,씨제이에이치디씨비오솔(주),에이치디씨현대이피(주),금융업 아님,,금융업 아님 (표준산업분류),표준산업분류 20202 — 금융업 아님,20202
1-2b 명단 밖 코스피 모회사의 종속,용원개발(주),(주)MH에탄올,금융업 아님,,금융업 아님 (표준산업분류),표준산업분류 91121 — 금융업 아님,91121
1-2b 명단 밖 코스피 모회사의 종속,㈜과천상상피에프브이,(주)케이티앤지,금융업 아님,,금융업 아님 (표준산업분류),표준산업분류 68122 — 금융업 아님,68122
1-2b 명단 밖 코스피 모회사의 종속,에스엔에이전자 주식회사,삼영전자공업(주),금융 키워드 없음,,비금융 추정 (코드·키워드 없음),코드 없음·금융 키워드 없음 — 비금융 추정 (검토 파일 확인),
1-2b 명단 밖 코스피 모회사의 종속,(주)바이옥스,(주)한솔케미칼,금융업 아님,,금융업 아님 (표준산업분류),표준산업분류 2049 — 금융업 아님,2049
1-2b 명단 밖 코스피 모회사의 종속,영광백수풍력발전(주),금호석유화학(주),금융업 아님,,금융업 아님 (표준산업분류),표준산업분류 3511 — 금융업 아님,3511
1-2b 명단 밖 코스피 모회사의 종속,에코윈,동아에스티(주),금융업 아님,,금융업 아님 (표준산업분류),표준산업분류 2032 — 금융업 아님,2032
1-2b 명단 밖 코스피 모회사의 종속,(주)에프씨스페셜티,(주)후성,금융 키워드 없음,,비금융 추정 (코드·키워드 없음),코드 없음·금융 키워드 없음 — 비금융 추정 (검토 파일 확인),
1-2b 명단 밖 코스피 모회사의 종속,대한소결금속㈜,주식회사 시알홀딩스,금융업 아님,,금융업 아님 (표준산업분류),표준산업분류 25911 — 금융업 아님,25911
1-2b 명단 밖 코스피 모회사의 종속,주식회사 엘지에니바이오리파이닝,(주)LG화학,금융업 아님,,금융업 아님 (표준산업분류),표준산업분류 20495 — 금융업 아님,20495
1-2b 명단 밖 코스피 모회사의 종속,디피니션㈜,(주)대교,금융 키워드 없음,,비금융 추정 (코드·키워드 없음),코드 없음·금융 키워드 없음 — 비금융 추정 (검토 파일 확인),
1-2b 명단 밖 코스피 모회사의 종속,세종에이엠씨(주),극동유화(주),금융업 아님,,금융업 아님 (표준산업분류),표준산업분류 4112 — 금융업 아님,4112
1-2b 명단 밖 코스피 모회사의 종속,새로엠에스㈜,일동홀딩스(주),금융 키워드 없음,,비금융 추정 (코드·키워드 없음),코드 없음·금융 키워드 없음 — 비금융 추정 (검토 파일 확인),
1-2b 명단 밖 코스피 모회사의 종속,㈜인더모션,(주)서연이화,금융 키워드 없음,,비금융 추정 (코드·키워드 없음),코드 없음·금융 키워드 없음 — 비금융 추정 (검토 파일 확인),
1-2b 명단 밖 코스피 모회사의 종속,주식회사 디엔씨배터리솔루션,디와이덕양(주),금융 키워드 없음,,비금융 추정 (코드·키워드 없음),코드 없음·금융 키워드 없음 — 비금융 추정 (검토 파일 확인),
1-2b 명단 밖 코스피 모회사의 종속,주식회사 엘지에이치와이비씨엠,(주)LG화학,금융업 아님,,금융업 아님 (표준산업분류),표준산업분류 20129 — 금융업 아님,20129
1-2b 명단 밖 코스피 모회사의 종속,성서그린에너지,주식회사 신성이엔지,금융 키워드 없음,,비금융 추정 (코드·키워드 없음),코드 없음·금융 키워드 없음 — 비금융 추정 (검토 파일 확인),
1-2b 명단 밖 코스피 모회사의 종속,에스케이피아이씨글로벌(주),SKC(주),금융업 아님,,금융업 아님 (표준산업분류),표준산업분류 201 — 금융업 아님,201
1-2b 명단 밖 코스피 모회사의 종속,(주)하이앤드,(주)유니켐,금융업 아님,,금융업 아님 (표준산업분류),표준산업분류 41210 — 금융업 아님,41210
1-2b 명단 밖 코스피 모회사의 종속,씨제이씨지브이(주),CJ(주),금융 키워드 없음,,비금융 추정 (코드·키워드 없음),코드 없음·금융 키워드 없음 — 비금융 추정 (검토 파일 확인),
1-2b 명단 밖 코스피 모회사의 종속,하이트진로(주),하이트진로홀딩스(주),금융업 아님,,금융업 아님 (표준산업분류),표준산업분류 11122 — 금융업 아님,11122
1-2b 명단 밖 코스피 모회사의 종속,㈜웅진휴캄,(주)웅진,금융업 아님,,금융업 아님 (표준산업분류),표준산업분류 46443 — 금융업 아님,46443
1-2b 명단 밖 코스피 모회사의 종속,네이버핸즈 주식회사,네이버(주),금융업 아님,,금융업 아님 (표준산업분류),표준산업분류 759 — 금융업 아님,759
1-2b 명단 밖 코스피 모회사의 종속,GS글로벌,(주)GS,금융업 아님,,금융업 아님 (표준산업분류),표준산업분류 468 — 금융업 아님,468
1-2b 명단 밖 코스피 모회사의 종속,대성축산 영농조합법인,(주)팜스코,금융 키워드 없음,,비금융 추정 (코드·키워드 없음),코드 없음·금융 키워드 없음 — 비금융 추정 (검토 파일 확인),
1-2b 명단 밖 코스피 모회사의 종속,대웅테라퓨틱스,(주)대웅,금융 키워드 없음,,비금융 추정 (코드·키워드 없음),코드 없음·금융 키워드 없음 — 비금융 추정 (검토 파일 확인),
1-2b 명단 밖 코스피 모회사의 종속,㈜카카오스타일,(주)카카오,금융업 아님,,금융업 아님 (표준산업분류),표준산업분류 58222 — 금융업 아님,58222
1-2b 명단 밖 코스피 모회사의 종속,㈜영원무역,(주)영원무역홀딩스,금융업 아님,,금융업 아님 (표준산업분류),표준산업분류 46800 — 금융업 아님,46800
1-2b 명단 밖 코스피 모회사의 종속,㈜링키지랩,(주)카카오,금융업 아님,,금융업 아님 (표준산업분류),표준산업분류 63120 — 금융업 아님,63120
1-2b 명단 밖 코스피 모회사의 종속,진양폴리우레탄,(주)진양홀딩스,금융업 아님,,금융업 아님 (표준산업분류),표준산업분류 22259 — 금융업 아님,22259
1-2b 명단 밖 코스피 모회사의 종속,(주)노루오토코팅,(주)노루홀딩스,금융업 아님,,금융업 아님 (표준산업분류),표준산업분류 20411 — 금융업 아님,20411
1-2b 명단 밖 코스피 모회사의 종속,㈜케이티스카이라이프,(주)케이티,금융업 아님,,금융업 아님 (표준산업분류),표준산업분류 60229 — 금융업 아님,60229
1-2b 명단 밖 코스피 모회사의 종속,(주)노루페인트,(주)노루홀딩스,금융업 아님,,금융업 아님 (표준산업분류),표준산업분류 20411 — 금융업 아님,20411
1-2b 명단 밖 코스피 모회사의 종속,㈜청운농업회사법인,(주)선진,금융업 아님,,금융업 아님 (표준산업분류),표준산업분류 01220 — 금융업 아님,01220
1-2b 명단 밖 코스피 모회사의 종속,한세실업(주),한세예스24홀딩스(주),금융업 아님,,금융업 아님 (표준산업분류),표준산업분류 14199 — 금융업 아님,14199
1-2b 명단 밖 코스피 모회사의 종속,(주)제주항공,AK홀딩스(주),금융업 아님,,금융업 아님 (표준산업분류),표준산업분류 511 — 금융업 아님,511
1-2b 명단 밖 코스피 모회사의 종속,(주)모모랩스,(주)메타케어,금융 키워드 없음,,비금융 추정 (코드·키워드 없음),코드 없음·금융 키워드 없음 — 비금융 추정 (검토 파일 확인),
1-2b 명단 밖 코스피 모회사의 종속,(주)엠제이비전테크,평화홀딩스(주),금융 키워드 없음,,비금융 추정 (코드·키워드 없음),코드 없음·금융 키워드 없음 — 비금융 추정 (검토 파일 확인),
1-2b 명단 밖 코스피 모회사의 종속,(주)제네웰,(주)동성케미컬,금융업 아님,,금융업 아님 (표준산업분류),표준산업분류 21309 — 금융업 아님,21309
1-2b 명단 밖 코스피 모회사의 종속,케이씨엘엔지테크 주식회사,한국가스공사(주),금융업 아님,,금융업 아님 (표준산업분류),표준산업분류 72129 — 금융업 아님,72129
1-2b 명단 밖 코스피 모회사의 종속,케이에스피,금강공업(주),금융업 아님,,금융업 아님 (표준산업분류),표준산업분류 29271 — 금융업 아님,29271
1-2b 명단 밖 코스피 모회사의 종속,(주)한주,대한유화(주),금융업 아님,,금융업 아님 (표준산업분류),표준산업분류 29175 — 금융업 아님,29175
1-2b 명단 밖 코스피 모회사의 종속,(주)세아제강,(주)세아제강지주,금융업 아님,,금융업 아님 (표준산업분류),표준산업분류 2413 — 금융업 아님,2413
1-2b 명단 밖 코스피 모회사의 종속,㈜한국프리시전웍스,한국타이어앤테크놀로지(주),금융업 아님,,금융업 아님 (표준산업분류),표준산업분류 29293 — 금융업 아님,29293
1-2b 명단 밖 코스피 모회사의 종속,(주)한솔오리온텍,한솔테크닉스(주),금융업 아님,,금융업 아님 (표준산업분류),표준산업분류 31114 — 금융업 아님,31114
1-2b 명단 밖 코스피 모회사의 종속,일진다이아몬드(주),일진홀딩스(주),금융 키워드 없음,,비금융 추정 (코드·키워드 없음),코드 없음·금융 키워드 없음 — 비금융 추정 (검토 파일 확인),
1-2b 명단 밖 코스피 모회사의 종속,현대리어스 주식회사,현대코퍼레이션(주),금융 키워드 없음,,비금융 추정 (코드·키워드 없음),코드 없음·금융 키워드 없음 — 비금융 추정 (검토 파일 확인),
1-2b 명단 밖 코스피 모회사의 종속,㈜녹십자,(주)녹십자홀딩스,금융업 아님,,금융업 아님 (표준산업분류),표준산업분류 212 — 금융업 아님,212
1-2b 명단 밖 코스피 모회사의 종속,희망빛발전(주),한국전력공사(주),금융업 아님,,금융업 아님 (표준산업분류),표준산업분류 3511 — 금융업 아님,3511
1-2b 명단 밖 코스피 모회사의 종속,주식회사 안컴퍼니,(주)MDS스피어,금융 키워드 없음,,비금융 추정 (코드·키워드 없음),코드 없음·금융 키워드 없음 — 비금융 추정 (검토 파일 확인),
1-2b 명단 밖 코스피 모회사의 종속,삼양케이씨아이,(주)삼양사,금융업 아님,,금융업 아님 (표준산업분류),표준산업분류 20421 — 금융업 아님,20421
1-2b 명단 밖 코스피 모회사의 종속,예스이십사(주),한세예스24홀딩스(주),금융 키워드 없음,,비금융 추정 (코드·키워드 없음),코드 없음·금융 키워드 없음 — 비금융 추정 (검토 파일 확인),
1-2b 명단 밖 코스피 모회사의 종속,㈜미래넷,(주)윌비스,금융업 아님,,금융업 아님 (표준산업분류),표준산업분류 68112 — 금융업 아님,68112
1-3A 대기업집단 비상장,(유)더이로운파트너스,오리온,신탁·집합투자,0.02,규모 (자산 2조 미만),자산 2조 미만 — 2026-09-30 결정,
1-3A 대기업집단 비상장,(유)로터스원,효성,그외 기타 금융,0.02,규모 (자산 2조 미만),자산 2조 미만 — 2026-09-30 결정,
1-3A 대기업집단 비상장,(유)티엔에이엠,토스,그외 기타 금융,0.0,규모 (자산 2조 미만),자산 2조 미만 — 2026-09-30 결정,
1-3A 대기업집단 비상장,(주)농심캐피탈,농심,카드·할부금융,0.34,규모 (자산 2조 미만),자산 2조 미만 — 2026-09-30 결정,
1-3A 대기업집단 비상장,(주)대신저축은행,대신,저축은행·신협,2.24,중복 (이미 명단·다른 지배회사·옛 이름),이미 명단에 있음 — 법인등록번호 일치,
1-3A 대기업집단 비상장,(주)대한저축은행,대광,저축은행·신협,0.51,규모 (자산 2조 미만),자산 2조 미만 — 2026-09-30 결정,
1-3A 대기업집단 비상장,(주)더금융서비스,대명화학,보험 관련 서비스,0.01,규모 (자산 2조 미만),자산 2조 미만 — 2026-09-30 결정,
1-3A 대기업집단 비상장,(주)더블저축은행,라인,저축은행·신협,0.48,규모 (자산 2조 미만),자산 2조 미만 — 2026-09-30 결정,
1-3A 대기업집단 비상장,(주)더블캐피탈,라인,카드·할부금융,0.02,규모 (자산 2조 미만),자산 2조 미만 — 2026-09-30 결정,
1-3A 대기업집단 비상장,(주)더블파이낸스대부,라인,여신금융,0.02,규모 (자산 2조 미만),자산 2조 미만 — 2026-09-30 결정,
1-3A 대기업집단 비상장,(주)두산인베스트먼트,두산,신탁·집합투자,0.01,중복 (이미 명단·다른 지배회사·옛 이름),이미 명단에 있음 — 법인등록번호 일치,
1-3A 대기업집단 비상장,(주)디비기술투자,DB,여신금융,0.01,중복 (이미 명단·다른 지배회사·옛 이름),이미 명단에 있음 — 법인등록번호 일치,
1-3A 대기업집단 비상장,(주)디비저축은행,DB,저축은행·신협,3.13,중복 (이미 명단·다른 지배회사·옛 이름),이미 명단에 있음 — 법인등록번호 일치,
1-3A 대기업집단 비상장,(주)디아이에셋,BS,신탁·집합투자,0.0,규모 (자산 2조 미만),자산 2조 미만 — 2026-09-30 결정,
1-3A 대기업집단 비상장,(주)리드,이랜드,보험 관련 서비스,0.0,규모 (자산 2조 미만),자산 2조 미만 — 2026-09-30 결정,
1-3A 대기업집단 비상장,(주)마이금융파트너,현대해상화재보험,보험 관련 서비스,0.03,규모 (자산 2조 미만),자산 2조 미만 — 2026-09-30 결정,
1-3A 대기업집단 비상장,(주)모비딕벤처스,대광,신탁·집합투자,0.0,규모 (자산 2조 미만),자산 2조 미만 — 2026-09-30 결정,
1-3A 대기업집단 비상장,(주)모비딕자산운용,대광,신탁·집합투자,0.01,규모 (자산 2조 미만),자산 2조 미만 — 2026-09-30 결정,
1-3A 대기업집단 비상장,(주)본엔젤스벤처파트너스,크래프톤,신탁·집합투자,0.67,규모 (자산 2조 미만),자산 2조 미만 — 2026-09-30 결정,
1-3A 대기업집단 비상장,(주)브라이튼자산운용,신영,신탁·집합투자,0.0,규모 (자산 2조 미만),자산 2조 미만 — 2026-09-30 결정,
1-3A 대기업집단 비상장,(주)브레이브뉴인베스트먼트,DN,신탁·집합투자,0.01,규모 (자산 2조 미만),자산 2조 미만 — 2026-09-30 결정,
1-3A 대기업집단 비상장,(주)블루코너캐피탈,삼천리,카드·할부금융,0.16,규모 (자산 2조 미만),자산 2조 미만 — 2026-09-30 결정,
1-3A 대기업집단 비상장,(주)빗썸인베스트먼트,빗썸,신탁·집합투자,0.01,규모 (자산 2조 미만),자산 2조 미만 — 2026-09-30 결정,
1-3A 대기업집단 비상장,(주)삼성생명금융서비스,삼성,보험 관련 서비스,0.16,규모 (자산 2조 미만),자산 2조 미만 — 2026-09-30 결정,
1-3A 대기업집단 비상장,(주)삼성화재금융서비스보험대리점,삼성,보험 관련 서비스,0.09,규모 (자산 2조 미만),자산 2조 미만 — 2026-09-30 결정,
1-3A 대기업집단 비상장,(주)삼천리인베스트먼트,삼천리,신탁·집합투자,0.03,중복 (이미 명단·다른 지배회사·옛 이름),이미 명단에 있음 — 법인등록번호 일치,
1-3A 대기업집단 비상장,(주)세아기술투자,세아,그외 기타 금융,0.01,중복 (이미 명단·다른 지배회사·옛 이름),이미 명단에 있음 — 법인등록번호 일치,
1-3A 대기업집단 비상장,(주)스마일페이먼츠,신세계,금융지원 서비스,0.23,규모 (자산 2조 미만),자산 2조 미만 — 2026-09-30 결정,
1-3A 대기업집단 비상장,(주)스마트로,케이티,금융지원 서비스,0.23,규모 (자산 2조 미만),자산 2조 미만 — 2026-09-30 결정,
1-3A 대기업집단 비상장,(주)시그나이트,신세계,그외 기타 금융,0.03,규모 (자산 2조 미만),자산 2조 미만 — 2026-09-30 결정,
1-3A 대기업집단 비상장,(주)씨앤피컴퍼니,오케이금융그룹,신탁·집합투자,0.0,규모 (자산 2조 미만),자산 2조 미만 — 2026-09-30 결정,
1-3A 대기업집단 비상장,(주)아네모이,삼천리,신탁·집합투자,0.06,규모 (자산 2조 미만),자산 2조 미만 — 2026-09-30 결정,
1-3A 대기업집단 비상장,(주)아네모이제3호,삼천리,신탁·집합투자,0.03,규모 (자산 2조 미만),자산 2조 미만 — 2026-09-30 결정,
1-3A 대기업집단 비상장,(주)아이에프씨그룹,한화,보험 관련 서비스,0.05,규모 (자산 2조 미만),자산 2조 미만 — 2026-09-30 결정,
1-3A 대기업집단 비상장,(주)어센틱금융그룹,대명화학,보험 관련 서비스,0.09,규모 (자산 2조 미만),자산 2조 미만 — 2026-09-30 결정,
1-3A 대기업집단 비상장,(주)에스에스지페이먼츠,신세계,금융지원 서비스,0.27,규모 (자산 2조 미만),자산 2조 미만 — 2026-09-30 결정,
1-3A 대기업집단 비상장,(주)에스엠컬처파트너스,카카오,신탁·집합투자,0.05,규모 (자산 2조 미만),자산 2조 미만 — 2026-09-30 결정,
1-3A 대기업집단 비상장,(주)에스퓨처스,삼천리,그외 기타 금융,0.01,중복 (이미 명단·다른 지배회사·옛 이름),이미 명단에 있음 — 법인등록번호 일치,
1-3A 대기업집단 비상장,(주)에이치지이니셔티브,현대해상화재보험,신탁·집합투자,0.02,규모 (자산 2조 미만),자산 2조 미만 — 2026-09-30 결정,
1-3A 대기업집단 비상장,(주)에이치피피,세아,그외 기타 금융,0.13,규모 (자산 2조 미만),자산 2조 미만 — 2026-09-30 결정,
1-3A 대기업집단 비상장,(주)에이팩인베스터스,세아,그외 기타 금융,0.57,규모 (자산 2조 미만),자산 2조 미만 — 2026-09-30 결정,
1-3A 대기업집단 비상장,(주)에코캐피탈,하림,카드·할부금융,0.3,규모 (자산 2조 미만),자산 2조 미만 — 2026-09-30 결정,
1-3A 대기업집단 비상장,(주)에코프로파트너스,에코프로,신탁·집합투자,0.01,규모 (자산 2조 미만),자산 2조 미만 — 2026-09-30 결정,
1-3A 대기업집단 비상장,(주)엑스인하우징,오케이금융그룹,신탁·집합투자,0.04,규모 (자산 2조 미만),자산 2조 미만 — 2026-09-30 결정,
1-3A 대기업집단 비상장,(주)엔엑스브이피,넥슨,신탁·집합투자,0.02,규모 (자산 2조 미만),자산 2조 미만 — 2026-09-30 결정,
1-3A 대기업집단 비상장,(주)엘엑스벤처스,엘엑스,신탁·집합투자,0.01,규모 (자산 2조 미만),자산 2조 미만 — 2026-09-30 결정,
1-3A 대기업집단 비상장,(주)엠디엠오에프피오션홀딩스,엠디엠,그외 기타 금융,0.08,규모 (자산 2조 미만),자산 2조 미만 — 2026-09-30 결정,
1-3A 대기업집단 비상장,(주)엠디엠자산운용,엠디엠,신탁·집합투자,0.02,규모 (자산 2조 미만),자산 2조 미만 — 2026-09-30 결정,
1-3A 대기업집단 비상장,(주)오마앤코,고려에이치씨,그외 기타 금융,0.01,규모 (자산 2조 미만),자산 2조 미만 — 2026-09-30 결정,
1-3A 대기업집단 비상장,(주)오케이벤처스,오케이금융그룹,신탁·집합투자,0.0,규모 (자산 2조 미만),자산 2조 미만 — 2026-09-30 결정,
1-3A 대기업집단 비상장,(주)오케이인베스트먼트파트너스,오케이금융그룹,신탁·집합투자,0.24,규모 (자산 2조 미만),자산 2조 미만 — 2026-09-30 결정,
1-3A 대기업집단 비상장,(주)원업플러스,QCP그룹(舊 큐로홀딩스),금융지원 서비스,0.01,규모 (자산 2조 미만),자산 2조 미만 — 2026-09-30 결정,
1-3A 대기업집단 비상장,(주)이랜드투자자문,이랜드,금융지원 서비스,0.01,규모 (자산 2조 미만),자산 2조 미만 — 2026-09-30 결정,
1-3A 대기업집단 비상장,(주)일우파이낸스대부,사조,여신금융,0.04,규모 (자산 2조 미만),자산 2조 미만 — 2026-09-30 결정,
1-3A 대기업집단 비상장,(주)제니스금융그룹,대명화학,보험 관련 서비스,0.0,규모 (자산 2조 미만),자산 2조 미만 — 2026-09-30 결정,
1-3A 대기업집단 비상장,(주)지에스벤처스,지에스,신탁·집합투자,0.02,중복 (이미 명단·다른 지배회사·옛 이름),이미 명단에 있음 — 법인등록번호 일치,
1-3A 대기업집단 비상장,(주)카카오뱅크,카카오,은행,76.41,중복 (이미 명단·다른 지배회사·옛 이름),이미 명단에 있음 — 법인등록번호 일치,
1-3A 대기업집단 비상장,(주)카카오벤처스,카카오,신탁·집합투자,0.47,중복 (이미 명단·다른 지배회사·옛 이름),이미 명단에 있음 — 법인등록번호 일치,
1-3A 대기업집단 비상장,(주)카카오페이,카카오,금융지원 서비스,3.46,중복 (이미 명단·다른 지배회사·옛 이름),이미 명단에 있음 — 법인등록번호 일치,
1-3A 대기업집단 비상장,(주)카카오페이손해보험,카카오,손해보험,0.16,중복 (이미 명단·다른 지배회사·옛 이름),이미 명단에 있음 — 법인등록번호 일치,
1-3A 대기업집단 비상장,(주)카카오페이증권,카카오,증권,2.34,중복 (이미 명단·다른 지배회사·옛 이름),이미 명단에 있음 — 법인등록번호 일치,
1-3A 대기업집단 비상장,(주)케이뱅크,케이티,은행,31.86,중복 (이미 명단·다른 지배회사·옛 이름),이미 명단에 있음 — 법인등록번호 일치,
1-3A 대기업집단 비상장,(주)케이스마트인슈,KG,보험 관련 서비스,0.02,규모 (자산 2조 미만),자산 2조 미만 — 2026-09-30 결정,
1-3A 대기업집단 비상장,(주)케이지디지털에셋홀딩스,KG,그외 기타 금융,0.0,규모 (자산 2조 미만),자산 2조 미만 — 2026-09-30 결정,
1-3A 대기업집단 비상장,(주)케이지이니시스,KG,금융지원 서비스,0.96,규모 (자산 2조 미만),자산 2조 미만 — 2026-09-30 결정,
1-3A 대기업집단 비상장,(주)케이지파이낸셜,KG,금융지원 서비스,0.52,규모 (자산 2조 미만),자산 2조 미만 — 2026-09-30 결정,
1-3A 대기업집단 비상장,(주)케이큐브홀딩스,카카오,그외 기타 금융,2.9,지주·기금 (금융지주 아님),지주·개인 투자회사 — 금융지주회사법상 금융지주 아님,
1-3A 대기업집단 비상장,(주)케이티인베스트먼트,케이티,신탁·집합투자,0.03,중복 (이미 명단·다른 지배회사·옛 이름),이미 명단에 있음 — 법인등록번호 일치,
1-3A 대기업집단 비상장,(주)케이티투자운용,케이티,신탁·집합투자,0.13,규모 (자산 2조 미만),자산 2조 미만 — 2026-09-30 결정,
1-3A 대기업집단 비상장,(주)케이펙스자산운용,지에스,신탁·집합투자,0.0,규모 (자산 2조 미만),자산 2조 미만 — 2026-09-30 결정,
1-3A 대기업집단 비상장,(주)코너스톤투자파트너스,호반,신탁·집합투자,0.08,규모 (자산 2조 미만),자산 2조 미만 — 2026-09-30 결정,
1-3A 대기업집단 비상장,(주)코오롱인베스트먼트,코오롱,신탁·집합투자,0.08,규모 (자산 2조 미만),자산 2조 미만 — 2026-09-30 결정,
1-3A 대기업집단 비상장,(주)키움예스저축은행,다우키움,저축은행·신협,1.68,규모 (자산 2조 미만),자산 2조 미만 — 2026-09-30 결정,
1-3A 대기업집단 비상장,(주)키움저축은행,다우키움,저축은행·신협,1.9,중복 (이미 명단·다른 지배회사·옛 이름),이미 명단에 있음 — 법인등록번호 일치,
1-3A 대기업집단 비상장,(주)푸른인베스트먼트,사조,신탁·집합투자,0.01,규모 (자산 2조 미만),자산 2조 미만 — 2026-09-30 결정,
1-3A 대기업집단 비상장,(주)푸른저축은행,사조,저축은행·신협,1.56,규모 (자산 2조 미만),자산 2조 미만 — 2026-09-30 결정,
1-3A 대기업집단 비상장,(주)푸른파트너스자산운용,사조,신탁·집합투자,0.02,규모 (자산 2조 미만),자산 2조 미만 — 2026-09-30 결정,
1-3A 대기업집단 비상장,(주)플랜에이치벤처스,호반,신탁·집합투자,0.01,규모 (자산 2조 미만),자산 2조 미만 — 2026-09-30 결정,
1-3A 대기업집단 비상장,(주)한화저축은행,한화,저축은행·신협,1.34,중복 (이미 명단·다른 지배회사·옛 이름),이미 명단에 있음 — 법인등록번호 일치,
1-3A 대기업집단 비상장,(주)힐스프링인베스트먼트,유진,신탁·집합투자,0.01,규모 (자산 2조 미만),자산 2조 미만 — 2026-09-30 결정,
1-3A 대기업집단 비상장,2018큐씨피13호 사모투자합자회사,QCP그룹(舊 큐로홀딩스),그외 기타 금융,0.21,규모 (자산 2조 미만),자산 2조 미만 — 2026-09-30 결정,
1-3A 대기업집단 비상장,2021큐씨피제15호 사모투자합자회사,QCP그룹(舊 큐로홀딩스),그외 기타 금융,0.31,규모 (자산 2조 미만),자산 2조 미만 — 2026-09-30 결정,
1-3A 대기업집단 비상장,2024큐씨피16호 사모투자합자회사,QCP그룹(舊 큐로홀딩스),그외 기타 금융,0.02,규모 (자산 2조 미만),자산 2조 미만 — 2026-09-30 결정,
1-3A 대기업집단 비상장,2024큐씨피17호사모투자 합자회사,QCP그룹(舊 큐로홀딩스),그외 기타 금융,0.03,규모 (자산 2조 미만),자산 2조 미만 — 2026-09-30 결정,
1-3A 대기업집단 비상장,갤럭시아에프엔(주),효성,금융지원 서비스,0.0,규모 (자산 2조 미만),자산 2조 미만 — 2026-09-30 결정,
1-3A 대기업집단 비상장,교보라이프플래닛생명보험(주),교보생명보험,생명보험,0.68,규모 (자산 2조 미만),자산 2조 미만 — 2026-09-30 결정,
1-3A 대기업집단 비상장,교보악사자산운용(주),교보생명보험,신탁·집합투자,0.08,규모 (자산 2조 미만),자산 2조 미만 — 2026-09-30 결정,
1-3A 대기업집단 비상장,교보에이아이엠자산운용(주),교보생명보험,신탁·집합투자,0.02,규모 (자산 2조 미만),자산 2조 미만 — 2026-09-30 결정,
1-3A 대기업집단 비상장,교보자산신탁(주),교보생명보험,신탁·집합투자,0.91,규모 (자산 2조 미만),자산 2조 미만 — 2026-09-30 결정,
1-3A 대기업집단 비상장,교보증권(주),교보생명보험,증권,18.57,중복 (이미 명단·다른 지배회사·옛 이름),이미 명단에 있음 — 법인등록번호 일치,
1-3A 대기업집단 비상장,그랜드제오차(유),효성,그외 기타 금융,0.01,규모 (자산 2조 미만),자산 2조 미만 — 2026-09-30 결정,
1-3A 대기업집단 비상장,그랜드제육차(유),효성,그외 기타 금융,0.01,규모 (자산 2조 미만),자산 2조 미만 — 2026-09-30 결정,
1-3A 대기업집단 비상장,그랜드제칠차(유),효성,그외 기타 금융,0.04,규모 (자산 2조 미만),자산 2조 미만 — 2026-09-30 결정,
1-3A 대기업집단 비상장,그린파워제오차(유),효성,그외 기타 금융,0.0,규모 (자산 2조 미만),자산 2조 미만 — 2026-09-30 결정,
1-3A 대기업집단 비상장,글로벌강소기업키움엠앤에이전략창업벤처전문사모투자합자회사,다우키움,그외 기타 금융,0.03,규모 (자산 2조 미만),자산 2조 미만 — 2026-09-30 결정,
1-3A 대기업집단 비상장,내츄럴스푸드홀딩스(유),원익,신탁·집합투자,0.03,규모 (자산 2조 미만),자산 2조 미만 — 2026-09-30 결정,
1-3A 대기업집단 비상장,네이버파이낸셜(주),네이버,금융지원 서비스,4.42,중복 (이미 명단·다른 지배회사·옛 이름),이미 명단에 있음 — 법인등록번호 일치,
1-3A 대기업집단 비상장,대신그로쓰캡2024사모투자합자회사,대신,그외 기타 금융,0.08,규모 (자산 2조 미만),자산 2조 미만 — 2026-09-30 결정,
1-3A 대기업집단 비상장,대신에프앤아이(주),대신,그외 기타 금융,4.05,중복 (이미 명단·다른 지배회사·옛 이름),이미 명단에 있음 — 법인등록번호 일치,
1-3A 대기업집단 비상장,대신엡실론제1호사모투자합자회사,대신,그외 기타 금융,0.01,규모 (자산 2조 미만),자산 2조 미만 — 2026-09-30 결정,
1-3A 대기업집단 비상장,대신자산신탁(주),대신,신탁·집합투자,0.3,규모 (자산 2조 미만),자산 2조 미만 — 2026-09-30 결정,
1-3A 대기업집단 비상장,대신자산운용(주),대신,신탁·집합투자,0.06,중복 (이미 명단·다른 지배회사·옛 이름),이미 명단에 있음 — 법인등록번호 일치,
1-3A 대기업집단 비상장,대신증권(주),대신,증권,28.8,중복 (이미 명단·다른 지배회사·옛 이름),이미 명단에 있음 — 법인등록번호 일치,
1-3A 대기업집단 비상장,대신코인베스트먼트2017사모투자합자회사,대신,신탁·집합투자,0.07,규모 (자산 2조 미만),자산 2조 미만 — 2026-09-30 결정,
1-3A 대기업집단 비상장,대신코인베스트먼트2022제2호사모투자합자회사,대신,신탁·집합투자,0.17,규모 (자산 2조 미만),자산 2조 미만 — 2026-09-30 결정,
1-3A 대기업집단 비상장,대신프라이빗에쿼티(주),대신,신탁·집합투자,0.03,중복 (이미 명단·다른 지배회사·옛 이름),이미 명단에 있음 — 이름 일치(음역 변환),
1-3A 대기업집단 비상장,대신피에스모빌리티사모투자합자회사,대신,그외 기타 금융,0.03,규모 (자산 2조 미만),자산 2조 미만 — 2026-09-30 결정,
1-3A 대기업집단 비상장,더위브홀딩스(유),QCP그룹(舊 큐로홀딩스),그외 기타 금융,0.26,규모 (자산 2조 미만),자산 2조 미만 — 2026-09-30 결정,
1-3A 대기업집단 비상장,더제니스홀딩스(유),QCP그룹(舊 큐로홀딩스),그외 기타 금융,0.44,규모 (자산 2조 미만),자산 2조 미만 — 2026-09-30 결정,
1-3A 대기업집단 비상장,더케이저축은행(주),한국교직원공제회,저축은행·신협,0.98,규모 (자산 2조 미만),자산 2조 미만 — 2026-09-30 결정,
1-3A 대기업집단 비상장,동국인베스트먼트(주),동국제강,신탁·집합투자,0.01,중복 (이미 명단·다른 지배회사·옛 이름),이미 명단에 있음 — 이름 일치(음역 변환),
1-3A 대기업집단 비상장,동원기술투자(주),동원,여신금융,0.03,중복 (이미 명단·다른 지배회사·옛 이름),이미 명단에 있음 — 법인등록번호 일치,
1-3A 대기업집단 비상장,두나무앤파트너스(주),두나무,금융지원 서비스,0.51,규모 (자산 2조 미만),자산 2조 미만 — 2026-09-30 결정,
1-3A 대기업집단 비상장,두나무투자일임(주),두나무,금융지원 서비스,0.01,규모 (자산 2조 미만),자산 2조 미만 — 2026-09-30 결정,
1-3A 대기업집단 비상장,드림트리혁신성장제1호사모투자합자회사,두나무,신탁·집합투자,0.02,규모 (자산 2조 미만),자산 2조 미만 — 2026-09-30 결정,
1-3A 대기업집단 비상장,디비금융서비스(주),DB,보험 관련 서비스,0.01,규모 (자산 2조 미만),자산 2조 미만 — 2026-09-30 결정,
1-3A 대기업집단 비상장,디비생명보험(주),DB,생명보험,12.11,중복 (이미 명단·다른 지배회사·옛 이름),이미 명단에 있음 — 법인등록번호 일치,
1-3A 대기업집단 비상장,디비손해보험(주),DB,손해보험,59.41,중복 (이미 명단·다른 지배회사·옛 이름),이미 명단에 있음 — 법인등록번호 일치,
1-3A 대기업집단 비상장,디비씨앤에스자동차손해사정(주),DB,금융지원 서비스,0.02,규모 (자산 2조 미만),자산 2조 미만 — 2026-09-30 결정,
1-3A 대기업집단 비상장,디비씨에스아이손해사정(주),DB,보험 관련 서비스,0.02,규모 (자산 2조 미만),자산 2조 미만 — 2026-09-30 결정,
1-3A 대기업집단 비상장,디비씨에이에스손해사정(주),DB,보험 관련 서비스,0.02,규모 (자산 2조 미만),자산 2조 미만 — 2026-09-30 결정,
1-3A 대기업집단 비상장,디비엠앤에스(주),DB,보험 관련 서비스,0.03,규모 (자산 2조 미만),자산 2조 미만 — 2026-09-30 결정,
1-3A 대기업집단 비상장,디비일산(유),대방건설,그외 기타 금융,0.0,규모 (자산 2조 미만),자산 2조 미만 — 2026-09-30 결정,
1-3A 대기업집단 비상장,디비자동차보험손해사정(주),DB,보험 관련 서비스,0.03,규모 (자산 2조 미만),자산 2조 미만 — 2026-09-30 결정,
1-3A 대기업집단 비상장,디비자산운용(주),DB,신탁·집합투자,0.07,중복 (이미 명단·다른 지배회사·옛 이름),이미 명단에 있음 — 법인등록번호 일치,
1-3A 대기업집단 비상장,디비증권(주),DB,증권,10.77,중복 (이미 명단·다른 지배회사·옛 이름),이미 명단에 있음 — 법인등록번호 일치,
1-3A 대기업집단 비상장,디비캐피탈(주),DB,카드·할부금융,0.75,중복 (이미 명단·다른 지배회사·옛 이름),이미 명단에 있음 — 법인등록번호 일치,
1-3A 대기업집단 비상장,디에스엔피엘인베스트먼트대부(주),대신,신탁·집합투자,0.26,규모 (자산 2조 미만),자산 2조 미만 — 2026-09-30 결정,
1-3A 대기업집단 비상장,디케이일산(유),대방건설,그외 기타 금융,0.0,규모 (자산 2조 미만),자산 2조 미만 — 2026-09-30 결정,
1-3A 대기업집단 비상장,디티에이인베스트먼트(주),대신,신탁·집합투자,0.24,규모 (자산 2조 미만),자산 2조 미만 — 2026-09-30 결정,
1-3A 대기업집단 비상장,로지테크홀딩스(유),유진,그외 기타 금융,0.01,규모 (자산 2조 미만),자산 2조 미만 — 2026-09-30 결정,
1-3A 대기업집단 비상장,로터스프라이빗에쿼티(주),HL,신탁·집합투자,0.01,규모 (자산 2조 미만),자산 2조 미만 — 2026-09-30 결정,
1-3A 대기업집단 비상장,롯데벤처스(주),롯데,신탁·집합투자,0.02,규모 (자산 2조 미만),자산 2조 미만 — 2026-09-30 결정,
1-3A 대기업집단 비상장,롯데오토리스(주),롯데,여신금융,0.57,중복 (이미 명단·다른 지배회사·옛 이름),이미 명단에 있음 — 법인등록번호 일치,
1-3A 대기업집단 비상장,리싸이클린(유),유진,그외 기타 금융,0.02,규모 (자산 2조 미만),자산 2조 미만 — 2026-09-30 결정,
1-3A 대기업집단 비상장,메리츠현대인베스트먼트리얼에스테이트스트레티지제1호사모투자합자회사,현대해상화재보험,신탁·집합투자,0.32,규모 (자산 2조 미만),자산 2조 미만 — 2026-09-30 결정,
1-3A 대기업집단 비상장,미래에셋글로벌유니콘사모투자합자회사,미래에셋,그외 기타 금융,0.26,규모 (자산 2조 미만),자산 2조 미만 — 2026-09-30 결정,
1-3A 대기업집단 비상장,미래에셋금융서비스(주),미래에셋,보험 관련 서비스,0.16,규모 (자산 2조 미만),자산 2조 미만 — 2026-09-30 결정,
1-3A 대기업집단 비상장,미래에셋네이버아시아그로쓰사모투자합자회사,미래에셋,그외 기타 금융,0.29,규모 (자산 2조 미만),자산 2조 미만 — 2026-09-30 결정,
1-3A 대기업집단 비상장,미래에셋벤처투자(주),미래에셋,신탁·집합투자,0.38,중복 (이미 명단·다른 지배회사·옛 이름),이미 명단에 있음 — 법인등록번호 일치,
1-3A 대기업집단 비상장,미래에셋생명보험(주),미래에셋,보험 관련 서비스,32.86,중복 (이미 명단·다른 지배회사·옛 이름),이미 명단에 있음 — 법인등록번호 일치,
1-3A 대기업집단 비상장,미래에셋위반도체1호창업벤처전문사모투자합자회사,미래에셋,그외 기타 금융,0.08,규모 (자산 2조 미만),자산 2조 미만 — 2026-09-30 결정,
1-3A 대기업집단 비상장,미래에셋이노베이션엑스원(유),미래에셋,그외 기타 금융,0.3,규모 (자산 2조 미만),자산 2조 미만 — 2026-09-30 결정,
1-3A 대기업집단 비상장,미래에셋증권(주),미래에셋,증권,108.79,중복 (이미 명단·다른 지배회사·옛 이름),이미 명단에 있음 — 법인등록번호 일치,
1-3A 대기업집단 비상장,미래에셋큐리어스구조혁신기업재무안정 사모투자합자회사,미래에셋,그외 기타 금융,0.02,규모 (자산 2조 미만),자산 2조 미만 — 2026-09-30 결정,
1-3A 대기업집단 비상장,미래에셋파트너스사모투자합자회사,미래에셋,신탁·집합투자,0.14,규모 (자산 2조 미만),자산 2조 미만 — 2026-09-30 결정,
1-3A 대기업집단 비상장,미래에셋파트너스사호사모투자전문회사,미래에셋,신탁·집합투자,0.0,규모 (자산 2조 미만),자산 2조 미만 — 2026-09-30 결정,
1-3A 대기업집단 비상장,미래에셋파트너스오호사모투자전문회사,미래에셋,신탁·집합투자,0.0,규모 (자산 2조 미만),자산 2조 미만 — 2026-09-30 결정,
1-3A 대기업집단 비상장,미래에셋파트너스제11호사모투자합자회사,미래에셋,신탁·집합투자,0.29,규모 (자산 2조 미만),자산 2조 미만 — 2026-09-30 결정,
1-3A 대기업집단 비상장,미래에셋파트너스제구호사모투자합자회사,미래에셋,신탁·집합투자,0.19,규모 (자산 2조 미만),자산 2조 미만 — 2026-09-30 결정,
1-3A 대기업집단 비상장,범농협애그테크상생혁신사모투자합자회사,농협,그외 기타 금융,0.04,규모 (자산 2조 미만),자산 2조 미만 — 2026-09-30 결정,
1-3A 대기업집단 비상장,베스트레드(유),효성,그외 기타 금융,0.02,규모 (자산 2조 미만),자산 2조 미만 — 2026-09-30 결정,
1-3A 대기업집단 비상장,베스트블루(유),효성,그외 기타 금융,0.02,규모 (자산 2조 미만),자산 2조 미만 — 2026-09-30 결정,
1-3A 대기업집단 비상장,베스트퍼플(유),효성,그외 기타 금융,0.02,규모 (자산 2조 미만),자산 2조 미만 — 2026-09-30 결정,
1-3A 대기업집단 비상장,보광인베스트먼트 (주),BGF,신탁·집합투자,0.02,규모 (자산 2조 미만),자산 2조 미만 — 2026-09-30 결정,
1-3A 대기업집단 비상장,뷰티라이프원(유),태광,금융지원 서비스,0.18,규모 (자산 2조 미만),자산 2조 미만 — 2026-09-30 결정,
1-3A 대기업집단 비상장,뷰티라이프홀딩스(유),태광,금융지원 서비스,0.0,규모 (자산 2조 미만),자산 2조 미만 — 2026-09-30 결정,
1-3A 대기업집단 비상장,브이아이피사모주식형펀드일호,넥슨,신탁·집합투자,0.05,규모 (자산 2조 미만),자산 2조 미만 — 2026-09-30 결정,
1-3A 대기업집단 비상장,브이피(주),케이티,금융지원 서비스,0.1,규모 (자산 2조 미만),자산 2조 미만 — 2026-09-30 결정,
1-3A 대기업집단 비상장,블루월넛(주),현대자동차,금융지원 서비스,0.09,규모 (자산 2조 미만),자산 2조 미만 — 2026-09-30 결정,
1-3A 대기업집단 비상장,비씨카드(주),케이티,카드·할부금융,6.29,중복 (이미 명단·다른 지배회사·옛 이름),이미 명단에 있음 — 법인등록번호 일치,
1-3A 대기업집단 비상장,비엔더블유키움엔이엑스사모투자합자회사,다우키움,그외 기타 금융,0.01,규모 (자산 2조 미만),자산 2조 미만 — 2026-09-30 결정,
1-3A 대기업집단 비상장,비콜렉트대부(주),오케이금융그룹,여신금융,0.02,규모 (자산 2조 미만),자산 2조 미만 — 2026-09-30 결정,
1-3A 대기업집단 비상장,비티에스 제1호 사모투자 합자회사,삼천리,신탁·집합투자,0.18,규모 (자산 2조 미만),자산 2조 미만 — 2026-09-30 결정,
1-3A 대기업집단 비상장,비티에스 제2호 사모투자 합자회사,삼천리,신탁·집합투자,0.04,규모 (자산 2조 미만),자산 2조 미만 — 2026-09-30 결정,
1-3A 대기업집단 비상장,비티에스제2호의1 사모투자합자회사,삼천리,신탁·집합투자,0.02,규모 (자산 2조 미만),자산 2조 미만 — 2026-09-30 결정,
1-3A 대기업집단 비상장,삼성벤처투자(주),삼성,신탁·집합투자,0.26,규모 (자산 2조 미만),자산 2조 미만 — 2026-09-30 결정,
1-3A 대기업집단 비상장,삼성생명보험(주),삼성,생명보험,309.95,중복 (이미 명단·다른 지배회사·옛 이름),이미 명단에 있음 — 법인등록번호 일치,
1-3A 대기업집단 비상장,삼성생명서비스손해사정(주),삼성,보험 관련 서비스,0.07,규모 (자산 2조 미만),자산 2조 미만 — 2026-09-30 결정,
1-3A 대기업집단 비상장,삼성선물(주),삼성,증권,4.83,중복 (이미 명단·다른 지배회사·옛 이름),이미 명단에 있음 — 법인등록번호 일치,
1-3A 대기업집단 비상장,삼성액티브자산운용(주),삼성,신탁·집합투자,0.09,규모 (자산 2조 미만),자산 2조 미만 — 2026-09-30 결정,
1-3A 대기업집단 비상장,삼성에스알에이자산운용(주),삼성,신탁·집합투자,0.21,규모 (자산 2조 미만),자산 2조 미만 — 2026-09-30 결정,
1-3A 대기업집단 비상장,삼성자산운용(주),삼성,신탁·집합투자,1.11,중복 (이미 명단·다른 지배회사·옛 이름),이미 명단에 있음 — 법인등록번호 일치,
1-3A 대기업집단 비상장,삼성증권(주),삼성,증권,72.76,중복 (이미 명단·다른 지배회사·옛 이름),이미 명단에 있음 — 법인등록번호 일치,
1-3A 대기업집단 비상장,삼성카드(주),삼성,카드·할부금융,31.46,중복 (이미 명단·다른 지배회사·옛 이름),이미 명단에 있음 — 법인등록번호 일치,
1-3A 대기업집단 비상장,삼성카드고객서비스(주),삼성,금융지원 서비스,0.06,규모 (자산 2조 미만),자산 2조 미만 — 2026-09-30 결정,
1-3A 대기업집단 비상장,삼성헤지자산운용(주),삼성,신탁·집합투자,0.01,규모 (자산 2조 미만),자산 2조 미만 — 2026-09-30 결정,
1-3A 대기업집단 비상장,삼성화재서비스손해사정(주),삼성,보험 관련 서비스,0.09,규모 (자산 2조 미만),자산 2조 미만 — 2026-09-30 결정,
1-3A 대기업집단 비상장,삼성화재애니카손해사정(주),삼성,보험 관련 서비스,0.07,규모 (자산 2조 미만),자산 2조 미만 — 2026-09-30 결정,
1-3A 대기업집단 비상장,삼성화재해상보험(주),삼성,손해보험,93.81,중복 (이미 명단·다른 지배회사·옛 이름),이미 명단에 있음 — 법인등록번호 일치,
1-3A 대기업집단 비상장,삼천리자산운용(주),삼천리,신탁·집합투자,0.03,중복 (이미 명단·다른 지배회사·옛 이름),이미 명단에 있음 — 법인등록번호 일치,
1-3A 대기업집단 비상장,시니안(유),미래에셋,그외 기타 금융,0.0,규모 (자산 2조 미만),자산 2조 미만 — 2026-09-30 결정,
1-3A 대기업집단 비상장,신안이쏠라(주),삼천리,신탁·집합투자,0.01,규모 (자산 2조 미만),자산 2조 미만 — 2026-09-30 결정,
1-3A 대기업집단 비상장,신영교보에이아이엠부동산제1호사모투자합자회사,교보생명보험,그외 기타 금융,0.04,규모 (자산 2조 미만),자산 2조 미만 — 2026-09-30 결정,
1-3A 대기업집단 비상장,씨에이씨파트너스(주),아이에스지주,신탁·집합투자,0.01,규모 (자산 2조 미만),자산 2조 미만 — 2026-09-30 결정,
1-3A 대기업집단 비상장,씨에이씨파트너스자산운용(주),아이에스지주,신탁·집합투자,0.0,규모 (자산 2조 미만),자산 2조 미만 — 2026-09-30 결정,
1-3A 대기업집단 비상장,씨제이인베스트먼트(주),씨제이,신탁·집합투자,0.03,중복 (이미 명단·다른 지배회사·옛 이름),이미 명단에 있음 — 법인등록번호 일치,
1-3A 대기업집단 비상장,아네모이제2호 유한회사,삼천리,신탁·집합투자,0.05,규모 (자산 2조 미만),자산 2조 미만 — 2026-09-30 결정,
1-3A 대기업집단 비상장,아주스틸제8차(유),동국제강,그외 기타 금융,0.04,규모 (자산 2조 미만),자산 2조 미만 — 2026-09-30 결정,
1-3A 대기업집단 비상장,아프로에프앤아이대부(주),오케이금융그룹,그외 기타 금융,1.53,규모 (자산 2조 미만),자산 2조 미만 — 2026-09-30 결정,
1-3A 대기업집단 비상장,에너지인프라자산운용(주),미래에셋,신탁·집합투자,0.02,규모 (자산 2조 미만),자산 2조 미만 — 2026-09-30 결정,
1-3A 대기업집단 비상장,에스엠에이엠씨투자대부(주),SM,여신금융,0.01,규모 (자산 2조 미만),자산 2조 미만 — 2026-09-30 결정,
1-3A 대기업집단 비상장,에스이엔씨피닉스제사차(주),신세계,그외 기타 금융,0.05,규모 (자산 2조 미만),자산 2조 미만 — 2026-09-30 결정,
1-3A 대기업집단 비상장,에스이엔씨피닉스제삼차(주),신세계,그외 기타 금융,0.3,규모 (자산 2조 미만),자산 2조 미만 — 2026-09-30 결정,
1-3A 대기업집단 비상장,에스이엔씨피닉스제이차(주),신세계,그외 기타 금융,0.1,규모 (자산 2조 미만),자산 2조 미만 — 2026-09-30 결정,
1-3A 대기업집단 비상장,에스이엔씨피닉스제일차(주),신세계,그외 기타 금융,0.2,규모 (자산 2조 미만),자산 2조 미만 — 2026-09-30 결정,
1-3A 대기업집단 비상장,에스지씨파트너스(주),오씨아이,신탁·집합투자,0.01,규모 (자산 2조 미만),자산 2조 미만 — 2026-09-30 결정,
1-3A 대기업집단 비상장,에이치글로벌파트너스(유),한화,신탁·집합투자,0.0,규모 (자산 2조 미만),자산 2조 미만 — 2026-09-30 결정,
1-3A 대기업집단 비상장,에이치디씨자산운용(주),에이치디씨,신탁·집합투자,0.04,규모 (자산 2조 미만),자산 2조 미만 — 2026-09-30 결정,
1-3A 대기업집단 비상장,에이치브라운(주),동국제강,그외 기타 금융,0.04,규모 (자산 2조 미만),자산 2조 미만 — 2026-09-30 결정,
1-3A 대기업집단 비상장,에이치앤에이치(주),오케이금융그룹,신탁·집합투자,0.0,규모 (자산 2조 미만),자산 2조 미만 — 2026-09-30 결정,
1-3A 대기업집단 비상장,에이치지이니셔티브 시몬느 임팩트 제1호 창업벤처전문 사모투자 합자회사,현대해상화재보험,신탁·집합투자,0.01,규모 (자산 2조 미만),자산 2조 미만 — 2026-09-30 결정,
1-3A 대기업집단 비상장,에이치케이금융파트너스(주),태광,보험 관련 서비스,0.09,규모 (자산 2조 미만),자산 2조 미만 — 2026-09-30 결정,
1-3A 대기업집단 비상장,에이치티알헤시라스(주),에이치엠엠,그외 기타 금융,0.03,중복 (이미 명단·다른 지배회사·옛 이름),이미 명단에 있음 — 법인등록번호 일치,
1-3A 대기업집단 비상장,에프더블유1909유동화전문(유),대신,그외 기타 금융,0.0,규모 (자산 2조 미만),자산 2조 미만 — 2026-09-30 결정,
1-3A 대기업집단 비상장,에프더블유2306유동화전문(유),대신,그외 기타 금융,0.04,규모 (자산 2조 미만),자산 2조 미만 — 2026-09-30 결정,
1-3A 대기업집단 비상장,에프더블유2312유동화전문(유),대신,그외 기타 금융,0.02,규모 (자산 2조 미만),자산 2조 미만 — 2026-09-30 결정,
1-3A 대기업집단 비상장,에프더블유에이치씨2403유동화전문(유),대신,그외 기타 금융,0.06,규모 (자산 2조 미만),자산 2조 미만 — 2026-09-30 결정,
1-3A 대기업집단 비상장,에프디1811유동화전문(유),대신,그외 기타 금융,0.0,규모 (자산 2조 미만),자산 2조 미만 — 2026-09-30 결정,
1-3A 대기업집단 비상장,에프디1906유동화전문(유),대신,그외 기타 금융,0.0,규모 (자산 2조 미만),자산 2조 미만 — 2026-09-30 결정,
1-3A 대기업집단 비상장,에프디2012유동화전문(유),대신,그외 기타 금융,0.0,규모 (자산 2조 미만),자산 2조 미만 — 2026-09-30 결정,
1-3A 대기업집단 비상장,에프디에이치2006유동화전문(유),대신,그외 기타 금융,0.0,규모 (자산 2조 미만),자산 2조 미만 — 2026-09-30 결정,
1-3A 대기업집단 비상장,에프디에이치2209유동화전문(유),대신,그외 기타 금융,0.02,규모 (자산 2조 미만),자산 2조 미만 — 2026-09-30 결정,
1-3A 대기업집단 비상장,에프비1712유동화전문(유),대신,그외 기타 금융,0.0,규모 (자산 2조 미만),자산 2조 미만 — 2026-09-30 결정,
1-3A 대기업집단 비상장,에프비1809유동화전문(유),대신,그외 기타 금융,0.0,규모 (자산 2조 미만),자산 2조 미만 — 2026-09-30 결정,
1-3A 대기업집단 비상장,에프비1812유동화전문(유),대신,그외 기타 금융,0.0,규모 (자산 2조 미만),자산 2조 미만 — 2026-09-30 결정,
1-3A 대기업집단 비상장,에프비케이엔2403유동화전문(유),대신,그외 기타 금융,0.05,규모 (자산 2조 미만),자산 2조 미만 — 2026-09-30 결정,
1-3A 대기업집단 비상장,에프아이1406유동화전문(유),대신,그외 기타 금융,0.0,규모 (자산 2조 미만),자산 2조 미만 — 2026-09-30 결정,
1-3A 대기업집단 비상장,에프아이1611유동화전문(유),대신,그외 기타 금융,0.0,규모 (자산 2조 미만),자산 2조 미만 — 2026-09-30 결정,
1-3A 대기업집단 비상장,에프아이1703유동화전문(유),대신,그외 기타 금융,0.0,규모 (자산 2조 미만),자산 2조 미만 — 2026-09-30 결정,
1-3A 대기업집단 비상장,에프아이1706유동화전문(유),대신,그외 기타 금융,0.0,규모 (자산 2조 미만),자산 2조 미만 — 2026-09-30 결정,
1-3A 대기업집단 비상장,에프아이1806유동화전문(유),대신,그외 기타 금융,0.0,규모 (자산 2조 미만),자산 2조 미만 — 2026-09-30 결정,
1-3A 대기업집단 비상장,에프아이1809유동화전문(유),대신,그외 기타 금융,0.0,규모 (자산 2조 미만),자산 2조 미만 — 2026-09-30 결정,
1-3A 대기업집단 비상장,에프아이2011유동화전문(유),대신,그외 기타 금융,0.0,규모 (자산 2조 미만),자산 2조 미만 — 2026-09-30 결정,
1-3A 대기업집단 비상장,에프아이2205유동화전문(유),대신,그외 기타 금융,0.06,규모 (자산 2조 미만),자산 2조 미만 — 2026-09-30 결정,
1-3A 대기업집단 비상장,에프아이에스에이치1606유동화전문(유),대신,그외 기타 금융,0.0,규모 (자산 2조 미만),자산 2조 미만 — 2026-09-30 결정,
1-3A 대기업집단 비상장,에프아이케이1706유동화전문(유),대신,그외 기타 금융,0.0,규모 (자산 2조 미만),자산 2조 미만 — 2026-09-30 결정,
1-3A 대기업집단 비상장,에프아이피2311유동화전문(유),대신,그외 기타 금융,0.02,규모 (자산 2조 미만),자산 2조 미만 — 2026-09-30 결정,
1-3A 대기업집단 비상장,에프앤에스에이치2106유동화전문(유),대신,그외 기타 금융,0.01,규모 (자산 2조 미만),자산 2조 미만 — 2026-09-30 결정,
1-3A 대기업집단 비상장,에프앤에이치1606유동화전문(유),대신,그외 기타 금융,0.0,규모 (자산 2조 미만),자산 2조 미만 — 2026-09-30 결정,
1-3A 대기업집단 비상장,에프앤에이치2312유동화전문(유),대신,그외 기타 금융,0.03,규모 (자산 2조 미만),자산 2조 미만 — 2026-09-30 결정,
1-3A 대기업집단 비상장,에프에스1312유동화전문(유),대신,그외 기타 금융,0.0,규모 (자산 2조 미만),자산 2조 미만 — 2026-09-30 결정,
1-3A 대기업집단 비상장,에프에스2103유동화전문(유),대신,그외 기타 금융,0.0,규모 (자산 2조 미만),자산 2조 미만 — 2026-09-30 결정,
1-3A 대기업집단 비상장,에프에스비2312유동화전문(유),대신,그외 기타 금융,0.01,규모 (자산 2조 미만),자산 2조 미만 — 2026-09-30 결정,
1-3A 대기업집단 비상장,에프에스케이엔1512유동화전문(유),대신,그외 기타 금융,0.01,규모 (자산 2조 미만),자산 2조 미만 — 2026-09-30 결정,
1-3A 대기업집단 비상장,에프에이치1605유동화전문(유),대신,그외 기타 금융,0.01,규모 (자산 2조 미만),자산 2조 미만 — 2026-09-30 결정,
1-3A 대기업집단 비상장,에프에이치1609유동화전문(유),대신,그외 기타 금융,0.0,규모 (자산 2조 미만),자산 2조 미만 — 2026-09-30 결정,
1-3A 대기업집단 비상장,에프에이치1912유동화전문(유),대신,그외 기타 금융,0.0,규모 (자산 2조 미만),자산 2조 미만 — 2026-09-30 결정,
1-3A 대기업집단 비상장,에프에이치2306유동화전문(유),대신,그외 기타 금융,0.03,규모 (자산 2조 미만),자산 2조 미만 — 2026-09-30 결정,
1-3A 대기업집단 비상장,에프에이치아이2003유동화전문(유),대신,그외 기타 금융,0.0,규모 (자산 2조 미만),자산 2조 미만 — 2026-09-30 결정,
1-3A 대기업집단 비상장,에프에이치에스2112유동화전문(유),대신,그외 기타 금융,0.01,규모 (자산 2조 미만),자산 2조 미만 — 2026-09-30 결정,
1-3A 대기업집단 비상장,에프에이치에스2206유동화전문(유),대신,그외 기타 금융,0.02,규모 (자산 2조 미만),자산 2조 미만 — 2026-09-30 결정,
1-3A 대기업집단 비상장,에프케이1509유동화전문(유),대신,그외 기타 금융,0.0,규모 (자산 2조 미만),자산 2조 미만 — 2026-09-30 결정,
1-3A 대기업집단 비상장,에프케이1612유동화전문(유),대신,그외 기타 금융,0.0,규모 (자산 2조 미만),자산 2조 미만 — 2026-09-30 결정,
1-3A 대기업집단 비상장,에프케이2106유동화전문(유),대신,그외 기타 금융,0.01,규모 (자산 2조 미만),자산 2조 미만 — 2026-09-30 결정,
1-3A 대기업집단 비상장,에프케이디1712유동화전문(유),대신,그외 기타 금융,0.0,규모 (자산 2조 미만),자산 2조 미만 — 2026-09-30 결정,
1-3A 대기업집단 비상장,에프케이디1806유동화전문(유),대신,그외 기타 금융,0.01,규모 (자산 2조 미만),자산 2조 미만 — 2026-09-30 결정,
1-3A 대기업집단 비상장,에프케이엔1809유동화전문(유),대신,그외 기타 금융,0.0,규모 (자산 2조 미만),자산 2조 미만 — 2026-09-30 결정,
1-3A 대기업집단 비상장,에프케이피2306유동화전문(유),대신,그외 기타 금융,0.03,규모 (자산 2조 미만),자산 2조 미만 — 2026-09-30 결정,
1-3A 대기업집단 비상장,에프피2310유동화전문(유),대신,그외 기타 금융,0.0,규모 (자산 2조 미만),자산 2조 미만 — 2026-09-30 결정,
1-3A 대기업집단 비상장,에프피2401유동화전문(유),대신,그외 기타 금융,0.0,규모 (자산 2조 미만),자산 2조 미만 — 2026-09-30 결정,
1-3A 대기업집단 비상장,에프피에스에이치2309유동화전문(유),대신,그외 기타 금융,0.02,규모 (자산 2조 미만),자산 2조 미만 — 2026-09-30 결정,
1-3A 대기업집단 비상장,엑스플로인베스트먼트(주),지에스,신탁·집합투자,0.01,중복 (이미 명단·다른 지배회사·옛 이름),이미 명단에 있음 — 법인등록번호 일치,
1-3A 대기업집단 비상장,엔에이치공동투자사모투자합자회사,농협,그외 기타 금융,0.16,규모 (자산 2조 미만),자산 2조 미만 — 2026-09-30 결정,
1-3A 대기업집단 비상장,엔에이치나우농식품1호사모투자 합자회사,농협,그외 기타 금융,0.03,규모 (자산 2조 미만),자산 2조 미만 — 2026-09-30 결정,
1-3A 대기업집단 비상장,엔에이치나우농식품2호사모투자 합자회사,농협,그외 기타 금융,0.04,규모 (자산 2조 미만),자산 2조 미만 — 2026-09-30 결정,
1-3A 대기업집단 비상장,엔에이치뉴그로쓰사모투자합자회사,농협,그외 기타 금융,0.15,규모 (자산 2조 미만),자산 2조 미만 — 2026-09-30 결정,
1-3A 대기업집단 비상장,엔에이치데일리바이오헬스사모투자 합자회사,농협,그외 기타 금융,0.0,규모 (자산 2조 미만),자산 2조 미만 — 2026-09-30 결정,
1-3A 대기업집단 비상장,엔에이치벤처투자(주),농협,신탁·집합투자,0.06,규모 (자산 2조 미만),자산 2조 미만 — 2026-09-30 결정,
1-3A 대기업집단 비상장,엔에이치선물(주),농협,증권,0.9,중복 (이미 명단·다른 지배회사·옛 이름),이미 명단에 있음 — 법인등록번호 일치,
1-3A 대기업집단 비상장,엔에이치아문디로지스부동산일반사모투자회사제1호적격,농협,그외 기타 금융,0.0,규모 (자산 2조 미만),자산 2조 미만 — 2026-09-30 결정,
1-3A 대기업집단 비상장,엔에이치아문디자산운용(주),농협,신탁·집합투자,0.19,규모 (자산 2조 미만),자산 2조 미만 — 2026-09-30 결정,
1-3A 대기업집단 비상장,엔에이치애그리비즈밸류크리에이티브제일호사모투자 합자회사,농협,그외 기타 금융,0.01,규모 (자산 2조 미만),자산 2조 미만 — 2026-09-30 결정,
1-3A 대기업집단 비상장,엔에이치에이알에이밸류애드제1호사모투자합자회사,농협,신탁·집합투자,0.15,규모 (자산 2조 미만),자산 2조 미만 — 2026-09-30 결정,
1-3A 대기업집단 비상장,엔에이치우리뉴딜그로쓰알파제1호사모투자합자회사,농협,그외 기타 금융,0.18,규모 (자산 2조 미만),자산 2조 미만 — 2026-09-30 결정,
1-3A 대기업집단 비상장,엔에이치우리뉴딜병행투자제1호사모투자합자,농협,그외 기타 금융,0.03,규모 (자산 2조 미만),자산 2조 미만 — 2026-09-30 결정,
1-3A 대기업집단 비상장,엔에이치투자증권(주),농협,증권,79.82,중복 (이미 명단·다른 지배회사·옛 이름),이미 명단에 있음 — 법인등록번호 일치,
1-3A 대기업집단 비상장,엔에이치프린시플사모투자합자회사,농협,그외 기타 금융,0.01,규모 (자산 2조 미만),자산 2조 미만 — 2026-09-30 결정,
1-3A 대기업집단 비상장,엔에이치헤지자산운용(주),농협,신탁·집합투자,0.1,중복 (이미 명단·다른 지배회사·옛 이름),이미 명단에 있음 — 법인등록번호 일치,
1-3A 대기업집단 비상장,엘에스밸류업제1호사모투자 합자회사,엘에스,그외 기타 금융,0.07,규모 (자산 2조 미만),자산 2조 미만 — 2026-09-30 결정,
1-3A 대기업집단 비상장,엘에스증권(주),엘에스,증권,10.33,중복 (이미 명단·다른 지배회사·옛 이름),이미 명단에 있음 — 법인등록번호 일치,
1-3A 대기업집단 비상장,엠더블유앤컴퍼니(주),한국앤컴퍼니그룹(舊 한국타이어),여신금융,0.01,규모 (자산 2조 미만),자산 2조 미만 — 2026-09-30 결정,
1-3A 대기업집단 비상장,엠더블유홀딩스(유),한국앤컴퍼니그룹(舊 한국타이어),그외 기타 금융,0.02,규모 (자산 2조 미만),자산 2조 미만 — 2026-09-30 결정,
1-3A 대기업집단 비상장,엠디엠오에프피제1호사모투자 합자회사,엠디엠,신탁·집합투자,0.06,규모 (자산 2조 미만),자산 2조 미만 — 2026-09-30 결정,
1-3A 대기업집단 비상장,엠디엠인프라투융자회사,엠디엠,신탁·집합투자,0.01,규모 (자산 2조 미만),자산 2조 미만 — 2026-09-30 결정,
1-3A 대기업집단 비상장,엠엔큐투자파트너스(유),에이치디씨,신탁·집합투자,0.12,규모 (자산 2조 미만),자산 2조 미만 — 2026-09-30 결정,
1-3A 대기업집단 비상장,오딘제8차(유),미래에셋,그외 기타 금융,0.08,규모 (자산 2조 미만),자산 2조 미만 — 2026-09-30 결정,
1-3A 대기업집단 비상장,오케이네트웍스(주),오케이금융그룹,금융지원 서비스,0.2,규모 (자산 2조 미만),자산 2조 미만 — 2026-09-30 결정,
1-3A 대기업집단 비상장,오케이캐피탈(주),오케이금융그룹,카드·할부금융,1.72,규모 (자산 2조 미만),자산 2조 미만 — 2026-09-30 결정,
1-3A 대기업집단 비상장,오케이홀딩스대부(주),오케이금융그룹,여신금융,1.72,규모 (자산 2조 미만),자산 2조 미만 — 2026-09-30 결정,
1-3A 대기업집단 비상장,와이즈플래닛(주),빗썸,그외 기타 금융,0.01,규모 (자산 2조 미만),자산 2조 미만 — 2026-09-30 결정,
1-3A 대기업집단 비상장,우리비씨페가수스유동화전문(유),대신,그외 기타 금융,0.0,규모 (자산 2조 미만),자산 2조 미만 — 2026-09-30 결정,
1-3A 대기업집단 비상장,우리에프앤아이제34차유동화전문(유),대신,그외 기타 금융,0.0,규모 (자산 2조 미만),자산 2조 미만 — 2026-09-30 결정,
1-3A 대기업집단 비상장,우리이에이제12차유동화전문(유),대신,그외 기타 금융,0.0,규모 (자산 2조 미만),자산 2조 미만 — 2026-09-30 결정,
1-3A 대기업집단 비상장,우리이에이제일차유동화전문(유),대신,그외 기타 금융,0.0,규모 (자산 2조 미만),자산 2조 미만 — 2026-09-30 결정,
1-3A 대기업집단 비상장,우리큐기업재무안정사모투자합자회사,QCP그룹(舊 큐로홀딩스),그외 기타 금융,0.1,규모 (자산 2조 미만),자산 2조 미만 — 2026-09-30 결정,
1-3A 대기업집단 비상장,원익그로쓰챔프2011의3호 사모투자전문회사,원익,신탁·집합투자,0.01,규모 (자산 2조 미만),자산 2조 미만 — 2026-09-30 결정,
1-3A 대기업집단 비상장,원익뉴그로쓰2018사모투자 합자회사,원익,신탁·집합투자,0.15,규모 (자산 2조 미만),자산 2조 미만 — 2026-09-30 결정,
1-3A 대기업집단 비상장,원익뉴그로쓰2020사모투자 합자회사,원익,신탁·집합투자,0.17,규모 (자산 2조 미만),자산 2조 미만 — 2026-09-30 결정,
1-3A 대기업집단 비상장,원익비전턴어라운드사모투자 합자회사,원익,신탁·집합투자,0.0,규모 (자산 2조 미만),자산 2조 미만 — 2026-09-30 결정,
1-3A 대기업집단 비상장,원익엠앤에이2024사모투자 합자회사,원익,신탁·집합투자,0.07,규모 (자산 2조 미만),자산 2조 미만 — 2026-09-30 결정,
1-3A 대기업집단 비상장,원익투자파트너스(주),원익,신탁·집합투자,0.08,규모 (자산 2조 미만),자산 2조 미만 — 2026-09-30 결정,
1-3A 대기업집단 비상장,유진고메사모투자합자회사,유진,그외 기타 금융,0.01,규모 (자산 2조 미만),자산 2조 미만 — 2026-09-30 결정,
1-3A 대기업집단 비상장,유진더블유(유),유진,그외 기타 금융,0.83,규모 (자산 2조 미만),자산 2조 미만 — 2026-09-30 결정,
1-3A 대기업집단 비상장,유진더블유사모투자합자회사,유진,그외 기타 금융,0.21,규모 (자산 2조 미만),자산 2조 미만 — 2026-09-30 결정,
1-3A 대기업집단 비상장,유진레스큐크레딧일반사모모투자회사,유진,신탁·집합투자,0.0,규모 (자산 2조 미만),자산 2조 미만 — 2026-09-30 결정,
1-3A 대기업집단 비상장,유진스마트모빌리티사모투자합자회사,유진,그외 기타 금융,0.02,규모 (자산 2조 미만),자산 2조 미만 — 2026-09-30 결정,
1-3A 대기업집단 비상장,유진스페셜오퍼튜니티기업재무안정사모투자합자회사,유진,신탁·집합투자,0.01,규모 (자산 2조 미만),자산 2조 미만 — 2026-09-30 결정,
1-3A 대기업집단 비상장,유진에버베스트턴어라운드기업재무안정사모투자전문회사,유진,신탁·집합투자,0.02,규모 (자산 2조 미만),자산 2조 미만 — 2026-09-30 결정,
1-3A 대기업집단 비상장,유진유니콘사모투자합자회사,유진,신탁·집합투자,0.06,규모 (자산 2조 미만),자산 2조 미만 — 2026-09-30 결정,
1-3A 대기업집단 비상장,유진자산운용(주),유진,신탁·집합투자,0.05,중복 (이미 명단·다른 지배회사·옛 이름),이미 명단에 있음 — 법인등록번호 일치,
1-3A 대기업집단 비상장,유진중견밸류업사모투자합자회사,유진,그외 기타 금융,0.0,규모 (자산 2조 미만),자산 2조 미만 — 2026-09-30 결정,
1-3A 대기업집단 비상장,유진크레딧밸류전문투자형사모부동산모투자(유),유진,신탁·집합투자,0.02,규모 (자산 2조 미만),자산 2조 미만 — 2026-09-30 결정,
1-3A 대기업집단 비상장,유진토르사모투자합자회사,유진,그외 기타 금융,0.02,규모 (자산 2조 미만),자산 2조 미만 — 2026-09-30 결정,
1-3A 대기업집단 비상장,유진투자선물(주),유진,증권,0.57,중복 (이미 명단·다른 지배회사·옛 이름),이미 명단에 있음 — 법인등록번호 일치,
1-3A 대기업집단 비상장,유진투자증권(주),유진,증권,10.37,중복 (이미 명단·다른 지배회사·옛 이름),이미 명단에 있음 — 법인등록번호 일치,
1-3A 대기업집단 비상장,유진프라이디움일반사모부동산모투자(유),유진,그외 기타 금융,0.08,규모 (자산 2조 미만),자산 2조 미만 — 2026-09-30 결정,
1-3A 대기업집단 비상장,유진프라이빗에쿼티(주),유진,신탁·집합투자,0.02,규모 (자산 2조 미만),자산 2조 미만 — 2026-09-30 결정,
1-3A 대기업집단 비상장,유진프라임물류제1호일반사모부동산투자(유),유진,그외 기타 금융,0.05,규모 (자산 2조 미만),자산 2조 미만 — 2026-09-30 결정,
1-3A 대기업집단 비상장,유진하나리싸이클링사모투자합자회사,유진,그외 기타 금융,0.07,규모 (자산 2조 미만),자산 2조 미만 — 2026-09-30 결정,
1-3A 대기업집단 비상장,이에스지리더스제1호사모투자합자회사,농협,그외 기타 금융,0.15,규모 (자산 2조 미만),자산 2조 미만 — 2026-09-30 결정,
1-3A 대기업집단 비상장,인프라이니셔티브1호사모투자합자회사,유진,그외 기타 금융,0.04,규모 (자산 2조 미만),자산 2조 미만 — 2026-09-30 결정,
1-3A 대기업집단 비상장,자스민제일호(유),미래에셋,그외 기타 금융,0.08,규모 (자산 2조 미만),자산 2조 미만 — 2026-09-30 결정,
1-3A 대기업집단 비상장,제이너스(주),교보생명보험,그외 기타 금융,0.0,규모 (자산 2조 미만),자산 2조 미만 — 2026-09-30 결정,
1-3A 대기업집단 비상장,제이에이치앤드컴퍼니(주),중앙,그외 기타 금융,0.01,규모 (자산 2조 미만),자산 2조 미만 — 2026-09-30 결정,
1-3A 대기업집단 비상장,지베스코자산운용(주),지에스,신탁·집합투자,0.01,규모 (자산 2조 미만),자산 2조 미만 — 2026-09-30 결정,
1-3A 대기업집단 비상장,지엔엠홀딩스(주),농협,그외 기타 금융,0.0,규모 (자산 2조 미만),자산 2조 미만 — 2026-09-30 결정,
1-3A 대기업집단 비상장,초록숲투자제1호(유),유진,그외 기타 금융,0.05,규모 (자산 2조 미만),자산 2조 미만 — 2026-09-30 결정,
1-3A 대기업집단 비상장,초록숲투자제2호(유),유진,그외 기타 금융,0.01,규모 (자산 2조 미만),자산 2조 미만 — 2026-09-30 결정,
1-3A 대기업집단 비상장,케어호텔제1호사모투자 합자회사,삼천리,신탁·집합투자,0.0,규모 (자산 2조 미만),자산 2조 미만 — 2026-09-30 결정,
1-3A 대기업집단 비상장,케이디비키움테크그로스사모투자 합자회사,다우키움,그외 기타 금융,0.02,규모 (자산 2조 미만),자산 2조 미만 — 2026-09-30 결정,
1-3A 대기업집단 비상장,케이리얼티3호일반부동산사모투자회사,케이티,그외 기타 금융,0.12,규모 (자산 2조 미만),자산 2조 미만 — 2026-09-30 결정,
1-3A 대기업집단 비상장,케이리얼티8호일반사모부동산투자회사전문,케이티,그외 기타 금융,0.08,규모 (자산 2조 미만),자산 2조 미만 — 2026-09-30 결정,
1-3A 대기업집단 비상장,케이브이아이(주),한진,그외 기타 금융,0.0,규모 (자산 2조 미만),자산 2조 미만 — 2026-09-30 결정,
1-3A 대기업집단 비상장,케이씨에이손해사정(주),교보생명보험,보험 관련 서비스,0.05,규모 (자산 2조 미만),자산 2조 미만 — 2026-09-30 결정,
1-3A 대기업집단 비상장,케이에프비에스제이호기업재무안정사모투자합자회사,다우키움,그외 기타 금융,0.02,규모 (자산 2조 미만),자산 2조 미만 — 2026-09-30 결정,
1-3A 대기업집단 비상장,케이지캐피탈(주),KG,카드·할부금융,0.14,규모 (자산 2조 미만),자산 2조 미만 — 2026-09-30 결정,
1-3A 대기업집단 비상장,케이티씨유글로벌파트너쉽사모투자합자회사,한국교직원공제회,그외 기타 금융,0.52,규모 (자산 2조 미만),자산 2조 미만 — 2026-09-30 결정,
1-3A 대기업집단 비상장,케이피보험서비스(주),카카오,보험 관련 서비스,0.01,규모 (자산 2조 미만),자산 2조 미만 — 2026-09-30 결정,
1-3A 대기업집단 비상장,코리아신탁(주),BS,신탁·집합투자,0.31,규모 (자산 2조 미만),자산 2조 미만 — 2026-09-30 결정,
1-3A 대기업집단 비상장,코리아자산운용(주),BS,신탁·집합투자,0.01,규모 (자산 2조 미만),자산 2조 미만 — 2026-09-30 결정,
1-3A 대기업집단 비상장,쿠팡파이낸셜(주),쿠팡,여신금융,0.04,규모 (자산 2조 미만),자산 2조 미만 — 2026-09-30 결정,
1-3A 대기업집단 비상장,큐씨피 제이비 기술가치평가 사모투자전문회사,QCP그룹(舊 큐로홀딩스),그외 기타 금융,0.01,규모 (자산 2조 미만),자산 2조 미만 — 2026-09-30 결정,
1-3A 대기업집단 비상장,큐씨피3호 사모투자전문회사,QCP그룹(舊 큐로홀딩스),그외 기타 금융,0.0,규모 (자산 2조 미만),자산 2조 미만 — 2026-09-30 결정,
1-3A 대기업집단 비상장,큐씨피미디어홀딩스(유),QCP그룹(舊 큐로홀딩스),그외 기타 금융,0.17,규모 (자산 2조 미만),자산 2조 미만 — 2026-09-30 결정,
1-3A 대기업집단 비상장,큐씨피에어그린홀딩스(유),QCP그룹(舊 큐로홀딩스),그외 기타 금융,0.03,규모 (자산 2조 미만),자산 2조 미만 — 2026-09-30 결정,
1-3A 대기업집단 비상장,큐씨피이글홀딩스(유),QCP그룹(舊 큐로홀딩스),그외 기타 금융,0.0,규모 (자산 2조 미만),자산 2조 미만 — 2026-09-30 결정,
1-3A 대기업집단 비상장,큐씨피제일호재무안정사모투자 합자회사,QCP그룹(舊 큐로홀딩스),그외 기타 금융,0.01,규모 (자산 2조 미만),자산 2조 미만 — 2026-09-30 결정,
1-3A 대기업집단 비상장,큐씨피커머스제일호(유),QCP그룹(舊 큐로홀딩스),그외 기타 금융,0.15,규모 (자산 2조 미만),자산 2조 미만 — 2026-09-30 결정,
1-3A 대기업집단 비상장,큐캐피탈파트너스(주),QCP그룹(舊 큐로홀딩스),카드·할부금융,0.19,규모 (자산 2조 미만),자산 2조 미만 — 2026-09-30 결정,
1-3A 대기업집단 비상장,크림페이(주),네이버,금융지원 서비스,0.0,규모 (자산 2조 미만),자산 2조 미만 — 2026-09-30 결정,
1-3A 대기업집단 비상장,키움두은원더랜드사모투자 합자회사,다우키움,신탁·집합투자,0.1,규모 (자산 2조 미만),자산 2조 미만 — 2026-09-30 결정,
1-3A 대기업집단 비상장,키움비하이스마트이노베이션사모투자합자회사,다우키움,신탁·집합투자,0.04,규모 (자산 2조 미만),자산 2조 미만 — 2026-09-30 결정,
1-3A 대기업집단 비상장,키움시리우스사모투자합자회사,다우키움,신탁·집합투자,0.01,규모 (자산 2조 미만),자산 2조 미만 — 2026-09-30 결정,
1-3A 대기업집단 비상장,키움에셋플래너(주),다우키움,보험 관련 서비스,0.07,규모 (자산 2조 미만),자산 2조 미만 — 2026-09-30 결정,
1-3A 대기업집단 비상장,키움에프앤아이(주),다우키움,그외 기타 금융,1.93,중복 (이미 명단·다른 지배회사·옛 이름),이미 명단에 있음 — 법인등록번호 일치,
1-3A 대기업집단 비상장,키움오디세이사모투자 합자회사,다우키움,그외 기타 금융,0.01,규모 (자산 2조 미만),자산 2조 미만 — 2026-09-30 결정,
1-3A 대기업집단 비상장,키움인베스트먼트(주),다우키움,신탁·집합투자,0.12,중복 (이미 명단·다른 지배회사·옛 이름),이미 명단에 있음 — 법인등록번호 일치,
1-3A 대기업집단 비상장,키움증권(주),다우키움,증권,68.81,중복 (이미 명단·다른 지배회사·옛 이름),이미 명단에 있음 — 법인등록번호 일치,
1-3A 대기업집단 비상장,키움캐피탈(주),다우키움,카드·할부금융,3.13,중복 (이미 명단·다른 지배회사·옛 이름),이미 명단에 있음 — 법인등록번호 일치,
1-3A 대기업집단 비상장,키움크리스제삼호사모투자합자회사,다우키움,신탁·집합투자,0.02,규모 (자산 2조 미만),자산 2조 미만 — 2026-09-30 결정,
1-3A 대기업집단 비상장,키움크리스제일호사모투자합자회사,다우키움,그외 기타 금융,0.0,규모 (자산 2조 미만),자산 2조 미만 — 2026-09-30 결정,
1-3A 대기업집단 비상장,키움크리스제일호투자목적회사(주),다우키움,그외 기타 금융,0.02,규모 (자산 2조 미만),자산 2조 미만 — 2026-09-30 결정,
1-3A 대기업집단 비상장,키움크림슨사모투자 합자회사,다우키움,신탁·집합투자,0.02,규모 (자산 2조 미만),자산 2조 미만 — 2026-09-30 결정,
1-3A 대기업집단 비상장,키움투자자산운용(주),다우키움,신탁·집합투자,0.27,중복 (이미 명단·다른 지배회사·옛 이름),이미 명단에 있음 — 법인등록번호 일치,
1-3A 대기업집단 비상장,키움푸드테크사모투자합자회사,다우키움,그외 기타 금융,0.02,규모 (자산 2조 미만),자산 2조 미만 — 2026-09-30 결정,
1-3A 대기업집단 비상장,키움프라이빗에쿼티(주),다우키움,신탁·집합투자,0.09,중복 (이미 명단·다른 지배회사·옛 이름),이미 명단에 있음 — 법인등록번호 일치,
1-3A 대기업집단 비상장,토스인슈어런스(주),토스,보험 관련 서비스,0.11,규모 (자산 2조 미만),자산 2조 미만 — 2026-09-30 결정,
1-3A 대기업집단 비상장,토스페이먼츠(주),토스,금융지원 서비스,0.95,규모 (자산 2조 미만),자산 2조 미만 — 2026-09-30 결정,
1-3A 대기업집단 비상장,토탈클린(유),유진,그외 기타 금융,0.03,규모 (자산 2조 미만),자산 2조 미만 — 2026-09-30 결정,
1-3A 대기업집단 비상장,티에스대성에이치전문투자형사모1호투자회사,농협,신탁·집합투자,0.05,규모 (자산 2조 미만),자산 2조 미만 — 2026-09-30 결정,
1-3A 대기업집단 비상장,티투유안타뷰티라이프사모투자합자회사,태광,신탁·집합투자,0.18,규모 (자산 2조 미만),자산 2조 미만 — 2026-09-30 결정,
1-3A 대기업집단 비상장,티투프라이빗에쿼티(주),태광,신탁·집합투자,0.01,규모 (자산 2조 미만),자산 2조 미만 — 2026-09-30 결정,
1-3A 대기업집단 비상장,포스코기술투자(주),포스코,여신금융,0.28,규모 (자산 2조 미만),자산 2조 미만 — 2026-09-30 결정,
1-3A 대기업집단 비상장,폴스타파트너스(주),BGF,신탁·집합투자,0.0,규모 (자산 2조 미만),자산 2조 미만 — 2026-09-30 결정,
1-3A 대기업집단 비상장,푸른헬스케어제1호사모투자합자회사,사조,그외 기타 금융,0.03,규모 (자산 2조 미만),자산 2조 미만 — 2026-09-30 결정,
1-3A 대기업집단 비상장,프로베스트킹덤제일차(유),효성,그외 기타 금융,0.0,규모 (자산 2조 미만),자산 2조 미만 — 2026-09-30 결정,
1-3A 대기업집단 비상장,프로이데아홀딩스(주),오케이금융그룹,여신금융,0.04,규모 (자산 2조 미만),자산 2조 미만 — 2026-09-30 결정,
1-3A 대기업집단 비상장,한국교직원공제회,한국교직원공제회,연금·공제,0.0,규모 (자산 2조 미만),자산 2조 미만 — 2026-09-30 결정,
1-3A 대기업집단 비상장,한국자산신탁(주),엠디엠,신탁·집합투자,1.29,규모 (자산 2조 미만),자산 2조 미만 — 2026-09-30 결정,
1-3A 대기업집단 비상장,한국자산캐피탈(주),엠디엠,카드·할부금융,0.69,중복 (이미 명단·다른 지배회사·옛 이름),이미 명단에 있음 — 법인등록번호 일치,
1-3A 대기업집단 비상장,한국전력우리스프랏글로벌사모투자전문회사,다우키움,신탁·집합투자,0.01,규모 (자산 2조 미만),자산 2조 미만 — 2026-09-30 결정,
1-3A 대기업집단 비상장,한국전력우리스프랏글로벌제2차(유),다우키움,신탁·집합투자,0.04,규모 (자산 2조 미만),자산 2조 미만 — 2026-09-30 결정,
1-3A 대기업집단 비상장,한국전력우리스프랏글로벌해외자원개발사모투자전문회사,다우키움,신탁·집합투자,0.01,규모 (자산 2조 미만),자산 2조 미만 — 2026-09-30 결정,
1-3A 대기업집단 비상장,한국전력우리스프랏글로벌해외자원개발제3차(유),다우키움,신탁·집합투자,0.04,규모 (자산 2조 미만),자산 2조 미만 — 2026-09-30 결정,
1-3A 대기업집단 비상장,한온시스템이에프피(주),한국앤컴퍼니그룹(舊 한국타이어),그외 기타 금융,1.48,규모 (자산 2조 미만),자산 2조 미만 — 2026-09-30 결정,
1-3A 대기업집단 비상장,한화라이프랩(주),한화,보험 관련 서비스,0.09,규모 (자산 2조 미만),자산 2조 미만 — 2026-09-30 결정,
1-3A 대기업집단 비상장,한화생명금융서비스(주),한화,보험 관련 서비스,2.08,포트폴리오 없음 (GA·손해사정·IT·대부업·신용정보),보험 관련 서비스 — 인수·여신 포트폴리오 없음,
1-3A 대기업집단 비상장,한화생명보험(주),한화,생명보험,125.78,중복 (이미 명단·다른 지배회사·옛 이름),이미 명단에 있음 — 법인등록번호 일치,
1-3A 대기업집단 비상장,한화손해보험(주),한화,손해보험,20.28,중복 (이미 명단·다른 지배회사·옛 이름),이미 명단에 있음 — 법인등록번호 일치,
1-3A 대기업집단 비상장,한화손해사정(주),한화,보험 관련 서비스,0.04,규모 (자산 2조 미만),자산 2조 미만 — 2026-09-30 결정,
1-3A 대기업집단 비상장,한화인베스트먼트(주),한화,신탁·집합투자,0.0,중복 (이미 명단·다른 지배회사·옛 이름),이미 명단에 있음 — 법인등록번호 일치,
1-3A 대기업집단 비상장,한화자산운용(주),한화,신탁·집합투자,1.48,중복 (이미 명단·다른 지배회사·옛 이름),이미 명단에 있음 — 법인등록번호 일치,
1-3A 대기업집단 비상장,한화투자증권(주),한화,증권,16.45,중복 (이미 명단·다른 지배회사·옛 이름),이미 명단에 있음 — 법인등록번호 일치,
1-3A 대기업집단 비상장,한화피플라이프(주),한화,보험 관련 서비스,0.31,규모 (자산 2조 미만),자산 2조 미만 — 2026-09-30 결정,
1-3A 대기업집단 비상장,현대얼터너티브(주),현대자동차,신탁·집합투자,0.02,규모 (자산 2조 미만),자산 2조 미만 — 2026-09-30 결정,
1-3A 대기업집단 비상장,현대인베스트먼트글로벌전문투자형사모부동산1호투자(유),현대해상화재보험,신탁·집합투자,0.1,규모 (자산 2조 미만),자산 2조 미만 — 2026-09-30 결정,
1-3A 대기업집단 비상장,현대인베스트먼트자산운용(주),현대해상화재보험,신탁·집합투자,0.16,중복 (이미 명단·다른 지배회사·옛 이름),이미 명단에 있음 — 법인등록번호 일치,
1-3A 대기업집단 비상장,현대인베스트선진인더스트리얼일반사모부동산투자회사,현대해상화재보험,신탁·집합투자,0.04,규모 (자산 2조 미만),자산 2조 미만 — 2026-09-30 결정,
1-3A 대기업집단 비상장,현대차증권(주),현대자동차,증권,11.68,중복 (이미 명단·다른 지배회사·옛 이름),이미 명단에 있음 — 법인등록번호 일치,
1-3A 대기업집단 비상장,현대카드(주),현대자동차,카드·할부금융,26.8,중복 (이미 명단·다른 지배회사·옛 이름),이미 명단에 있음 — 법인등록번호 일치,
1-3A 대기업집단 비상장,현대캐피탈(주),현대자동차,카드·할부금융,40.8,중복 (이미 명단·다른 지배회사·옛 이름),이미 명단에 있음 — 법인등록번호 일치,
1-3A 대기업집단 비상장,현대하이라이프손해사정(주),현대해상화재보험,보험 관련 서비스,0.05,규모 (자산 2조 미만),자산 2조 미만 — 2026-09-30 결정,
1-3A 대기업집단 비상장,현대하이카손해사정(주),현대해상화재보험,보험 관련 서비스,0.11,규모 (자산 2조 미만),자산 2조 미만 — 2026-09-30 결정,
1-3A 대기업집단 비상장,현대하임자산운용(주),현대해상화재보험,신탁·집합투자,0.02,중복 (이미 명단·다른 지배회사·옛 이름),이미 명단에 있음 — 법인등록번호 일치,
1-3A 대기업집단 비상장,현대해상화재보험(주),현대해상화재보험,손해보험,49.65,중복 (이미 명단·다른 지배회사·옛 이름),이미 명단에 있음 — 법인등록번호 일치,
1-3A 대기업집단 비상장,효성벤처스(주),효성,신탁·집합투자,0.01,중복 (이미 명단·다른 지배회사·옛 이름),이미 명단에 있음 — 법인등록번호 일치,
1-3A 대기업집단 비상장,흥국자산운용(주),태광,신탁·집합투자,0.06,규모 (자산 2조 미만),자산 2조 미만 — 2026-09-30 결정,
1-3A 대기업집단 비상장,흥국증권(주),태광,증권,0.45,규모 (자산 2조 미만),자산 2조 미만 — 2026-09-30 결정,
1-3A 대기업집단 비상장,흥국화재해상보험(주),태광,손해보험,12.5,중복 (이미 명단·다른 지배회사·옛 이름),이미 명단에 있음 — 법인등록번호 일치,
1-3A 대기업집단 비상장,희망농업혁신 사모투자합자회사,농협,그외 기타 금융,0.01,규모 (자산 2조 미만),자산 2조 미만 — 2026-09-30 결정,
1-3A 대기업집단 비상장,히어로손해사정(주),한화,보험 관련 서비스,0.01,규모 (자산 2조 미만),자산 2조 미만 — 2026-09-30 결정,
1-3C 독립·외국계,주식회사 디지비금융지주,,금융지주회사,98.8607,중복 (이미 명단·다른 지배회사·옛 이름),"이미 명단 — 자산 일치(옛 이름 추정: (주)아이엠금융지주, 확인 필요)",
1-3C 독립·외국계,제이피모간증권회사서울지점,,증권사,5.7755,외국 금융회사 국내 지점,제외 — 외국 금융회사 서울지점 (결정은 본사),66121
1-3C 독립·외국계,한국캐피탈㈜,,리스사,5.1551,시장 (코스피 아님),제외 — 코스닥·코넥스 상장 (금융1-1 코스피 한정 원칙),64911
1-3C 독립·외국계,골드만삭스증권회사서울지점,,증권사,4.3271,외국 금융회사 국내 지점,제외 — 외국 금융회사 서울지점 (결정은 본사),66121
1-3C 독립·외국계,모간스탠리인터내셔날증권회사서울지점,,증권사,2.9634,외국 금융회사 국내 지점,제외 — 외국 금융회사 서울지점 (결정은 본사),66121
1-3C 독립·외국계,(주)엠유에프지은행 서울지점,,외은지점,,외국 금융회사 국내 지점,외은지점 — 한국 법인이 아닌 지점이라 결정은 본사 (목록만 받음),
1-3C 독립·외국계,BNP파리바,,외은지점,,외국 금융회사 국내 지점,외은지점 — 한국 법인이 아닌 지점이라 결정은 본사 (목록만 받음),
1-3C 독립·외국계,DBS은행,,외은지점,,외국 금융회사 국내 지점,외은지점 — 한국 법인이 아닌 지점이라 결정은 본사 (목록만 받음),
1-3C 독립·외국계,OCBC,,외은지점,,외국 금융회사 국내 지점,외은지점 — 한국 법인이 아닌 지점이라 결정은 본사 (목록만 받음),
1-3C 독립·외국계,교통은행,,외은지점,,외국 금융회사 국내 지점,외은지점 — 한국 법인이 아닌 지점이라 결정은 본사 (목록만 받음),
1-3C 독립·외국계,뉴욕멜론은행,,외은지점,,외국 금융회사 국내 지점,외은지점 — 한국 법인이 아닌 지점이라 결정은 본사 (목록만 받음),
1-3C 독립·외국계,대화(UOB)은행,,외은지점,,외국 금융회사 국내 지점,외은지점 — 한국 법인이 아닌 지점이라 결정은 본사 (목록만 받음),
1-3C 독립·외국계,도이치은행,,외은지점,,외국 금융회사 국내 지점,외은지점 — 한국 법인이 아닌 지점이라 결정은 본사 (목록만 받음),
1-3C 독립·외국계,메트로은행,,외은지점,,외국 금융회사 국내 지점,외은지점 — 한국 법인이 아닌 지점이라 결정은 본사 (목록만 받음),
1-3C 독립·외국계,멜라트은행,,외은지점,,외국 금융회사 국내 지점,외은지점 — 한국 법인이 아닌 지점이라 결정은 본사 (목록만 받음),
1-3C 독립·외국계,모간스탠리은행,,외은지점,,외국 금융회사 국내 지점,외은지점 — 한국 법인이 아닌 지점이라 결정은 본사 (목록만 받음),
1-3C 독립·외국계,미쓰이스미토모은행,,외은지점,,외국 금융회사 국내 지점,외은지점 — 한국 법인이 아닌 지점이라 결정은 본사 (목록만 받음),
1-3C 독립·외국계,미즈호,,외은지점,,외국 금융회사 국내 지점,외은지점 — 한국 법인이 아닌 지점이라 결정은 본사 (목록만 받음),
1-3C 독립·외국계,바덴뷔르템베르크주립은행 서울지점,,외은지점,,외국 금융회사 국내 지점,외은지점 — 한국 법인이 아닌 지점이라 결정은 본사 (목록만 받음),
1-3C 독립·외국계,뱅크오브아메리카은행,,외은지점,,외국 금융회사 국내 지점,외은지점 — 한국 법인이 아닌 지점이라 결정은 본사 (목록만 받음),
1-3C 독립·외국계,소시에테제네랄,,외은지점,,외국 금융회사 국내 지점,외은지점 — 한국 법인이 아닌 지점이라 결정은 본사 (목록만 받음),
1-3C 독립·외국계,스테이트 뱅크 오브 인디아 서울지점,,외은지점,,외국 금융회사 국내 지점,외은지점 — 한국 법인이 아닌 지점이라 결정은 본사 (목록만 받음),
1-3C 독립·외국계,스테이트스트리트,,외은지점,,외국 금융회사 국내 지점,외은지점 — 한국 법인이 아닌 지점이라 결정은 본사 (목록만 받음),
1-3C 독립·외국계,아이엔지,,외은지점,,외국 금융회사 국내 지점,외은지점 — 한국 법인이 아닌 지점이라 결정은 본사 (목록만 받음),
1-3C 독립·외국계,웰스파고,,외은지점,,외국 금융회사 국내 지점,외은지점 — 한국 법인이 아닌 지점이라 결정은 본사 (목록만 받음),
1-3C 독립·외국계,유바프,,외은지점,,외국 금융회사 국내 지점,외은지점 — 한국 법인이 아닌 지점이라 결정은 본사 (목록만 받음),
1-3C 독립·외국계,유비에스,,외은지점,,외국 금융회사 국내 지점,외은지점 — 한국 법인이 아닌 지점이라 결정은 본사 (목록만 받음),
1-3C 독립·외국계,인도네시아느가라은행 서울지점,,외은지점,,외국 금융회사 국내 지점,외은지점 — 한국 법인이 아닌 지점이라 결정은 본사 (목록만 받음),
1-3C 독립·외국계,제이피모간체이스,,외은지점,,외국 금융회사 국내 지점,외은지점 — 한국 법인이 아닌 지점이라 결정은 본사 (목록만 받음),
1-3C 독립·외국계,중국건설은행,,외은지점,,외국 금융회사 국내 지점,외은지점 — 한국 법인이 아닌 지점이라 결정은 본사 (목록만 받음),
1-3C 독립·외국계,중국공상은행,,외은지점,,외국 금융회사 국내 지점,외은지점 — 한국 법인이 아닌 지점이라 결정은 본사 (목록만 받음),
1-3C 독립·외국계,중국광대은행주식유한회사 서울지점,,외은지점,,외국 금융회사 국내 지점,외은지점 — 한국 법인이 아닌 지점이라 결정은 본사 (목록만 받음),
1-3C 독립·외국계,중국농업은행주식유한회사 ,,외은지점,,외국 금융회사 국내 지점,외은지점 — 한국 법인이 아닌 지점이라 결정은 본사 (목록만 받음),
1-3C 독립·외국계,중국은행,,외은지점,,외국 금융회사 국내 지점,외은지점 — 한국 법인이 아닌 지점이라 결정은 본사 (목록만 받음),
1-3C 독립·외국계,크레디 아그리콜 코퍼레이트 앤 인베스트먼트 뱅크,,외은지점,,외국 금융회사 국내 지점,외은지점 — 한국 법인이 아닌 지점이라 결정은 본사 (목록만 받음),
1-3C 독립·외국계,파키스탄국립은행,,외은지점,,외국 금융회사 국내 지점,외은지점 — 한국 법인이 아닌 지점이라 결정은 본사 (목록만 받음),
1-3C 독립·외국계,호주뉴질랜드은행 서울지점,,외은지점,,외국 금융회사 국내 지점,외은지점 — 한국 법인이 아닌 지점이라 결정은 본사 (목록만 받음),
1-3C 독립·외국계,홍콩상하이은행,,외은지점,,외국 금융회사 국내 지점,외은지점 — 한국 법인이 아닌 지점이라 결정은 본사 (목록만 받음),
