account,parent,own_rate,sector,induty_code,raw_name,reason
,맥쿼리한국인프라투융자회사,,,,,"출자현황 자료 없음 — 원문 확인, 필요하면 수동 입력 파일에 적음 (2025 사업보고서 013; 2025 3분기보고서 013; 2025 반기보고서 013; 2024 사업보고서 013)"
TAKA INTERNATIONAL INC.,(주)우진,99.66,,,TAKA INTERNATIONAL INC.(*2),해외 법인 — 계획서 7-2
SAMWHA EUROPE GMBH,삼화콘덴서공업(주),33.33,,,SAMWHA EUROPE GMBH,해외 법인 — 계획서 7-2
"SAMWHA HONGKONG CO., LTD",삼화콘덴서공업(주),33.33,,,"SAMWHA HONGKONG CO., LTD",해외 법인 — 계획서 7-2
SAMWHA INDIA ENERGY SAVINGS PVT. LTD,삼화콘덴서공업(주),50.0,,,SAMWHA INDIA ENERGY SAVINGS PVT. LTD,해외 법인 — 계획서 7-2
우진주소기계(영파)유한공사,(주)우진플라임,100.0,,,우진주소기계(영파)유한공사,해외 법인 — 계획서 7-2
"WOOJIN PLAIMM (America), INC.",(주)우진플라임,100.0,,,"WOOJIN PLAIMM (America), INC.",해외 법인 — 계획서 7-2
"WJP MACHINERY, S.A. DE C.V",(주)우진플라임,99.0,,,"WJP MACHINERY, S.A. DE C.V",해외 법인 — 계획서 7-2
WOOJIN PLAIMM GmbH,(주)우진플라임,100.0,,,WOOJIN PLAIMM GmbH,해외 법인 — 계획서 7-2
"SEOYON E-HWA INTERIOR SYSTEMS GEORGIA, INC.",(주)서연이화,100.0,,,"SEOYON E-HWA INTERIOR SYSTEMS GEORGIA, INC.",해외 법인 — 계획서 7-2
"SEOYON E-HWA MANUFACTURING SAVANNAH, INC.",(주)서연이화,100.0,,,"SEOYON E-HWA MANUFACTURING SAVANNAH, INC.(*2)",해외 법인 — 계획서 7-2
SEOYON E-HWA TEXAS INC.,(주)서연이화,100.0,,,SEOYON E-HWA TEXAS INC.(*3),해외 법인 — 계획서 7-2
SEOYON E-HWA FABRICACAO DE SISTEMA INTERIOR AUTOMOTIVO BRASIL LTDA,(주)서연이화,99.99,,,SEOYON E-HWA FABRICACAO DE SISTEMA INTERIOR AUTOMOTIVO BRASIL LTDA,해외 법인 — 계획서 7-2
"SEOYON E-HWA AUTOMOTIVE MEXICO, S. DE R.L. DE C.V.",(주)서연이화,99.99,,,"SEOYON E-HWA AUTOMOTIVE MEXICO, S. DE R.L. DE C.V.",해외 법인 — 계획서 7-2
SEOYON NORTH AMERICA S. DE R.L. DE C.V.,(주)서연이화,99.99,,,SEOYON NORTH AMERICA S. DE R.L. DE C.V.(*4),해외 법인 — 계획서 7-2
ASSAN HANIL OTOMOTIV SANAYI VE TICARET ANONIM SIRKETI,(주)서연이화,40.0,,,ASSAN HANIL OTOMOTIV SANAYI VE TICARET ANONIM SIRKETI,해외 법인 — 계획서 7-2
SEOYON EHWA SINGAPORE PTE. LTD.,(주)서연이화,100.0,,,SEOYON EHWA SINGAPORE PTE. LTD.,해외 법인 — 계획서 7-2
"JIANGSU SEOYON E-HWA AUTOMOTIVE PARTS CO., LTD.",(주)서연이화,100.0,,,"JIANGSU SEOYON E-HWA AUTOMOTIVE PARTS CO., LTD.",해외 법인 — 계획서 7-2
SEOYON E-HWA AUTOMOTIVE SLOVAKIA s.r.o.,(주)서연이화,100.0,,,SEOYON E-HWA AUTOMOTIVE SLOVAKIA s.r.o.,해외 법인 — 계획서 7-2
SEOYON E-HWA SUMMIT AUTOMOTIVE INDIA PRIVATE LIMITED,(주)서연이화,70.0,,,SEOYON E-HWA SUMMIT AUTOMOTIVE INDIA PRIVATE LIMITED,해외 법인 — 계획서 7-2
SEOYON E-HWA SUMMIT AUTOMOTIVE CHENNAI PRIVATE LIMITED,(주)서연이화,70.0,,,SEOYON E-HWA SUMMIT AUTOMOTIVE CHENNAI PRIVATE LIMITED,해외 법인 — 계획서 7-2
SEOYON E-HWA SUMMIT AUTOMOTIVE ANANTAPUR PRIVATE LIMITED,(주)서연이화,60.0,,,SEOYON E-HWA SUMMIT AUTOMOTIVE ANANTAPUR PRIVATE LIMITED,해외 법인 — 계획서 7-2
"SEOYON E-HWA INTERIOR SYSTEMS ALABAMA, LLC",(주)서연이화,100.0,,,"SEOYON E-HWA INTERIOR SYSTEMS ALABAMA, LLC",해외 법인 — 계획서 7-2
극동유화(남녕) 무역유한공사,극동유화(주),100.0,,,"극동유화(남녕)
무역유한공사(*1)",해외 법인 — 계획서 7-2
에스앤피혁신기술1호 조합,제일파마홀딩스(주),35.7,,,"에스앤피혁신기술1호
조합",펀드·SPC·투자조합·신탁 상품·명목회사 — 계획서 7-2
Hwaseung Automotive Bulgaria Ltd,(주)화승코퍼레이션,100.0,,,Hwaseung Automotive Bulgaria Ltd,해외 법인 — 계획서 7-2
화승특종고무(태창)유한공사,(주)화승코퍼레이션,33.0,,,화승특종고무(태창)유한공사,해외 법인 — 계획서 7-2
Hwaseung Material India Private Ltd.,(주)화승코퍼레이션,100.0,,,Hwaseung Material India Private Ltd.,해외 법인 — 계획서 7-2
HWASEUNG MATERIAL VIETNAM COMPANY LIMITED,(주)화승코퍼레이션,100.0,,,HWASEUNG MATERIAL VIETNAM COMPANY  LIMITED,해외 법인 — 계획서 7-2
화승기차배건(태창)유한공사,(주)화승코퍼레이션,33.0,,,화승기차배건(태창)유한공사,해외 법인 — 계획서 7-2
HSI Automotives Private Ltd,(주)화승코퍼레이션,100.0,,,HSI Automotives Private Ltd,해외 법인 — 계획서 7-2
Hwaseung Automotive America Holdings Inc.,(주)화승코퍼레이션,100.0,,,Hwaseung Automotive America Holdings Inc.,해외 법인 — 계획서 7-2
Hwaseung IA Automotives Private Ltd,(주)화승코퍼레이션,100.0,,,Hwaseung IA Automotives Private Ltd,해외 법인 — 계획서 7-2
"Hwaseung Vietnam Haiphong Automotive Co.,Ltd.",(주)화승코퍼레이션,100.0,,,"Hwaseung Vietnam Haiphong Automotive Co.,Ltd.",해외 법인 — 계획서 7-2
Hwaseung Europe GmbH,(주)화승코퍼레이션,100.0,,,Hwaseung Europe GmbH,해외 법인 — 계획서 7-2
PT. HWASEUNG AUTOMOTIVE INDONESIA,(주)화승코퍼레이션,100.0,,,PT. HWASEUNG AUTOMOTIVE INDONESIA,해외 법인 — 계획서 7-2
WL HOLDINGS USA LLC,(주)원림,100.0,,,WL HOLDINGS USA LLC,해외 법인 — 계획서 7-2
"THN AUTOPARTS MEXICO, S.A.DEC.V.",(주)티에이치엔,60.5,,,"THN AUTOPARTS MEXICO,
S.A.DEC.V.",해외 법인 — 계획서 7-2
"THN AUTOMOTIVE SYSTEMS VietNam CO., Ltd",(주)티에이치엔,100.0,,,"THN AUTOMOTIVE SYSTEMS
VietNam CO., Ltd",해외 법인 — 계획서 7-2
THN AUTO. PARTS MANUFACTURING BRASIL S.A,(주)티에이치엔,100.0,,,"THN AUTO. PARTS 
MANUFACTURING
BRASIL S.A",해외 법인 — 계획서 7-2
THN PARAGUAY S.A,(주)티에이치엔,100.0,,,THN PARAGUAY S.A,해외 법인 — 계획서 7-2
THN AUTOPARTS PHILIPPINES INC,(주)티에이치엔,100.0,,,"THN AUTOPARTS 
PHILIPPINES INC",해외 법인 — 계획서 7-2
"THN Autoparts VietNam CO., Ltd",(주)티에이치엔,100.0,,,"THN Autoparts VietNam
 CO., Ltd",해외 법인 — 계획서 7-2
이지스일반사모부동산투자신탁97호<종류C2(제3종) 수익증권>,주식회사 이지스밸류플러스위탁관리부동산투자회사,99.91,,,이지스일반사모부동산투자신탁97호<종류C2(제3종) 수익증권>,펀드·SPC·투자조합·신탁 상품·명목회사 — 계획서 7-2
(주)이지스데이터센터위탁관리부동산투자회사,주식회사 이지스밸류플러스위탁관리부동산투자회사,100.0,,,(주)이지스데이터센터위탁관리부동산투자회사,펀드·SPC·투자조합·신탁 상품·명목회사 — 계획서 7-2
(주)카이트제이십호위탁관리부동산투자회사,주식회사 이지스밸류플러스위탁관리부동산투자회사,96.77,,,(주)카이트제이십호위탁관리부동산투자회사,펀드·SPC·투자조합·신탁 상품·명목회사 — 계획서 7-2
이지스일반사모부동산투자신탁248호 <제1종 수익증권>,주식회사 이지스밸류플러스위탁관리부동산투자회사,80.3,,,"이지스일반사모부동산투자신탁248호
<제1종 수익증권>",펀드·SPC·투자조합·신탁 상품·명목회사 — 계획서 7-2
이지스일반사모부동산투자신탁25호 <제2종 수익증권>,주식회사 이지스밸류플러스위탁관리부동산투자회사,99.73,,,"이지스일반사모부동산투자신탁25호
<제2종 수익증권>",펀드·SPC·투자조합·신탁 상품·명목회사 — 계획서 7-2
이지스일반사모부동산투자신탁97호<종류C2(제3종) 수익증권>,주식회사 이지스밸류플러스위탁관리부동산투자회사,99.91,,,이지스일반사모부동산투자신탁97호<종류C2(제3종) 수익증권>,펀드·SPC·투자조합·신탁 상품·명목회사 — 계획서 7-2
(주)이지스데이터센터위탁관리부동산투자회사,주식회사 이지스밸류플러스위탁관리부동산투자회사,100.0,,,(주)이지스데이터센터위탁관리부동산투자회사,펀드·SPC·투자조합·신탁 상품·명목회사 — 계획서 7-2
(주)카이트제이십호위탁관리부동산투자회사,주식회사 이지스밸류플러스위탁관리부동산투자회사,96.77,,,(주)카이트제이십호위탁관리부동산투자회사,펀드·SPC·투자조합·신탁 상품·명목회사 — 계획서 7-2
이지스일반사모부동산투자신탁248호 <제1종 수익증권>,주식회사 이지스밸류플러스위탁관리부동산투자회사,80.3,,,"이지스일반사모부동산투자신탁248호
<제1종 수익증권>",펀드·SPC·투자조합·신탁 상품·명목회사 — 계획서 7-2
이지스일반사모부동산투자신탁25호 <제2종 수익증권>,주식회사 이지스밸류플러스위탁관리부동산투자회사,99.73,,,"이지스일반사모부동산투자신탁25호
<제2종 수익증권>",펀드·SPC·투자조합·신탁 상품·명목회사 — 계획서 7-2
청도복고전자유한공사,쿠쿠홀딩스(주),100.0,,,청도복고전자유한공사,해외 법인 — 계획서 7-2
CUCKOO ELECTRONICS MALAYSIA Sdn Bhd,쿠쿠홀딩스(주),100.0,,,CUCKOO ELECTRONICS MALAYSIA Sdn Bhd,해외 법인 — 계획서 7-2
"CUCKOO ELECTRONICS AMERICA, INC.",쿠쿠홀딩스(주),100.0,,,"CUCKOO ELECTRONICS AMERICA, INC.",해외 법인 — 계획서 7-2
CUCKOO VINA COMPANY LIMITED,쿠쿠홀딩스(주),100.0,,,CUCKOO VINA COMPANY LIMITED,해외 법인 — 계획서 7-2
CUCKOO OCEANIA PTY. LTD,쿠쿠홀딩스(주),100.0,,,CUCKOO OCEANIA PTY. LTD,해외 법인 — 계획서 7-2
PT. CUCKOO GLOBAL INDOESIA,쿠쿠홀딩스(주),71.56,,,PT. CUCKOO GLOBAL INDOESIA,해외 법인 — 계획서 7-2
"KEC HK CORP., LTD.",(주)한국전자홀딩스,100.0,,,"KEC HK CORP., LTD.",해외 법인 — 계획서 7-2
"KEC SINGAPORE PTE., LTD.",(주)한국전자홀딩스,100.0,,,"KEC SINGAPORE PTE., LTD.",해외 법인 — 계획서 7-2
"KEC TAIWAN CO., LTD.",(주)한국전자홀딩스,100.0,,,"KEC TAIWAN CO., LTD.",해외 법인 — 계획서 7-2
"KEC JAPAN CO., LTD.",(주)한국전자홀딩스,66.0,,,"KEC JAPAN CO., LTD.",해외 법인 — 계획서 7-2
㈜제이알제26호위탁 관리부동산투자회사,(주)제이알글로벌위탁관리부동산투자회사,100.0,,,"㈜제이알제26호위탁
관리부동산투자회사",펀드·SPC·투자조합·신탁 상품·명목회사 — 계획서 7-2
㈜제이알제28호위탁 관리부동산투자회사,(주)제이알글로벌위탁관리부동산투자회사,100.0,,,"㈜제이알제28호위탁
관리부동산투자회사",펀드·SPC·투자조합·신탁 상품·명목회사 — 계획서 7-2
㈜제이알제26호위탁 관리부동산투자회사,(주)제이알글로벌위탁관리부동산투자회사,100.0,,,"㈜제이알제26호위탁
관리부동산투자회사",펀드·SPC·투자조합·신탁 상품·명목회사 — 계획서 7-2
㈜제이알제28호위탁 관리부동산투자회사,(주)제이알글로벌위탁관리부동산투자회사,100.0,,,"㈜제이알제28호위탁
관리부동산투자회사",펀드·SPC·투자조합·신탁 상품·명목회사 — 계획서 7-2
삼하세원기차 과기유한공사,(주)세원정공,62.0,,,"삼하세원기차
과기유한공사",해외 법인 — 계획서 7-2
"KCTC VIETNAM Co., Ltd.",(주)케이씨티시,49.0,,,"KCTC VIETNAM Co., Ltd.",해외 법인 — 계획서 7-2
"KCTC VINA Co., Ltd.",(주)케이씨티시,100.0,,,"KCTC VINA Co., Ltd.",해외 법인 — 계획서 7-2
대련고려종합물류유한공사,(주)케이씨티시,100.0,,,대련고려종합물류유한공사,해외 법인 — 계획서 7-2
"KCTC THAI INTERNATIONAL Co., Ltd.",(주)케이씨티시,49.0,,,"KCTC THAI INTERNATIONAL Co., Ltd.",해외 법인 — 계획서 7-2
"KCTC THAI LOGISTICS Co., Ltd.",(주)케이씨티시,49.0,,,"KCTC THAI LOGISTICS Co., Ltd.",해외 법인 — 계획서 7-2
"KCTC MENA DMCC Co., Ltd.",(주)케이씨티시,100.0,,,"KCTC MENA DMCC Co., Ltd.",해외 법인 — 계획서 7-2
"KCTC SAUDI LOGISTIC Co.,Ltd.",(주)케이씨티시,60.0,,,"KCTC SAUDI LOGISTIC Co.,Ltd.",해외 법인 — 계획서 7-2
CUCKOO International (MAL) BERHAD,쿠쿠홈시스 주식회사,53.0,,,"CUCKOO International
(MAL) BERHAD",해외 법인 — 계획서 7-2
CUCKOO APPLIANCES PRIVATE LIMITED,쿠쿠홈시스 주식회사,83.32,,,"CUCKOO APPLIANCES
PRIVATE LIMITED",해외 법인 — 계획서 7-2
"CUCKOO Rental America, Inc",쿠쿠홈시스 주식회사,100.0,,,"CUCKOO Rental
America, Inc",해외 법인 — 계획서 7-2
"Pangrim Neotex Co.,Ltd",(주)방림,100.0,,,"Pangrim Neotex Co.,Ltd",해외 법인 — 계획서 7-2
,이구산업(주),,,,,"출자현황 자료 없음 — 원문 확인, 필요하면 수동 입력 파일에 적음 (2025 사업보고서 표 형식 아님(숫자 지분율 없음); 2025 3분기보고서 표 형식 아님(숫자 지분율 없음); 2025 반기보고서 표 형식 아님(숫자 지분율 없음); 2024 사업보고서 표 형식 아님(숫자 지분율 없음))"
골든오크 오퍼튜니티 펀드,(주)경방,45.0,,,골든오크 오퍼튜니티 펀드,펀드·SPC·투자조합·신탁 상품·명목회사 — 계획서 7-2
코람코가치투자제4의3호위탁관리자부동산투자회사,(주)경방,32.0,,,코람코가치투자제4의3호위탁관리자부동산투자회사,펀드·SPC·투자조합·신탁 상품·명목회사 — 계획서 7-2
에이치와이케이제일호사모투자합자회사,(주)경방,90.0,,,에이치와이케이제일호사모투자합자회사,펀드·SPC·투자조합·신탁 상품·명목회사 — 계획서 7-2
,한국화장품(주),,,,,"출자현황 자료 없음 — 원문 확인, 필요하면 수동 입력 파일에 적음 (2025 사업보고서 표 형식 아님(숫자 지분율 없음); 2025 3분기보고서 표 형식 아님(숫자 지분율 없음); 2025 반기보고서 표 형식 아님(숫자 지분율 없음); 2024 사업보고서 표 형식 아님(숫자 지분율 없음))"
일조애사비기차배건유한공사 (RSP),유성기업(주),35.0,,,"일조애사비기차배건유한공사
(RSP)",해외 법인 — 계획서 7-2
,(주)혜인,,,,,"출자현황 자료 없음 — 원문 확인, 필요하면 수동 입력 파일에 적음 (2025 사업보고서 표 형식 아님(숫자 지분율 없음); 2025 3분기보고서 표 형식 아님(숫자 지분율 없음); 2025 반기보고서 표 형식 아님(숫자 지분율 없음); 2024 사업보고서 표 형식 아님(숫자 지분율 없음))"
Hanil Development,한일홀딩스(주),30.31,,,Hanil Development(*1),해외 법인 — 계획서 7-2
스타트업 코리아 에이치 알파플러스펀드,한일홀딩스(주),33.3,,,스타트업 코리아 에이치 알파플러스펀드(*1),펀드·SPC·투자조합·신탁 상품·명목회사 — 계획서 7-2
Amass Star V.C. corp,한일홀딩스(주),98.35,,,Amass Star V.C. corp(*1),해외 법인 — 계획서 7-2
에이치스마트테크신기술투자조합1호,한일홀딩스(주),83.33,,,에이치스마트테크신기술투자조합1호(*1),펀드·SPC·투자조합·신탁 상품·명목회사 — 계획서 7-2
"TWO AND ONE CO., LTD.",(주)제이에스코퍼레이션,100.0,,,"TWO AND ONE CO., LTD.",해외 법인 — 계획서 7-2
PT. JS JAKARTA,(주)제이에스코퍼레이션,98.03,,,PT. JS JAKARTA,해외 법인 — 계획서 7-2
JS VINA LTD.,(주)제이에스코퍼레이션,100.0,,,JS VINA LTD.,해외 법인 — 계획서 7-2
"JS LEATHER COLLECTION PHNOM PENH CO., LTD.",(주)제이에스코퍼레이션,100.0,,,"JS LEATHER COLLECTION PHNOM PENH CO., LTD.",해외 법인 — 계획서 7-2
JS CORP DONGGUAN LTD,(주)제이에스코퍼레이션,100.0,,,JS CORP DONGGUAN LTD,해외 법인 — 계획서 7-2
PT. JSCORP BOYOLALI INDONESIA,(주)제이에스코퍼레이션,100.0,,,PT. JSCORP BOYOLALI INDONESIA,해외 법인 — 계획서 7-2
JS Corp USA,(주)제이에스코퍼레이션,100.0,,,JS Corp USA(*1),해외 법인 — 계획서 7-2
SNT Daewoo India Private Ltd,SNT모티브(주),100.0,,,SNT Daewoo India Private Ltd,해외 법인 — 계획서 7-2
SNT America Ltd,SNT모티브(주),100.0,,,SNT America Ltd,해외 법인 — 계획서 7-2
SNT대우기차부건(곤산)유한공사,SNT모티브(주),100.0,,,SNT대우기차부건(곤산)유한공사,해외 법인 — 계획서 7-2
SNT USA Ltd,SNT모티브(주),100.0,,,SNT USA Ltd,해외 법인 — 계획서 7-2
SNT Motiv India Private Ltd,SNT모티브(주),100.0,,,SNT Motiv India Private Ltd,해외 법인 — 계획서 7-2
SNT Global INC,SNT모티브(주),86.67,,,SNT Global INC,해외 법인 — 계획서 7-2
"CHOKWANG VINA CO.,LTD.",조광페인트(주),100.0,,,"CHOKWANG VINA CO.,LTD.",해외 법인 — 계획서 7-2
SHINWON GUATEMALA S.A,(주)신원,96.67,,,SHINWON GUATEMALA S.A,해외 법인 — 계획서 7-2
"SHINWON EBENEZER HK CO., LTD",(주)신원,100.0,,,"SHINWON EBENEZER HK CO., LTD",해외 법인 — 계획서 7-2
SHINWON EBENEZER USA INC,(주)신원,100.0,,,SHINWON EBENEZER USA INC,해외 법인 — 계획서 7-2
"EBENEZER NICARAGUA, S.A.",(주)신원,99.0,,,"EBENEZER NICARAGUA, S.A.",해외 법인 — 계획서 7-2
"FASHION STITCH NOAH, S.A.",(주)신원,99.0,,,"FASHION STITCH NOAH, S.A.",해외 법인 — 계획서 7-2
PT. FASHION STITCH JOSHUA,(주)신원,99.0,,,PT. FASHION STITCH JOSHUA,해외 법인 — 계획서 7-2
"EBENEZER MANAGUA, S.A.",(주)신원,99.0,,,"EBENEZER MANAGUA, S.A.",해외 법인 — 계획서 7-2
"DANIEL TEX, S.A.",(주)신원,99.0,,,"DANIEL TEX, S.A.",해외 법인 — 계획서 7-2
"SHINWON CENTRAL AMERICA, S.A.",(주)신원,99.0,,,"SHINWON CENTRAL AMERICA, S.A.",해외 법인 — 계획서 7-2
SHINWON EBENEZER INDIA PRIVATE LIMITED,(주)신원,99.0,,,SHINWON EBENEZER INDIA PRIVATE LIMITED,해외 법인 — 계획서 7-2
"FASHION STITCH GUATEMALA, S.A.",(주)신원,99.0,,,"FASHION STITCH GUATEMALA, S.A.",해외 법인 — 계획서 7-2
SHINWON EBENERZER NEW YORK INC,(주)신원,100.0,,,SHINWON EBENERZER NEW YORK INC,해외 법인 — 계획서 7-2
"OMEGA TEX, S.A.",(주)신원,99.0,,,"OMEGA TEX, S.A.",해외 법인 — 계획서 7-2
"MODAS BLUE, S.A.",(주)신원,99.0,,,"MODAS BLUE, S.A.",해외 법인 — 계획서 7-2
"SHINWON EBENEZER VIETNAM CO.,LTD",(주)신원,100.0,,,"SHINWON EBENEZER VIETNAM CO.,LTD",해외 법인 — 계획서 7-2
"SHINWON EBENEZER HANOI CO.,LTD",(주)신원,100.0,,,"SHINWON EBENEZER HANOI CO.,LTD",해외 법인 — 계획서 7-2
PT. SHINWON EBENEZER,(주)신원,99.98,,,PT. SHINWON EBENEZER,해외 법인 — 계획서 7-2
PT. SHINWON INDONESIA,(주)신원,99.9,,,PT. SHINWON INDONESIA,해외 법인 — 계획서 7-2
"ILSHIN VIETNAMCO.,LTD",일신방직(주),100.0,,,"ILSHIN VIETNAMCO.,LTD",해외 법인 — 계획서 7-2
ILSHIN HOLDINGS S.A,일신방직(주),100.0,,,ILSHIN HOLDINGS S.A (*1),해외 법인 — 계획서 7-2
STX International Trading (Singapore) Pte. Ltd.,(주)STX,100.0,,,STX International Trading (Singapore) Pte. Ltd.,해외 법인 — 계획서 7-2
STX Global India Private Ltd.,(주)STX,100.0,,,STX Global India Private Ltd.,해외 법인 — 계획서 7-2
STX Ghana Ltd.,(주)STX,100.0,,,STX Ghana Ltd.,해외 법인 — 계획서 7-2
"STX TIMOR CORPORATION,UNPESSOAL, LDA",(주)STX,100.0,,,"STX TIMOR CORPORATION,UNPESSOAL, LDA",해외 법인 — 계획서 7-2
KIM LLC,(주)STX,45.0,,,KIM LLC,해외 법인 — 계획서 7-2
STX Forest LLC,(주)STX,51.0,,,STX Forest LLC,해외 법인 — 계획서 7-2
STX FOREST MALAYSIA SDN. BHD.,(주)STX,100.0,,,STX FOREST MALAYSIA SDN. BHD.,해외 법인 — 계획서 7-2
PT. SATYA NUSANTARA SINERGI,(주)STX,99.91,,,PT. SATYA NUSANTARA SINERGI,해외 법인 — 계획서 7-2
PT. ESA STX SINERGI,(주)STX,49.0,,,PT. ESA STX SINERGI,해외 법인 — 계획서 7-2
STX VIETNAM CO LTD,(주)STX,100.0,,,STX VIETNAM CO LTD,해외 법인 — 계획서 7-2
STX Middle East FZE,(주)STX,100.0,,,STX Middle East FZE,해외 법인 — 계획서 7-2
STX Japan Corporation,(주)STX,100.0,,,STX Japan Corporation,해외 법인 — 계획서 7-2
STX (Shanghai) Corporation,(주)STX,100.0,,,STX (Shanghai) Corporation,해외 법인 — 계획서 7-2
LS PHOENIX INTERNATIONAL PRIVATE LIMITED,(주)LS,60.0,,,"LS PHOENIX INTERNATIONAL 
 PRIVATE LIMITED",해외 법인 — 계획서 7-2
LS GIDC Pte Ltd.,(주)LS,50.0,,,LS GIDC Pte Ltd.,해외 법인 — 계획서 7-2
미래에셋글로벌혁신성장투자조합1호,(주)LS,50.0,,,미래에셋글로벌혁신성장투자조합1호(*7),펀드·SPC·투자조합·신탁 상품·명목회사 — 계획서 7-2
LS Japan,(주)LS,100.0,,,LS Japan(*1),해외 법인 — 계획서 7-2
PT DAESANG AGUNG INDONESIA,대상홀딩스(주),204.0,,,PT DAESANG AGUNG INDONESIA,해외 법인 — 계획서 7-2
DSH DE INC,대상홀딩스(주),100.0,,,DSH DE INC,해외 법인 — 계획서 7-2
SANTERRA BIOHOLDINGS PTE. LTD.,대상홀딩스(주),100.0,,,SANTERRA BIOHOLDINGS PTE. LTD.(*7),해외 법인 — 계획서 7-2
애플트리2호 엔코어신기술사업 투자조합,대상홀딩스(주),34.35,,,애플트리2호 엔코어신기술사업 투자조합,펀드·SPC·투자조합·신탁 상품·명목회사 — 계획서 7-2
PT.SINTANGRAYA,대상홀딩스(주),50.0,,,PT.SINTANGRAYA,해외 법인 — 계획서 7-2
,(주)코람코더원위탁관리부동산투자회사,,,,,"출자현황 자료 없음 — 원문 확인, 필요하면 수동 입력 파일에 적음 (2025 사업보고서 표 형식 아님(숫자 지분율 없음); 2025 3분기보고서 013; 2025 반기보고서 013; 2024 사업보고서 표 형식 아님(숫자 지분율 없음))"
Songwon Group Holding AG,송원산업(주),100.0,,,"Songwon
Group
Holding AG",해외 법인 — 계획서 7-2
,부산주공(주),,,,,"출자현황 자료 없음 — 원문 확인, 필요하면 수동 입력 파일에 적음 (2025 사업보고서 표 형식 아님(숫자 지분율 없음); 2025 3분기보고서 표 형식 아님(숫자 지분율 없음); 2025 반기보고서 표 형식 아님(숫자 지분율 없음); 2024 사업보고서 표 형식 아님(숫자 지분율 없음))"
"MEXKET, S. DE R.L. DE C.V.",한국단자공업(주),100.0,,,"MEXKET, S. DE R.L. DE C.V.",해외 법인 — 계획서 7-2
KET USA,한국단자공업(주),100.0,,,KET USA,해외 법인 — 계획서 7-2
"KET JAPAN CO.,LTD",한국단자공업(주),100.0,,,"KET JAPAN CO.,LTD",해외 법인 — 계획서 7-2
"KET VINA CO., LTD.",한국단자공업(주),100.0,,,"KET
VINA CO., LTD.",해외 법인 — 계획서 7-2
위해신개제 전자유한공사,한국단자공업(주),100.0,,,"위해신개제
전자유한공사",해외 법인 — 계획서 7-2
KET POLAND SP.Z.O.O,한국단자공업(주),100.0,,,"KET POLAND
SP.Z.O.O",해외 법인 — 계획서 7-2
"Doosan Bobcat North America, Inc.",두산밥캣 주식회사,100.0,,,"Doosan Bobcat 
North America, Inc.",해외 법인 — 계획서 7-2
Doosan Bobcat Singapore Pte. Ltd.,두산밥캣 주식회사,100.0,,,"Doosan Bobcat 
Singapore Pte. Ltd.",해외 법인 — 계획서 7-2
Doosan Bobcat EMEA s.r.o.,두산밥캣 주식회사,100.0,,,"Doosan Bobcat 
EMEA s.r.o. (주3)",해외 법인 — 계획서 7-2
Doosan Bobcat Germany Frankfurt GmbH,두산밥캣 주식회사,100.0,,,"Doosan Bobcat Germany 
Frankfurt GmbH(주6)",해외 법인 — 계획서 7-2
클린에너지위탁관리 부동산투자회사(주),에스케이위탁관리부동산투자회사 주식회사,100.0,,,"클린에너지위탁관리
부동산투자회사(주)",펀드·SPC·투자조합·신탁 상품·명목회사 — 계획서 7-2
토털밸류제1호 위탁관리부동산 투자회사(주),에스케이위탁관리부동산투자회사 주식회사,100.0,,,"토털밸류제1호
위탁관리부동산
투자회사(주)",펀드·SPC·투자조합·신탁 상품·명목회사 — 계획서 7-2
클린에너지위탁관리 부동산투자회사(주),에스케이위탁관리부동산투자회사 주식회사,100.0,,,"클린에너지위탁관리
부동산투자회사(주)",펀드·SPC·투자조합·신탁 상품·명목회사 — 계획서 7-2
토털밸류제1호 위탁관리부동산 투자회사(주),에스케이위탁관리부동산투자회사 주식회사,100.0,,,"토털밸류제1호
위탁관리부동산
투자회사(주)",펀드·SPC·투자조합·신탁 상품·명목회사 — 계획서 7-2
클린에너지위탁관리 부동산투자회사㈜,에스케이위탁관리부동산투자회사 주식회사,100.0,,,"클린에너지위탁관리
부동산투자회사㈜",펀드·SPC·투자조합·신탁 상품·명목회사 — 계획서 7-2
토털밸류제1호 위탁관리부동산 투자회사㈜,에스케이위탁관리부동산투자회사 주식회사,100.0,,,"토털밸류제1호
위탁관리부동산
투자회사㈜",펀드·SPC·투자조합·신탁 상품·명목회사 — 계획서 7-2
클린에너지위탁관리 부동산투자회사㈜,에스케이위탁관리부동산투자회사 주식회사,100.0,,,"클린에너지위탁관리
부동산투자회사㈜",펀드·SPC·투자조합·신탁 상품·명목회사 — 계획서 7-2
토털밸류제1호 위탁관리부동산 투자회사㈜,에스케이위탁관리부동산투자회사 주식회사,100.0,,,"토털밸류제1호
위탁관리부동산
투자회사㈜",펀드·SPC·투자조합·신탁 상품·명목회사 — 계획서 7-2
태양프라이맥스 기배(장가항)유한공사,태양금속공업(주),100.0,,,"태양프라이맥스
기배(장가항)유한공사",해외 법인 — 계획서 7-2
연대태양금속유한공사,태양금속공업(주),100.0,,,연대태양금속유한공사,해외 법인 — 계획서 7-2
태양금속인도유한공사,태양금속공업(주),100.0,,,태양금속인도유한공사,해외 법인 — 계획서 7-2
TMC-NA Taeyang Metal North America LLC,태양금속공업(주),100.0,,,"TMC-NA Taeyang Metal North
America  LLC",해외 법인 — 계획서 7-2
Myanmar SungShin,성신양회(주),100.0,,,Myanmar SungShin,해외 법인 — 계획서 7-2
JinSung International,성신양회(주),100.0,,,JinSung International,해외 법인 — 계획서 7-2
JinSung RMC,성신양회(주),100.0,,,JinSung RMC,해외 법인 — 계획서 7-2
이에스알켄달스퀘어에셋1호위탁관리부동산투자회사(주),이에스알켄달스퀘어위탁관리부동산투자회사주식회사,100.0,,,이에스알켄달스퀘어에셋1호위탁관리부동산투자회사(주),펀드·SPC·투자조합·신탁 상품·명목회사 — 계획서 7-2
이에스알켄달스퀘어에셋2호위탁관리부동산투자회사(주),이에스알켄달스퀘어위탁관리부동산투자회사주식회사,100.0,,,이에스알켄달스퀘어에셋2호위탁관리부동산투자회사(주),펀드·SPC·투자조합·신탁 상품·명목회사 — 계획서 7-2
이에스알켄달스퀘어에셋1호위탁관리부동산투자회사(주),이에스알켄달스퀘어위탁관리부동산투자회사주식회사,100.0,,,이에스알켄달스퀘어에셋1호위탁관리부동산투자회사(주),펀드·SPC·투자조합·신탁 상품·명목회사 — 계획서 7-2
이에스알켄달스퀘어에셋2호위탁관리부동산투자회사(주),이에스알켄달스퀘어위탁관리부동산투자회사주식회사,100.0,,,이에스알켄달스퀘어에셋2호위탁관리부동산투자회사(주),펀드·SPC·투자조합·신탁 상품·명목회사 — 계획서 7-2
이에스알켄달스퀘어에셋3호위탁관리부동산투자회사(주),이에스알켄달스퀘어위탁관리부동산투자회사주식회사,100.0,,,이에스알켄달스퀘어에셋3호위탁관리부동산투자회사(주),펀드·SPC·투자조합·신탁 상품·명목회사 — 계획서 7-2
우진서안안장 유한공사,(주)우진아이엔에스,100.0,,,"우진서안안장
유한공사",해외 법인 — 계획서 7-2
"DUKSUNG(G.Z)CO.,LTD.",(주)덕성,100.0,,,"DUKSUNG(G.Z)CO.,LTD.",해외 법인 — 계획서 7-2
"DUKSUNG VINA CO.,LTD.",(주)덕성,100.0,,,"DUKSUNG VINA CO.,LTD.",해외 법인 — 계획서 7-2
PT.DUKSUNG ECOTECH INDONESIA,(주)덕성,99.9,,,"PT.DUKSUNG ECOTECH
INDONESIA",해외 법인 — 계획서 7-2
"Tianjin Samsung Electro- Mechanics Co., Ltd.",삼성전기(주),81.8,,,"Tianjin Samsung Electro-
Mechanics Co., Ltd.",해외 법인 — 계획서 7-2
"Samsung Electro-Mechanics (Shenzhen) Co., Ltd.",삼성전기(주),100.0,,,"Samsung Electro-Mechanics
(Shenzhen) Co., Ltd.",해외 법인 — 계획서 7-2
"Samsung Electro-Mechanics Japan Co., Ltd.",삼성전기(주),100.0,,,"Samsung Electro-Mechanics
Japan Co., Ltd.",해외 법인 — 계획서 7-2
Samsung Electro-Mechanics Software India Bangalore Private Limited,삼성전기(주),99.9,,,"Samsung Electro-Mechanics Software
India Bangalore Private Limited",해외 법인 — 계획서 7-2
SVIC 47호 신기술사업투자조합,삼성전기(주),99.0,,,SVIC 47호 신기술사업투자조합,펀드·SPC·투자조합·신탁 상품·명목회사 — 계획서 7-2
"Samsung Electro-Mechanics Philippines., Corp.",삼성전기(주),100.0,,,"Samsung Electro-Mechanics
Philippines., Corp.",해외 법인 — 계획서 7-2
"Samsung High-Tech Electro- Mechanics(Tianjin) Co., Ltd.",삼성전기(주),95.0,,,"Samsung High-Tech Electro-
Mechanics(Tianjin) Co., Ltd.",해외 법인 — 계획서 7-2
"Samsung Electro-Mechanics Vietnam Co., Ltd.",삼성전기(주),100.0,,,"Samsung Electro-Mechanics
Vietnam Co., Ltd.",해외 법인 — 계획서 7-2
"Samsung Electro-Mechanics America, Inc.",삼성전기(주),100.0,,,"Samsung Electro-Mechanics
America, Inc.",해외 법인 — 계획서 7-2
Samsung Electro-Mechanics Mexico S.A. de C.V.,삼성전기(주),100.0,,,"Samsung Electro-Mechanics Mexico
S.A. de C.V.",해외 법인 — 계획서 7-2
Samsung Electro-Mechanics GmbH,삼성전기(주),100.0,,,Samsung Electro-Mechanics GmbH,해외 법인 — 계획서 7-2
Calamba Premier Realty Coporation,삼성전기(주),39.8,,,Calamba Premier Realty Coporation,해외 법인 — 계획서 7-2
Samsung Electro-Mechanics Pte Ltd.,삼성전기(주),100.0,,,Samsung Electro-Mechanics Pte Ltd.,해외 법인 — 계획서 7-2
"Lafuma (Beijing) Co., Ltd.",(주)LF,100.0,,,"Lafuma (Beijing) Co., Ltd.",해외 법인 — 계획서 7-2
코람코멀티블라인드전문투자형사모투자신탁제27호,(주)LF,96.14,,,코람코멀티블라인드전문투자형사모투자신탁제27호,펀드·SPC·투자조합·신탁 상품·명목회사 — 계획서 7-2
코람코멀티블라인드전문투자형사모투자신탁제28호,(주)LF,96.38,,,코람코멀티블라인드전문투자형사모투자신탁제28호,펀드·SPC·투자조합·신탁 상품·명목회사 — 계획서 7-2
TetonBros.,(주)LF,70.0,,,TetonBros.,해외 법인 — 계획서 7-2
소프트산업육성투자조합,(주)LF,38.1,,,소프트산업육성투자조합,펀드·SPC·투자조합·신탁 상품·명목회사 — 계획서 7-2
메자닌그로쓰신기술투자조합,(주)LF,40.0,,,메자닌그로쓰신기술투자조합,펀드·SPC·투자조합·신탁 상품·명목회사 — 계획서 7-2
Polaris S.R.L,(주)LF,100.0,,,Polaris S.R.L,해외 법인 — 계획서 7-2
"Life in Future (LF) H.K Co., Ltd.",(주)LF,100.0,,,"Life in Future (LF) H.K Co., Ltd.",해외 법인 — 계획서 7-2
SSV,(주)SG세계물산,100.0,,,SSV,해외 법인 — 계획서 7-2
HCMC,(주)SG세계물산,100.0,,,HCMC,해외 법인 — 계획서 7-2
COSMO,(주)SG세계물산,100.0,,,COSMO,해외 법인 — 계획서 7-2
COLOMBO JAPAN,(주)SG세계물산,33.6,,,COLOMBO JAPAN,해외 법인 — 계획서 7-2
,유엔젤(주),,,,,"출자현황 자료 없음 — 원문 확인, 필요하면 수동 입력 파일에 적음 (2025 사업보고서 표 형식 아님(숫자 지분율 없음); 2025 3분기보고서 표 형식 아님(숫자 지분율 없음); 2025 반기보고서 표 형식 아님(숫자 지분율 없음); 2024 사업보고서 표 형식 아님(숫자 지분율 없음))"
,태원물산(주),,,,,"출자현황 자료 없음 — 원문 확인, 필요하면 수동 입력 파일에 적음 (2025 사업보고서 표 형식 아님(숫자 지분율 없음); 2025 3분기보고서 표 형식 아님(숫자 지분율 없음); 2025 반기보고서 표 형식 아님(숫자 지분율 없음); 2024 사업보고서 표 형식 아님(숫자 지분율 없음))"
SK Gas International Pte.Ltd,SK가스(주),100.0,,,SK Gas International Pte.Ltd,해외 법인 — 계획서 7-2
I.net,SK가스(주),36.49,,,I.net,해외 법인 — 계획서 7-2
Gridflex,SK가스(주),80.0,,,Gridflex,해외 법인 — 계획서 7-2
SK Gas USA Inc.,SK가스(주),100.0,,,SK Gas USA Inc.,해외 법인 — 계획서 7-2
DAE-IL USA,(주)디아이씨,100.0,,,DAE-IL USA,해외 법인 — 계획서 7-2
대일기배유한공사,(주)디아이씨,100.0,,,대일기배유한공사,해외 법인 — 계획서 7-2
"Daeduck Vietnam Co.,Ltd.",대덕전자(주),100.0,,,"Daeduck Vietnam Co.,Ltd.",해외 법인 — 계획서 7-2
"Daeduck Electronics (SHANGHAI) Co., Ltd.",대덕전자(주),100.0,,,"Daeduck Electronics 
(SHANGHAI) Co., Ltd.",해외 법인 — 계획서 7-2
"DD USA, INC.",대덕전자(주),100.0,,,"DD USA, INC.",해외 법인 — 계획서 7-2
금강 미국,금강공업(주),100.0,,,금강 미국,해외 법인 — 계획서 7-2
금강 베트남,금강공업(주),100.0,,,금강 베트남,해외 법인 — 계획서 7-2
"INHEE(VIETNAM)Co., Ltd",(주)벽산,70.0,,,"INHEE(VIETNAM)Co., Ltd",해외 법인 — 계획서 7-2
ELIM Brontier,(주)벽산,100.0,,,ELIM Brontier,해외 법인 — 계획서 7-2
스타트업 코리아 KOLMAR-DTNI K-뷰티 펀드,한국콜마(주),40.0,,,스타트업 코리아 KOLMAR-DTNI K-뷰티 펀드,펀드·SPC·투자조합·신탁 상품·명목회사 — 계획서 7-2
"Kolmar Cosmetics (Beijing) Co., Ltd.",한국콜마(주),100.0,,,"Kolmar Cosmetics (Beijing) Co., Ltd.",해외 법인 — 계획서 7-2
"Kolmar Cosmetics (Wuxi) Co., Ltd.",한국콜마(주),100.0,,,"Kolmar Cosmetics (Wuxi) Co., Ltd.",해외 법인 — 계획서 7-2
"HK Kolmar Laboratories, Inc.",한국콜마(주),100.0,,,"HK Kolmar Laboratories, Inc.",해외 법인 — 계획서 7-2
"HK Kolmar Canada, Inc.",한국콜마(주),100.0,,,"HK Kolmar Canada, Inc.",해외 법인 — 계획서 7-2
"Seokoh Canada, Inc.",한국콜마(주),100.0,,,"Seokoh Canada, Inc.",해외 법인 — 계획서 7-2
TIANJIN SAMWHA,삼화전기(주),55.0,,,TIANJIN SAMWHA,해외 법인 — 계획서 7-2
SAMWHA HONGKONG,삼화전기(주),33.33,,,SAMWHA HONGKONG,해외 법인 — 계획서 7-2
SAMWHA EUROPE,삼화전기(주),33.33,,,SAMWHA EUROPE,해외 법인 — 계획서 7-2
SAMWHA INDIA,삼화전기(주),50.0,,,SAMWHA INDIA,해외 법인 — 계획서 7-2
HYUNDAI CORP.USA,현대코퍼레이션(주),100.0,,,HYUNDAI CORP.USA,해외 법인 — 계획서 7-2
POS-HYUNDAI STEEL MFG.(I) PVT.LTD,현대코퍼레이션(주),100.0,,,"POS-HYUNDAI STEEL
MFG.(I) PVT.LTD",해외 법인 — 계획서 7-2
PT HD INTI DEVE.,현대코퍼레이션(주),55.0,,,PT HD INTI DEVE.,해외 법인 — 계획서 7-2
HYUNDAI YEMEN LNG COMPANY LIMITED,현대코퍼레이션(주),51.0,,,"HYUNDAI YEMEN LNG COMPANY
LIMITED",해외 법인 — 계획서 7-2
HY AUTO SOLUTION LLC,현대코퍼레이션(주),50.0,,,HY AUTO SOLUTION LLC,해외 법인 — 계획서 7-2
KCA 이에스지1호 사모투자 합자회사,현대코퍼레이션(주),34.2,,,KCA 이에스지1호 사모투자 합자회사,펀드·SPC·투자조합·신탁 상품·명목회사 — 계획서 7-2
"HYUNDAI AUSTRAILIA PTY.,LTD.",현대코퍼레이션(주),100.0,,,"HYUNDAI AUSTRAILIA PTY.,LTD.",해외 법인 — 계획서 7-2
신한알파서소문위탁관리부동산투자회사,현대코퍼레이션(주),46.9,,,신한알파서소문위탁관리부동산투자회사,펀드·SPC·투자조합·신탁 상품·명목회사 — 계획서 7-2
HYUNDAI CORP.EUROPE GMBH,현대코퍼레이션(주),100.0,,,HYUNDAI CORP.EUROPE GMBH,해외 법인 — 계획서 7-2
"HYUNDAI JAPAN CO.,LTD.",현대코퍼레이션(주),100.0,,,"HYUNDAI JAPAN CO.,LTD.",해외 법인 — 계획서 7-2
HYUNDAI CORPORATION SINGAPORE PTE. LTD.,현대코퍼레이션(주),100.0,,,"HYUNDAI CORPORATION
SINGAPORE PTE. LTD.",해외 법인 — 계획서 7-2
HYUNDAI CANADA INC.,현대코퍼레이션(주),100.0,,,HYUNDAI CANADA INC.,해외 법인 — 계획서 7-2
"HYUNDAI CORPORATION SHANGHAI CO.,LTD.",현대코퍼레이션(주),100.0,,,"HYUNDAI CORPORATION
SHANGHAI CO.,LTD.",해외 법인 — 계획서 7-2
PT HYUNDAI CORP INDONESIA,현대코퍼레이션(주),99.0,,,PT HYUNDAI CORP INDONESIA,해외 법인 — 계획서 7-2
"HYUNDAI CORPORATION MEXICO, S. DE R.L. DE C.V.",현대코퍼레이션(주),99.0,,,"HYUNDAI CORPORATION MEXICO,
S. DE R.L. DE C.V.",해외 법인 — 계획서 7-2
한섬상해(상무) 유한공사,(주)한섬,100.0,,,한섬상해(상무) 유한공사,해외 법인 — 계획서 7-2
"Kumho-Sunny Plastics Technology(Thailand)Co.,Ltd",금호석유화학(주),50.0,,,"Kumho-Sunny Plastics
Technology(Thailand)Co.,Ltd",해외 법인 — 계획서 7-2
KUMHO PETROCHEMICAL MALAYSIA Sdn. Bhd.,금호석유화학(주),100.0,,,"KUMHO PETROCHEMICAL
  MALAYSIA Sdn. Bhd.",해외 법인 — 계획서 7-2
PT KUMHO PETROCHEMICAL INDONESIA,금호석유화학(주),99.9,,,"PT KUMHO PETROCHEMICAL
 INDONESIA",해외 법인 — 계획서 7-2
KKPC AMERICA. Inc,금호석유화학(주),100.0,,,KKPC AMERICA. Inc,해외 법인 — 계획서 7-2
Kumho Petrochemical Germany GmbH,금호석유화학(주),100.0,,,"Kumho Petrochemical 
Germany GmbH",해외 법인 — 계획서 7-2
브이아이 아름다운인생 이벤트드리븐 일반 사모투자신탁 1호,금호석유화학(주),99.72,,,"브이아이 아름다운인생 
이벤트드리븐 일반 
사모투자신탁 1호",펀드·SPC·투자조합·신탁 상품·명목회사 — 계획서 7-2
상해금호일려소료유한공사,금호석유화학(주),50.0,,,상해금호일려소료유한공사,해외 법인 — 계획서 7-2
금호페트로홀딩스유한공사,금호석유화학(주),100.0,,,금호페트로홀딩스유한공사,해외 법인 — 계획서 7-2
"CHOSUN VINACO., LTD",CS 홀딩스(주),100.0,,,"CHOSUN  VINACO., LTD",해외 법인 — 계획서 7-2
"CHOSUN WELDING (THAILAND) CO.,LTD",CS 홀딩스(주),99.98,,,"CHOSUN WELDING
(THAILAND) CO.,LTD",해외 법인 — 계획서 7-2
Suheung-America Corp.,(주)서흥,100.0,,,Suheung-America Corp.,해외 법인 — 계획서 7-2
"Suheung-Vietnam Co.,Ltd.",(주)서흥,100.0,,,"Suheung-Vietnam Co.,Ltd.",해외 법인 — 계획서 7-2
"Suheung-Japan Co.,Ltd..",(주)서흥,100.0,,,"Suheung-Japan Co.,Ltd..",해외 법인 — 계획서 7-2
Suheung-Europe GmbH,(주)서흥,100.0,,,Suheung-Europe GmbH,해외 법인 — 계획서 7-2
플레르신기술조합 제91호,(주)비비안,99.98,,,플레르신기술조합 제91호,펀드·SPC·투자조합·신탁 상품·명목회사 — 계획서 7-2
티에스투자조합,(주)비비안,31.2,,,티에스투자조합,펀드·SPC·투자조합·신탁 상품·명목회사 — 계획서 7-2
barbara paris,(주)비비안,100.0,,,주2) barbara paris,해외 법인 — 계획서 7-2
DSR INTERNATIONAL CORP,DSR(주),70.0,,,DSR INTERNATIONAL CORP,해외 법인 — 계획서 7-2
청도DSR제강유한공사,DSR(주),92.31,,,청도DSR제강유한공사,해외 법인 — 계획서 7-2
"DSR VINA CO.,Ltd",DSR(주),98.5,,,"DSR VINA CO.,Ltd",해외 법인 — 계획서 7-2
"Dongyang Mechatronics Jiangyin Co., Ltd.",디와이파워(주),100.0,,,"Dongyang Mechatronics
Jiangyin Co., Ltd.",해외 법인 — 계획서 7-2
DY POWER INDIA Pvt.,디와이파워(주),100.0,,,DY POWER INDIA Pvt.,해외 법인 — 계획서 7-2
DY AMERICA Inc.,디와이파워(주),33.5,,,DY AMERICA Inc.,해외 법인 — 계획서 7-2
Bionote USA Inc,(주)바이오노트,100.0,,,Bionote USA Inc,해외 법인 — 계획서 7-2
Bionote India Healthcare Private Limited,(주)바이오노트,100.0,,,Bionote India Healthcare Private Limited,해외 법인 — 계획서 7-2
"Bionote Shanghai Co., Ltd.",(주)바이오노트,100.0,,,"Bionote Shanghai Co., Ltd.",해외 법인 — 계획서 7-2
PT STANDARD Biosensor Healthcare,(주)바이오노트,40.0,,,PT STANDARD Biosensor Healthcare,해외 법인 — 계획서 7-2
Singsong (H.K) Ltd.,신송홀딩스(주),100.0,,,Singsong (H.K) Ltd.,해외 법인 — 계획서 7-2
Singsong Global Singapore Pte. Ltd,신송홀딩스(주),100.0,,,Singsong Global Singapore Pte. Ltd,해외 법인 — 계획서 7-2
SINGSONG LLC,신송홀딩스(주),100.0,,,SINGSONG LLC,해외 법인 — 계획서 7-2
Trek Inc. (해외투자법인),대창단조(주),100.0,,,"Trek Inc.
(해외투자법인)",해외 법인 — 계획서 7-2
Track Design India Private Limited (해외투자법인),대창단조(주),66.67,,,"Track Design India
Private Limited
(해외투자법인)",해외 법인 — 계획서 7-2
"SUNWAY DAECHANG FORGING (ANHUI) CO., LTD. (해외투자법인)",대창단조(주),50.0,,,"SUNWAY 
DAECHANG
 FORGING (ANHUI)
 CO., LTD.
(해외투자법인)",해외 법인 — 계획서 7-2
삼화유럽,삼화전자공업(주),33.33,,,삼화유럽,해외 법인 — 계획서 7-2
삼화홍콩,삼화전자공업(주),33.33,,,삼화홍콩,해외 법인 — 계획서 7-2
KPIC DAWN (SHANGHAI) POLYMER,대한유화(주),50.0,,,"KPIC DAWN (SHANGHAI)
POLYMER",해외 법인 — 계획서 7-2
YUHAN USA CORPORATION,(주)유한양행,100.0,,,YUHAN USA CORPORATION,해외 법인 — 계획서 7-2
YUHAN Hong Kong Limited,(주)유한양행,100.0,,,YUHAN Hong Kong Limited,해외 법인 — 계획서 7-2
Yuhan ANZ Pty Ltd.,(주)유한양행,100.0,,,Yuhan ANZ Pty Ltd.,해외 법인 — 계획서 7-2
SUNGMOON ELECTRONICS INDIA PRIVATE LIMITED,성문전자(주),99.9,,,SUNGMOON ELECTRONICS INDIA PRIVATE LIMITED,해외 법인 — 계획서 7-2
청도성문전자유한공사,성문전자(주),97.61,,,청도성문전자유한공사,해외 법인 — 계획서 7-2
WOOSHIN HOLDING CORPORATION,(주)우신시스템,100.0,,,WOOSHIN HOLDING CORPORATION,해외 법인 — 계획서 7-2
Wooshin Safety Systems Holding Corporation North America LLC,(주)우신시스템,100.0,,,"Wooshin Safety Systems 
Holding Corporation North America LLC",해외 법인 — 계획서 7-2
Wooshin Safety Systems Holding Corporation,(주)우신시스템,100.0,,,"Wooshin Safety Systems 
Holding Corporation",해외 법인 — 계획서 7-2
WS SAFETY SYSTEMS MEXICO SA DE CV,(주)우신시스템,100.0,,,"WS SAFETY SYSTEMS 
MEXICO SA DE CV",해외 법인 — 계획서 7-2
WOOSHIN SAFETY SYSTEMS INDIA PVT LTD,(주)우신시스템,100.0,,,"WOOSHIN SAFETY SYSTEMS 
INDIA PVT LTD",해외 법인 — 계획서 7-2
"Jiangsu Wooshin Safety Systems Co., Ltd.",(주)우신시스템,100.0,,,"Jiangsu Wooshin 
Safety Systems Co., Ltd.",해외 법인 — 계획서 7-2
무한우신기계유한공사,(주)우신시스템,100.0,,,무한우신기계유한공사,해외 법인 — 계획서 7-2
"WOOSHIN PROPERTIES, LLC",(주)우신시스템,100.0,,,"WOOSHIN PROPERTIES, LLC",해외 법인 — 계획서 7-2
WOOSHIN NORTH AMERICA LLC,(주)우신시스템,100.0,,,WOOSHIN NORTH AMERICA LLC,해외 법인 — 계획서 7-2
D.I Japan Corporation,(주)디아이,100.0,,,"D.I Japan
Corporation",해외 법인 — 계획서 7-2
"Suzhou Dl Electronics Co.,Ltd",(주)디아이,100.0,,,"Suzhou Dl Electronics
Co.,Ltd",해외 법인 — 계획서 7-2
GS Collective Fund II LLC,(주)GS,57.14,,,GS Collective Fund II LLC,해외 법인 — 계획서 7-2
GS Infinity Corp,(주)GS,100.0,,,GS Infinity Corp,해외 법인 — 계획서 7-2
Dione Limited,(주)GS,62.5,,,Dione Limited,해외 법인 — 계획서 7-2
GS Beyond Corp,(주)GS,100.0,,,GS Beyond Corp,해외 법인 — 계획서 7-2
GS Collective Fund I LLC,(주)GS,64.52,,,GS Collective Fund I LLC,해외 법인 — 계획서 7-2
강음한일강철유한공사,(주)하이스틸,40.0,,,강음한일강철유한공사,해외 법인 — 계획서 7-2
유암코아이비케이에스 신기술투자조합,(주)하이스틸,35.0,,,"유암코아이비케이에스
신기술투자조합",펀드·SPC·투자조합·신탁 상품·명목회사 — 계획서 7-2
퍼시픽제3호일반사모부동산투자유한회사,(주)제주항공,99.86,,,퍼시픽제3호일반사모부동산투자유한회사,펀드·SPC·투자조합·신탁 상품·명목회사 — 계획서 7-2
"LG Holdings Japan Co., Ltd.",(주)LG,100.0,,,"LG Holdings Japan Co., Ltd.",해외 법인 — 계획서 7-2
"General Atlantic (GRSH) Bermuda Coinvest, L.P.",(주)LG,50.0,,,"General Atlantic (GRSH) Bermuda Coinvest, L.P.(*3)",해외 법인 — 계획서 7-2
"VFF IV Co-Invest 4-C, L.P.",(주)LG,45.0,,,"VFF IV Co-Invest 4-C, L.P.",해외 법인 — 계획서 7-2
IOBED(M) SDN. BD,코웨이(주),100.0,,,IOBED(M) SDN. BD (주3),해외 법인 — 계획서 7-2
"Coway (Thailand) Co.,Ltd.",코웨이(주),100.0,,,"Coway (Thailand) Co.,Ltd.",해외 법인 — 계획서 7-2
Coway (M) Sdn Bhd.,코웨이(주),100.0,,,Coway (M) Sdn Bhd.,해외 법인 — 계획서 7-2
Coway USA Inc.,코웨이(주),100.0,,,Coway USA Inc.,해외 법인 — 계획서 7-2
"Coway China Co.,Ltd.",코웨이(주),100.0,,,"Coway China Co.,Ltd.",해외 법인 — 계획서 7-2
PT COWAY INTERNATIONAL INDONESIA,코웨이(주),100.0,,,PT COWAY INTERNATIONAL INDONESIA,해외 법인 — 계획서 7-2
"COWAY VINA CO., LTD.",코웨이(주),100.0,,,"COWAY VINA CO., LTD.",해외 법인 — 계획서 7-2
Coway Europe B.V.,코웨이(주),100.0,,,Coway Europe B.V.,해외 법인 — 계획서 7-2
키움로지스틱스일반사모부동산투자신탁제3호,코웨이(주),84.1,,,키움로지스틱스일반사모부동산투자신탁제3호,펀드·SPC·투자조합·신탁 상품·명목회사 — 계획서 7-2
COWAY SINGAPORE PTE. LTD.,코웨이(주),100.0,,,COWAY SINGAPORE PTE. LTD. (주5),해외 법인 — 계획서 7-2
"NECOA HOLDINGS, INC",코웨이(주),100.0,,,"NECOA HOLDINGS, INC (주7)",해외 법인 — 계획서 7-2
"NECOA, Inc.",코웨이(주),100.0,,,"NECOA, Inc. (주8)",해외 법인 — 계획서 7-2
"NECOA TECH, Inc.",코웨이(주),100.0,,,"NECOA TECH, Inc. (주8)",해외 법인 — 계획서 7-2
COWAY INDIA PRIVATE LIMITED,코웨이(주),100.0,,,COWAY INDIA PRIVATE LIMITED (주9),해외 법인 — 계획서 7-2
,주식회사 미래에셋글로벌위탁관리부동산투자회사,,,,,"출자현황 자료 없음 — 원문 확인, 필요하면 수동 입력 파일에 적음 (2025 사업보고서 표 형식 아님(숫자 지분율 없음); 2025 3분기보고서 013; 2025 반기보고서 표 형식 아님(숫자 지분율 없음); 2024 사업보고서 표 형식 아님(숫자 지분율 없음))"
㈜SIMPAC KDA,(주)SIMPAC,100.0,,,㈜SIMPAC KDA,해외 법인 — 계획서 7-2
Magnesia Global Pte.Ltd.,(주)SIMPAC,100.0,,,Magnesia Global Pte.Ltd.,해외 법인 — 계획서 7-2
SILBRAKOR LTDA.,(주)SIMPAC,50.0,,,SILBRAKOR LTDA.,해외 법인 — 계획서 7-2
블루리프모빌리티스케일업사모투자,(주)SIMPAC,31.0,,,블루리프모빌리티스케일업사모투자,펀드·SPC·투자조합·신탁 상품·명목회사 — 계획서 7-2
IMM살루스벤처펀드 제2호,(주)SIMPAC,43.0,,,IMM살루스벤처펀드 제2호,펀드·SPC·투자조합·신탁 상품·명목회사 — 계획서 7-2
"SIMPAC TIANJIN Co., Ltd.",(주)SIMPAC,100.0,,,"SIMPAC TIANJIN Co., Ltd.",해외 법인 — 계획서 7-2
"SIMPAC AMERICA Co., Ltd.",(주)SIMPAC,100.0,,,"SIMPAC AMERICA Co., Ltd.",해외 법인 — 계획서 7-2
SIMPAC MEXICO S. de R. L. de C. V,(주)SIMPAC,100.0,,,SIMPAC MEXICO S. de R. L. de C. V,해외 법인 — 계획서 7-2
SIMPAC PRES OTOMASYON SISTEMLE,(주)SIMPAC,100.0,,,SIMPAC PRES OTOMASYON SISTEMLE,해외 법인 — 계획서 7-2
KTB칸피던스사모부동산 투자신탁제35호,(주)SIMPAC,100.0,,,KTB칸피던스사모부동산 투자신탁제35호,펀드·SPC·투자조합·신탁 상품·명목회사 — 계획서 7-2
현대(중국)전제유한공사,현대엘리베이터(주),100.0,,,현대(중국)전제유한공사,해외 법인 — 계획서 7-2
현대투자파트너스제1호전략투자조합,현대엘리베이터(주),99.0,,,현대투자파트너스제1호전략투자조합,펀드·SPC·투자조합·신탁 상품·명목회사 — 계획서 7-2
현대투자파트너스제2호벤처투자조합,현대엘리베이터(주),99.0,,,현대투자파트너스제2호벤처투자조합,펀드·SPC·투자조합·신탁 상품·명목회사 — 계획서 7-2
"ADASTRAX, LLC",현대엘리베이터(주),93.12,,,"ADASTRAX, LLC",해외 법인 — 계획서 7-2
PT. HYUNDAI ELEVATOR INDONESIA,현대엘리베이터(주),51.0,,,PT. HYUNDAI ELEVATOR INDONESIA,해외 법인 — 계획서 7-2
TDH Global 2017 LLC,현대엘리베이터(주),47.73,,,TDH Global 2017 LLC,해외 법인 — 계획서 7-2
와이어드 그린 사모투자합자회사,현대엘리베이터(주),69.28,,,와이어드 그린 사모투자합자회사,펀드·SPC·투자조합·신탁 상품·명목회사 — 계획서 7-2
알파플러스 신성장가치 일반 사모투자신탁 1호,현대엘리베이터(주),98.8,,,알파플러스 신성장가치 일반 사모투자신탁 1호,펀드·SPC·투자조합·신탁 상품·명목회사 — 계획서 7-2
알파플러스 신성장안정 일반 사모투자신탁 1호,현대엘리베이터(주),98.8,,,알파플러스 신성장안정 일반 사모투자신탁 1호,펀드·SPC·투자조합·신탁 상품·명목회사 — 계획서 7-2
베스트리딩 일반 사모투자신탁 1호,현대엘리베이터(주),99.93,,,베스트리딩 일반 사모투자신탁 1호,펀드·SPC·투자조합·신탁 상품·명목회사 — 계획서 7-2
"KINETIC HYUNDAI ELEVATOR & MOVEMENT TECHNOLOGIES, LTD.",현대엘리베이터(주),40.0,,,"KINETIC HYUNDAI ELEVATOR & MOVEMENT TECHNOLOGIES, LTD.",해외 법인 — 계획서 7-2
혁신성장HIP제3호벤처투자조합,현대엘리베이터(주),46.67,,,혁신성장HIP제3호벤처투자조합,펀드·SPC·투자조합·신탁 상품·명목회사 — 계획서 7-2
스마트HIP 제4호 벤처투자조합,현대엘리베이터(주),47.3,,,스마트HIP 제4호 벤처투자조합,펀드·SPC·투자조합·신탁 상품·명목회사 — 계획서 7-2
HYUNDAI ELEVADORES DO BRASIL LTDA,현대엘리베이터(주),100.0,,,HYUNDAI ELEVADORES DO BRASIL LTDA,해외 법인 — 계획서 7-2
HYUNDAI ELEVATOR MALAYSIA SDN.BHD.,현대엘리베이터(주),100.0,,,HYUNDAI ELEVATOR MALAYSIA SDN.BHD.,해외 법인 — 계획서 7-2
"HYUNDAI THANH CONG ELEVATOR VIETNAM CO., LTD.",현대엘리베이터(주),55.0,,,"HYUNDAI THANH CONG ELEVATOR VIETNAM CO., LTD.",해외 법인 — 계획서 7-2
"HYUNDAI ELEVATOR VIETNAM CO., LTD.",현대엘리베이터(주),100.0,,,"HYUNDAI ELEVATOR VIETNAM CO., LTD.",해외 법인 — 계획서 7-2
HYUNDAI ELEVATOR ASANSOR VE SERVIS SANAYI VE TICARET ANONIM SIRKETI,현대엘리베이터(주),100.0,,,HYUNDAI ELEVATOR ASANSOR VE SERVIS SANAYI VE TICARET ANONIM SIRKETI,해외 법인 — 계획서 7-2
"ENEX VINA Co., LTD.",(주)에넥스,100.0,,,"ENEX VINA Co., LTD.",해외 법인 — 계획서 7-2
청담 메디케어 1호 신기술조합,(주)금호에이치티,99.8,,,청담 메디케어 1호 신기술조합,펀드·SPC·투자조합·신탁 상품·명목회사 — 계획서 7-2
플루토 신기술조합 제71호,(주)금호에이치티,99.98,,,플루토 신기술조합 제71호,펀드·SPC·투자조합·신탁 상품·명목회사 — 계획서 7-2
"TIANJIN KUMHO HT CO., LTD.",(주)금호에이치티,100.0,,,"TIANJIN KUMHO HT CO., LTD.",해외 법인 — 계획서 7-2
"S-MAC HT VINA CO., LTD.",(주)금호에이치티,100.0,,,"S-MAC HT VINA CO., LTD.",해외 법인 — 계획서 7-2
"ESSA HI-TECH CO., LTD.",(주)금호에이치티,100.0,,,"ESSA HI-TECH CO., LTD.",해외 법인 — 계획서 7-2
"KUMHO HT INDIA PVT., LTD.",(주)금호에이치티,99.99,,,"KUMHO HT INDIA PVT., LTD.",해외 법인 — 계획서 7-2
,세방(주),,,,,"출자현황 자료 없음 — 원문 확인, 필요하면 수동 입력 파일에 적음 (2025 사업보고서 표 형식 아님(숫자 지분율 없음); 2025 3분기보고서 표 형식 아님(숫자 지분율 없음); 2025 반기보고서 표 형식 아님(숫자 지분율 없음); 2024 사업보고서 표 형식 아님(숫자 지분율 없음))"
강음한일강철 유한공사 (해외 비상장법인/종속회사),한일철강(주),60.0,,,"강음한일강철
유한공사
(해외 비상장법인/종속회사)",해외 법인 — 계획서 7-2
"SICHAOXIAN(DALIAN) INTERNATIONAL TRADE CO.,LTD",(주)사조대림,65.0,,,"SICHAOXIAN(DALIAN) INTERNATIONAL TRADE CO.,LTD",해외 법인 — 계획서 7-2
타임폴리오 It's time -Mezzanine G 3호,KPX홀딩스(주),38.46,,,"타임폴리오 It's time
-Mezzanine G 3호",펀드·SPC·투자조합·신탁 상품·명목회사 — 계획서 7-2
타임폴리오 코스닥벤처 The Unique 대체투자 4호,KPX홀딩스(주),33.33,,,"타임폴리오 코스닥벤처
The Unique 대체투자 4호",펀드·SPC·투자조합·신탁 상품·명목회사 — 계획서 7-2
"KPX VINA CO., LTD.",KPX홀딩스(주),80.0,,,"KPX VINA CO., LTD.",해외 법인 — 계획서 7-2
비엔비 IPO 벤처 일반 사모투자신탁 제5호,KPX홀딩스(주),37.5,,,"비엔비 IPO 벤처
일반 사모투자신탁 제5호",펀드·SPC·투자조합·신탁 상품·명목회사 — 계획서 7-2
마스터 IPO 벤처 일반 사모투자신탁 제1호,KPX홀딩스(주),38.46,,,"마스터 IPO 벤처
일반 사모투자신탁 제1호",펀드·SPC·투자조합·신탁 상품·명목회사 — 계획서 7-2
타임폴리오 코스닥벤처 The Unique 대체투자 3호,KPX홀딩스(주),38.46,,,"타임폴리오 코스닥벤처
The Unique 대체투자 3호",펀드·SPC·투자조합·신탁 상품·명목회사 — 계획서 7-2
,영화금속(주),,,,,"출자현황 자료 없음 — 원문 확인, 필요하면 수동 입력 파일에 적음 (2025 사업보고서 표 형식 아님(숫자 지분율 없음); 2025 3분기보고서 표 형식 아님(숫자 지분율 없음); 2025 반기보고서 표 형식 아님(숫자 지분율 없음); 2024 사업보고서 표 형식 아님(숫자 지분율 없음))"
"HWASEUNG VINA Co.,Ltd",주식회사 화승엔터프라이즈,100.0,,,"HWASEUNG VINA Co.,Ltd",해외 법인 — 계획서 7-2
"Jangchun Shoe Manufacturing Dalian Co.,Ltd",주식회사 화승엔터프라이즈,100.0,,,"Jangchun Shoe Manufacturing Dalian Co.,Ltd",해외 법인 — 계획서 7-2
PT. HWA SEUNG INDONESIA,주식회사 화승엔터프라이즈,100.0,,,PT. HWA SEUNG INDONESIA,해외 법인 — 계획서 7-2
HWASEUNG Footwear India Private Limited,주식회사 화승엔터프라이즈,99.99,,,HWASEUNG Footwear India Private Limited,해외 법인 — 계획서 7-2
에이치 피아이 2호 신기술사업투자조합,주식회사 화승엔터프라이즈,100.0,,,에이치 피아이 2호 신기술사업투자조합,펀드·SPC·투자조합·신탁 상품·명목회사 — 계획서 7-2
Dong-A Steel Technology (B) Sdn Bhd,다스코(주),99.9,,,"Dong-A Steel Technology
(B) Sdn Bhd",해외 법인 — 계획서 7-2
(주)명지3호에너지,다스코(주),100.0,,,(주)명지3호에너지,펀드·SPC·투자조합·신탁 상품·명목회사 — 계획서 7-2
Qingdao GMB Machinery Product,지엠비코리아(주),40.0,,,"Qingdao GMB 
 Machinery Product",해외 법인 — 계획서 7-2
GMB USA INC,지엠비코리아(주),60.0,,,GMB USA INC,해외 법인 — 계획서 7-2
GMB AUTOMOTIVE INDIACHENNAI PRIVATE LIMITED,지엠비코리아(주),60.0,,,"GMB AUTOMOTIVE 
 INDIACHENNAI PRIVATE LIMITED",해외 법인 — 계획서 7-2
GMB-SK증권 WLO 신기술투자조합 제1호,지엠비코리아(주),59.27,,,"GMB-SK증권 WLO 
 신기술투자조합 제1호",펀드·SPC·투자조합·신탁 상품·명목회사 — 계획서 7-2
Qingdao GMB Automotive,지엠비코리아(주),80.0,,,Qingdao GMB Automotive,해외 법인 — 계획서 7-2
GMB North America,지엠비코리아(주),34.3,,,GMB North America,해외 법인 — 계획서 7-2
Hangzhou GMB Automotive,지엠비코리아(주),100.0,,,Hangzhou GMB Automotive,해외 법인 — 계획서 7-2
GMB Automotive NANTONG,지엠비코리아(주),100.0,,,GMB Automotive NANTONG,해외 법인 — 계획서 7-2
"GMB Rus Automotive, LLC.",지엠비코리아(주),100.0,,,"GMB Rus Automotive, LLC. 주1)",해외 법인 — 계획서 7-2
GMB Romania Auto Industry SRL,지엠비코리아(주),100.0,,,GMB Romania Auto Industry SRL,해외 법인 — 계획서 7-2
청도단석신능원과기유한공사,주식회사 디에스단석,100.0,,,청도단석신능원과기유한공사,해외 법인 — 계획서 7-2
S-International Ltd.,S-Oil(주),100.0,,,S-International Ltd.,해외 법인 — 계획서 7-2
S-OIL Singapore Pte. Ltd.,S-Oil(주),100.0,,,"S-OIL Singapore
Pte. Ltd.",해외 법인 — 계획서 7-2
S-OIL Europe B.V.,S-Oil(주),100.0,,,S-OIL Europe B.V.,해외 법인 — 계획서 7-2
SEOHAN AMERICA,한국무브넥스(주),100.0,,,SEOHAN AMERICA,해외 법인 — 계획서 7-2
북경서한,한국무브넥스(주),100.0,,,북경서한,해외 법인 — 계획서 7-2
ISU-세컨더리1호투자조합,(주)이수화학                             ,49.0,,,ISU-세컨더리1호투자조합,펀드·SPC·투자조합·신탁 상품·명목회사 — 계획서 7-2
ISU GERMANY GMBH,(주)이수화학                             ,100.0,,,ISU GERMANY GMBH,해외 법인 — 계획서 7-2
ISU Chemical Australia Pty Ltd,(주)이수화학                             ,100.0,,,ISU Chemical Australia Pty Ltd,해외 법인 — 계획서 7-2
신장이수롱쿤농업개발유한공사,(주)이수화학                             ,74.0,,,신장이수롱쿤농업개발유한공사,해외 법인 — 계획서 7-2
산동동명이수화학 유한공사,(주)이수화학                             ,40.0,,,산동동명이수화학 유한공사,해외 법인 — 계획서 7-2
JU YOUNG - ISU FUTURE GROW COMPANY LIMITED,(주)이수화학                             ,49.0,,,JU YOUNG - ISU FUTURE GROW COMPANY LIMITED,해외 법인 — 계획서 7-2
"Qingdao DN VMS Automotive Co., Ltd.",(주)디엔오토모티브,100.0,,,"Qingdao DN VMS Automotive Co., Ltd.(*1)",해외 법인 — 계획서 7-2
DN AUTOMOTIVE USA TECH CENTER INC,(주)디엔오토모티브,100.0,,,DN AUTOMOTIVE USA TECH CENTER INC,해외 법인 — 계획서 7-2
"DONG AH VINA CO., LTD.",(주)디엔오토모티브,100.0,,,"DONG AH VINA CO., LTD.",해외 법인 — 계획서 7-2
DN Automotive USA Inc.,(주)디엔오토모티브,100.0,,,DN Automotive USA Inc.(*2),해외 법인 — 계획서 7-2
DN Automotive VMS Ltd.,(주)디엔오토모티브,100.0,,,DN Automotive VMS Ltd.,해외 법인 — 계획서 7-2
DN Automotive Germany GmbH,(주)디엔오토모티브,100.0,,,DN Automotive Germany GmbH,해외 법인 — 계획서 7-2
DN Automotive Italy S.R.L.,(주)디엔오토모티브,100.0,,,DN Automotive Italy S.R.L.(*4),해외 법인 — 계획서 7-2
DN Automotive MEXICO S.A. DE C.V.,(주)디엔오토모티브,100.0,,,DN Automotive MEXICO S.A. DE C.V.,해외 법인 — 계획서 7-2
DTR VMS INDIA PRIVATE LIMITED,(주)디엔오토모티브,100.0,,,DTR VMS INDIA PRIVATE LIMITED,해외 법인 — 계획서 7-2
키움증권㈜,(주)다우기술,41.55,,,키움증권㈜,이미 명단에 있음 — 상장 또는 앞 단계 종속
Kiwoom Daou Japan Venture Fund 1,(주)다우기술,36.0,,,Kiwoom Daou Japan Venture Fund 1,해외 법인 — 계획서 7-2
다우홍콩(유) *,(주)다우기술,56.58,,,다우홍콩(유) *주1),해외 법인 — 계획서 7-2
YANBIAN DONGLONG,(주)케이에스에스 해운,45.5,,,YANBIAN DONGLONG,해외 법인 — 계획서 7-2
FAR EAST VENTURA,(주)케이에스에스 해운,100.0,,,FAR EAST VENTURA,해외 법인 — 계획서 7-2
이든일반사모부동산투자신탁17호,SK디앤디(주),50.0,,,이든일반사모부동산투자신탁17호(주4),펀드·SPC·투자조합·신탁 상품·명목회사 — 계획서 7-2
이지스전문투자형사모부동산투자신탁135호,SK디앤디(주),35.0,,,이지스전문투자형사모부동산투자신탁135호,펀드·SPC·투자조합·신탁 상품·명목회사 — 계획서 7-2
코람코전문투자형사모부동산투자신탁제117호,SK디앤디(주),63.0,,,코람코전문투자형사모부동산투자신탁제117호,펀드·SPC·투자조합·신탁 상품·명목회사 — 계획서 7-2
㈜디디아이브이씨제1호위탁관리부동산투자회사,SK디앤디(주),49.0,,,㈜디디아이브이씨제1호위탁관리부동산투자회사,펀드·SPC·투자조합·신탁 상품·명목회사 — 계획서 7-2
엘비일반사모부동산투자신탁58호,SK디앤디(주),48.0,,,엘비일반사모부동산투자신탁58호,펀드·SPC·투자조합·신탁 상품·명목회사 — 계획서 7-2
㈜디디아이오에스108위탁관리부동산투자회사,SK디앤디(주),100.0,,,㈜디디아이오에스108위탁관리부동산투자회사,펀드·SPC·투자조합·신탁 상품·명목회사 — 계획서 7-2
코람코전문투자형사모부동산투자신탁제120호,SK디앤디(주),50.0,,,코람코전문투자형사모부동산투자신탁제120호,펀드·SPC·투자조합·신탁 상품·명목회사 — 계획서 7-2
코람코이천백사물류전문투자형사모부동산투자신탁,SK디앤디(주),50.0,,,코람코이천백사물류전문투자형사모부동산투자신탁,펀드·SPC·투자조합·신탁 상품·명목회사 — 계획서 7-2
,삼정펄프(주),,,,,"출자현황 자료 없음 — 원문 확인, 필요하면 수동 입력 파일에 적음 (2025 사업보고서 표 형식 아님(숫자 지분율 없음); 2025 3분기보고서 표 형식 아님(숫자 지분율 없음); 2025 반기보고서 표 형식 아님(숫자 지분율 없음); 2024 사업보고서 표 형식 아님(숫자 지분율 없음))"
AMOREPACIFIC Global Operations Limited.,(주)아모레퍼시픽,90.8,,,AMOREPACIFIC Global Operations Limited.,해외 법인 — 계획서 7-2
"AMORE Cosmetics (Shanghai) Co.,Ltd.",(주)아모레퍼시픽,100.0,,,"AMORE Cosmetics (Shanghai) Co.,Ltd.",해외 법인 — 계획서 7-2
"AMOREPACIFIC (Shanghai) R&I Center Co.,Ltd.",(주)아모레퍼시픽,100.0,,,"AMOREPACIFIC (Shanghai) R&I Center Co.,Ltd.",해외 법인 — 계획서 7-2
AMOREPACIFIC Global Operation PTE.LTD.,(주)아모레퍼시픽,90.8,,,AMOREPACIFIC Global Operation PTE.LTD.,해외 법인 — 계획서 7-2
Rationale Group Pty Ltd,(주)아모레퍼시픽,49.0,,,Rationale Group Pty Ltd,해외 법인 — 계획서 7-2
"AMOREPACIFIC US Investment, Inc.",(주)아모레퍼시픽,100.0,,,"AMOREPACIFIC US Investment, Inc.",해외 법인 — 계획서 7-2
롯데에너지소재펀드,롯데에너지머티리얼즈(주),99.0,,,롯데에너지소재펀드,펀드·SPC·투자조합·신탁 상품·명목회사 — 계획서 7-2
STX Service Europe,STX엔진(주),100.0,,,STX Service Europe,해외 법인 — 계획서 7-2
STX Service Singapore,STX엔진(주),100.0,,,STX Service Singapore,해외 법인 — 계획서 7-2
STX Service Americas,STX엔진(주),100.0,,,STX Service Americas,해외 법인 — 계획서 7-2
㈜양원어울림대한제13호,금호건설(주),41.0,,,㈜양원어울림대한제13호,펀드·SPC·투자조합·신탁 상품·명목회사 — 계획서 7-2
"ILSUNG-KUMHO JV Co., Ltd.",금호건설(주),40.0,,,"ILSUNG-KUMHO JV Co., Ltd.",해외 법인 — 계획서 7-2
"KUMHO-DONGBU JOINT VENTURE CO., LTD",금호건설(주),60.0,,,"KUMHO-DONGBU JOINT VENTURE CO., LTD",해외 법인 — 계획서 7-2
"KUMHO-TECHCROSS JV CO., LTD.",금호건설(주),65.0,,,"KUMHO-TECHCROSS JV CO., LTD.",해외 법인 — 계획서 7-2
DAESUNG AUSTRALIA,대성산업(주),100.0,,,DAESUNG AUSTRALIA,해외 법인 — 계획서 7-2
대성기계(소주)유한공사,대성산업(주),100.0,,,대성기계(소주)유한공사,해외 법인 — 계획서 7-2
,(주)체시스,,,,,"출자현황 자료 없음 — 원문 확인, 필요하면 수동 입력 파일에 적음 (2025 사업보고서 표 형식 아님(숫자 지분율 없음); 2025 3분기보고서 표 형식 아님(숫자 지분율 없음); 2025 반기보고서 표 형식 아님(숫자 지분율 없음); 2024 사업보고서 표 형식 아님(숫자 지분율 없음))"
"MIWON VIETCHEM CO., LTD.",미원화학(주),50.0,,,"MIWON VIETCHEM CO., LTD.",해외 법인 — 계획서 7-2
삼영화학 베트남,(주)삼영,100.0,,,삼영화학 베트남,해외 법인 — 계획서 7-2
DOHWA GREEN ENERGY CO. Ltd,(주)도화엔지니어링,100.0,,,DOHWA GREEN ENERGY CO. Ltd,해외 법인 — 계획서 7-2
PT. DOHWA CONSTRUCTION INDONESIA,(주)도화엔지니어링,100.0,,,PT. DOHWA CONSTRUCTION INDONESIA,해외 법인 — 계획서 7-2
DHE CORPORATION,(주)도화엔지니어링,100.0,,,DHE CORPORATION,해외 법인 — 계획서 7-2
VM CONSULTORES DE INGENIERIA S.A.,(주)도화엔지니어링,100.0,,,VM CONSULTORES DE INGENIERIA S.A.,해외 법인 — 계획서 7-2
PT. Hidro Jaya Konstruksi,(주)도화엔지니어링,49.0,,,PT. Hidro Jaya Konstruksi,해외 법인 — 계획서 7-2
도화에코에너지1호(주),(주)도화엔지니어링,100.0,,,도화에코에너지1호(주),펀드·SPC·투자조합·신탁 상품·명목회사 — 계획서 7-2
DOHWA RESOURCE DEVELOPMENT CO.Ltd,(주)도화엔지니어링,100.0,,,DOHWA RESOURCE DEVELOPMENT CO.Ltd,해외 법인 — 계획서 7-2
Dohwa India Private Limited,(주)도화엔지니어링,100.0,,,Dohwa India Private Limited,해외 법인 — 계획서 7-2
Dohwa Polska ENG Sp. z o.o.,(주)도화엔지니어링,100.0,,,Dohwa Polska ENG Sp. z o.o.,해외 법인 — 계획서 7-2
Dohwa Colombia SAS,(주)도화엔지니어링,100.0,,,Dohwa Colombia SAS,해외 법인 — 계획서 7-2
"DHJ CO., LTD",(주)도화엔지니어링,100.0,,,"DHJ CO., LTD(*4)",해외 법인 — 계획서 7-2
Dohwa Middle East Engineering Consultancy,(주)도화엔지니어링,100.0,,,Dohwa Middle East Engineering Consultancy,해외 법인 — 계획서 7-2
위사강공정소료(무석)유한공사,(주)WISCOM,100.0,,,위사강공정소료(무석)유한공사,해외 법인 — 계획서 7-2
위희강신재료(강문)유한공사,(주)WISCOM,100.0,,,위희강신재료(강문)유한공사,해외 법인 — 계획서 7-2
INFAC INDIA PVT.LTD,(주)인팩,100.0,,,"INFAC INDIA
PVT.LTD",해외 법인 — 계획서 7-2
INFAC North America Inc,(주)인팩,53.6,,,"INFAC North
America Inc",해외 법인 — 계획서 7-2
INFAC AUTOMOTIVE MEXICO S.A. DE C.V,(주)인팩,51.0,,,"INFAC AUTOMOTIVE
MEXICO S.A. DE C.V",해외 법인 — 계획서 7-2
INFAC POLAND Sp. z o.o.,(주)인팩,100.0,,,"INFAC POLAND 
Sp. z o.o.",해외 법인 — 계획서 7-2
마스터 IPO 벤처K 일반 사모투자신탁,(주)진양홀딩스,48.9,,,마스터 IPO 벤처K 일반 사모투자신탁,펀드·SPC·투자조합·신탁 상품·명목회사 — 계획서 7-2
엠씨넥스상해전자무역유한공사,(주)엠씨넥스,100.0,,,엠씨넥스상해전자무역유한공사,해외 법인 — 계획서 7-2
KISCO SHANGHAI,(주)경인양행,100.0,,,KISCO SHANGHAI,해외 법인 — 계획서 7-2
LIANYUNGANG KISCO Chemical,(주)경인양행,100.0,,,"LIANYUNGANG
KISCO Chemical",해외 법인 — 계획서 7-2
KISCO INDIA,(주)경인양행,97.0,,,KISCO INDIA,해외 법인 — 계획서 7-2
KIMSOY (BOYA),(주)경인양행,50.0,,,KIMSOY (BOYA),해외 법인 — 계획서 7-2
Lilama electric mechanic and environmental corporation,케이씨그린홀딩스(주),81.26,,,Lilama electric mechanic and environmental corporation,해외 법인 — 계획서 7-2
"Changchun KC Envirotech Co., Ltd.",케이씨그린홀딩스(주),100.0,,,"Changchun KC Envirotech Co., Ltd.",해외 법인 — 계획서 7-2
Lodge Cottrell Ltd.,케이씨그린홀딩스(주),100.0,,,Lodge Cottrell Ltd.,해외 법인 — 계획서 7-2
"KC Cottrell Vietnam Co.,Ltd.",케이씨그린홀딩스(주),100.0,,,"KC Cottrell Vietnam Co.,Ltd.",해외 법인 — 계획서 7-2
"Nol-Tec Systems,Inc",케이씨그린홀딩스(주),100.0,,,"Nol-Tec Systems,Inc",해외 법인 — 계획서 7-2
Eastcam Tech Corp,(주)동인기연,99.7,,,Eastcam Tech Corp,해외 법인 — 계획서 7-2
SPIKE INDUSTRIAL INC,(주)동인기연,99.98,,,SPIKE INDUSTRIAL INC,해외 법인 — 계획서 7-2
"Dong In Entech Vina Co., Ltd",(주)동인기연,100.0,,,"Dong In Entech Vina Co., Ltd",해외 법인 — 계획서 7-2
"PEPPERDIME INC,",(주)동인기연,99.97,,,"PEPPERDIME INC,",해외 법인 — 계획서 7-2
SPIKE MANUFATURING CORP.,(주)동인기연,99.87,,,SPIKE MANUFATURING CORP.,해외 법인 — 계획서 7-2
"WAYB, Inc.",(주)동인기연,98.2,,,"WAYB, Inc.",해외 법인 — 계획서 7-2
Dong In Sun Bird Corp,(주)동인기연,95.82,,,Dong In Sun Bird Corp,해외 법인 — 계획서 7-2
D.I Dawn Patrol MFG. Corp,(주)동인기연,99.41,,,D.I Dawn Patrol MFG. Corp,해외 법인 — 계획서 7-2
Mountaineering Instruments Corp,(주)동인기연,99.98,,,Mountaineering Instruments Corp,해외 법인 — 계획서 7-2
Almatech Manufacturing Corp,(주)동인기연,99.88,,,Almatech Manufacturing Corp,해외 법인 — 계획서 7-2
Dong-In Recreational Equipment Manufacturing Corporation,(주)동인기연,99.99,,,Dong-In Recreational Equipment Manufacturing Corporation,해외 법인 — 계획서 7-2
Edge Soft Good Solution Inc,(주)동인기연,98.03,,,Edge Soft Good Solution Inc,해외 법인 — 계획서 7-2
SCOUT MFG. INDUSTRIAL INC.,(주)동인기연,86.03,,,SCOUT MFG. INDUSTRIAL INC.,해외 법인 — 계획서 7-2
BONETE INDUSTRIAL MFG. INC.,(주)동인기연,98.99,,,BONETE INDUSTRIAL MFG. INC.,해외 법인 — 계획서 7-2
PT.T S I,삼성공조(주),55.0,,,PT.T S I,해외 법인 — 계획서 7-2
SCC Meters,삼성공조(주),94.6,,,"SCC
Meters",해외 법인 — 계획서 7-2
SCC Vietnam,삼성공조(주),100.0,,,"SCC
Vietnam",해외 법인 — 계획서 7-2
NAVER VIETNAM COMPANY LIMITED,네이버(주),99.96,,,NAVER VIETNAM COMPANY LIMITED,해외 법인 — 계획서 7-2
에스브이에이콘텐트미디어이호사모투자 합자회사,네이버(주),98.83,,,에스브이에이콘텐트미디어이호사모투자 합자회사,펀드·SPC·투자조합·신탁 상품·명목회사 — 계획서 7-2
Mirae Asset-Naver Asia Growth Investment Pte. Ltd.,네이버(주),40.0,,,Mirae Asset-Naver Asia Growth Investment Pte. Ltd.,해외 법인 — 계획서 7-2
A Holdings Corporation,네이버(주),42.25,,,A Holdings Corporation,해외 법인 — 계획서 7-2
WEBTOON Entertainment Inc,네이버(주),59.62,,,WEBTOON Entertainment Inc,해외 법인 — 계획서 7-2
와이지 네이버 컨텐츠 & 라이프스타일펀드,네이버(주),90.91,,,와이지 네이버 컨텐츠 & 라이프스타일펀드,펀드·SPC·투자조합·신탁 상품·명목회사 — 계획서 7-2
"Do Ventures Annex Fund, LP",네이버(주),99.0,,,"Do Ventures Annex Fund, LP",해외 법인 — 계획서 7-2
NAVER CHINA CORPORATION,네이버(주),100.0,,,NAVER CHINA CORPORATION,해외 법인 — 계획서 7-2
티비티 글로벌 성장 제1호 투자조합,네이버(주),89.91,,,티비티 글로벌 성장 제1호 투자조합,펀드·SPC·투자조합·신탁 상품·명목회사 — 계획서 7-2
NAVER France SAS,네이버(주),100.0,,,NAVER France SAS,해외 법인 — 계획서 7-2
"PROTON PARENT, INC.",네이버(주),99.27,,,"PROTON PARENT, INC.",해외 법인 — 계획서 7-2
"Naver Partners Fund I, L.P.",네이버(주),100.0,,,"Naver Partners Fund I, L.P.",해외 법인 — 계획서 7-2
"NW HOLDINGS INTERMEDIA, S.L.U.",네이버(주),100.0,,,"NW HOLDINGS INTERMEDIA, S.L.U.",해외 법인 — 계획서 7-2
네이버디지털헬스케어1호투자조합,네이버(주),98.93,,,네이버디지털헬스케어1호투자조합,펀드·SPC·투자조합·신탁 상품·명목회사 — 계획서 7-2
NAVER U.Hub Inc,네이버(주),100.0,,,NAVER U.Hub Inc,해외 법인 — 계획서 7-2
N Investment Inc.,네이버(주),100.0,,,N Investment Inc.,해외 법인 — 계획서 7-2
미래에셋네이버신성장투자조합1호,네이버(주),50.0,,,미래에셋네이버신성장투자조합1호,펀드·SPC·투자조합·신탁 상품·명목회사 — 계획서 7-2
알파넥스트미디어이노베이션펀드,네이버(주),96.3,,,알파넥스트미디어이노베이션펀드,펀드·SPC·투자조합·신탁 상품·명목회사 — 계획서 7-2
티비티 글로벌 성장 제3호 투자조합,네이버(주),36.76,,,티비티 글로벌 성장 제3호 투자조합,펀드·SPC·투자조합·신탁 상품·명목회사 — 계획서 7-2
NAVER-KTB 오디오콘텐츠 전문투자조합,네이버(주),99.0,,,NAVER-KTB 오디오콘텐츠 전문투자조합,펀드·SPC·투자조합·신탁 상품·명목회사 — 계획서 7-2
네이버시너지펀드,네이버(주),98.81,,,네이버시너지펀드,펀드·SPC·투자조합·신탁 상품·명목회사 — 계획서 7-2
K-Fund I(Korelya Capital),네이버(주),74.81,,,K-Fund I(Korelya Capital),해외 법인 — 계획서 7-2
네이버 한국투자 힘내라! 게임人 펀드,네이버(주),50.0,,,네이버 한국투자 힘내라! 게임人 펀드,펀드·SPC·투자조합·신탁 상품·명목회사 — 계획서 7-2
스프링캠프 초기전문 투자조합 제1호,네이버(주),99.0,,,스프링캠프 초기전문 투자조합 제1호,펀드·SPC·투자조합·신탁 상품·명목회사 — 계획서 7-2
미래에셋동반성장투자조합1호,네이버(주),90.0,,,미래에셋동반성장투자조합1호,펀드·SPC·투자조합·신탁 상품·명목회사 — 계획서 7-2
"CHINA VENTURES FUND I, LIMITED PARTNERSHIP",네이버(주),70.33,,,"CHINA VENTURES FUND I, LIMITED PARTNERSHIP",해외 법인 — 계획서 7-2
NAVER J.Hub Corporation,네이버(주),100.0,,,NAVER J.Hub Corporation,해외 법인 — 계획서 7-2
NAVER Arabia Regional Headquarter,네이버(주),100.0,,,NAVER Arabia Regional Headquarter,해외 법인 — 계획서 7-2
한국콘텐츠공제조합,네이버(주),51.6,,,한국콘텐츠공제조합,펀드·SPC·투자조합·신탁 상품·명목회사 — 계획서 7-2
스프링캠프 초기전문 투자조합 제2호,네이버(주),91.95,,,스프링캠프 초기전문 투자조합 제2호,펀드·SPC·투자조합·신탁 상품·명목회사 — 계획서 7-2
K-Fund II,네이버(주),39.25,,,K-Fund II,해외 법인 — 계획서 7-2
스마트 스프링 펀드,네이버(주),35.71,,,스마트 스프링 펀드,펀드·SPC·투자조합·신탁 상품·명목회사 — 계획서 7-2
스마트대한민국 네이버-스톤브릿지 라이징 투자조합,네이버(주),37.74,,,스마트대한민국 네이버-스톤브릿지 라이징 투자조합,펀드·SPC·투자조합·신탁 상품·명목회사 — 계획서 7-2
"Hanssem(China) Investment Holding Co., Ltd.",(주)한샘,100.0,,,"Hanssem(China) Investment Holding Co., Ltd.",해외 법인 — 계획서 7-2
Hanssem Inc.,(주)한샘,96.8,,,Hanssem Inc.,해외 법인 — 계획서 7-2
"SK Life Science, Inc.",에스케이바이오팜 주식회사,100.0,,,"SK Life Science, Inc.",해외 법인 — 계획서 7-2
SK생물의약과기(상해)유한공사,에스케이바이오팜 주식회사,100.0,,,SK생물의약과기(상해)유한공사,해외 법인 — 계획서 7-2
"SK Life Science Labs, Inc.",에스케이바이오팜 주식회사,60.0,,,"SK Life Science Labs, Inc.",해외 법인 — 계획서 7-2
Ignis Therapeutics,에스케이바이오팜 주식회사,41.0,,,Ignis Therapeutics,해외 법인 — 계획서 7-2
"Mentis Care, Inc.",에스케이바이오팜 주식회사,80.0,,,"Mentis Care, Inc.",해외 법인 — 계획서 7-2
SJMFLEX de MEXICO,(주)에스제이엠홀딩스,50.0,,,SJMFLEX de MEXICO,해외 법인 — 계획서 7-2
어랑태양광 발전호 1호,주식회사 신성이엔지,100.0,,,어랑태양광 발전호 1호,펀드·SPC·투자조합·신탁 상품·명목회사 — 계획서 7-2
어랑태양광 발전소 2호,주식회사 신성이엔지,100.0,,,어랑태양광 발전소 2호,펀드·SPC·투자조합·신탁 상품·명목회사 — 계획서 7-2
어량태양광 발전소 3호,주식회사 신성이엔지,100.0,,,어량태양광 발전소 3호,펀드·SPC·투자조합·신탁 상품·명목회사 — 계획서 7-2
어량태왕광 발전소 4호,주식회사 신성이엔지,100.0,,,어량태왕광 발전소 4호,펀드·SPC·투자조합·신탁 상품·명목회사 — 계획서 7-2
어랑태양광발전소5호,주식회사 신성이엔지,100.0,,,어랑태양광발전소5호,펀드·SPC·투자조합·신탁 상품·명목회사 — 계획서 7-2
어랑태양광발전소6호,주식회사 신성이엔지,100.0,,,어랑태양광발전소6호,펀드·SPC·투자조합·신탁 상품·명목회사 — 계획서 7-2
어랑태양광발전소7호,주식회사 신성이엔지,100.0,,,어랑태양광발전소7호,펀드·SPC·투자조합·신탁 상품·명목회사 — 계획서 7-2
어랑태양광발전소8호,주식회사 신성이엔지,100.0,,,어랑태양광발전소8호,펀드·SPC·투자조합·신탁 상품·명목회사 — 계획서 7-2
신성이엔지베트남,주식회사 신성이엔지,100.0,,,신성이엔지베트남,해외 법인 — 계획서 7-2
신성이엔지 미국,주식회사 신성이엔지,100.0,,,신성이엔지 미국,해외 법인 — 계획서 7-2
신성이엔지 필리핀,주식회사 신성이엔지,39.0,,,신성이엔지 필리핀,해외 법인 — 계획서 7-2
LSGM,가온전선(주),49.99,,,LSGM,해외 법인 — 계획서 7-2
"LS CABLE & SYSTEM U.S.A.,INC",가온전선(주),100.0,,,"LS CABLE & SYSTEM
U.S.A.,INC(*2)",해외 법인 — 계획서 7-2
,피아이첨단소재(주),,,,,"출자현황 자료 없음 — 원문 확인, 필요하면 수동 입력 파일에 적음 (2025 사업보고서 표 형식 아님(숫자 지분율 없음); 2025 3분기보고서 표 형식 아님(숫자 지분율 없음); 2025 반기보고서 표 형식 아님(숫자 지분율 없음); 2024 사업보고서 표 형식 아님(숫자 지분율 없음))"
"AUK SEMICONDUCTOR (HK) CO., LTD",광전자(주),100.0,,,"AUK SEMICONDUCTOR (HK) CO., LTD",해외 법인 — 계획서 7-2
"AUK SEMICONDUCTOR (SHANGHAI)CO., LTD.",광전자(주),100.0,,,"AUK SEMICONDUCTOR (SHANGHAI)CO., LTD.",해외 법인 — 계획서 7-2
HANSUNG AR S.A,한성기업(주),49.0,,,HANSUNG AR S.A,해외 법인 — 계획서 7-2
"KIRIBATI AND HANSUNG FISHERIES CO.,LTD",한성기업(주),49.0,,,"KIRIBATI AND 
HANSUNG 
FISHERIES CO.,LTD",해외 법인 — 계획서 7-2
Green Marine Total Services Corporation,신라교역(주),99.9,,,"Green Marine Total
Services Corporation",해외 법인 — 계획서 7-2
"TARAWA SHIPYARD CO.,LTD",신라교역(주),50.0,,,"TARAWA SHIPYARD CO.,LTD",해외 법인 — 계획서 7-2
NAURU FISHERIES DEVELOPMENTCORPORATION,신라교역(주),60.0,,,"NAURU FISHERIES 
 DEVELOPMENTCORPORATION",해외 법인 — 계획서 7-2
"PANOFI Co.,LTD",신라교역(주),45.0,,,"PANOFI Co.,LTD",해외 법인 — 계획서 7-2
"KIRIKORE FISHERIES Co.,LTD",신라교역(주),49.0,,,"KIRIKORE FISHERIES Co.,LTD",해외 법인 — 계획서 7-2
"BH FLEX(HK) Co., Ltd.",(주)비에이치,100.0,,,"BH FLEX(HK) Co., Ltd.",해외 법인 — 계획서 7-2
케이에이아이-에이에이치 미디어커머스2호(KAI-AH 미디어커머스2호),(주)비에이치,46.0,,,케이에이아이-에이에이치 미디어커머스2호(KAI-AH 미디어커머스2호),펀드·SPC·투자조합·신탁 상품·명목회사 — 계획서 7-2
BHflex VINA COMPANY LIMITED,(주)비에이치,100.0,,,BHflex VINA COMPANY LIMITED,해외 법인 — 계획서 7-2
"GAESUNG BH CO., LTD",(주)비에이치,100.0,,,"GAESUNG BH CO., LTD",해외 법인 — 계획서 7-2
KUMYANG CHEMICALS HONGKONG,(주)금양,100.0,,,"KUMYANG CHEMICALS
HONGKONG",해외 법인 — 계획서 7-2
CHARLIZE RESSOURCES SAS,(주)금양,50.0,,,"CHARLIZE
RESSOURCES SAS",해외 법인 — 계획서 7-2
MONLAA LLC,(주)금양,60.0,,,MONLAA LLC,해외 법인 — 계획서 7-2
한금화공상해유한공사,(주)금양,100.0,,,한금화공상해유한공사,해외 법인 — 계획서 7-2
"KUMYANG (LIANYUNGANG) CHEMICAL CO., LTD",(주)금양,100.0,,,"KUMYANG (LIANYUNGANG)
CHEMICAL CO., LTD",해외 법인 — 계획서 7-2
KUMYANG USA INC.,(주)금양,100.0,,,KUMYANG USA  INC.,해외 법인 — 계획서 7-2
HAN DONG MAO YI,(주)금양,100.0,,,HAN DONG MAO YI,해외 법인 — 계획서 7-2
"KUMYANG NEIMENGGU CHEMICAL CO., LTD.",(주)금양,100.0,,,"KUMYANG NEIMENGGU
CHEMICAL CO., LTD.",해외 법인 — 계획서 7-2
"HANKUM NEIMENGGU CHEMICAL CO., LTD.",(주)금양,100.0,,,"HANKUM NEIMENGGU
 CHEMICAL CO., LTD.",해외 법인 — 계획서 7-2
KUMYANG EUROPE GMBH,(주)금양,100.0,,,"KUMYANG EUROPE
GMBH",해외 법인 — 계획서 7-2
KUMYANG PAKISTAN LIGHT INDUSTRY (PRIVATE) LIMITED,(주)금양,100.0,,,"KUMYANG PAKISTAN
LIGHT INDUSTRY
(PRIVATE) LIMITED",해외 법인 — 계획서 7-2
Daesung America Inc,대성홀딩스(주),39.0,,,Daesung America Inc,해외 법인 — 계획서 7-2
대성 글로벌위너 청년창업 투자조합,대성홀딩스(주),37.0,,,대성 글로벌위너 청년창업 투자조합,펀드·SPC·투자조합·신탁 상품·명목회사 — 계획서 7-2
대성 W-Jump up 투자조합,대성홀딩스(주),38.0,,,대성 W-Jump up 투자조합,펀드·SPC·투자조합·신탁 상품·명목회사 — 계획서 7-2
대성 투게더 청년창업 투자조합,대성홀딩스(주),34.0,,,대성 투게더 청년창업 투자조합,펀드·SPC·투자조합·신탁 상품·명목회사 — 계획서 7-2
대성 메타버스 스케일업 투자조합,대성홀딩스(주),39.0,,,대성 메타버스 스케일업 투자조합,펀드·SPC·투자조합·신탁 상품·명목회사 — 계획서 7-2
대성 세컨더리 투자조합 2호,대성홀딩스(주),32.0,,,대성 세컨더리 투자조합 2호,펀드·SPC·투자조합·신탁 상품·명목회사 — 계획서 7-2
YOH CVC PTE. LTD.,(주)영원무역홀딩스,100.0,,,"YOH CVC
PTE. LTD.",해외 법인 — 계획서 7-2
YOH CVC Fund 1 Limited Partnership,(주)영원무역홀딩스,47.06,,,"YOH CVC
Fund 1 Limited
Partnership",해외 법인 — 계획서 7-2
QWETO GMBH,(주)영원무역홀딩스,51.42,,,QWETO GMBH,해외 법인 — 계획서 7-2
KEPZ,(주)영원무역홀딩스,100.0,,,KEPZ,해외 법인 — 계획서 7-2
TWL,(주)영원무역홀딩스,51.0,,,TWL,해외 법인 — 계획서 7-2
TVL,(주)영원무역홀딩스,51.0,,,TVL,해외 법인 — 계획서 7-2
PBI,(주)영원무역홀딩스,100.0,,,PBI,해외 법인 — 계획서 7-2
"YOH, LLC",(주)영원무역홀딩스,100.0,,,"YOH, LLC",해외 법인 — 계획서 7-2
HD HYUNDAI ENERGY SOLUTIONSAMERICA INC.,에이치디현대에너지솔루션(주),100.0,,,"HD HYUNDAI ENERGY 
SOLUTIONSAMERICA INC.",해외 법인 — 계획서 7-2
현대복덕찬음(산동)유한공사,주식회사 현대그린푸드,100.0,,,현대복덕찬음(산동)유한공사,해외 법인 — 계획서 7-2
북경격림복덕찬음 유한공사,주식회사 현대그린푸드,100.0,,,"북경격림복덕찬음
유한공사",해외 법인 — 계획서 7-2
복적식찬음관리(상해) 유한공사,주식회사 현대그린푸드,100.0,,,"복적식찬음관리(상해)
유한공사",해외 법인 — 계획서 7-2
Hyundai Green Food Mexico S. de R.L. de C.V,주식회사 현대그린푸드,99.9,,,"Hyundai Green Food
Mexico S. de R.L. de C.V",해외 법인 — 계획서 7-2
HYUNDAI GREEN FOOD GEORGIA INC.,주식회사 현대그린푸드,100.0,,,"HYUNDAI GREEN FOOD
GEORGIA INC.",해외 법인 — 계획서 7-2
"SeAH Global Holdings, Inc.",(주)세아베스틸지주,100.0,,,"SeAH Global Holdings, Inc.",해외 법인 — 계획서 7-2
티비제이디 신기술조합 1호,(주)세아베스틸지주,60.61,,,티비제이디 신기술조합 1호,펀드·SPC·투자조합·신탁 상품·명목회사 — 계획서 7-2
세아-KAI ESG 신기술투자조합 1호,(주)세아베스틸지주,62.25,,,세아-KAI ESG 신기술투자조합 1호,펀드·SPC·투자조합·신탁 상품·명목회사 — 계획서 7-2
IMMCETFII재간접일반사모투자신탁제1호,(주)세아베스틸지주,94.34,,,IMMCETFII재간접일반사모투자신탁제1호,펀드·SPC·투자조합·신탁 상품·명목회사 — 계획서 7-2
세아 에스앤에스 2024 지역혁신 투자조합,(주)세아베스틸지주,35.56,,,세아 에스앤에스 2024 지역혁신 투자조합,펀드·SPC·투자조합·신탁 상품·명목회사 — 계획서 7-2
세아-오픈워터 2024 부산지역혁신 투자조합,(주)세아베스틸지주,68.8,,,세아-오픈워터 2024 부산지역혁신 투자조합,펀드·SPC·투자조합·신탁 상품·명목회사 — 계획서 7-2
SeAH Global Inc.,(주)세아베스틸지주,100.0,,,SeAH Global Inc.,해외 법인 — 계획서 7-2
"SeAH Global(Thailand) Co., Ltd.",(주)세아베스틸지주,100.0,,,"SeAH Global(Thailand) Co., Ltd.",해외 법인 — 계획서 7-2
SeAH Global India Private Limited,(주)세아베스틸지주,100.0,,,SeAH Global India Private Limited,해외 법인 — 계획서 7-2
"SeAH Global Japan Co., Ltd.",(주)세아베스틸지주,100.0,,,"SeAH Global Japan Co., Ltd.",해외 법인 — 계획서 7-2
PT. SeAH Global Indonesia,(주)세아베스틸지주,99.7,,,PT. SeAH Global Indonesia,해외 법인 — 계획서 7-2
심원기차부건과기 (상숙)유한공사,명신산업(주),49.0,,,"심원기차부건과기
(상숙)유한공사(주1)",해외 법인 — 계획서 7-2
"Myoung Shin Fabricante De Carroceria Automotiva. Ltda.,",명신산업(주),100.0,,,"Myoung Shin Fabricante De Carroceria Automotiva. Ltda.,",해외 법인 — 계획서 7-2
"MYOUNGSHIN NA, CORP.",명신산업(주),100.0,,,"MYOUNGSHIN NA, CORP.",해외 법인 — 계획서 7-2
Pyung-Hwa America Inc,평화산업(주),100.0,,,"Pyung-Hwa
America Inc",해외 법인 — 계획서 7-2
YCL,(주)영원무역,49.66,,,YCL,해외 법인 — 계획서 7-2
SDF,(주)영원무역,100.0,,,SDF,해외 법인 — 계획서 7-2
STL,(주)영원무역,100.0,,,STL,해외 법인 — 계획서 7-2
GMC,(주)영원무역,100.0,,,GMC,해외 법인 — 계획서 7-2
YSP,(주)영원무역,100.0,,,YSP,해외 법인 — 계획서 7-2
YNL,(주)영원무역,100.0,,,YNL,해외 법인 — 계획서 7-2
YLS,(주)영원무역,100.0,,,YLS,해외 법인 — 계획서 7-2
DTL,(주)영원무역,100.0,,,DTL,해외 법인 — 계획서 7-2
YTL,(주)영원무역,100.0,,,YTL,해외 법인 — 계획서 7-2
ESL,(주)영원무역,100.0,,,ESL,해외 법인 — 계획서 7-2
DTI,(주)영원무역,100.0,,,DTI,해외 법인 — 계획서 7-2
KSL,(주)영원무역,39.6,,,KSL,해외 법인 — 계획서 7-2
YBL,(주)영원무역,100.0,,,YBL,해외 법인 — 계획서 7-2
YHL,(주)영원무역,100.0,,,YHL,해외 법인 — 계획서 7-2
SLS,(주)영원무역,100.0,,,SLS,해외 법인 — 계획서 7-2
AAI,(주)영원무역,40.0,,,AAI,해외 법인 — 계획서 7-2
SQA,(주)영원무역,100.0,,,SQA,해외 법인 — 계획서 7-2
BPL,(주)영원무역,100.0,,,BPL,해외 법인 — 계획서 7-2
ESP,(주)영원무역,100.0,,,ESP,해외 법인 — 계획서 7-2
BKS,(주)영원무역,100.0,,,BKS,해외 법인 — 계획서 7-2
YIA,(주)영원무역,100.0,,,YIA,해외 법인 — 계획서 7-2
YES,(주)영원무역,100.0,,,YES,해외 법인 — 계획서 7-2
TSL,(주)영원무역,99.05,,,TSL,해외 법인 — 계획서 7-2
CVC Fund1,(주)영원무역,52.94,,,CVC Fund1,해외 법인 — 계획서 7-2
ASI,(주)영원무역,100.0,,,ASI,해외 법인 — 계획서 7-2
YKE,(주)영원무역,100.0,,,YKE,해외 법인 — 계획서 7-2
SCOTT,(주)영원무역,96.71,,,SCOTT,해외 법인 — 계획서 7-2
MSH,(주)영원무역,100.0,,,MSH,해외 법인 — 계획서 7-2
YPL,(주)영원무역,100.0,,,YPL,해외 법인 — 계획서 7-2
YGA,(주)영원무역,100.0,,,YGA,해외 법인 — 계획서 7-2
YHT,(주)영원무역,100.0,,,YHT,해외 법인 — 계획서 7-2
YSF,(주)영원무역,44.06,,,YSF,해외 법인 — 계획서 7-2
(주)세미콜론문래 위탁관리부동산투자회사,주식회사 디앤디플랫폼위탁관리부동산투자회사,89.77,,,"(주)세미콜론문래
   위탁관리부동산투자회사",펀드·SPC·투자조합·신탁 상품·명목회사 — 계획서 7-2
(주)디디아이백암로지스틱스 위탁관리부동산투자회사,주식회사 디앤디플랫폼위탁관리부동산투자회사,100.0,,,"(주)디디아이백암로지스틱스
   위탁관리부동산투자회사",펀드·SPC·투자조합·신탁 상품·명목회사 — 계획서 7-2
이지스글로벌일반사모 부동산투자신탁300호,주식회사 디앤디플랫폼위탁관리부동산투자회사,37.0,,,"이지스글로벌일반사모
  부동산투자신탁300호",펀드·SPC·투자조합·신탁 상품·명목회사 — 계획서 7-2
(주)디디아이백암로지스틱스 2호위탁관리부동산투자회사,주식회사 디앤디플랫폼위탁관리부동산투자회사,100.0,,,"(주)디디아이백암로지스틱스
   2호위탁관리부동산투자회사",펀드·SPC·투자조합·신탁 상품·명목회사 — 계획서 7-2
(주) 세미콜론명동 위탁관리부동산투자회사,주식회사 디앤디플랫폼위탁관리부동산투자회사,84.45,,,"(주)
세미콜론명동
위탁관리부동산투자회사",펀드·SPC·투자조합·신탁 상품·명목회사 — 계획서 7-2
(주)세미콜론문래 위탁관리부동산투자회사,주식회사 디앤디플랫폼위탁관리부동산투자회사,89.77,,,"(주)세미콜론문래
위탁관리부동산투자회사",펀드·SPC·투자조합·신탁 상품·명목회사 — 계획서 7-2
(주)디디아이백암로지스틱스 위탁관리부동산투자회사,주식회사 디앤디플랫폼위탁관리부동산투자회사,100.0,,,"(주)디디아이백암로지스틱스
    위탁관리부동산투자회사",펀드·SPC·투자조합·신탁 상품·명목회사 — 계획서 7-2
이지스글로벌일반사모 부동산투자신탁300호,주식회사 디앤디플랫폼위탁관리부동산투자회사,37.0,,,"이지스글로벌일반사모
 부동산투자신탁300호",펀드·SPC·투자조합·신탁 상품·명목회사 — 계획서 7-2
(주)디디아이백암로지스틱스 2호위탁관리부동산투자회사,주식회사 디앤디플랫폼위탁관리부동산투자회사,100.0,,,"(주)디디아이백암로지스틱스
2호위탁관리부동산투자회사",펀드·SPC·투자조합·신탁 상품·명목회사 — 계획서 7-2
(주)세미콜론명동 위탁관리부동산투자회사,주식회사 디앤디플랫폼위탁관리부동산투자회사,84.45,,,"(주)세미콜론명동
위탁관리부동산투자회사",펀드·SPC·투자조합·신탁 상품·명목회사 — 계획서 7-2
"SEKISUI YOUNGBO HPP (WUXI) CO., LTD.",영보화학(주),100.0,,,"SEKISUI YOUNGBO HPP (WUXI) CO., LTD.",해외 법인 — 계획서 7-2
,(주)이스타코,,,,,"출자현황 자료 없음 — 원문 확인, 필요하면 수동 입력 파일에 적음 (2025 사업보고서 표 형식 아님(숫자 지분율 없음); 2025 3분기보고서 표 형식 아님(숫자 지분율 없음); 2025 반기보고서 표 형식 아님(숫자 지분율 없음); 2024 사업보고서 표 형식 아님(숫자 지분율 없음))"
신영복식 유한공사,(주)신영와코루,100.0,,,"신영복식
유한공사",해외 법인 — 계획서 7-2
(주)마스턴글로벌위탁관리부동산투자회사,주식회사 마스턴프리미어제1호위탁관리부동산투자회사,100.0,,,(주)마스턴글로벌위탁관리부동산투자회사,펀드·SPC·투자조합·신탁 상품·명목회사 — 계획서 7-2
(주)마스턴글로벌위탁관리부동산투자회사,주식회사 마스턴프리미어제1호위탁관리부동산투자회사,100.0,,,(주)마스턴글로벌위탁관리부동산투자회사,펀드·SPC·투자조합·신탁 상품·명목회사 — 계획서 7-2
옐로씨에스오엘성장제1호 사모투자 합자회사,에이치엘디앤아이한라(주),44.25,,,옐로씨에스오엘성장제1호 사모투자 합자회사,펀드·SPC·투자조합·신탁 상품·명목회사 — 계획서 7-2
에코 리싸이클링 신기술투자조합,에이치엘디앤아이한라(주),39.77,,,에코 리싸이클링 신기술투자조합,펀드·SPC·투자조합·신탁 상품·명목회사 — 계획서 7-2
동유타임 신기술투자조합 제1호,에이치엘디앤아이한라(주),50.0,,,동유타임 신기술투자조합 제1호,펀드·SPC·투자조합·신탁 상품·명목회사 — 계획서 7-2
Halla E&C Mexico S. de R.L. de CV,에이치엘디앤아이한라(주),99.0,,,Halla E&C Mexico S. de R.L. de CV,해외 법인 — 계획서 7-2
HL Properties America Corporation,에이치엘디앤아이한라(주),100.0,,,HL Properties America Corporation,해외 법인 — 계획서 7-2
다올KTB칸피던스일반사모부동산투자신탁제57호,에이치엘디앤아이한라(주),99.55,,,다올KTB칸피던스일반사모부동산투자신탁제57호,펀드·SPC·투자조합·신탁 상품·명목회사 — 계획서 7-2
염성동국기차 배건유한회사,케이비아이동국실업(주),100.0,,,"염성동국기차
배건유한회사",펀드·SPC·투자조합·신탁 상품·명목회사 — 계획서 7-2
KDK Automotive GmbH,케이비아이동국실업(주),94.9,,,"KDK Automotive
GmbH",해외 법인 — 계획서 7-2
Dong KooK MEXICO S.A. de C.V.,케이비아이동국실업(주),99.9,,,"Dong KooK MEXICO
S.A. de C.V.",해외 법인 — 계획서 7-2
"APR JAPAN Co., Ltd.",(주)에이피알,100.0,,,"APR JAPAN Co., Ltd.",해외 법인 — 계획서 7-2
APR CANADA ENTERPRISE INC.,(주)에이피알,100.0,,,APR CANADA ENTERPRISE INC.,해외 법인 — 계획서 7-2
APR MALAYSIA SDN. BHD.,(주)에이피알,100.0,,,APR MALAYSIA SDN. BHD.,해외 법인 — 계획서 7-2
APR FRANCE SAS,(주)에이피알,100.0,,,APR FRANCE SAS,해외 법인 — 계획서 7-2
"APR VINA CO., LTD.",(주)에이피알,100.0,,,"APR VINA CO., LTD.",해외 법인 — 계획서 7-2
APR CORPORATION UK LTD,(주)에이피알,100.0,,,APR CORPORATION UK LTD,해외 법인 — 계획서 7-2
APR HK LIMITED,(주)에이피알,100.0,,,APR HK LIMITED,해외 법인 — 계획서 7-2
APR SG PTE. LTD.,(주)에이피알,100.0,,,APR SG PTE. LTD.,해외 법인 — 계획서 7-2
"APR TW CO., LTD.",(주)에이피알,100.0,,,"APR TW CO., LTD.",해외 법인 — 계획서 7-2
"SHANGHAI APR CO., LIMITED",(주)에이피알,100.0,,,"SHANGHAI APR CO., LIMITED",해외 법인 — 계획서 7-2
APR US INC,(주)에이피알,100.0,,,APR US INC,해외 법인 — 계획서 7-2
ALUKO AMERICA,(주)알루코,100.0,,,ALUKO AMERICA,해외 법인 — 계획서 7-2
한화청주에코파크전문투자형사모특별자산투자신탁1호,SK이터닉스(주),49.0,,,한화청주에코파크전문투자형사모특별자산투자신탁1호,펀드·SPC·투자조합·신탁 상품·명목회사 — 계획서 7-2
한화음성에코파크일반사모특별자산투자신탁1호,SK이터닉스(주),49.0,,,한화음성에코파크일반사모특별자산투자신탁1호,펀드·SPC·투자조합·신탁 상품·명목회사 — 계획서 7-2
SK hynix Semiconductor Asia Pte.Ltd.,에스케이하이닉스(주),100.0,,,SK hynix Semiconductor Asia Pte.Ltd.,해외 법인 — 계획서 7-2
SK hynix Semiconductor HongKong Ltd.,에스케이하이닉스(주),100.0,,,SK hynix Semiconductor HongKong Ltd.,해외 법인 — 계획서 7-2
SK hynix Japan Inc.,에스케이하이닉스(주),100.0,,,SK hynix Japan Inc.,해외 법인 — 계획서 7-2
SK hynix Semiconductor Taiwan Inc.,에스케이하이닉스(주),100.0,,,SK hynix Semiconductor Taiwan Inc.,해외 법인 — 계획서 7-2
SK hynix Semiconductor (China) Ltd.,에스케이하이닉스(주),100.0,,,SK hynix Semiconductor (China) Ltd.,해외 법인 — 계획서 7-2
"HITECH Semiconductor (Wuxi) Co., Ltd.",에스케이하이닉스(주),45.0,,,"HITECH Semiconductor (Wuxi) Co., Ltd.",해외 법인 — 계획서 7-2
SK hynix (Wuxi) Semiconductor Sales Ltd.,에스케이하이닉스(주),100.0,,,SK hynix (Wuxi) Semiconductor Sales Ltd.,해외 법인 — 계획서 7-2
"SK hynix memory solutions Taiwan, Inc.",에스케이하이닉스(주),100.0,,,"SK hynix memory solutions Taiwan, Inc.",해외 법인 — 계획서 7-2
SK APTECH Ltd.,에스케이하이닉스(주),100.0,,,SK APTECH Ltd.,해외 법인 — 계획서 7-2
SK hynix Ventures Hong Kong Ltd.,에스케이하이닉스(주),100.0,,,SK hynix Ventures Hong Kong Ltd.,해외 법인 — 계획서 7-2
"BCPE Pangea Intermediate Holdings Cayman, LP",에스케이하이닉스(주),73.5,,,"BCPE Pangea Intermediate Holdings Cayman, LP",해외 법인 — 계획서 7-2
Gauss Labs Inc.,에스케이하이닉스(주),97.4,,,Gauss Labs Inc.,해외 법인 — 계획서 7-2
SK hynix NAND Product Solutions Corp.,에스케이하이닉스(주),97.5,,,SK hynix NAND Product Solutions Corp.,해외 법인 — 계획서 7-2
"SK hynix Semiconductor (Dalian) Co., Ltd.",에스케이하이닉스(주),100.0,,,"SK hynix Semiconductor (Dalian) Co., Ltd.",해외 법인 — 계획서 7-2
SK hynix memory solutions Poland sp. z o.o.,에스케이하이닉스(주),100.0,,,SK hynix memory solutions Poland sp. z o.o.,해외 법인 — 계획서 7-2
"SK hynix America, Inc.",에스케이하이닉스(주),100.0,,,"SK hynix America, Inc.",해외 법인 — 계획서 7-2
SK hynix Deutschland GmbH,에스케이하이닉스(주),100.0,,,SK hynix Deutschland GmbH,해외 법인 — 계획서 7-2
SK hynix U.K. Ltd.,에스케이하이닉스(주),100.0,,,SK hynix U.K. Ltd.,해외 법인 — 계획서 7-2
Planeta Pte.Ltd,SK(주),33.33,,,Planeta Pte.Ltd,해외 법인 — 계획서 7-2
SK리츠운용(주),SK(주),100.0,,,SK리츠운용(주),펀드·SPC·투자조합·신탁 상품·명목회사 — 계획서 7-2
Golden Pearl EV Solutions Limited,SK(주),100.0,,,Golden Pearl EV Solutions Limited,해외 법인 — 계획서 7-2
SK GI Management,SK(주),100.0,,,SK GI Management,해외 법인 — 계획서 7-2
"PLUTUS CAPITAL NY, INC.",SK(주),100.0,,,"PLUTUS CAPITAL NY, INC.",해외 법인 — 계획서 7-2
"SK Pharmteco, Inc.",SK(주),86.55,,,"SK Pharmteco, Inc.",해외 법인 — 계획서 7-2
"Saturn AgricultureInvestment Co., Limited",SK(주),87.68,,,"Saturn AgricultureInvestment Co., Limited",해외 법인 — 계획서 7-2
"Socar Mobility Malaysia,SDN. BHD.",SK(주),66.19,,,"Socar Mobility Malaysia,SDN. BHD.",해외 법인 — 계획서 7-2
"I Cube Capital, Inc.",SK(주),100.0,,,"I Cube Capital, Inc.",해외 법인 — 계획서 7-2
"Tellus Investment Partners, Inc.",SK(주),100.0,,,"Tellus Investment Partners, Inc.",해외 법인 — 계획서 7-2
Einstein Cayman Limited,SK(주),100.0,,,Einstein Cayman Limited,해외 법인 — 계획서 7-2
"Roca Capital (舊, SK Japan, Inc.)",SK(주),50.0,,,"Roca Capital (舊, SK Japan, Inc.)",해외 법인 — 계획서 7-2
Castanea Bioscience Inc.,SK(주),100.0,,,Castanea Bioscience Inc.,해외 법인 — 계획서 7-2
"SK AX Beijing Co., Ltd.(舊, SK C&C Beijing Co., Ltd.)",SK(주),100.0,,,"SK AX Beijing Co., Ltd.(舊, SK C&C Beijing Co., Ltd.)",해외 법인 — 계획서 7-2
"SK AX USA, Inc.(舊, SK C&C USA, Inc.)",SK(주),100.0,,,"SK AX USA, Inc.(舊, SK C&C USA, Inc.)",해외 법인 — 계획서 7-2
SK C&C India Pvt. Ltd.,SK(주),100.0,,,SK C&C India Pvt. Ltd.,해외 법인 — 계획서 7-2
S&G Technology,SK(주),51.0,,,S&G Technology,해외 법인 — 계획서 7-2
9352-7281 Quebec Inc.,SK(주),40.09,,,9352-7281 Quebec Inc.,해외 법인 — 계획서 7-2
"SK Life Sciences Labs, Inc.",SK(주),40.0,,,"SK Life Sciences Labs, Inc.",해외 법인 — 계획서 7-2
Dogus-SK Private EquityInvestment Company,SK(주),43.46,,,Dogus-SK Private EquityInvestment Company,해외 법인 — 계획서 7-2
SKC㈜,SK(주),40.64,,,SKC㈜,해외 법인 — 계획서 7-2
Hermed Capital Health Care Fund L.P.,SK(주),33.0,,,Hermed Capital Health Care Fund L.P.,해외 법인 — 계획서 7-2
Saturn V Feeder LP,SK(주),100.0,,,Saturn V Feeder LP,해외 법인 — 계획서 7-2
"Tellus (HONG KONG)Investment Co., Ltd.",SK(주),100.0,,,"Tellus (HONG KONG)Investment Co., Ltd.",해외 법인 — 계획서 7-2
Digital Center Capital Inc.,SK(주),100.0,,,Digital Center Capital Inc.,해외 법인 — 계획서 7-2
Auxo Capital Inc.,SK(주),100.0,,,Auxo Capital Inc.,해외 법인 — 계획서 7-2
"Energy Solution Group, Inc",SK(주),50.0,,,"Energy Solution Group, Inc",해외 법인 — 계획서 7-2
TBU,SK(주),31.54,,,TBU (전환우선주),우선주 등 — 지배력 판단에 쓰지 않음
Republic AEF International LP,SK(주),100.0,,,Republic AEF International LP,해외 법인 — 계획서 7-2
MiraiTech Inc.,SK(주),100.0,,,MiraiTech Inc.,해외 법인 — 계획서 7-2
Core Hamony INC,JW홀딩스(주),100.0,,,"Core Hamony INC
(비상장)",해외 법인 — 계획서 7-2
㈜신한알파광교위탁관리 부동산투자회사,(주)신한알파위탁관리부동산투자회사,100.0,,,"㈜신한알파광교위탁관리
  부동산투자회사",펀드·SPC·투자조합·신탁 상품·명목회사 — 계획서 7-2
㈜신한케이제1호위탁관리 부동산투자회사,(주)신한알파위탁관리부동산투자회사,80.0,,,"㈜신한케이제1호위탁관리
  부동산투자회사",펀드·SPC·투자조합·신탁 상품·명목회사 — 계획서 7-2
㈜신한알파남산위탁관리 부동산투자회사,(주)신한알파위탁관리부동산투자회사,100.0,,,"㈜신한알파남산위탁관리
  부동산투자회사",펀드·SPC·투자조합·신탁 상품·명목회사 — 계획서 7-2
㈜신한알파역삼위탁관리 부동산투자회사,(주)신한알파위탁관리부동산투자회사,100.0,,,"㈜신한알파역삼위탁관리
  부동산투자회사",펀드·SPC·투자조합·신탁 상품·명목회사 — 계획서 7-2
㈜신한케이제2호위탁관리 부동산투자회사,(주)신한알파위탁관리부동산투자회사,100.0,,,"㈜신한케이제2호위탁관리
  부동산투자회사",펀드·SPC·투자조합·신탁 상품·명목회사 — 계획서 7-2
㈜신한신용산위탁관리 부동산투자회사,(주)신한알파위탁관리부동산투자회사,31.0,,,"㈜신한신용산위탁관리
  부동산투자회사",펀드·SPC·투자조합·신탁 상품·명목회사 — 계획서 7-2
㈜신한알파서초위탁관리 부동산투자회사,(주)신한알파위탁관리부동산투자회사,100.0,,,"㈜신한알파서초위탁관리
 부동산투자회사",펀드·SPC·투자조합·신탁 상품·명목회사 — 계획서 7-2
㈜신한알파서소문위탁관리 부동산투자회사,(주)신한알파위탁관리부동산투자회사,42.0,,,㈜신한알파서소문위탁관리 부동산투자회사,펀드·SPC·투자조합·신탁 상품·명목회사 — 계획서 7-2
㈜신한알파광교위탁관리 부동산투자회사,(주)신한알파위탁관리부동산투자회사,100.0,,,"㈜신한알파광교위탁관리
  부동산투자회사",펀드·SPC·투자조합·신탁 상품·명목회사 — 계획서 7-2
㈜신한케이제1호위탁관리 부동산투자회사,(주)신한알파위탁관리부동산투자회사,80.0,,,"㈜신한케이제1호위탁관리
  부동산투자회사",펀드·SPC·투자조합·신탁 상품·명목회사 — 계획서 7-2
㈜신한알파남산위탁관리 부동산투자회사,(주)신한알파위탁관리부동산투자회사,100.0,,,"㈜신한알파남산위탁관리
  부동산투자회사",펀드·SPC·투자조합·신탁 상품·명목회사 — 계획서 7-2
㈜신한알파역삼위탁관리 부동산투자회사,(주)신한알파위탁관리부동산투자회사,100.0,,,"㈜신한알파역삼위탁관리
  부동산투자회사",펀드·SPC·투자조합·신탁 상품·명목회사 — 계획서 7-2
㈜신한케이제2호위탁관리 부동산투자회사,(주)신한알파위탁관리부동산투자회사,100.0,,,"㈜신한케이제2호위탁관리
  부동산투자회사",펀드·SPC·투자조합·신탁 상품·명목회사 — 계획서 7-2
㈜신한신용산위탁관리 부동산투자회사,(주)신한알파위탁관리부동산투자회사,31.0,,,"㈜신한신용산위탁관리
  부동산투자회사",펀드·SPC·투자조합·신탁 상품·명목회사 — 계획서 7-2
㈜신한알파서초위탁관리 부동산투자회사,(주)신한알파위탁관리부동산투자회사,100.0,,,"㈜신한알파서초위탁관리
 부동산투자회사",펀드·SPC·투자조합·신탁 상품·명목회사 — 계획서 7-2
㈜신한알파서소문위탁관리 부동산투자회사,(주)신한알파위탁관리부동산투자회사,42.0,,,㈜신한알파서소문위탁관리 부동산투자회사,펀드·SPC·투자조합·신탁 상품·명목회사 — 계획서 7-2
사우스뱅크 디스커버리1호 신기술사업투자조합,주식회사 시알홀딩스,52.63,,,사우스뱅크 디스커버리1호 신기술사업투자조합,펀드·SPC·투자조합·신탁 상품·명목회사 — 계획서 7-2
사우스뱅크 오퍼튜니티3호 신기술사업투자조합,주식회사 시알홀딩스,88.48,,,사우스뱅크 오퍼튜니티3호 신기술사업투자조합,펀드·SPC·투자조합·신탁 상품·명목회사 — 계획서 7-2
장가항포항내화재료유한공사,주식회사 시알홀딩스,49.0,,,장가항포항내화재료유한공사,해외 법인 — 계획서 7-2
CHOSUN REFRACTORIES INDIA PRIVATE LIMITED,주식회사 시알홀딩스,99.9,,,CHOSUN REFRACTORIES INDIA PRIVATE LIMITED,해외 법인 — 계획서 7-2
PT. INDONESIA POS CHEMTECH CHOSUN REF,주식회사 시알홀딩스,70.0,,,PT. INDONESIA POS CHEMTECH CHOSUN REF,해외 법인 — 계획서 7-2
"CHOSUN REFRACTORIES US, INC",주식회사 시알홀딩스,100.0,,,"CHOSUN REFRACTORIES US, INC",해외 법인 — 계획서 7-2
CRNY378 LLC,주식회사 시알홀딩스,100.0,,,CRNY378 LLC,해외 법인 — 계획서 7-2
ISP COMPANY,삼영무역(주),100.0,,,ISP COMPANY,해외 법인 — 계획서 7-2
CKD Start-UP 3호,(주)경보제약,34.04,,,CKD Start-UP 3호,펀드·SPC·투자조합·신탁 상품·명목회사 — 계획서 7-2
Prestige Biopharma Belgium BVBA,프레스티지바이오파마,100.0,,,"Prestige Biopharma
Belgium BVBA",해외 법인 — 계획서 7-2
Prestige Biopharma Australia Pty Ltd,프레스티지바이오파마,100.0,,,"Prestige Biopharma
Australia Pty Ltd",해외 법인 — 계획서 7-2
,케이씨코트렐(주),,,,,"출자현황 자료 없음 — 원문 확인, 필요하면 수동 입력 파일에 적음 (2025 사업보고서 표 형식 아님(숫자 지분율 없음); 2025 3분기보고서 표 형식 아님(숫자 지분율 없음); 2025 반기보고서 표 형식 아님(숫자 지분율 없음); 2024 사업보고서 표 형식 아님(숫자 지분율 없음))"
SAMHWA CROWN USA,삼화왕관(주),100.0,,,"SAMHWA CROWN
USA",해외 법인 — 계획서 7-2
HYBE JAPAN Inc.,(주)하이브,100.0,,,HYBE JAPAN Inc.,해외 법인 — 계획서 7-2
HYBE Holdings Inc,(주)하이브,100.0,,,HYBE Holdings Inc,해외 법인 — 계획서 7-2
Binary Singapore Pte. Ltd,(주)하이브,100.0,,,Binary Singapore Pte. Ltd(주2),해외 법인 — 계획서 7-2
HYBE America Inc.,(주)하이브,100.0,,,HYBE America Inc.(주1),해외 법인 — 계획서 7-2
HYBE LATIN AMERICA SA de CV,(주)하이브,96.41,,,HYBE LATIN AMERICA SA de CV,해외 법인 — 계획서 7-2
"HYBE CHINA Co., Ltd.",(주)하이브,100.0,,,"HYBE CHINA Co., Ltd.(주4)",해외 법인 — 계획서 7-2
에이티유컬쳐테크5호사모투자 합자회사,(주)하이브,42.1,,,에이티유컬쳐테크5호사모투자 합자회사(주4)(주5),펀드·SPC·투자조합·신탁 상품·명목회사 — 계획서 7-2
HYBE INDIA ENTERTAINMENT PRIVATE LIMITED,(주)하이브,100.0,,,"HYBE INDIA ENTERTAINMENT 
PRIVATE LIMITED(주4)",해외 법인 — 계획서 7-2
PT.KAHOINDAH CITRAGARMENT (해외법인),호전실업 주식회사,99.77,,,"PT.KAHOINDAH CITRAGARMENT
(해외법인)",해외 법인 — 계획서 7-2
PT.YONGJIN JAVASUKA GARMENT (해외법인),호전실업 주식회사,99.65,,,"PT.YONGJIN JAVASUKA GARMENT
(해외법인)",해외 법인 — 계획서 7-2
PT.DAEHWA LEATHER LESTARI (해외법인),호전실업 주식회사,89.8,,,"PT.DAEHWA LEATHER LESTARI
(해외법인)",해외 법인 — 계획서 7-2
PT.HJL INDO NETWORKS (해외법인),호전실업 주식회사,99.84,,,"PT.HJL INDO NETWORKS
(해외법인)",해외 법인 — 계획서 7-2
PT.HOGA REKSA GARMENT (해외법인),호전실업 주식회사,99.58,,,"PT.HOGA REKSA GARMENT
(해외법인)",해외 법인 — 계획서 7-2
HJ US INC. (해외법인),호전실업 주식회사,100.0,,,"HJ US INC.
(해외법인)",해외 법인 — 계획서 7-2
PT.HOLIM JAYA INDONESIA (해외법인),호전실업 주식회사,99.98,,,"PT.HOLIM JAYA INDONESIA
(해외법인)",해외 법인 — 계획서 7-2
,진양폴리우레탄(주),,,,,"출자현황 자료 없음 — 원문 확인, 필요하면 수동 입력 파일에 적음 (2025 사업보고서 표 형식 아님(숫자 지분율 없음); 2025 3분기보고서 표 형식 아님(숫자 지분율 없음); 2025 반기보고서 표 형식 아님(숫자 지분율 없음); 2024 사업보고서 표 형식 아님(숫자 지분율 없음))"
Mobis Parts Middle East FZE,현대모비스(주),100.0,,,Mobis Parts Middle East FZE,해외 법인 — 계획서 7-2
Mobis Parts Europe N.V.,현대모비스(주),100.0,,,Mobis Parts Europe N.V.,해외 법인 — 계획서 7-2
"Hyundai Motor (Shanghai) Co., Ltd.",현대모비스(주),100.0,,,"Hyundai Motor (Shanghai) Co., Ltd.",해외 법인 — 계획서 7-2
"Shanghai Hyundai Mobis Automotive Parts Co., Ltd.",현대모비스(주),100.0,,,"Shanghai Hyundai Mobis Automotive Parts Co., Ltd.",해외 법인 — 계획서 7-2
"Jiangsu Mobis Automotive Parts Co., Ltd.",현대모비스(주),100.0,,,"Jiangsu Mobis Automotive Parts Co., Ltd.",해외 법인 — 계획서 7-2
"Beijing Hyundai Mobis Automotive Parts Co., Ltd.",현대모비스(주),100.0,,,"Beijing Hyundai Mobis Automotive Parts Co., Ltd.",해외 법인 — 계획서 7-2
"Beijing Hyundai Mobis Parts Co., Ltd.",현대모비스(주),50.0,,,"Beijing Hyundai Mobis Parts Co., Ltd.",해외 법인 — 계획서 7-2
"Mobis Parts Jiangsu Yueda Trading Co., Ltd.",현대모비스(주),50.0,,,"Mobis Parts Jiangsu Yueda Trading Co., Ltd.",해외 법인 — 계획서 7-2
"Wuxi Mobis Automotive AutoParts Co., Ltd.",현대모비스(주),34.0,,,"Wuxi Mobis Automotive AutoParts Co., Ltd.",해외 법인 — 계획서 7-2
"Mobis America, Inc.",현대모비스(주),100.0,,,"Mobis America, Inc.",해외 법인 — 계획서 7-2
"Mobis Parts Australia PTY., Ltd.",현대모비스(주),100.0,,,"Mobis Parts Australia PTY., Ltd.",해외 법인 — 계획서 7-2
"American Autoparts, Inc.",현대모비스(주),100.0,,,"American Autoparts, Inc.",해외 법인 — 계획서 7-2
"Mobis India, Ltd.",현대모비스(주),100.0,,,"Mobis India, Ltd.",해외 법인 — 계획서 7-2
Mobis India Module Private Limited,현대모비스(주),100.0,,,Mobis India Module Private Limited,해외 법인 — 계획서 7-2
Mobis Slovakia s.r.o.,현대모비스(주),100.0,,,Mobis Slovakia s.r.o.,해외 법인 — 계획서 7-2
Mobis Automotive Czech s.r.o.,현대모비스(주),100.0,,,Mobis Automotive Czech s.r.o.,해외 법인 — 계획서 7-2
"Mobis Module CIS, LLC",현대모비스(주),99.0,,,"Mobis Module CIS, LLC",해외 법인 — 계획서 7-2
"Tianjin Mobis Automotive Parts Co., Ltd.",현대모비스(주),100.0,,,"Tianjin Mobis Automotive Parts Co., Ltd.",해외 법인 — 계획서 7-2
Mobis Brasil Fabricacao De Auto Pecas LTDA,현대모비스(주),100.0,,,Mobis Brasil Fabricacao De Auto Pecas LTDA,해외 법인 — 계획서 7-2
Mobis Automotive and Module Industry Trade Co. - Joint Stock Company,현대모비스(주),100.0,,,Mobis Automotive and Module Industry Trade Co. - Joint Stock Company,해외 법인 — 계획서 7-2
Mobis Parts Canada Corporation,현대모비스(주),100.0,,,Mobis Parts Canada Corporation,해외 법인 — 계획서 7-2
Hyundai Mobis Mexico. S. DE R.L. DE C.V.,현대모비스(주),98.0,,,Hyundai Mobis Mexico. S. DE R.L. DE C.V.,해외 법인 — 계획서 7-2
Mobis Automotive System Czech S.R.O.,현대모비스(주),100.0,,,Mobis Automotive System Czech S.R.O.,해외 법인 — 계획서 7-2
ChongQing Hyundai Mobis Automotive Parts Co. Ltd.,현대모비스(주),100.0,,,ChongQing Hyundai Mobis Automotive Parts Co. Ltd.,해외 법인 — 계획서 7-2
"Jiangsu Yueda New Energy Battery Co., Ltd.",현대모비스(주),50.0,,,"Jiangsu Yueda New Energy Battery Co., Ltd.",해외 법인 — 계획서 7-2
Mobis Spain Electrified Powertrain S.L,현대모비스(주),100.0,,,Mobis Spain Electrified Powertrain S.L,해외 법인 — 계획서 7-2
Mobis Hungary kft.,현대모비스(주),100.0,,,Mobis Hungary kft.,해외 법인 — 계획서 7-2
PT. Hyundai Energy Indonesia,현대모비스(주),60.0,,,PT. Hyundai Energy Indonesia,해외 법인 — 계획서 7-2
"Mobis Parts (Thailand) Co.,Ltd.",현대모비스(주),100.0,,,"Mobis Parts (Thailand) Co.,Ltd.",해외 법인 — 계획서 7-2
"ACVC PARTNERS FUND I, LP",현대모비스(주),44.0,,,"ACVC PARTNERS FUND I, LP",해외 법인 — 계획서 7-2
Smart World Innovation Fund LP,현대모비스(주),31.0,,,Smart World Innovation Fund LP,해외 법인 — 계획서 7-2
"SUPERNAL, LLC",현대모비스(주),33.0,,,"SUPERNAL, LLC",해외 법인 — 계획서 7-2
POSCO INTERNATIONAL JAPAN CORP.,(주)포스코인터내셔널,100.0,,,POSCO INTERNATIONAL JAPAN CORP.,해외 법인 — 계획서 7-2
POSCO INTERNATIONAL SINGAPORE PTE. LTD.,(주)포스코인터내셔널,100.0,,,POSCO INTERNATIONAL SINGAPORE PTE. LTD.,해외 법인 — 계획서 7-2
POSCO INTERNATIONAL ITALIA S.R.L.,(주)포스코인터내셔널,100.0,,,POSCO INTERNATIONAL ITALIA S.R.L.,해외 법인 — 계획서 7-2
"POSCO INTERNATIONAL (CHINA) CO.,LTD.",(주)포스코인터내셔널,100.0,,,"POSCO INTERNATIONAL (CHINA) CO.,LTD.",해외 법인 — 계획서 7-2
POSCO INTERNATIONAL MYANMAR CORPORATION LIMITED,(주)포스코인터내셔널,100.0,,,POSCO INTERNATIONAL MYANMAR CORPORATION LIMITED,해외 법인 — 계획서 7-2
POSCO INTERNATIONAL MEXICO S.A. de C.V.,(주)포스코인터내셔널,100.0,,,POSCO INTERNATIONAL MEXICO S.A. de C.V.,해외 법인 — 계획서 7-2
POSCO INTERNATIONAL Malaysia Sdn. Bhd.,(주)포스코인터내셔널,100.0,,,POSCO INTERNATIONAL Malaysia Sdn. Bhd.,해외 법인 — 계획서 7-2
"POSCO INTERNATIONAL SHANGHAI CO.,LTD.",(주)포스코인터내셔널,100.0,,,"POSCO INTERNATIONAL SHANGHAI CO.,LTD.",해외 법인 — 계획서 7-2
POSCO INTERNATIONAL INDIA PVT. LTD.,(주)포스코인터내셔널,100.0,,,POSCO INTERNATIONAL INDIA PVT. LTD.,해외 법인 — 계획서 7-2
POSCO INTERNATIONAL VIETNAM CO. LTD.,(주)포스코인터내셔널,100.0,,,POSCO INTERNATIONAL VIETNAM CO. LTD.,해외 법인 — 계획서 7-2
POSCO INTERNATIONAL TEXTILE LLC.,(주)포스코인터내셔널,100.0,,,POSCO INTERNATIONAL TEXTILE LLC.,해외 법인 — 계획서 7-2
POSCO INTERNATIONAL AUSTRALIA HOLDINGS PTY LTD,(주)포스코인터내셔널,100.0,,,POSCO INTERNATIONAL AUSTRALIA HOLDINGS PTY LTD,해외 법인 — 계획서 7-2
"POSCO International (Thailand) Co., Ltd.",(주)포스코인터내셔널,100.0,,,"POSCO International (Thailand) Co., Ltd.",해외 법인 — 계획서 7-2
PT. POSCO INTERNATIONAL INDONESIA,(주)포스코인터내셔널,99.0,,,PT. POSCO INTERNATIONAL INDONESIA,해외 법인 — 계획서 7-2
AGPA PTE. LTD.,(주)포스코인터내셔널,100.0,,,AGPA PTE. LTD.,해외 법인 — 계획서 7-2
PI AAPC CORPORATION,(주)포스코인터내셔널,100.0,,,PI AAPC CORPORATION,해외 법인 — 계획서 7-2
BRASIL SAO PAULO STEEL PROCESSING CENTER,(주)포스코인터내셔널,51.0,,,BRASIL SAO PAULO STEEL PROCESSING CENTER,해외 법인 — 계획서 7-2
"POSCO INTERNATIONAL UKRAINE, LLC.",(주)포스코인터내셔널,100.0,,,"POSCO INTERNATIONAL UKRAINE, LLC.",해외 법인 — 계획서 7-2
GRAIN TERMINAL HOLDING PTE. LTD.,(주)포스코인터내셔널,100.0,,,GRAIN TERMINAL HOLDING PTE. LTD.,해외 법인 — 계획서 7-2
POSCO SOUTH EAST ASIA PTE. LTD.,(주)포스코인터내셔널,100.0,,,POSCO SOUTH EAST ASIA PTE. LTD.,해외 법인 — 계획서 7-2
POSCO INTERNATIONAL GLOBAL DEVELOPMENT PTE. LTD.,(주)포스코인터내셔널,75.0,,,POSCO INTERNATIONAL GLOBAL DEVELOPMENT PTE. LTD.,해외 법인 — 계획서 7-2
"POSCO INTERNATIONAL INDIA E-MOBILITY Pvt., Ltd.",(주)포스코인터내셔널,73.62,,,"POSCO INTERNATIONAL INDIA E-MOBILITY Pvt., Ltd.",해외 법인 — 계획서 7-2
POSCO INTERNATIONAL E&P MALAYSIA SDN. BHD.,(주)포스코인터내셔널,100.0,,,POSCO INTERNATIONAL E&P MALAYSIA SDN. BHD.,해외 법인 — 계획서 7-2
SENEX HOLDINGS PTY LTD,(주)포스코인터내셔널,50.1,,,SENEX HOLDINGS PTY LTD,해외 법인 — 계획서 7-2
POSCO INTERNATIONAL Mexico e-Mobility S.A DE C.V.,(주)포스코인터내셔널,80.0,,,POSCO INTERNATIONAL Mexico e-Mobility S.A DE C.V.,해외 법인 — 계획서 7-2
PT POSCO INTERNATIONAL E&P INDONESIA,(주)포스코인터내셔널,100.0,,,PT POSCO INTERNATIONAL E&P INDONESIA,해외 법인 — 계획서 7-2
POSCO INTERNATIONAL E&P USA Inc.,(주)포스코인터내셔널,100.0,,,POSCO INTERNATIONAL E&P USA Inc.,해외 법인 — 계획서 7-2
PT.KRAKATAU POSCO ENERGY,(주)포스코인터내셔널,55.0,,,PT.KRAKATAU POSCO ENERGY,해외 법인 — 계획서 7-2
"POSCO INTERNATIONAL POLAND E-MOBILITY SP. Z.O.O.,",(주)포스코인터내셔널,80.0,,,"POSCO INTERNATIONAL POLAND E-MOBILITY SP. Z.O.O.,",해외 법인 — 계획서 7-2
POSCO INTERNATIONAL AMERICA CORP.,(주)포스코인터내셔널,100.0,,,POSCO INTERNATIONAL AMERICA CORP.,해외 법인 — 계획서 7-2
POSCO INTERNATIONAL DEUTSCHLAND GmbH,(주)포스코인터내셔널,100.0,,,POSCO INTERNATIONAL DEUTSCHLAND GmbH,해외 법인 — 계획서 7-2
SAMIL PHARMACEUTICAL COMPANY LIMITED (해외),삼일제약(주),100.0,,,"SAMIL PHARMACEUTICAL 
COMPANY LIMITED
(해외)",해외 법인 — 계획서 7-2
"SAMIL PHARMACEUTICAL NORTH AMERICA CO., LTD (해외).",삼일제약(주),100.0,,,"SAMIL PHARMACEUTICAL
 NORTH AMERICA CO., LTD
(해외).",해외 법인 — 계획서 7-2
PT. ELITE,(주)형지엘리트,98.28,,,PT. ELITE,해외 법인 — 계획서 7-2
신도(청도)전자 유한공사,(주)신도리코,100.0,,,"신도(청도)전자
유한공사",해외 법인 — 계획서 7-2
SINDOH(HONG KONG),(주)신도리코,100.0,,,"SINDOH(HONG
KONG)",해외 법인 — 계획서 7-2
SINDOH VINA,(주)신도리코,100.0,,,SINDOH VINA,해외 법인 — 계획서 7-2
신도(청도)판공시통유한공사,(주)신도리코,100.0,,,신도(청도)판공시통유한공사,해외 법인 — 계획서 7-2
sindoh japan,(주)신도리코,100.0,,,sindoh japan,해외 법인 — 계획서 7-2
sindoh property japan,(주)신도리코,100.0,,,sindoh property japan,해외 법인 — 계획서 7-2
Hanon Beijing,한온시스템(주),80.0,,,Hanon Beijing,해외 법인 — 계획서 7-2
HASI,한온시스템(주),100.0,,,HASI,해외 법인 — 계획서 7-2
Hanon Bhiwadi,한온시스템(주),61.0,,,Hanon Bhiwadi,해외 법인 — 계획서 7-2
Hanon Japan,한온시스템(주),100.0,,,Hanon Japan,해외 법인 — 계획서 7-2
Hanon Thailand,한온시스템(주),100.0,,,Hanon Thailand,해외 법인 — 계획서 7-2
Hanon Slovakia,한온시스템(주),100.0,,,Hanon Slovakia,해외 법인 — 계획서 7-2
Hanon Turkiye,한온시스템(주),100.0,,,Hanon Turkiye,해외 법인 — 계획서 7-2
Hanon Portugal,한온시스템(주),100.0,,,Hanon Portugal,해외 법인 — 계획서 7-2
Hanon Autopal Service,한온시스템(주),100.0,,,Hanon Autopal Service,해외 법인 — 계획서 7-2
Hanon Autopal,한온시스템(주),100.0,,,Hanon Autopal,해외 법인 — 계획서 7-2
Hanon Auto Parts Hungary,한온시스템(주),100.0,,,Hanon Auto Parts Hungary,해외 법인 — 계획서 7-2
Hanon Dalian,한온시스템(주),100.0,,,Hanon Dalian,해외 법인 — 계획서 7-2
Hanon Hungary,한온시스템(주),100.0,,,Hanon Hungary,해외 법인 — 계획서 7-2
Hanon UK,한온시스템(주),100.0,,,Hanon UK,해외 법인 — 계획서 7-2
Hanon Deutschland,한온시스템(주),100.0,,,Hanon Deutschland,해외 법인 — 계획서 7-2
Hanon Netherlands,한온시스템(주),100.0,,,Hanon Netherlands,해외 법인 — 계획서 7-2
Hanon Alabama,한온시스템(주),100.0,,,Hanon Alabama,해외 법인 — 계획서 7-2
Hanon USA,한온시스템(주),100.0,,,Hanon USA,해외 법인 — 계획서 7-2
Hanon Canada,한온시스템(주),100.0,,,Hanon Canada,해외 법인 — 계획서 7-2
Hanon Coclisa,한온시스템(주),100.0,,,Hanon Coclisa,해외 법인 — 계획서 7-2
Hanon Mexicana,한온시스템(주),100.0,,,Hanon Mexicana,해외 법인 — 계획서 7-2
Hanon Brazil,한온시스템(주),100.0,,,Hanon Brazil,해외 법인 — 계획서 7-2
Hanon Shanghai,한온시스템(주),100.0,,,Hanon Shanghai,해외 법인 — 계획서 7-2
Hanon South Africa,한온시스템(주),100.0,,,Hanon South Africa,해외 법인 — 계획서 7-2
FHTS,한온시스템(주),45.0,,,FHTS,해외 법인 — 계획서 7-2
JCS,한온시스템(주),33.0,,,JCS,해외 법인 — 계획서 7-2
BBHS,한온시스템(주),49.0,,,BBHS,해외 법인 — 계획서 7-2
Hanon EFP Corporation,한온시스템(주),100.0,,,Hanon EFP Corporation,해외 법인 — 계획서 7-2
Hanon Thermal Technology,한온시스템(주),100.0,,,Hanon Thermal Technology,해외 법인 — 계획서 7-2
Hanon Chongqing,한온시스템(주),100.0,,,Hanon Chongqing,해외 법인 — 계획서 7-2
Hanon Nanchang,한온시스템(주),81.0,,,Hanon Nanchang,해외 법인 — 계획서 7-2
Hanon Nanjing,한온시스템(주),51.0,,,Hanon Nanjing,해외 법인 — 계획서 7-2
Hanon Yancheng,한온시스템(주),100.0,,,Hanon Yancheng,해외 법인 — 계획서 7-2
CSG JV,한온시스템(주),50.0,,,CSG JV,해외 법인 — 계획서 7-2
FHAC JV,한온시스템(주),55.0,,,FHAC JV,해외 법인 — 계획서 7-2
ASIANA PHILIPPINES GSA INC,아시아나항공(주),50.0,,,ASIANA PHILIPPINES GSA INC,해외 법인 — 계획서 7-2
Gate Gourmet Korea,아시아나항공(주),40.0,,,Gate Gourmet Korea,해외 법인 — 계획서 7-2
,에어부산 주식회사,,,,,"출자현황 자료 없음 — 원문 확인, 필요하면 수동 입력 파일에 적음 (2025 사업보고서 표 형식 아님(숫자 지분율 없음); 2025 3분기보고서 표 형식 아님(숫자 지분율 없음); 2025 반기보고서 표 형식 아님(숫자 지분율 없음); 2024 사업보고서 표 형식 아님(숫자 지분율 없음))"
에너지신산업전문투자 사모투자신탁,한국전력공사(주),99.01,,,"에너지신산업전문투자 사모투자신탁
(주1)",펀드·SPC·투자조합·신탁 상품·명목회사 — 계획서 7-2
KEPCO International HongKong Ltd.,한국전력공사(주),100.0,,,KEPCO International HongKong Ltd.,해외 법인 — 계획서 7-2
KEPCO International Philippines Inc.,한국전력공사(주),100.0,,,KEPCO International Philippines Inc.,해외 법인 — 계획서 7-2
KEPCO Gansu International Ltd.,한국전력공사(주),100.0,,,KEPCO Gansu International Ltd.,해외 법인 — 계획서 7-2
KEPCO Philippines Holdings Inc.,한국전력공사(주),100.0,,,KEPCO Philippines Holdings Inc.,해외 법인 — 계획서 7-2
KEPCO Neimenggu International Ltd.,한국전력공사(주),100.0,,,"KEPCO Neimenggu 
International Ltd.",해외 법인 — 계획서 7-2
"KEPCO Australia Pty.,Ltd.",한국전력공사(주),100.0,,,"KEPCO Australia Pty.,Ltd.",해외 법인 — 계획서 7-2
KEPCO Shanxi International Ltd.,한국전력공사(주),100.0,,,"KEPCO Shanxi 
International Ltd.",해외 법인 — 계획서 7-2
KEPCO Netherlands B.V.,한국전력공사(주),100.0,,,KEPCO Netherlands B.V.,해외 법인 — 계획서 7-2
KEPCO Middle East Holding Company,한국전력공사(주),100.0,,,"KEPCO Middle East  
Holding Company",해외 법인 — 계획서 7-2
KEPCO Holdings de Mexico,한국전력공사(주),100.0,,,KEPCO Holdings  de Mexico,해외 법인 — 계획서 7-2
KST Electric Power Company,한국전력공사(주),56.0,,,KST Electric Power Company,해외 법인 — 계획서 7-2
KEPCO Netherlands S3 B.V.,한국전력공사(주),100.0,,,KEPCO Netherlands  S3 B.V.,해외 법인 — 계획서 7-2
KEPCO Netherlands J3 B.V.,한국전력공사(주),100.0,,,KEPCO Netherlands J3 B.V.,해외 법인 — 계획서 7-2
Global One Pioneer B.V.,한국전력공사(주),100.0,,,Global One Pioneer B.V.,해외 법인 — 계획서 7-2
Global Energy Pioneer B.V.,한국전력공사(주),100.0,,,Global Energy Pioneer B.V.,해외 법인 — 계획서 7-2
Fujeij Wind Power Company,한국전력공사(주),100.0,,,Fujeij Wind Power Company,해외 법인 — 계획서 7-2
Chitose Solar Power Plant LLC,한국전력공사(주),65.0,,,Chitose Solar Power Plant LLC,해외 법인 — 계획서 7-2
KEPCO Mangilao Holdings LLC,한국전력공사(주),100.0,,,KEPCO Mangilao Holdings LLC,해외 법인 — 계획서 7-2
"KEPCO California, LLC",한국전력공사(주),100.0,,,"KEPCO California, LLC",해외 법인 — 계획서 7-2
Guam Ukudu Power LLC,한국전력공사(주),60.0,,,Guam Ukudu Power LLC,해외 법인 — 계획서 7-2
KEPCO Holding Company,한국전력공사(주),100.0,,,KEPCO Holding Company,해외 법인 — 계획서 7-2
KEPCO Yona America LLC,한국전력공사(주),100.0,,,KEPCO Yona America LLC,해외 법인 — 계획서 7-2
KEPCO SADAWI -FZCO,한국전력공사(주),100.0,,,KEPCO SADAWI -FZCO,해외 법인 — 계획서 7-2
한국전력 모펀드,한국전력공사(주),98.09,,,한국전력 모펀드,펀드·SPC·투자조합·신탁 상품·명목회사 — 계획서 7-2
Nghi Son 2 Power LLC,한국전력공사(주),50.0,,,Nghi Son 2  Power LLC,해외 법인 — 계획서 7-2
PT Barito Wahana Tenaga,한국전력공사(주),30.61,,,PT Barito Wahana Tenaga,해외 법인 — 계획서 7-2
One Energy Aisa Limited,한국전력공사(주),40.0,,,One Energy Aisa Limited,해외 법인 — 계획서 7-2
Pulau Indah O&M Sdn. Bhd.,한국전력공사(주),40.0,,,Pulau Indah O&M Sdn. Bhd.,해외 법인 — 계획서 7-2
KCS,(주)케이씨씨,100.0,,,KCS,해외 법인 — 계획서 7-2
KCT,(주)케이씨씨,100.0,,,KCT,해외 법인 — 계획서 7-2
KCJ,(주)케이씨씨,100.0,,,KCJ,해외 법인 — 계획서 7-2
엠오엠제1호사모투자합자회사,(주)케이씨씨,70.51,,,엠오엠제1호사모투자합자회사,펀드·SPC·투자조합·신탁 상품·명목회사 — 계획서 7-2
타이거대체일반사모특별자산투자신탁74호,(주)케이씨씨,83.33,,,타이거대체일반사모특별자산투자신탁74호,펀드·SPC·투자조합·신탁 상품·명목회사 — 계획서 7-2
SIC Management Ltd,(주)케이씨씨,46.87,,,SIC Management Ltd,해외 법인 — 계획서 7-2
SIC Investment Ltd,(주)케이씨씨,50.0,,,SIC Investment Ltd,해외 법인 — 계획서 7-2
MOM Holding Company,(주)케이씨씨,100.0,,,MOM Holding Company,해외 법인 — 계획서 7-2
PTC,(주)케이씨씨,50.0,,,PTC,해외 법인 — 계획서 7-2
KCC(HK),(주)케이씨씨,100.0,,,KCC(HK),해외 법인 — 계획서 7-2
SeAH Wind Ltd.,(주)세아제강지주,43.06,,,SeAH Wind Ltd.,해외 법인 — 계획서 7-2
KB와이즈스타사모부동산투자신탁제2호(펀드),(주)세아제강지주,31.25,,,KB와이즈스타사모부동산투자신탁제2호(펀드),펀드·SPC·투자조합·신탁 상품·명목회사 — 계획서 7-2
HD Hyundai Electric Hungary Kft.,에이치디현대일렉트릭(주),100.0,,,"HD Hyundai Electric
Hungary Kft.",해외 법인 — 계획서 7-2
HD Hyundai Electric Texas LLC.,에이치디현대일렉트릭(주),100.0,,,"HD Hyundai Electric
Texas LLC.",해외 법인 — 계획서 7-2
신한-HD Global Green Way 펀드,에이치디현대일렉트릭(주),50.0,,,신한-HD Global Green Way 펀드,펀드·SPC·투자조합·신탁 상품·명목회사 — 계획서 7-2
HD Hyundai Electric Switzerland Ltd.,에이치디현대일렉트릭(주),100.0,,,"HD Hyundai Electric
Switzerland Ltd.",해외 법인 — 계획서 7-2
"HD Hyundai Electric China Co.,Ltd.",에이치디현대일렉트릭(주),100.0,,,"HD Hyundai Electric
China Co.,Ltd.",해외 법인 — 계획서 7-2
"HD Hyundai Power Transformers USA, Inc.",에이치디현대일렉트릭(주),100.0,,,"HD Hyundai Power 
Transformers USA, Inc.",해외 법인 — 계획서 7-2
HD Hyundai Electric Arabia L.L.C,에이치디현대일렉트릭(주),100.0,,,"HD Hyundai Electric
Arabia L.L.C",해외 법인 — 계획서 7-2
HD Hyundai Electric America Corporation,에이치디현대일렉트릭(주),100.0,,,"HD Hyundai Electric
America Corporation",해외 법인 — 계획서 7-2
HD Hyundai Electric Europe GmbH,에이치디현대일렉트릭(주),100.0,,,"HD Hyundai Electric
Europe GmbH",해외 법인 — 계획서 7-2
대불그린1호㈜,에이치디현대일렉트릭(주),100.0,,,대불그린1호㈜,펀드·SPC·투자조합·신탁 상품·명목회사 — 계획서 7-2
에스앤피혁신기술1호조합,제일약품(주),35.7,,,에스앤피혁신기술1호조합,펀드·SPC·투자조합·신탁 상품·명목회사 — 계획서 7-2
PT HARIM FARMSCO INDONESIA,(주)팜스코,100.0,,,"PT HARIM
FARMSCO
INDONESIA",해외 법인 — 계획서 7-2
PT FARMSCO FEED INDONESIA,(주)팜스코,98.64,,,"PT FARMSCO
FEED
INDONESIA",해외 법인 — 계획서 7-2
계룡하나뉴스테이1호,계룡건설산업(주),44.0,,,계룡하나뉴스테이1호,펀드·SPC·투자조합·신탁 상품·명목회사 — 계획서 7-2
계룡대한뉴스테이2호,계룡건설산업(주),44.0,,,계룡대한뉴스테이2호,펀드·SPC·투자조합·신탁 상품·명목회사 — 계획서 7-2
KYEYONG-SAE-A STX JV,계룡건설산업(주),50.0,,,KYEYONG-SAE-A STX JV,해외 법인 — 계획서 7-2
계룡대한제4호,계룡건설산업(주),32.0,,,계룡대한제4호,펀드·SPC·투자조합·신탁 상품·명목회사 — 계획서 7-2
ILSUNG-KYERYONGJV,계룡건설산업(주),45.0,,,ILSUNG-KYERYONGJV,해외 법인 — 계획서 7-2
PKR Corporation,계룡건설산업(주),51.0,,,PKR Corporation,해외 법인 — 계획서 7-2
에스지씨 어센도 CVC 스케일업 투자조합,SGC에너지(주),54.0,,,에스지씨 어센도 CVC 스케일업 투자조합,펀드·SPC·투자조합·신탁 상품·명목회사 — 계획서 7-2
PT SGC ENERGY Indonesia,SGC에너지(주),67.0,,,PT SGC ENERGY Indonesia,해외 법인 — 계획서 7-2
신한 에스지씨 ESG 투자조합 제1호,SGC에너지(주),50.0,,,신한 에스지씨 ESG 투자조합 제1호,펀드·SPC·투자조합·신탁 상품·명목회사 — 계획서 7-2
"CS Wind Vietnam Co., Ltd.",씨에스윈드(주),100.0,,,"CS Wind Vietnam Co., Ltd.",해외 법인 — 계획서 7-2
CS Wind Turkey KULE IMALATI AS.,씨에스윈드(주),100.0,,,CS Wind Turkey KULE IMALATI AS.,해외 법인 — 계획서 7-2
CS Wind Taiwan Ltd.,씨에스윈드(주),100.0,,,CS Wind Taiwan Ltd.,해외 법인 — 계획서 7-2
CS Wind America Inc.,씨에스윈드(주),100.0,,,CS Wind America Inc.,해외 법인 — 계획서 7-2
CSWIND PORTUGAL S.A.,씨에스윈드(주),100.0,,,CSWIND PORTUGAL S.A.,해외 법인 — 계획서 7-2
"Vina Halla Heavy Industries Co., Ltd",씨에스윈드(주),100.0,,,"Vina Halla Heavy Industries Co., Ltd",해외 법인 — 계획서 7-2
CS Wind Denmark ApS,씨에스윈드(주),100.0,,,CS Wind Denmark ApS,해외 법인 — 계획서 7-2
CS Wind Offshore DK Holding A/S,씨에스윈드(주),100.0,,,CS Wind Offshore DK Holding A/S,해외 법인 — 계획서 7-2
토탈패키징 제1호 사모투자 합자회사,씨에스윈드(주),30.43,,,토탈패키징 제1호 사모투자 합자회사,펀드·SPC·투자조합·신탁 상품·명목회사 — 계획서 7-2
"CS Wind China Co., Ltd.",씨에스윈드(주),100.0,,,"CS Wind China Co., Ltd.",해외 법인 — 계획서 7-2
CS Wind Canada Inc.,씨에스윈드(주),100.0,,,CS Wind Canada Inc.,해외 법인 — 계획서 7-2
CS Wind Mexico S.A.de.C.V,씨에스윈드(주),99.99,,,CS Wind Mexico S.A.de.C.V,해외 법인 — 계획서 7-2
CS Wind Europe Ltd.,씨에스윈드(주),100.0,,,CS Wind Europe Ltd.,해외 법인 — 계획서 7-2
FAMOUS FLEET SDN. BHD.,씨에스윈드(주),100.0,,,FAMOUS FLEET SDN. BHD.,해외 법인 — 계획서 7-2
CS Wind Malaysia SDN. BHD,씨에스윈드(주),100.0,,,CS Wind Malaysia SDN. BHD,해외 법인 — 계획서 7-2
"Samsung Biologics America, Inc.",삼성바이오로직스(주),100.0,,,"Samsung Biologics America, Inc.",해외 법인 — 계획서 7-2
SVIC 54호 신기술사업투자조합,삼성바이오로직스(주),33.0,,,SVIC 54호 신기술사업투자조합,펀드·SPC·투자조합·신탁 상품·명목회사 — 계획서 7-2
계양전기(소주) 유한공사,계양전기(주),100.0,,,"계양전기(소주)
유한공사",해외 법인 — 계획서 7-2
RFWINDOW JAPAN,(주)주성코퍼레이션,100.0,,,RFWINDOW JAPAN,해외 법인 — 계획서 7-2
"LS ELECTRIC Japan Co., Ltd.",엘에스일렉트릭 주식회사,99.99,,,"LS ELECTRIC Japan Co., Ltd.",해외 법인 — 계획서 7-2
LS ELECTRIC Europe B.V.,엘에스일렉트릭 주식회사,100.0,,,LS ELECTRIC Europe B.V.,해외 법인 — 계획서 7-2
LS ELECTRIC Americas Holdings,엘에스일렉트릭 주식회사,100.0,,,LS ELECTRIC Americas Holdings(*5),해외 법인 — 계획서 7-2
"LS ELECTRIC Vietnam Co., Ltd.",엘에스일렉트릭 주식회사,100.0,,,"LS ELECTRIC Vietnam Co., Ltd.",해외 법인 — 계획서 7-2
락성전기투자(중국)유한공사,엘에스일렉트릭 주식회사,100.0,,,락성전기투자(중국)유한공사(*5),해외 법인 — 계획서 7-2
"LS ELECTRIC INDUSTRY TRADE Co., Ltd.",엘에스일렉트릭 주식회사,100.0,,,"LS ELECTRIC INDUSTRY TRADE Co., Ltd.",해외 법인 — 계획서 7-2
"LS ELECTRIC IBERIA, S.L.",엘에스일렉트릭 주식회사,100.0,,,"LS ELECTRIC IBERIA, S.L.",해외 법인 — 계획서 7-2
LS Automation Solution Otomasyon Sistemleri,엘에스일렉트릭 주식회사,60.67,,,LS Automation Solution Otomasyon Sistemleri(*14),해외 법인 — 계획서 7-2
PT. LS ELECTRIC INDONESIA,엘에스일렉트릭 주식회사,100.0,,,PT. LS ELECTRIC INDONESIA,해외 법인 — 계획서 7-2
LS ITC㈜,엘에스일렉트릭 주식회사,100.0,,,LS ITC㈜,해외 법인 — 계획서 7-2
락성전기(대련) 유한공사,엘에스일렉트릭 주식회사,90.0,,,락성전기(대련) 유한공사,해외 법인 — 계획서 7-2
락성전기(무석) 유한공사,엘에스일렉트릭 주식회사,90.0,,,락성전기(무석) 유한공사,해외 법인 — 계획서 7-2
LS ELECTRIC Middle East FZE,엘에스일렉트릭 주식회사,100.0,,,LS ELECTRIC Middle East FZE,해외 법인 — 계획서 7-2
Lotte Akhtar Beverages (Private) Limited,롯데칠성음료(주),52.0,,,"Lotte Akhtar Beverages
 (Private) Limited",해외 법인 — 계획서 7-2
"Pepsi-Cola Products Philippines, Inc.",롯데칠성음료(주),73.58,,,"Pepsi-Cola Products
 Philippines, Inc.",해외 법인 — 계획서 7-2
Lotte Beverage America Corp.,롯데칠성음료(주),100.0,,,Lotte Beverage America Corp.,해외 법인 — 계획서 7-2
Lotte Beverage Holdings (Singapore) Pte. Ltd.,롯데칠성음료(주),100.0,,,"Lotte Beverage Holdings
 (Singapore) Pte. Ltd.(주4)",해외 법인 — 계획서 7-2
"LOTTE LIQUOR JAPAN CO., LTD.",롯데칠성음료(주),100.0,,,"LOTTE LIQUOR JAPAN CO., LTD.",해외 법인 — 계획서 7-2
PT LOTTE RND CENTER INDONESIA,롯데칠성음료(주),33.33,,,"PT LOTTE RND CENTER 
 INDONESIA",해외 법인 — 계획서 7-2
낙천칠성(상해)음료유한공사,롯데칠성음료(주),100.0,,,낙천칠성(상해)음료유한공사,해외 법인 — 계획서 7-2
LOTTE CHILSUNG BEVERAGE RUS LLC.,롯데칠성음료(주),100.0,,,"LOTTE CHILSUNG BEVERAGE
  RUS LLC.(주9)",해외 법인 — 계획서 7-2
LG UPLUS FUND I LLC,(주)LG유플러스,100.0,,,LG UPLUS FUND I LLC,해외 법인 — 계획서 7-2
뮤렉스웨이브액티브시니어투자조합,(주)LG유플러스,81.5,,,뮤렉스웨이브액티브시니어투자조합,펀드·SPC·투자조합·신탁 상품·명목회사 — 계획서 7-2
Dacom America Inc.,(주)LG유플러스,100.0,,,Dacom America Inc.,해외 법인 — 계획서 7-2
LG UPLUS FUND II LLC,(주)LG유플러스,100.0,,,LG UPLUS FUND II LLC,해외 법인 — 계획서 7-2
쉬프트 블루포인트 에이엑스 벤처투자조합,(주)LG유플러스,93.0,,,쉬프트 블루포인트 에이엑스 벤처투자조합,펀드·SPC·투자조합·신탁 상품·명목회사 — 계획서 7-2
매그놀리아트리4호 벤처투자조합,(주)LG유플러스,33.7,,,매그놀리아트리4호 벤처투자조합,펀드·SPC·투자조합·신탁 상품·명목회사 — 계획서 7-2
CGI HOLDINGS LIMITED,씨제이씨지브이(주),82.0,,,CGI HOLDINGS LIMITED,해외 법인 — 계획서 7-2
"CJ CGV AMERICA, INC.",씨제이씨지브이(주),100.0,,,"CJ CGV AMERICA, INC.",해외 법인 — 계획서 7-2
CROWN JADE COMPANY PTE. LTD.,씨제이씨지브이(주),100.0,,,CROWN JADE COMPANY PTE. LTD.,해외 법인 — 계획서 7-2
"MARS CINEMA, TOURISM AND SPORTS FACILITIES MANAGEMENT INC.",씨제이씨지브이(주),75.0,,,"MARS CINEMA, TOURISM AND SPORTS FACILITIES MANAGEMENT INC.",해외 법인 — 계획서 7-2
"HANMI Taiwan Co.,Ltd.",한미반도체(주),100.0,,,"HANMI Taiwan Co.,Ltd.",해외 법인 — 계획서 7-2
"HANMI Vietnam Co.,Ltd.",한미반도체(주),100.0,,,"HANMI Vietnam Co.,Ltd.",해외 법인 — 계획서 7-2
HANMI SINGAPORE Pte. Ltd.,한미반도체(주),100.0,,,HANMI SINGAPORE Pte. Ltd.(*1),해외 법인 — 계획서 7-2
국도화공(쿤샨) 유한공사,국도화학(주),90.0,,,국도화공(쿤샨) 유한공사,해외 법인 — 계획서 7-2
Kukdo Chemical India Pvt. Ltd.,국도화학(주),100.0,,,Kukdo Chemical India Pvt. Ltd.,해외 법인 — 계획서 7-2
국도화공(닝보) 유한공사,국도화학(주),100.0,,,국도화공(닝보) 유한공사,해외 법인 — 계획서 7-2
Kukdo Europe GmbH,국도화학(주),100.0,,,Kukdo Europe GmbH,해외 법인 — 계획서 7-2
Kukdo Chemical America Inc.,국도화학(주),100.0,,,Kukdo Chemical America Inc.,해외 법인 — 계획서 7-2
DS Roppongi M,조선내화 주식회사,37.53,,,DS Roppongi M,해외 법인 — 계획서 7-2
아비트리지 제1호 사모투자합자회사,조선내화 주식회사,32.8,,,아비트리지 제1호 사모투자합자회사,펀드·SPC·투자조합·신탁 상품·명목회사 — 계획서 7-2
청도조내상무유한공사,조선내화 주식회사,100.0,,,청도조내상무유한공사,해외 법인 — 계획서 7-2
영구광양내화재료유한공사,조선내화 주식회사,40.0,,,영구광양내화재료유한공사,해외 법인 — 계획서 7-2
안산포항특종내화재료유한공사,조선내화 주식회사,57.1,,,안산포항특종내화재료유한공사,해외 법인 — 계획서 7-2
CHOSUN SARVESH REFRACTORIES PRIVATE LIMITED,조선내화 주식회사,51.0,,,CHOSUN SARVESH REFRACTORIES PRIVATE LIMITED,해외 법인 — 계획서 7-2
ICT융합펀드,씨제이대한통운(주),35.27,,,ICT융합펀드,펀드·SPC·투자조합·신탁 상품·명목회사 — 계획서 7-2
미래에셋CJ대한통운신성장투자조합1호,씨제이대한통운(주),50.0,,,미래에셋CJ대한통운신성장투자조합1호,펀드·SPC·투자조합·신탁 상품·명목회사 — 계획서 7-2
케이비-씨제이 벤처펀드 제1호,씨제이대한통운(주),46.67,,,케이비-씨제이 벤처펀드 제1호,펀드·SPC·투자조합·신탁 상품·명목회사 — 계획서 7-2
"KOREA EXPRESS SAIGON PORT CO., LTD.",씨제이대한통운(주),50.0,,,"KOREA EXPRESS SAIGON PORT CO., LTD.",해외 법인 — 계획서 7-2
CJ E&C MALAYSIA SDN. BHD.,씨제이대한통운(주),100.0,,,CJ E&C MALAYSIA SDN. BHD.,해외 법인 — 계획서 7-2
"CJ E&C VIETNAM CO., LTD",씨제이대한통운(주),100.0,,,"CJ E&C VIETNAM CO., LTD",해외 법인 — 계획서 7-2
CJ LOGISTICS HOLDINGS AMERICA CORPORATION,씨제이대한통운(주),100.0,,,CJ LOGISTICS HOLDINGS AMERICA CORPORATION,해외 법인 — 계획서 7-2
CJ LOGISTICS JAPAN CORPORATION,씨제이대한통운(주),100.0,,,CJ LOGISTICS JAPAN CORPORATION,해외 법인 — 계획서 7-2
WATER PIPELINE WORKS LIMITED,씨제이대한통운(주),100.0,,,WATER PIPELINE WORKS LIMITED,해외 법인 — 계획서 7-2
"KOREA EXPRESS HONG KONG CO., LTD.",씨제이대한통운(주),100.0,,,"KOREA EXPRESS HONG KONG CO., LTD.",해외 법인 — 계획서 7-2
CJ LOGISTICS MIDDLE EAST FZE,씨제이대한통운(주),100.0,,,CJ LOGISTICS MIDDLE EAST FZE,해외 법인 — 계획서 7-2
KX SMART CARGO HOLDINGS LIMITED,씨제이대한통운(주),100.0,,,KX SMART CARGO HOLDINGS LIMITED,해외 법인 — 계획서 7-2
CJ LOGISTICS ASIA PTE. LTD.,씨제이대한통운(주),100.0,,,CJ LOGISTICS ASIA PTE. LTD.,해외 법인 — 계획서 7-2
CJ LOGISTICS CHINA HOLDINGS LIMITED,씨제이대한통운(주),100.0,,,CJ LOGISTICS CHINA HOLDINGS LIMITED,해외 법인 — 계획서 7-2
"CJ KOREA EXPRESS (CHINA) INVESTMENT CO., LTD",씨제이대한통운(주),100.0,,,"CJ KOREA EXPRESS (CHINA) INVESTMENT CO., LTD",해외 법인 — 계획서 7-2
CJ DARCL LOGISTICS LIMITED,씨제이대한통운(주),58.07,,,CJ DARCL LOGISTICS LIMITED,해외 법인 — 계획서 7-2
CJ LOGISTICS HONG KONG HOLDINGS LIMITED,씨제이대한통운(주),100.0,,,CJ LOGISTICS HONG KONG HOLDINGS LIMITED,해외 법인 — 계획서 7-2
CJ Logistics SILZ LLC,씨제이대한통운(주),100.0,,,CJ Logistics SILZ LLC,해외 법인 — 계획서 7-2
CJ E&C Hungary Kft.,씨제이대한통운(주),100.0,,,CJ E&C Hungary Kft.,해외 법인 — 계획서 7-2
CJ LOGISTICS POLAND SP. Z O.O.,씨제이대한통운(주),100.0,,,CJ LOGISTICS POLAND SP. Z O.O.,해외 법인 — 계획서 7-2
"Daewoo Engineering & Construction VIETNAM CO.,LTD.",(주)대우건설,100.0,,,"Daewoo Engineering & Construction VIETNAM CO.,LTD.",해외 법인 — 계획서 7-2
Daewoo Engineering & Construction DUQM LLC,(주)대우건설,90.0,,,Daewoo Engineering & Construction DUQM LLC,해외 법인 — 계획서 7-2
마스턴제141호용인백암피에프브이(주),(주)대우건설,77.0,,,마스턴제141호용인백암피에프브이(주),펀드·SPC·투자조합·신탁 상품·명목회사 — 계획서 7-2
T&C INVESTMENT GLOBAL PTE. LTD.,(주)대우건설,100.0,,,T&C INVESTMENT GLOBAL PTE. LTD.,해외 법인 — 계획서 7-2
Daewoo E&C USA Investment INC.,(주)대우건설,100.0,,,Daewoo E&C USA Investment INC.,해외 법인 — 계획서 7-2
PT DAEWOO REKAYASA KONSTRUKSI,(주)대우건설,67.0,,,PT DAEWOO REKAYASA KONSTRUKSI,해외 법인 — 계획서 7-2
제이알전문투자형사모부동산투자신탁제22호,(주)대우건설,35.2,,,제이알전문투자형사모부동산투자신탁제22호,펀드·SPC·투자조합·신탁 상품·명목회사 — 계획서 7-2
(주)투게더임대주택위탁관리부동산투자회사,(주)대우건설,100.0,,,(주)투게더임대주택위탁관리부동산투자회사,펀드·SPC·투자조합·신탁 상품·명목회사 — 계획서 7-2
MEGAWORLD-DW CO.,(주)대우건설,40.0,,,MEGAWORLD-DW CO.,해외 법인 — 계획서 7-2
DW AMERICA DEVEL'T INC.,(주)대우건설,100.0,,,DW AMERICA DEVEL'T INC.,해외 법인 — 계획서 7-2
GULF ENG.CONST. & CONTRACT,(주)대우건설,49.0,,,GULF ENG.CONST. & CONTRACT,해외 법인 — 계획서 7-2
DW ARABIA LTD.,(주)대우건설,60.0,,,DW ARABIA LTD.,해외 법인 — 계획서 7-2
DW NIGERIA LTD.,(주)대우건설,90.0,,,DW NIGERIA LTD.,해외 법인 — 계획서 7-2
DAEWOO-HANEL CORP,(주)대우건설,60.0,,,DAEWOO-HANEL CORP,해외 법인 — 계획서 7-2
DAEWOO E & C IRAN,(주)대우건설,100.0,,,DAEWOO E & C IRAN,해외 법인 — 계획서 7-2
V-CITY 21 JOINT STOCK COMPANY,(주)대우건설,40.0,,,V-CITY 21 JOINT STOCK COMPANY,해외 법인 — 계획서 7-2
DW POWER(INDIA) LTD.,(주)대우건설,70.0,,,DW POWER(INDIA) LTD.,해외 법인 — 계획서 7-2
Daewoo E&C SPC,(주)대우건설,100.0,,,Daewoo E&C SPC,해외 법인 — 계획서 7-2
"DINAMICO CONST,INC.",(주)대우건설,40.0,,,"DINAMICO CONST,INC.",해외 법인 — 계획서 7-2
Tan A Dai Thanh-DAEWOO LLC,(주)대우건설,50.0,,,Tan A Dai Thanh-DAEWOO LLC,해외 법인 — 계획서 7-2
"THT DEVELOPMENT CO.,LTD.",(주)대우건설,100.0,,,"THT DEVELOPMENT CO.,LTD.",해외 법인 — 계획서 7-2
Daewoo Engineering & Construction Nigeria Limited,(주)대우건설,49.0,,,Daewoo Engineering & Construction Nigeria Limited,해외 법인 — 계획서 7-2
Hyosung UK Limited,효성중공업(주),80.0,,,Hyosung UK Limited,해외 법인 — 계획서 7-2
HYOSUNG T&D INDIA Pvt Ltd,효성중공업(주),100.0,,,HYOSUNG T&D INDIA Pvt Ltd,해외 법인 — 계획서 7-2
"Nantong Hyosung Transformer Co., Ltd.",효성중공업(주),100.0,,,"Nantong Hyosung Transformer Co., Ltd.",해외 법인 — 계획서 7-2
Hyosung South Africa (Pty) Ltd,효성중공업(주),50.0,,,Hyosung South Africa (Pty) Ltd,해외 법인 — 계획서 7-2
"Hyosung HICO, Ltd.",효성중공업(주),100.0,,,"Hyosung HICO, Ltd.",해외 법인 — 계획서 7-2
Hyosung Vina Construction Company Limited,효성중공업(주),100.0,,,Hyosung Vina Construction Company Limited,해외 법인 — 계획서 7-2
"Hyosung Vina Industrial Machinery Co., Ltd.",효성중공업(주),100.0,,,"Hyosung Vina Industrial Machinery Co., Ltd.",해외 법인 — 계획서 7-2
KB와이즈스타전문투자형사모부동산투자신탁제11호,효성중공업(주),99.66,,,KB와이즈스타전문투자형사모부동산투자신탁제11호,펀드·SPC·투자조합·신탁 상품·명목회사 — 계획서 7-2
MOMENTUM,한국전력기술(주),33.33,,,MOMENTUM,해외 법인 — 계획서 7-2
천진평화기차배건 유한공사,평화홀딩스(주),100.0,,,"천진평화기차배건
유한공사",해외 법인 — 계획서 7-2
Pyung-Hwa India Private Ltd,평화홀딩스(주),70.0,,,"Pyung-Hwa India
Private Ltd",해외 법인 — 계획서 7-2
Kakao piccoma Corp.,(주)카카오,73.01,,,Kakao piccoma Corp.,해외 법인 — 계획서 7-2
카카오-씨씨브이씨 제주창조경제혁신펀드,(주)카카오,95.0,,,카카오-씨씨브이씨 제주창조경제혁신펀드,펀드·SPC·투자조합·신탁 상품·명목회사 — 계획서 7-2
㈜카카오페이,(주)카카오,46.14,,,㈜카카오페이,이미 명단에 있음 — 상장 또는 앞 단계 종속
Kakao G Corp.,(주)카카오,100.0,,,Kakao G Corp.,해외 법인 — 계획서 7-2
카카오 코파일럿 제1호 펀드,(주)카카오,61.92,,,카카오 코파일럿 제1호 펀드,펀드·SPC·투자조합·신탁 상품·명목회사 — 계획서 7-2
카카오 코파일럿 제2호 펀드,(주)카카오,65.75,,,카카오 코파일럿 제2호 펀드,펀드·SPC·투자조합·신탁 상품·명목회사 — 계획서 7-2
다음청년창업투자조합,(주)카카오,39.53,,,다음청년창업투자조합,펀드·SPC·투자조합·신탁 상품·명목회사 — 계획서 7-2
유티씨 카카오-SK텔레콤 ESG펀드,(주)카카오,48.19,,,유티씨 카카오-SK텔레콤 ESG펀드,펀드·SPC·투자조합·신탁 상품·명목회사 — 계획서 7-2
카카오 청년창업펀드,(주)카카오,33.33,,,카카오 청년창업펀드,펀드·SPC·투자조합·신탁 상품·명목회사 — 계획서 7-2
만쿤(상해)상무 유한공사,한세엠케이(주),100.0,,,"만쿤(상해)상무
유한공사",해외 법인 — 계획서 7-2
가애수복식(상해) 유한공사,한세엠케이(주),100.0,,,"가애수복식(상해)
유한공사",해외 법인 — 계획서 7-2
Daewoong America INC.,(주)대웅제약,100.0,,,Daewoong America INC.,해외 법인 — 계획서 7-2
Daewoong Pharmaceutical (India) Private Limited,(주)대웅제약,100.0,,,Daewoong Pharmaceutical (India) Private Limited,해외 법인 — 계획서 7-2
"Daewoong Pharmaceutical Japan Co., Ltd.",(주)대웅제약,100.0,,,"Daewoong Pharmaceutical Japan Co., Ltd.",해외 법인 — 계획서 7-2
건강한삶기술창업벤처PEF,(주)대웅제약,49.5,,,건강한삶기술창업벤처PEF,펀드·SPC·투자조합·신탁 상품·명목회사 — 계획서 7-2
"Daewoong Innovation Holdings, INC.",(주)대웅제약,100.0,,,"Daewoong Innovation Holdings, INC.",해외 법인 — 계획서 7-2
Daewoong Pharma Philippines Incorporated,(주)대웅제약,100.0,,,Daewoong Pharma Philippines Incorporated,해외 법인 — 계획서 7-2
Daewoong Pharmaceutical (Thailand) Company Limited,(주)대웅제약,100.0,,,Daewoong Pharmaceutical (Thailand) Company Limited,해외 법인 — 계획서 7-2
PT DAEWOONG GROUP INDONESIA,(주)대웅제약,100.0,,,PT DAEWOONG GROUP INDONESIA,해외 법인 — 계획서 7-2
PT Selatox Bio Pharma,(주)대웅제약,99.55,,,PT Selatox Bio Pharma,해외 법인 — 계획서 7-2
"Daewoong Pharmaceutical Hongkong PVT., Limited",(주)대웅제약,89.83,,,"Daewoong Pharmaceutical Hongkong PVT., Limited",해외 법인 — 계획서 7-2
Freemind Investments L.P. Series 2,(주)대웅제약,49.5,,,Freemind Investments L.P. Series 2,해외 법인 — 계획서 7-2
북경대웅위업의약과기유한공사,(주)대웅제약,100.0,,,북경대웅위업의약과기유한공사,해외 법인 — 계획서 7-2
"LOTTE Fine Chemical Trading (Shanghai) Co., Ltd.",롯데정밀화학(주),100.0,,,"LOTTE Fine
 Chemical Trading
(Shanghai) Co., Ltd.",해외 법인 — 계획서 7-2
LOTTE Fine Chemical Europe GmbH,롯데정밀화학(주),100.0,,,"LOTTE Fine
Chemical Europe
GmbH",해외 법인 — 계획서 7-2
스카이스크래퍼 롱텀 스트래티직 사모투자 합자회사,롯데정밀화학(주),96.63,,,"스카이스크래퍼 롱텀 
스트래티직 사모투자
합자회사",펀드·SPC·투자조합·신탁 상품·명목회사 — 계획서 7-2
와이어드 기업재무안정(PEF),동일고무벨트(주),46.6,,,와이어드 기업재무안정(PEF),펀드·SPC·투자조합·신탁 상품·명목회사 — 계획서 7-2
"E-MART AMERICA, INC.",(주)이마트,100.0,,,"E-MART AMERICA, INC.",해외 법인 — 계획서 7-2
PK RETAIL HOLDINGS,(주)이마트,100.0,,,PK RETAIL HOLDINGS,해외 법인 — 계획서 7-2
E-MART EUROPE GmbH,(주)이마트,100.0,,,E-MART EUROPE GmbH,해외 법인 — 계획서 7-2
미래에셋 이마트 신성장투자조합 1호,(주)이마트,50.0,,,"미래에셋 이마트 
신성장투자조합 1호",펀드·SPC·투자조합·신탁 상품·명목회사 — 계획서 7-2
Emart Hong Kong Trading Limited,(주)이마트,100.0,,,"Emart Hong Kong 
Trading Limited",해외 법인 — 계획서 7-2
에스이엔씨피닉스제일차㈜,(주)이마트,89.0,,,에스이엔씨피닉스제일차㈜,펀드·SPC·투자조합·신탁 상품·명목회사 — 계획서 7-2
에스이엔씨피닉스제이차㈜,(주)이마트,89.0,,,에스이엔씨피닉스제이차㈜,펀드·SPC·투자조합·신탁 상품·명목회사 — 계획서 7-2
에스이엔씨피닉스제삼차㈜,(주)이마트,89.0,,,에스이엔씨피닉스제삼차㈜,펀드·SPC·투자조합·신탁 상품·명목회사 — 계획서 7-2
에스이엔씨피닉스제사차㈜,(주)이마트,89.0,,,에스이엔씨피닉스제사차㈜,펀드·SPC·투자조합·신탁 상품·명목회사 — 계획서 7-2
ASIA LEGEND CAPITAL LIMITED,(주)이마트,99.99,,,ASIA LEGEND CAPITAL LIMITED,해외 법인 — 계획서 7-2
케이비와이즈스타일반사모부동산투자신탁제5호,(주)이마트,99.98,,,케이비와이즈스타일반사모부동산투자신탁제5호,펀드·SPC·투자조합·신탁 상품·명목회사 — 계획서 7-2
에스피청주일반사모부동산투자회사,(주)이마트,49.84,,,에스피청주일반사모부동산투자회사,펀드·SPC·투자조합·신탁 상품·명목회사 — 계획서 7-2
EMART JAPAN Inc.,(주)이마트,100.0,,,EMART JAPAN Inc.,해외 법인 — 계획서 7-2
에프앤에프파트너스 1호조합,주식회사 에프앤에프홀딩스,90.0,,,에프앤에프파트너스 1호조합,펀드·SPC·투자조합·신탁 상품·명목회사 — 계획서 7-2
IMM Style Venture Fund 1호,주식회사 에프앤에프홀딩스,95.24,,,IMM Style Venture Fund 1호,펀드·SPC·투자조합·신탁 상품·명목회사 — 계획서 7-2
IMM Style Venture Fund 2호,주식회사 에프앤에프홀딩스,58.14,,,IMM Style Venture Fund 2호,펀드·SPC·투자조합·신탁 상품·명목회사 — 계획서 7-2
DUVETICA S.R.L,주식회사 에프앤에프홀딩스,94.55,,,DUVETICA S.R.L,해외 법인 — 계획서 7-2
F&F BRANDS GROUP INC,주식회사 에프앤에프홀딩스,100.0,,,F&F BRANDS GROUP INC,해외 법인 — 계획서 7-2
"SERGIO TACCHINI IP HOLDINGS, INC.",주식회사 에프앤에프,100.0,,,"SERGIO TACCHINI IP HOLDINGS, INC.",해외 법인 — 계획서 7-2
"SERGIO TACCHINI OPERATIONS, INC",주식회사 에프앤에프,100.0,,,"SERGIO TACCHINI OPERATIONS, INC",해외 법인 — 계획서 7-2
FNF HONGKONG LTD,주식회사 에프앤에프,100.0,,,FNF HONGKONG LTD,해외 법인 — 계획서 7-2
"F&F VIETNAM CO.,LTD",주식회사 에프앤에프,100.0,,,"F&F VIETNAM CO.,LTD",해외 법인 — 계획서 7-2
센트로이드 제7호 바이아웃 사모투자합자회사,주식회사 에프앤에프,57.82,,,센트로이드 제7호 바이아웃 사모투자합자회사,펀드·SPC·투자조합·신탁 상품·명목회사 — 계획서 7-2
센트로이드 제7의1호 바이아웃 사모투자합자회사,주식회사 에프앤에프,41.51,,,센트로이드 제7의1호 바이아웃 사모투자합자회사,펀드·SPC·투자조합·신탁 상품·명목회사 — 계획서 7-2
,케이비발해인프라투융자회사,,,,,"출자현황 자료 없음 — 원문 확인, 필요하면 수동 입력 파일에 적음 (2025 사업보고서 013; 2025 3분기보고서 013; 2025 반기보고서 013; 2024 사업보고서 013)"
PT Plasma Nutfah Marind Papua,무림피앤피(주),99.81,,,"PT Plasma
Nutfah Marind Papua",해외 법인 — 계획서 7-2
"NPC VINA CO.,LTD.",엔피씨(주),94.3,,,"NPC VINA CO.,LTD.
(비상장)",해외 법인 — 계획서 7-2
NPC INDUSTRIAL DE MONTERREY,엔피씨(주),99.99,,,"NPC INDUSTRIAL DE
 MONTERREY(비상장)",해외 법인 — 계획서 7-2
"NPC SIAM CO.,LTD.",엔피씨(주),100.0,,,"NPC SIAM CO.,LTD.
(비상장)",해외 법인 — 계획서 7-2
"NPC USA.,INC",엔피씨(주),100.0,,,"NPC USA.,INC
(비상장)",해외 법인 — 계획서 7-2
스타트업 코리아 엔코어 티케이지 1호펀드,엔피씨(주),35.09,,,스타트업 코리아 엔코어 티케이지 1호펀드(*2),펀드·SPC·투자조합·신탁 상품·명목회사 — 계획서 7-2
NPC SANSENG PTE. LTD.,엔피씨(주),100.0,,,"NPC SANSENG
 PTE. LTD.(비상장)",해외 법인 — 계획서 7-2
NPC NUSAJAYA(M) SDN.BHD.,엔피씨(주),62.75,,,"NPC NUSAJAYA(M)
SDN.BHD.(비상장)",해외 법인 — 계획서 7-2
"RIZHAO NPC PLASTIC CO., LTD.",엔피씨(주),100.0,,,"RIZHAO NPC PLASTIC
 CO., LTD.(비상장)",해외 법인 — 계획서 7-2
TAPEX ELECTRONIC SOLUTIONS (M) SDN. BHD,(주)테이팩스,100.0,,,TAPEX ELECTRONIC SOLUTIONS (M) SDN. BHD,해외 법인 — 계획서 7-2
"TAPEX Technology(Shenzhen) Co.,Ltd.",(주)테이팩스,100.0,,,"TAPEX Technology(Shenzhen) Co.,Ltd.",해외 법인 — 계획서 7-2
얼머스 Global Health Care 투자조합,삼진제약(주),93.75,,,"얼머스
Global Health Care 투자조합",펀드·SPC·투자조합·신탁 상품·명목회사 — 계획서 7-2
,진양산업(주),,,,,"출자현황 자료 없음 — 원문 확인, 필요하면 수동 입력 파일에 적음 (2025 사업보고서 표 형식 아님(숫자 지분율 없음); 2025 3분기보고서 표 형식 아님(숫자 지분율 없음); 2025 반기보고서 표 형식 아님(숫자 지분율 없음); 2024 사업보고서 표 형식 아님(숫자 지분율 없음))"
"Doosan Robotics Americas, Inc.",두산로보틱스 주식회사,91.44,,,"Doosan Robotics Americas, Inc.
(구, ONExia, Inc.)",해외 법인 — 계획서 7-2
"Dentium USA (미국, 비상장)",(주)덴티움,96.0,,,"Dentium USA 
 (미국, 비상장)",해외 법인 — 계획서 7-2
"Implantium Co.,Ltd. (태국, 비상장)",(주)덴티움,100.0,,,"Implantium Co.,Ltd.
 (태국, 비상장)",해외 법인 — 계획서 7-2
"Shanghai Spring Sun Dental (중국, 비상장)",(주)덴티움,100.0,,,"Shanghai Spring Sun Dental 
 (중국, 비상장)",해외 법인 — 계획서 7-2
"Implantium Malaysia SDN. BHD (말레이시아, 비상장)",(주)덴티움,100.0,,,"Implantium Malaysia SDN. BHD
 (말레이시아, 비상장)",해외 법인 — 계획서 7-2
"Implantium India Pvt.Ltd. (인도, 비상장)",(주)덴티움,99.99,,,"Implantium India Pvt.Ltd. 
 (인도, 비상장)",해외 법인 — 계획서 7-2
"ICT WORLDWIDE INDONESIA (인도네시아, 비상장)",(주)덴티움,100.0,,,"ICT WORLDWIDE 
 INDONESIA
 (인도네시아, 비상장)",해외 법인 — 계획서 7-2
"Dentium Guangzhou Co., Ltd. (중국, 비상장)",(주)덴티움,100.0,,,"Dentium Guangzhou Co., Ltd.
 (중국, 비상장)",해외 법인 — 계획서 7-2
"Himalayan Digital Center Pvt. Ltd (네팔, 비상장)",(주)덴티움,100.0,,,"Himalayan Digital Center Pvt. Ltd
 (네팔, 비상장)",해외 법인 — 계획서 7-2
"BMS TK MEDIKAL DIS TICARET LIMITED SIRKETI (튀르키예, 비상장)",(주)덴티움,100.0,,,"BMS TK MEDIKAL DIS TICARET 
 LIMITED SIRKETI
 (튀르키예, 비상장)",해외 법인 — 계획서 7-2
"Dentium Setare ye sobhe roshan Co., Ltd (이란, 비상장)",(주)덴티움,99.0,,,"Dentium Setare ye sobhe 
 roshan Co., Ltd
 (이란, 비상장)",해외 법인 — 계획서 7-2
"BMS VINA CO.,LTD (베트남, 비상장)",(주)덴티움,100.0,,,"BMS VINA CO.,LTD 
 (베트남, 비상장)",해외 법인 — 계획서 7-2
"Dentium China Co.,Ltd. (중국, 비상장)",(주)덴티움,100.0,,,"Dentium China
 Co.,Ltd. (중국, 비상장)",해외 법인 — 계획서 7-2
"BMS JAPAN (일본, 비상장)",(주)덴티움,100.0,,,"BMS JAPAN
 (일본, 비상장)",해외 법인 — 계획서 7-2
"ICT VINA (베트남, 비상장)",(주)덴티움,100.0,,,"ICT VINA 
 (베트남, 비상장)",해외 법인 — 계획서 7-2
유한회사 더브라이트,(주)덴티움,100.0,,,"유한회사 더브라이트
 (비상장)",펀드·SPC·투자조합·신탁 상품·명목회사 — 계획서 7-2
BMS Eurasia KFT,(주)덴티움,100.0,,,BMS Eurasia KFT,해외 법인 — 계획서 7-2
"BRIGHT STAR TOWER CO.,LTD (베트남, 비상장)",(주)덴티움,100.0,,,"BRIGHT STAR TOWER CO.,LTD
 (베트남, 비상장)",해외 법인 — 계획서 7-2
"ICT EUROPE GMBH (독일, 비상장)",(주)덴티움,100.0,,,"ICT EUROPE GMBH
 (독일, 비상장)",해외 법인 — 계획서 7-2
"Dentium Singapore Pte.Ltd (싱가포르, 비상장)",(주)덴티움,97.4,,,"Dentium Singapore Pte.Ltd
 (싱가포르, 비상장)",해외 법인 — 계획서 7-2
"Implantium Hongkong Ltd. (홍콩, 비상장)",(주)덴티움,100.0,,,"Implantium Hongkong Ltd. 
 (홍콩, 비상장)",해외 법인 — 계획서 7-2
"Implantium LLC (러시아, 비상장)",(주)덴티움,100.0,,,"Implantium LLC
 (러시아, 비상장)",해외 법인 — 계획서 7-2
"DENTIUM SHANGHAI CO.,LTD (중국, 비상장)",(주)덴티움,100.0,,,"DENTIUM SHANGHAI CO.,LTD 
(중국, 비상장)",해외 법인 — 계획서 7-2
"Dentium (Shanghai) Medical Technology Co., Ltd (중국, 비상장)",(주)덴티움,100.0,,,"Dentium (Shanghai) Medical 
Technology Co., Ltd 
(중국, 비상장)",해외 법인 — 계획서 7-2
"Aju Steel USA, Inc.",아주스틸(주),100.0,,,"Aju Steel USA, Inc.",해외 법인 — 계획서 7-2
Aju Poland Sp. Z o.o.,아주스틸(주),100.0,,,Aju Poland Sp. Z o.o.,해외 법인 — 계획서 7-2
Han A Steel Hongkong Co. Ltd.,아주스틸(주),100.0,,,"Han A Steel Hongkong
  Co. Ltd.",해외 법인 — 계획서 7-2
,신일전자(주),,,,,"출자현황 자료 없음 — 원문 확인, 필요하면 수동 입력 파일에 적음 (2025 사업보고서 표 형식 아님(숫자 지분율 없음); 2025 3분기보고서 표 형식 아님(숫자 지분율 없음); 2025 반기보고서 표 형식 아님(숫자 지분율 없음); 2024 사업보고서 표 형식 아님(숫자 지분율 없음))"
제이비당진페럼빌전문투자형사모투자(유),동국홀딩스(주),87.01,,,제이비당진페럼빌전문투자형사모투자(유)(*3),펀드·SPC·투자조합·신탁 상품·명목회사 — 계획서 7-2
Dongkuk International Inc.,동국홀딩스(주),100.0,,,Dongkuk International Inc.,해외 법인 — 계획서 7-2
Dongkuk Corporation,동국홀딩스(주),95.89,,,Dongkuk Corporation,해외 법인 — 계획서 7-2
Dongkuk Steel Mexico S.A. de C.V.,동국홀딩스(주),55.56,,,Dongkuk Steel Mexico S.A. de C.V.(*1),해외 법인 — 계획서 7-2
Dongkuk Steel India Pvt. Ltd.,동국홀딩스(주),75.0,,,Dongkuk Steel India Pvt. Ltd.,해외 법인 — 계획서 7-2
Dongkuk Steel (Thailand) Ltd.,동국홀딩스(주),100.0,,,Dongkuk Steel (Thailand) Ltd.,해외 법인 — 계획서 7-2
"iMarket Asia Co., Ltd.",삼성에스디에스(주),40.56,,,"iMarket Asia Co., Ltd.",해외 법인 — 계획서 7-2
SVIC 50호 신기술사업투자조합,삼성에스디에스(주),99.0,,,SVIC 50호 신기술사업투자조합,펀드·SPC·투자조합·신탁 상품·명목회사 — 계획서 7-2
SVIC 65호 신기술사업투자조합,삼성에스디에스(주),99.0,,,SVIC 65호 신기술사업투자조합,펀드·SPC·투자조합·신탁 상품·명목회사 — 계획서 7-2
"Samsung SDS America, Inc.",삼성에스디에스(주),100.0,,,"Samsung SDS America, Inc.",해외 법인 — 계획서 7-2
"SAMSUNG SDS GSCL Canada., Ltd.",삼성에스디에스(주),100.0,,,"SAMSUNG SDS GSCL Canada., Ltd.",해외 법인 — 계획서 7-2
"Samsung SDS Europe, Ltd.",삼성에스디에스(주),100.0,,,"Samsung SDS Europe, Ltd.",해외 법인 — 계획서 7-2
"Samsung SDS Global SCL Hungary, Kft.",삼성에스디에스(주),100.0,,,"Samsung SDS Global SCL Hungary, Kft.",해외 법인 — 계획서 7-2
"Samsung SDS Global SCL Slovakia, S.R.O.",삼성에스디에스(주),100.0,,,"Samsung SDS Global SCL Slovakia, S.R.O.",해외 법인 — 계획서 7-2
Samsung SDS Global SCL Poland Sp. Z.o.o.,삼성에스디에스(주),99.99,,,Samsung SDS Global SCL Poland Sp. Z.o.o.,해외 법인 — 계획서 7-2
Samsung GSCL Sweden AB,삼성에스디에스(주),100.0,,,Samsung GSCL Sweden AB,해외 법인 — 계획서 7-2
Samsung SDS Global SCL France SAS,삼성에스디에스(주),100.0,,,Samsung SDS Global SCL France SAS,해외 법인 — 계획서 7-2
Samsung SDS Global SCL Italy S.R.L. A Socio Unico,삼성에스디에스(주),100.0,,,Samsung SDS Global SCL Italy S.R.L. A Socio Unico,해외 법인 — 계획서 7-2
Samsung SDS Global Supply Chain Logistics Spain S.L.U,삼성에스디에스(주),100.0,,,Samsung SDS Global Supply Chain Logistics Spain S.L.U,해외 법인 — 계획서 7-2
Samsung SDS Global SCL Netherlands Cooperatief U.A.,삼성에스디에스(주),99.99,,,Samsung SDS Global SCL Netherlands Cooperatief U.A.,해외 법인 — 계획서 7-2
Samsung SDS Global SCL Germany GmbH,삼성에스디에스(주),100.0,,,Samsung SDS Global SCL Germany GmbH,해외 법인 — 계획서 7-2
Samsung SDS Global SCL Romania S.R.L,삼성에스디에스(주),99.99,,,Samsung SDS Global SCL Romania S.R.L,해외 법인 — 계획서 7-2
"Samsung SDS Asia Pacific Pte, Ltd.",삼성에스디에스(주),100.0,,,"Samsung SDS Asia Pacific Pte, Ltd.",해외 법인 — 계획서 7-2
Samsung Data Systems India Private Limited,삼성에스디에스(주),99.99,,,Samsung Data Systems India Private Limited,해외 법인 — 계획서 7-2
"Samsung SDS Vietnam Co., Ltd.",삼성에스디에스(주),100.0,,,"Samsung SDS Vietnam Co., Ltd.",해외 법인 — 계획서 7-2
PT. Samsung SDS Global SCL Indonesia,삼성에스디에스(주),48.99,,,PT. Samsung SDS Global SCL Indonesia,해외 법인 — 계획서 7-2
"Samsung SDS Global SCL Philippines Co., Ltd.Inc.",삼성에스디에스(주),99.99,,,"Samsung SDS Global SCL Philippines Co., Ltd.Inc.",해외 법인 — 계획서 7-2
"Samsung SDS Global SCL Thailand Co.,Ltd",삼성에스디에스(주),99.99,,,"Samsung SDS Global SCL Thailand Co.,Ltd",해외 법인 — 계획서 7-2
Samsung SDS Malaysia Sdn.Bhd.,삼성에스디에스(주),99.99,,,Samsung SDS Malaysia Sdn.Bhd.,해외 법인 — 계획서 7-2
"SAMSUNG SDS Global SCL Australia Pty.,Ltd.",삼성에스디에스(주),100.0,,,"SAMSUNG SDS Global SCL Australia Pty.,Ltd.",해외 법인 — 계획서 7-2
"SDS-ACUTECH CO., Ltd.",삼성에스디에스(주),49.99,,,"SDS-ACUTECH CO., Ltd.",해외 법인 — 계획서 7-2
ALS SDS Joint Stock Company,삼성에스디에스(주),51.0,,,ALS SDS Joint Stock Company,해외 법인 — 계획서 7-2
SDS-MP Logistics Joint Stock Company,삼성에스디에스(주),51.0,,,SDS-MP Logistics Joint Stock Company,해외 법인 — 계획서 7-2
"Samsung SDS China Co., Ltd.",삼성에스디에스(주),100.0,,,"Samsung SDS China Co., Ltd.",해외 법인 — 계획서 7-2
Samsung SDS Global SCL Hong Kong Limited,삼성에스디에스(주),100.0,,,Samsung SDS Global SCL Hong Kong Limited,해외 법인 — 계획서 7-2
Samsung SDS Global SCL Egypt,삼성에스디에스(주),99.99,,,Samsung SDS Global SCL Egypt,해외 법인 — 계획서 7-2
Samsung SDS Global SCL South Africa (PTY) Ltd.,삼성에스디에스(주),100.0,,,Samsung SDS Global SCL South Africa (PTY) Ltd.,해외 법인 — 계획서 7-2
Samsung SDS Global SCL Nakliyat ve Lojistik Anonim Sirketi,삼성에스디에스(주),100.0,,,Samsung SDS Global SCL Nakliyat ve Lojistik Anonim Sirketi,해외 법인 — 계획서 7-2
Samsung SDS Global Supply Chain Logistics Middle East,삼성에스디에스(주),100.0,,,Samsung SDS Global Supply Chain Logistics Middle East,해외 법인 — 계획서 7-2
Samsung SDS Latin America Tecnologia E Logistica LTDA.,삼성에스디에스(주),99.73,,,Samsung SDS Latin America Tecnologia E Logistica LTDA.,해외 법인 — 계획서 7-2
INTE-SDS Logistics S.A. de C.V.,삼성에스디에스(주),51.0,,,INTE-SDS Logistics S.A. de C.V.,해외 법인 — 계획서 7-2
Samsung SDS Rus Limited Liability Company,삼성에스디에스(주),99.99,,,Samsung SDS Rus Limited Liability Company,해외 법인 — 계획서 7-2
,삼성에프엔위탁관리부동산투자회사 주식회사,,,,,"출자현황 자료 없음 — 원문 확인, 필요하면 수동 입력 파일에 적음 (2025 사업보고서 표 형식 아님(숫자 지분율 없음); 2025 3분기보고서 013; 2025 반기보고서 013; 2024 사업보고서 표 형식 아님(숫자 지분율 없음))"
아우름-코리아글로벌바이오 헬스케어신기술투자조합,(주)종근당홀딩스,40.2,,,"아우름-코리아글로벌바이오
헬스케어신기술투자조합",펀드·SPC·투자조합·신탁 상품·명목회사 — 계획서 7-2
"Accolade Partners A, L.P.",(주)지에스리테일,99.8,,,"Accolade Partners A, L.P.",해외 법인 — 계획서 7-2
True GS Company Limited,(주)지에스리테일,36.1,,,True GS Company Limited,해외 법인 — 계획서 7-2
PT MNC GS Homeshopping,(주)지에스리테일,40.0,,,PT MNC GS Homeshopping    주3),해외 법인 — 계획서 7-2
이지스전문투자형사모부동산투자신탁120호,(주)지에스리테일,50.0,,,이지스전문투자형사모부동산투자신탁120호    주6),펀드·SPC·투자조합·신탁 상품·명목회사 — 계획서 7-2
파빌리온일반사모부동산투자신탁26호,(주)지에스리테일,37.5,,,파빌리온일반사모부동산투자신탁26호    주7),펀드·SPC·투자조합·신탁 상품·명목회사 — 계획서 7-2
파빌리온전문투자형사모부동산투자신탁32호,(주)지에스리테일,50.0,,,파빌리온전문투자형사모부동산투자신탁32호    주8),펀드·SPC·투자조합·신탁 상품·명목회사 — 계획서 7-2
"GS Retail Vietnam Co, Ltd",(주)지에스리테일,100.0,,,"GS Retail Vietnam Co, Ltd",해외 법인 — 계획서 7-2
파빌리온전문투자형사모부동산투자신탁38호,(주)지에스리테일,41.9,,,파빌리온전문투자형사모부동산투자신탁38호    주10),펀드·SPC·투자조합·신탁 상품·명목회사 — 계획서 7-2
코레이트일반사모부동산투자신탁11호,(주)지에스리테일,34.6,,,코레이트일반사모부동산투자신탁11호    주11),펀드·SPC·투자조합·신탁 상품·명목회사 — 계획서 7-2
캡스톤일반사모부동산투자신탁26호,(주)지에스리테일,35.0,,,캡스톤일반사모부동산투자신탁26호    주12),펀드·SPC·투자조합·신탁 상품·명목회사 — 계획서 7-2
로지스프로프로젝트와이일반사모부동산투자회사,(주)지에스리테일,46.7,,,"로지스프로프로젝트와이일반사모부동산투자회사
주14)",펀드·SPC·투자조합·신탁 상품·명목회사 — 계획서 7-2
DTNI-전남창조경제혁신펀드,(주)지에스리테일,43.5,,,DTNI-전남창조경제혁신펀드,펀드·SPC·투자조합·신탁 상품·명목회사 — 계획서 7-2
2015 KIF-스톤브릿지 IT전문투자조합,(주)지에스리테일,33.3,,,2015 KIF-스톤브릿지 IT전문투자조합,펀드·SPC·투자조합·신탁 상품·명목회사 — 계획서 7-2
미래에셋GS리테일신성장투자조합1호,(주)지에스리테일,45.0,,,미래에셋GS리테일신성장투자조합1호,펀드·SPC·투자조합·신탁 상품·명목회사 — 계획서 7-2
PT. GS RETAIL INDONESIA,(주)지에스리테일,89.8,,,PT. GS RETAIL INDONESIA  주37),해외 법인 — 계획서 7-2
"GSLL, Inc",(주)지에스리테일,100.0,,,"GSLL, Inc",해외 법인 — 계획서 7-2
레버런트-신한 비스타 신기술투자조합,(주)지에스리테일,86.5,,,레버런트-신한 비스타 신기술투자조합  주5),펀드·SPC·투자조합·신탁 상품·명목회사 — 계획서 7-2
인트러스김해대동일반사모부동산투자신탁제1호,(주)지에스리테일,48.9,,,"인트러스김해대동일반사모부동산투자신탁제1호
주34)",펀드·SPC·투자조합·신탁 상품·명목회사 — 계획서 7-2
"ZINUS, INC.",(주)지누스,100.0,,,"ZINUS, INC.",해외 법인 — 계획서 7-2
PT. ZINUS Furniture Indonesia,(주)지누스,99.9,,,PT. ZINUS Furniture Indonesia,해외 법인 — 계획서 7-2
ZINUS Vietnam LLC.,(주)지누스,100.0,,,ZINUS Vietnam LLC.,해외 법인 — 계획서 7-2
ZINUS USA INC..,(주)지누스,100.0,,,ZINUS USA INC..,해외 법인 — 계획서 7-2
ZINUS EU LTD.,(주)지누스,100.0,,,ZINUS EU LTD.,해외 법인 — 계획서 7-2
PT. ZINUS Dream Indonesia,(주)지누스,99.9,,,PT. ZINUS Dream Indonesia,해외 법인 — 계획서 7-2
ZINUS Malaysia SDN. BHD.,(주)지누스,100.0,,,ZINUS Malaysia SDN. BHD.,해외 법인 — 계획서 7-2
ZINUS CHILE SPA,(주)지누스,100.0,,,ZINUS CHILE SPA,해외 법인 — 계획서 7-2
ZINUS NEW ZEALAND LTD.,(주)지누스,100.0,,,ZINUS NEW ZEALAND LTD.,해외 법인 — 계획서 7-2
"Dreamzinus Mexico, S.A. de C.V.",(주)지누스,99.9,,,"Dreamzinus Mexico, S.A. de C.V.",해외 법인 — 계획서 7-2
ZINUS(Xiamen) INC.,(주)지누스,100.0,,,ZINUS(Xiamen) INC.,해외 법인 — 계획서 7-2
ZINUS(Fujian) INC.,(주)지누스,100.0,,,ZINUS(Fujian) INC.,해외 법인 — 계획서 7-2
ZINUS Canada INC.,(주)지누스,100.0,,,ZINUS Canada INC.,해외 법인 — 계획서 7-2
"Mellow, INC.",(주)지누스,100.0,,,"Mellow, INC.",해외 법인 — 계획서 7-2
ZINUS Australia PTY LTD.,(주)지누스,100.0,,,ZINUS Australia PTY LTD.,해외 법인 — 계획서 7-2
PT. ZINUS Global Indonesia,(주)지누스,99.9,,,PT. ZINUS Global Indonesia,해외 법인 — 계획서 7-2
ZINUS Japan K.K.,(주)지누스,100.0,,,ZINUS Japan K.K.,해외 법인 — 계획서 7-2
ZINUS Singapore PTE. LTD.,(주)지누스,100.0,,,ZINUS Singapore PTE. LTD.,해외 법인 — 계획서 7-2
"GIIR America, Inc.",(주)에이치에스애드,100.0,,,"GIIR America, Inc.",해외 법인 — 계획서 7-2
"HS AD VIETNAM CO., LTD",(주)에이치에스애드,97.0,,,"HS AD VIETNAM CO., LTD",해외 법인 — 계획서 7-2
HS GTM Germany GmbH,(주)에이치에스애드,100.0,,,HS GTM Germany GmbH,해외 법인 — 계획서 7-2
GllR Communications India Private Limited,(주)에이치에스애드,100.0,,,"GllR Communications
India Private Limited",해외 법인 — 계획서 7-2
GIIR UK Limited,(주)에이치에스애드,100.0,,,GIIR UK Limited,해외 법인 — 계획서 7-2
GIIR Rus LLC,(주)에이치에스애드,100.0,,,GIIR Rus LLC,해외 법인 — 계획서 7-2
GllR Do Brasil Ltda.,(주)에이치에스애드,100.0,,,GllR Do Brasil Ltda.,해외 법인 — 계획서 7-2
GIIR Thailand Ltd.,(주)에이치에스애드,100.0,,,GIIR Thailand Ltd.,해외 법인 — 계획서 7-2
GIIR Germany GmbH,(주)에이치에스애드,100.0,,,GIIR Germany GmbH,해외 법인 — 계획서 7-2
HS Ad MEA FZ-LLC,(주)에이치에스애드,100.0,,,HS Ad MEA FZ-LLC,해외 법인 — 계획서 7-2
"HSAD LATIN AMERICA, S.A",(주)에이치에스애드,100.0,,,"HSAD LATIN AMERICA, S.A",해외 법인 — 계획서 7-2
LS-VINA Cable & System Joint Stock Co.,엘에스에코에너지 주식회사,80.7,,,"LS-VINA Cable & System 
 Joint Stock Co.",해외 법인 — 계획서 7-2
"LS Cable & System Vietnam Co., Ltd.",엘에스에코에너지 주식회사,100.0,,,"LS Cable & System 
 Vietnam Co., Ltd.",해외 법인 — 계획서 7-2
"LS-Gaon Cable Myanmar Co.,Ltd",엘에스에코에너지 주식회사,50.0,,,"LS-Gaon Cable 
 Myanmar Co.,Ltd",해외 법인 — 계획서 7-2
"LS Eco Advanced Cable,.Ltd",엘에스에코에너지 주식회사,100.0,,,"LS Eco Advanced 
 Cable,.Ltd",해외 법인 — 계획서 7-2
"Myanmar POSCO C&C Co.,Ltd.",포스코스틸리온(주),70.0,,,"Myanmar
POSCO C&C
Co.,Ltd.",해외 법인 — 계획서 7-2
PT.KRAKATAU POSCO FUTUREM,(주)포스코퓨처엠,80.0,,,PT.KRAKATAU POSCO FUTUREM,해외 법인 — 계획서 7-2
ZHEJIANG POSCO-HUAYOU ESM,(주)포스코퓨처엠,45.0,,,ZHEJIANG POSCO-HUAYOU ESM,해외 법인 — 계획서 7-2
Posco Future Materials Canada Inc.,(주)포스코퓨처엠,100.0,,,Posco Future Materials Canada Inc.,해외 법인 — 계획서 7-2
ZHEJIANG HUAYOU-POSCO ESM,(주)포스코퓨처엠,32.0,,,ZHEJIANG HUAYOU-POSCO ESM,해외 법인 — 계획서 7-2
Zhangjiagang Pohang Refractories,(주)포스코퓨처엠,51.0,,,Zhangjiagang Pohang Refractories,해외 법인 — 계획서 7-2
소주해성디에스 무역유한공사,해성디에스(주),100.0,,,"소주해성디에스
 무역유한공사",해외 법인 — 계획서 7-2
"HAESUNG DS PHILIPPINES, INC.",해성디에스(주),100.0,,,"HAESUNG DS
 PHILIPPINES,
 INC.",해외 법인 — 계획서 7-2
"HS Hyosung Chemical Fiber (Jiaxing) Co., Ltd",에이치에스효성첨단소재(주),91.0,,,"HS Hyosung Chemical Fiber (Jiaxing) Co., Ltd",해외 법인 — 계획서 7-2
"TRILLIUM RENEWABLE CHEMICALS, INC",에이치에스효성첨단소재(주),40.04,,,"TRILLIUM RENEWABLE CHEMICALS, INC",해외 법인 — 계획서 7-2
HS Hyosung India,에이치에스효성첨단소재(주),100.0,,,HS Hyosung India,해외 법인 — 계획서 7-2
HS Hyosung Luxembourg S.A,에이치에스효성첨단소재(주),100.0,,,HS Hyosung Luxembourg S.A,해외 법인 — 계획서 7-2
"HS Hyosung SteelCord(Qingdao) Co., Ltd",에이치에스효성첨단소재(주),100.0,,,"HS Hyosung SteelCord(Qingdao) Co., Ltd",해외 법인 — 계획서 7-2
"HS Hyosung Vietnam Co., Ltd.",에이치에스효성첨단소재(주),100.0,,,"HS Hyosung Vietnam Co., Ltd.",해외 법인 — 계획서 7-2
GST Global GmbH,에이치에스효성첨단소재(주),100.0,,,GST Global GmbH,해외 법인 — 계획서 7-2
"HS Hyosung Quang Nam Co., Ltd",에이치에스효성첨단소재(주),100.0,,,"HS Hyosung Quang Nam Co., Ltd",해외 법인 — 계획서 7-2
"HS Hyosung Carbon Materials (Jiangsu) Co.,Ltd",에이치에스효성첨단소재(주),100.0,,,"HS Hyosung Carbon Materials (Jiangsu) Co.,Ltd",해외 법인 — 계획서 7-2
"HS Hyosung Vina Core Materials Co., Ltd.",에이치에스효성첨단소재(주),100.0,,,"HS Hyosung Vina Core Materials Co., Ltd.",해외 법인 — 계획서 7-2
천진채홍사료 유한공사,대한제당(주),80.0,,,"천진채홍사료
유한공사",해외 법인 — 계획서 7-2
청도채홍사료 유한공사,대한제당(주),80.0,,,"청도채홍사료
유한공사",해외 법인 — 계획서 7-2
대한제당홍콩 유한공사,대한제당(주),100.0,,,"대한제당홍콩
유한공사",해외 법인 — 계획서 7-2
DAESANG AMERICA. INC,대상(주),95.0,,,DAESANG AMERICA. INC,해외 법인 — 계획서 7-2
DAESANG EUROPE B.V,대상(주),100.0,,,DAESANG EUROPE B.V,해외 법인 — 계획서 7-2
DAESANG DUC VIET JSC,대상(주),100.0,,,DAESANG DUC VIET JSC,해외 법인 — 계획서 7-2
DAESANG PHILIPPINES CORPORATION,대상(주),100.0,,,"DAESANG PHILIPPINES
  CORPORATION",해외 법인 — 계획서 7-2
대상(연운항)식품유한공사,대상(주),100.0,,,대상(연운항)식품유한공사,해외 법인 — 계획서 7-2
"DSF DE,INC.",대상(주),100.0,,,"DSF DE,INC. (*1)",해외 법인 — 계획서 7-2
PT. DAESANG AGUNG INDONESIA,대상(주),49.0,,,PT. DAESANG AGUNG INDONESIA,해외 법인 — 계획서 7-2
유티씨그린바이오투자조합,대상(주),45.0,,,유티씨그린바이오투자조합 (*4),펀드·SPC·투자조합·신탁 상품·명목회사 — 계획서 7-2
Daesang ChPN Europe,대상(주),87.27,,,Daesang ChPN Europe,해외 법인 — 계획서 7-2
PT Daesang Ingredients Indonesia,대상(주),89.98,,,PT Daesang Ingredients Indonesia,해외 법인 — 계획서 7-2
DAESANG AUSTRALIA PTY LTD,대상(주),100.0,,,DAESANG AUSTRALIA PTY LTD,해외 법인 — 계획서 7-2
PT Daesang Food Indonesia,대상(주),70.3,,,PT Daesang Food Indonesia,해외 법인 — 계획서 7-2
"DAESANG VIETNAM CO.,LTD.",대상(주),93.11,,,"DAESANG VIETNAM CO.,LTD.",해외 법인 — 계획서 7-2
대상(북경)식품유한공사,대상(주),100.0,,,대상(북경)식품유한공사,해외 법인 — 계획서 7-2
천진덕풍식품유한공사,대상(주),100.0,,,천진덕풍식품유한공사,해외 법인 — 계획서 7-2
DAESANG JAPAN. INC,대상(주),100.0,,,DAESANG JAPAN. INC,해외 법인 — 계획서 7-2
"Woosung Viet Nam Co., Ltd.",(주)우성,100.0,,,"Woosung Viet Nam
Co., Ltd.",해외 법인 — 계획서 7-2
"Woosung Feed (Dezhou) Co., Ltd.",(주)우성,100.0,,,"Woosung Feed
(Dezhou) Co., Ltd.",해외 법인 — 계획서 7-2
,한국쉘석유(주),,,,,"출자현황 자료 없음 — 원문 확인, 필요하면 수동 입력 파일에 적음 (2025 사업보고서 표 형식 아님(숫자 지분율 없음); 2025 3분기보고서 표 형식 아님(숫자 지분율 없음); 2025 반기보고서 표 형식 아님(숫자 지분율 없음); 2024 사업보고서 표 형식 아님(숫자 지분율 없음))"
ROSE x PIEGA SA,(주)씨아이테크,50.0,,,ROSE x PIEGA SA,해외 법인 — 계획서 7-2
(주)신한글로벌제1호 위탁관리부동산투자회사,(주)신한글로벌액티브위탁관리부동산투자회사,100.0,,,"(주)신한글로벌제1호
위탁관리부동산투자회사",펀드·SPC·투자조합·신탁 상품·명목회사 — 계획서 7-2
(주)신한글로벌제1호 위탁관리부동산투자회사,(주)신한글로벌액티브위탁관리부동산투자회사,100.0,,,"(주)신한글로벌제1호
위탁관리부동산투자회사",펀드·SPC·투자조합·신탁 상품·명목회사 — 계획서 7-2
PALAZZO DEL FREDDOGIOVANNI FASSI S.R.L.,해태제과식품주식회사,100.0,,,PALAZZO DEL FREDDOGIOVANNI FASSI S.R.L.,해외 법인 — 계획서 7-2
대교아메리카,(주)대교,50.06,,,대교아메리카,해외 법인 — 계획서 7-2
대교홍콩유한공사,(주)대교,47.89,,,대교홍콩유한공사,해외 법인 — 계획서 7-2
대교인도네시아,(주)대교,70.0,,,대교인도네시아,해외 법인 — 계획서 7-2
Neon Global co. Ltd.,동아쏘시오홀딩스(주),45.0,,,Neon Global co. Ltd.,해외 법인 — 계획서 7-2
Metavia Inc,동아쏘시오홀딩스(주),37.16,,,Metavia Inc,해외 법인 — 계획서 7-2
Dong-A America Corporation,동아에스티(주),100.0,,,Dong-A America Corporation,해외 법인 — 계획서 7-2
ITO,동아에스티(주),49.9,,,ITO,해외 법인 — 계획서 7-2
"Dong-A ST India Pvt., Ltd",동아에스티(주),99.0,,,"Dong-A ST India Pvt., Ltd",해외 법인 — 계획서 7-2
"MetaVia, Inc.",동아에스티(주),39.37,,,"MetaVia, Inc.",해외 법인 — 계획서 7-2
인하브바이오텍7성장사모투자 합자회사,동아에스티(주),46.95,,,인하브바이오텍7성장사모투자 합자회사,펀드·SPC·투자조합·신탁 상품·명목회사 — 계획서 7-2
"Sunjin Myanmar Co., Ltd",(주)선진,85.0,,,"Sunjin Myanmar Co., Ltd",해외 법인 — 계획서 7-2
Sunjin India Feeds Private Limited,(주)선진,100.0,,,Sunjin India Feeds Private Limited,해외 법인 — 계획서 7-2
"Sunjin Vina Co.,Ltd",(주)선진,100.0,,,"Sunjin Vina Co.,Ltd",해외 법인 — 계획서 7-2
SUNJIN PHILIPPINES CORPORATION,(주)선진,100.0,,,SUNJIN PHILIPPINES CORPORATION,해외 법인 — 계획서 7-2
대성축산영농조합,(주)선진,48.78,,,대성축산영농조합,펀드·SPC·투자조합·신탁 상품·명목회사 — 계획서 7-2
"Sunjin(Chengdu) Feed Co.,Ltd",(주)선진,100.0,,,"Sunjin(Chengdu) Feed Co.,Ltd",해외 법인 — 계획서 7-2
"Tieling Sunjin Feed Co.,Ltd",(주)선진,100.0,,,"Tieling Sunjin Feed Co.,Ltd",해외 법인 — 계획서 7-2
SFS*,샘표식품(주),100.0,,,SFS*,해외 법인 — 계획서 7-2
선부(상해) 상무유한공사,샘표식품(주),100.0,,,선부(상해) 상무유한공사,해외 법인 — 계획서 7-2
,(주)크라운제과,,,,,"출자현황 자료 없음 — 원문 확인, 필요하면 수동 입력 파일에 적음 (2025 사업보고서 표 형식 아님(숫자 지분율 없음); 2025 3분기보고서 표 형식 아님(숫자 지분율 없음); 2025 반기보고서 표 형식 아님(숫자 지분율 없음); 2024 사업보고서 표 형식 아님(숫자 지분율 없음))"
NAVIEN UBK LLC,(주)경동나비엔,100.0,,,NAVIEN UBK LLC(*1),해외 법인 — 계획서 7-2
NAVIEN UK LTD,(주)경동나비엔,100.0,,,NAVIEN UK LTD(*1),해외 법인 — 계획서 7-2
NAVIEN MEXICO S.A. DE C.V.,(주)경동나비엔,99.0,,,"NAVIEN MEXICO S.A. DE C.V.
(*1)",해외 법인 — 계획서 7-2
"Beijing Kyungdong Navien Heat EnergyEquipment Co., Ltd.",(주)경동나비엔,100.0,,,"Beijing Kyungdong
 Navien Heat
 EnergyEquipment
 Co., Ltd.(*1)",해외 법인 — 계획서 7-2
"Navien, Inc.",(주)경동나비엔,100.0,,,"Navien, Inc.(*1)",해외 법인 — 계획서 7-2
NAVIEN RUS LLC,(주)경동나비엔,100.0,,,NAVIEN RUS LLC (*1),해외 법인 — 계획서 7-2
SL America Inc.,에스엘(주),100.0,,,SL America Inc.,해외 법인 — 계획서 7-2
상해회중삼립기차(유),에스엘(주),60.0,,,상해회중삼립기차(유),해외 법인 — 계획서 7-2
SL DO BRASIL COMERCIO DE PECAS LTDA,에스엘(주),100.0,,,"SL DO BRASIL COMERCIO
 DE PECAS LTDA",해외 법인 — 계획서 7-2
SL AP PRIVATE LIMITED,에스엘(주),100.0,,,"SL AP PRIVATE
 LIMITED",해외 법인 — 계획서 7-2
SL Lumax Industries Limited,에스엘(주),79.0,,,"SL Lumax Industries
 Limited",해외 법인 — 계획서 7-2
SL VALUE INNOVATION CENTER SINGAPORE PTE. LTD.,에스엘(주),100.0,,,"SL VALUE INNOVATION CENTER 
SINGAPORE PTE. LTD.(주4)",해외 법인 — 계획서 7-2
삼립(연태)차등유한공사,에스엘(주),100.0,,,삼립(연태)차등유한공사,해외 법인 — 계획서 7-2
상해관리유한공사,에스엘(주),100.0,,,상해관리유한공사,해외 법인 — 계획서 7-2
SL Poland Sp. z o.o,에스엘(주),100.0,,,SL Poland Sp. z o.o (주3),해외 법인 — 계획서 7-2
SL CORPORATION ASSESSORIA EMPRESARI,에스엘(주),100.0,,,"SL CORPORATION
 ASSESSORIA EMPRESARI",해외 법인 — 계획서 7-2
북경삼립차등(유),에스엘(주),51.0,,,북경삼립차등(유),해외 법인 — 계획서 7-2
HUSTEEL USA,(주)휴스틸,100.0,,,HUSTEEL USA,해외 법인 — 계획서 7-2
HUSTEEL CANADA,(주)휴스틸,100.0,,,"HUSTEEL
CANADA",해외 법인 — 계획서 7-2
HUSTEEL AMERICA,(주)휴스틸,50.0,,,"HUSTEEL
AMERICA",해외 법인 — 계획서 7-2
KISHIN VIETNAM COMPANY LIMITED,기신정기(주),100.0,,,"KISHIN VIETNAM
COMPANY LIMITED",해외 법인 — 계획서 7-2
Baiksan Synthetic India Pvt Ltd,(주)백산,99.99998,,,Baiksan Synthetic India Pvt Ltd,해외 법인 — 계획서 7-2
PT. HYUN DONG INDONESIA,(주)백산,100.0,,,PT. HYUN DONG INDONESIA,해외 법인 — 계획서 7-2
PT. CREVIS TEX JAYA,(주)백산,100.0,,,PT. CREVIS TEX JAYA,해외 법인 — 계획서 7-2
"CHOI & SHIN'S VINA CO., LTD",(주)백산,100.0,,,"CHOI & SHIN'S VINA CO., LTD",해외 법인 — 계획서 7-2
P.T. BAIKSAN INDONESIA,(주)백산,99.95,,,P.T. BAIKSAN INDONESIA,해외 법인 — 계획서 7-2
BAIKSAN AMERICA LLC,(주)백산,100.0,,,BAIKSAN AMERICA LLC,해외 법인 — 계획서 7-2
"DONGGUAN BAIKSAN CO.,LTD",(주)백산,100.0,,,"DONGGUAN BAIKSAN CO.,LTD",해외 법인 — 계획서 7-2
"BAIKSAN VIETNAM CO.,LTD",(주)백산,100.0,,,"BAIKSAN VIETNAM CO.,LTD",해외 법인 — 계획서 7-2
"BAIKSAN TEXTILE CO., LTD",(주)백산,100.0,,,"BAIKSAN TEXTILE CO., LTD",해외 법인 — 계획서 7-2
DONGGUAN BAIKSAN INTERNATIONAL,(주)백산,100.0,,,DONGGUAN BAIKSAN INTERNATIONAL,해외 법인 — 계획서 7-2
"Hansol Logistics(Shanghai) Co., Ltd.",한솔로지스틱스(주),100.0,,,"Hansol Logistics(Shanghai) Co., Ltd.(주2)",해외 법인 — 계획서 7-2
Hansol Gold Point LLC.,한솔로지스틱스(주),51.0,,,Hansol Gold Point LLC. (주4),해외 법인 — 계획서 7-2
"Hansol Logistics(Tianjin) Co., Ltd.",한솔로지스틱스(주),100.0,,,"Hansol Logistics(Tianjin) Co., Ltd.",해외 법인 — 계획서 7-2
Hansol Logistics India Pvt. Ltd.,한솔로지스틱스(주),100.0,,,Hansol Logistics India Pvt. Ltd.,해외 법인 — 계획서 7-2
Hansol Logistics Malaysia Sdn. Bhd,한솔로지스틱스(주),100.0,,,Hansol Logistics Malaysia Sdn. Bhd,해외 법인 — 계획서 7-2
"Hansol Logistics Vina Co., Ltd.",한솔로지스틱스(주),100.0,,,"Hansol Logistics Vina Co., Ltd.(주1)",해외 법인 — 계획서 7-2
Hansol Logistics Hungary KFT.,한솔로지스틱스(주),100.0,,,Hansol Logistics Hungary KFT.,해외 법인 — 계획서 7-2
"Hansol Global Logistics USA, INC.",한솔로지스틱스(주),100.0,,,"Hansol Global Logistics USA, INC.",해외 법인 — 계획서 7-2
Hansol Logistics Poland Sp. z o.o.,한솔로지스틱스(주),100.0,,,Hansol Logistics Poland Sp. z o.o.,해외 법인 — 계획서 7-2
"Hansol Logistics (Yancheng) Co., Ltd.",한솔로지스틱스(주),100.0,,,"Hansol Logistics (Yancheng) Co., Ltd.",해외 법인 — 계획서 7-2
Hancom SPI Inc,주식회사 한컴라이프케어,99.99,,,Hancom SPI Inc,해외 법인 — 계획서 7-2
YUYU VENTURES LLC,(주)유유제약,100.0,,,YUYU VENTURES LLC,해외 법인 — 계획서 7-2
Unins(H.K.) International Limited,(주)한독,100.0,,,"Unins(H.K.)
 International
 Limited(*1)",해외 법인 — 계획서 7-2
이노헬스펀드1호,(주)한독,33.33,,,이노헬스펀드1호,펀드·SPC·투자조합·신탁 상품·명목회사 — 계획서 7-2
KNN,(주)넥센,39.44,,,"KNN
(상장)",해외 법인 — 계획서 7-2
"QINGDAO NEXEN CO.,LTD.",(주)넥센,100.0,,,"QINGDAO NEXEN
CO.,LTD.
(비상장)",해외 법인 — 계획서 7-2
"NEXEN CORPORATION EUROPE, S.R.O",(주)넥센,100.0,,,"NEXEN CORPORATION
EUROPE, S.R.O(비상장)",해외 법인 — 계획서 7-2
"NEXEN CORPORATION AMERICA, INC.",(주)넥센,100.0,,,"NEXEN CORPORATION
AMERICA, INC.
(비상장)",해외 법인 — 계획서 7-2
"NEXT CENTURY VENTURES FUND I, LP",(주)넥센,49.0,,,"NEXT CENTURY VENTURES
FUND I, LP
(비상장)",해외 법인 — 계획서 7-2
SD Biosensor Healthcare Pvt. Ltd.,에스디바이오센서(주),74.72,,,"SD Biosensor
 Healthcare Pvt. Ltd.",해외 법인 — 계획서 7-2
Mirero Corp.,에스디바이오센서(주),100.0,,,Mirero Corp.,해외 법인 — 계획서 7-2
Madeira funding company LLC.,에스디바이오센서(주),100.0,,,Madeira funding company LLC.,해외 법인 — 계획서 7-2
Codix bio Limited,에스디바이오센서(주),49.0,,,Codix bio Limited,해외 법인 — 계획서 7-2
"Drophil Biotech (Shenzhen) Co.,Ltd.",에스디바이오센서(주),38.71,,,"Drophil Biotech 
 (Shenzhen) Co.,Ltd.",해외 법인 — 계획서 7-2
PT. STANDARD BIOSENSOR INDONESIA,에스디바이오센서(주),100.0,,,"PT. STANDARD
 BIOSENSOR INDONESIA",해외 법인 — 계획서 7-2
PT. STANDARD BIOSENSOR HEALTHCARE,에스디바이오센서(주),60.0,,,"PT. STANDARD
 BIOSENSOR HEALTHCARE",해외 법인 — 계획서 7-2
Eco Diagnostica LTDA,에스디바이오센서(주),100.0,,,Eco Diagnostica LTDA,해외 법인 — 계획서 7-2
Bestbion dx - Diagnostische Produkte und Beratung GmbH,에스디바이오센서(주),100.0,,,"Bestbion dx - Diagnostische 
 Produkte und Beratung GmbH",해외 법인 — 계획서 7-2
Relab S.R.L,에스디바이오센서(주),100.0,,,Relab S.R.L,해외 법인 — 계획서 7-2
Columbus Holding Company,에스디바이오센서(주),85.5,,,Columbus Holding Company,해외 법인 — 계획서 7-2
"Hansol Technics(Thailand) Co.,Ltd.",한솔테크닉스(주),100.0,,,"Hansol Technics(Thailand) Co.,Ltd.",해외 법인 — 계획서 7-2
Hansol Technics Europe s.r.o.,한솔테크닉스(주),84.2,,,"Hansol Technics 
Europe s.r.o.",해외 법인 — 계획서 7-2
"Hansol Electronics Vietnam Co.,Ltd",한솔테크닉스(주),100.0,,,"Hansol Electronics 
Vietnam Co.,Ltd",해외 법인 — 계획서 7-2
"Hansol Precision Materials (KunShan) Co.,Ltd",한솔테크닉스(주),100.0,,,"Hansol Precision 
Materials 
(KunShan) Co.,Ltd",해외 법인 — 계획서 7-2
"Hansol Electronics Vietnam Hochiminhcity Co.,Ltd",한솔테크닉스(주),54.6,,,"Hansol Electronics 
Vietnam 
Hochiminhcity Co.,Ltd",해외 법인 — 계획서 7-2
마이다스동아바이오 내비게이터 투자조합,환인제약(주),34.09,,,"마이다스동아바이오
내비게이터
투자조합",펀드·SPC·투자조합·신탁 상품·명목회사 — 계획서 7-2
"Hankook Tire China Co., Ltd",한국타이어앤테크놀로지(주),96.6,,,"Hankook Tire China Co., Ltd",해외 법인 — 계획서 7-2
"Jiangsu Hankook Tire Co., Ltd.",한국타이어앤테크놀로지(주),34.5,,,"Jiangsu Hankook Tire Co., Ltd.",해외 법인 — 계획서 7-2
"Hankook Tyre Australia Pty., LTD.",한국타이어앤테크놀로지(주),100.0,,,"Hankook Tyre Australia Pty., LTD.",해외 법인 — 계획서 7-2
Hankook Espana S. A.,한국타이어앤테크놀로지(주),99.9,,,Hankook Espana S. A.,해외 법인 — 계획서 7-2
"Chongqing Hankooktire Co., Ltd.",한국타이어앤테크놀로지(주),100.0,,,"Chongqing Hankooktire Co., Ltd.",해외 법인 — 계획서 7-2
"Hankook Tire DE Mexico, S.A. DE C.V.",한국타이어앤테크놀로지(주),100.0,,,"Hankook Tire DE Mexico, S.A. DE C.V.",해외 법인 — 계획서 7-2
PT. HANKOOKTIRE INDONESIA,한국타이어앤테크놀로지(주),100.0,,,PT. HANKOOKTIRE INDONESIA,해외 법인 — 계획서 7-2
"Hankook Tire Singapore PTE., Ltd.",한국타이어앤테크놀로지(주),100.0,,,"Hankook Tire Singapore PTE., Ltd.",해외 법인 — 계획서 7-2
Hankook Tire Malaysia SDN.BHD.,한국타이어앤테크놀로지(주),100.0,,,Hankook Tire Malaysia SDN.BHD.,해외 법인 — 계획서 7-2
Hankook Tire America Corp.,한국타이어앤테크놀로지(주),100.0,,,Hankook Tire America Corp.,해외 법인 — 계획서 7-2
"Hankook Tire Thailand Co.,Ltd.",한국타이어앤테크놀로지(주),100.0,,,"Hankook Tire Thailand Co.,Ltd.",해외 법인 — 계획서 7-2
Hankook Tire de Colombia Ltda.,한국타이어앤테크놀로지(주),99.9,,,Hankook Tire de Colombia Ltda.,해외 법인 — 계획서 7-2
Hankook Tires India LLP,한국타이어앤테크놀로지(주),100.0,,,Hankook Tires India LLP,해외 법인 — 계획서 7-2
"Hankook Tyre Australia Retail Pty.,Ltd.",한국타이어앤테크놀로지(주),100.0,,,"Hankook Tyre Australia Retail Pty.,Ltd.",해외 법인 — 계획서 7-2
"Hankook Tire Latam, S.A.",한국타이어앤테크놀로지(주),100.0,,,"Hankook Tire Latam, S.A.",해외 법인 — 계획서 7-2
"Hankook Tire Latin America Distribution Center, S.A.",한국타이어앤테크놀로지(주),100.0,,,"Hankook Tire Latin America Distribution Center, S.A.",해외 법인 — 계획서 7-2
Hankook Tire Middle East and Africa FZE,한국타이어앤테크놀로지(주),100.0,,,Hankook Tire Middle East and Africa FZE,해외 법인 — 계획서 7-2
"Hankook Tire Vietnam. Co., Ltd.",한국타이어앤테크놀로지(주),100.0,,,"Hankook Tire Vietnam. Co., Ltd.",해외 법인 — 계획서 7-2
Hankook Tire Canada Corp.,한국타이어앤테크놀로지(주),100.0,,,Hankook Tire Canada Corp.,해외 법인 — 계획서 7-2
PT. HANKOOK TIRE SALES INDONESIA,한국타이어앤테크놀로지(주),99.0,,,PT. HANKOOK TIRE SALES INDONESIA,해외 법인 — 계획서 7-2
Hankook Tire Chile SPA,한국타이어앤테크놀로지(주),100.0,,,Hankook Tire Chile SPA,해외 법인 — 계획서 7-2
"Hankook Tire Taiwan Co.,Ltd.",한국타이어앤테크놀로지(주),100.0,,,"Hankook Tire Taiwan Co.,Ltd.",해외 법인 — 계획서 7-2
Hankook Gulf Tire LLC,한국타이어앤테크놀로지(주),100.0,,,Hankook Gulf Tire LLC,해외 법인 — 계획서 7-2
Hankook Tire &Technology Egypt LLC,한국타이어앤테크놀로지(주),99.0,,,Hankook Tire &Technology Egypt LLC,해외 법인 — 계획서 7-2
HANKOOK TIRE MOROCCO SAS,한국타이어앤테크놀로지(주),100.0,,,HANKOOK TIRE MOROCCO SAS,해외 법인 — 계획서 7-2
미래에셋OCIO 베스트 솔루션 전문 투자형 사모투자신탁1호,한국타이어앤테크놀로지(주),99.7,,,미래에셋OCIO 베스트 솔루션 전문 투자형 사모투자신탁1호,펀드·SPC·투자조합·신탁 상품·명목회사 — 계획서 7-2
Hankook Tyre U.K. Ltd.,한국타이어앤테크놀로지(주),100.0,,,Hankook Tyre U.K. Ltd.,해외 법인 — 계획서 7-2
DS 사모펀드,한국타이어앤테크놀로지(주),31.1,,,DS 사모펀드,펀드·SPC·투자조합·신탁 상품·명목회사 — 계획서 7-2
씨엔티테크 제1호 모빌리티 스타트업 투자조합,한국타이어앤테크놀로지(주),66.7,,,씨엔티테크 제1호 모빌리티 스타트업 투자조합,펀드·SPC·투자조합·신탁 상품·명목회사 — 계획서 7-2
AFWP 신기술투자조합 제13호,한국타이어앤테크놀로지(주),60.9,,,AFWP 신기술투자조합 제13호,펀드·SPC·투자조합·신탁 상품·명목회사 — 계획서 7-2
Hankook Tire Japan Corp.,한국타이어앤테크놀로지(주),100.0,,,Hankook Tire Japan Corp.,해외 법인 — 계획서 7-2
Hankook Tire Europe Holdings B.V.,한국타이어앤테크놀로지(주),100.0,,,Hankook Tire Europe Holdings B.V.,해외 법인 — 계획서 7-2
Hankook Reifen Deutschland GmbH,한국타이어앤테크놀로지(주),100.0,,,Hankook Reifen Deutschland GmbH,해외 법인 — 계획서 7-2
Hankook France S.A.R.L,한국타이어앤테크놀로지(주),100.0,,,Hankook France S.A.R.L,해외 법인 — 계획서 7-2
Hankook Tire Netherlands B.V.,한국타이어앤테크놀로지(주),100.0,,,Hankook Tire Netherlands B.V.,해외 법인 — 계획서 7-2
브라이튼제2호일반사모부동산투자 유한회사,현대코퍼레이션홀딩스(주),34.62,,,브라이튼제2호일반사모부동산투자 유한회사,펀드·SPC·투자조합·신탁 상품·명목회사 — 계획서 7-2
"HYUNDAI INDOCHINA PTE., LTD",현대코퍼레이션홀딩스(주),100.0,,,"HYUNDAI INDOCHINA PTE., LTD",해외 법인 — 계획서 7-2
HYUNDAI EURO PARTNERS LIMITED,현대코퍼레이션홀딩스(주),100.0,,,HYUNDAI EURO PARTNERS LIMITED,해외 법인 — 계획서 7-2
캡스톤일반사모투자신탁36호,현대코퍼레이션홀딩스(주),67.21,,,캡스톤일반사모투자신탁36호,펀드·SPC·투자조합·신탁 상품·명목회사 — 계획서 7-2
PT CKD OTTO PHARMACEUTICALS(인도네시아_비상장),(주)종근당,70.0,,,"PT CKD OTTO
PHARMACEUTICALS(인도네시아_비상장)
주2)",해외 법인 — 계획서 7-2
CKD USA,(주)종근당,100.0,,,"CKD USA
(비상장)",해외 법인 — 계획서 7-2
"KEC Thailand Co., Ltd.",(주)케이이씨,100.0,,,"KEC Thailand Co., Ltd.",해외 법인 — 계획서 7-2
"WUXI KEC SEMICONDUCTOR CO., LTD.",(주)케이이씨,100.0,,,"WUXI KEC SEMICONDUCTOR CO., LTD.",해외 법인 — 계획서 7-2
"COSMAX JAPAN, INC.",코스맥스(주),100.0,,,"COSMAX JAPAN, INC.",해외 법인 — 계획서 7-2
COSMAX WEST CORPORATION,코스맥스(주),100.0,,,COSMAX WEST CORPORATION,해외 법인 — 계획서 7-2
PT. COSMAX INDONESIA,코스맥스(주),99.25,,,PT. COSMAX INDONESIA,해외 법인 — 계획서 7-2
COSMAX (THAILAND) COMPANY LIMITED,코스맥스(주),98.69,,,COSMAX (THAILAND) COMPANY LIMITED,해외 법인 — 계획서 7-2
한화클린수소에너지 일반사모특별자산 투자신탁1호,두산퓨얼셀 주식회사,30.23,,,"한화클린수소에너지
일반사모특별자산
투자신탁1호",펀드·SPC·투자조합·신탁 상품·명목회사 — 계획서 7-2
태경비케이 봉성유한공사 (중국합작공장),(주)태경비케이,69.04,,,"태경비케이
봉성유한공사
(중국합작공장)",해외 법인 — 계획서 7-2
봉성백광태합 소재유한공사 (중국합작공장),(주)태경비케이,50.0,,,"봉성백광태합
소재유한공사
(중국합작공장)",해외 법인 — 계획서 7-2
HCEI버텍스제일호사모투자 합자회사,(주)태경비케이,51.43,,,HCEI버텍스제일호사모투자 합자회사,펀드·SPC·투자조합·신탁 상품·명목회사 — 계획서 7-2
Korea Petroleum SDN. BHD,한국석유공업(주),70.0,,,"Korea Petroleum SDN. BHD
(주1).",해외 법인 — 계획서 7-2
"KP ART CENTER (THAILAND) CO.,LTD.",한국석유공업(주),81.25,,,"KP ART CENTER (THAILAND) CO.,LTD.
(주1)",해외 법인 — 계획서 7-2
아남전자홍콩유한공사,아남전자(주),100.0,,,아남전자홍콩유한공사,해외 법인 — 계획서 7-2
동관신품전자유한공사,아남전자(주),100.0,,,동관신품전자유한공사,해외 법인 — 계획서 7-2
아남전자베트남유한회사,아남전자(주),34.3,,,아남전자베트남유한회사,펀드·SPC·투자조합·신탁 상품·명목회사 — 계획서 7-2
KPX CHEMICAL (NANJING),KPX케미칼(주),81.14,,,"KPX CHEMICAL
(NANJING)",해외 법인 — 계획서 7-2
타임폴리오 코스닥벤처 The Unique 대체투자 3호 일반사모투자신탁,KPX케미칼(주),38.46,,,"타임폴리오 코스닥벤처
The Unique 대체투자 3호
일반사모투자신탁",펀드·SPC·투자조합·신탁 상품·명목회사 — 계획서 7-2
에이벤처스 Growth K 투자조합,KPX케미칼(주),58.21,,,"에이벤처스 Growth K
투자조합",펀드·SPC·투자조합·신탁 상품·명목회사 — 계획서 7-2
오엔 3호 세컨더리 투자조합,KPX케미칼(주),50.0,,,"오엔 3호 세컨더리
투자조합",펀드·SPC·투자조합·신탁 상품·명목회사 — 계획서 7-2
비엔비 IPO 벤처 일반 사모투자신탁 제5호,KPX케미칼(주),37.0,,,"비엔비 IPO 벤처
일반 사모투자신탁
제5호",펀드·SPC·투자조합·신탁 상품·명목회사 — 계획서 7-2
타임폴리오 코스닥벤처 The Unique 대체투자 4호,KPX케미칼(주),55.56,,,"타임폴리오 코스닥벤처
The Unique
대체투자 4호",펀드·SPC·투자조합·신탁 상품·명목회사 — 계획서 7-2
타임폴리오 It's Time-Mezzanine G 3호 일반사모투자신탁,KPX케미칼(주),46.15,,,"타임폴리오
It's Time-Mezzanine
G 3호 일반사모투자신탁",펀드·SPC·투자조합·신탁 상품·명목회사 — 계획서 7-2
KPX CHEMICAL (GEORGIA),KPX케미칼(주),100.0,,,"KPX CHEMICAL
(GEORGIA)",해외 법인 — 계획서 7-2
머스트 손익차등형 일반사모투자신탁 제2호,KPX케미칼(주),47.58,,,"머스트 손익차등형
일반사모투자신탁 제2호",펀드·SPC·투자조합·신탁 상품·명목회사 — 계획서 7-2
KPX CHEMICAL (INDIA),KPX케미칼(주),100.0,,,"KPX CHEMICAL
(INDIA)",해외 법인 — 계획서 7-2
KPX CHEMICAL (VINA),KPX케미칼(주),100.0,,,"KPX CHEMICAL
(VINA)",해외 법인 — 계획서 7-2
KPX Chemical (Thailand),KPX케미칼(주),99.99,,,"KPX Chemical
(Thailand)",해외 법인 — 계획서 7-2
KPX Chemical (Indonesia),KPX케미칼(주),99.99,,,"KPX Chemical
(Indonesia)",해외 법인 — 계획서 7-2
KPX Chemical (MALAYSIA),KPX케미칼(주),100.0,,,"KPX Chemical
(MALAYSIA)",해외 법인 — 계획서 7-2
마스터 IPO 벤처 일반 사모투자신탁 제1호,KPX케미칼(주),38.16,,,"마스터 IPO 벤처
일반 사모투자신탁
제1호",펀드·SPC·투자조합·신탁 상품·명목회사 — 계획서 7-2
"LG Innotek Yantai Co., Ltd.",엘지이노텍(주),100.0,,,"LG Innotek Yantai Co., Ltd.",해외 법인 — 계획서 7-2
LG INNOTEK FUND II LLC,엘지이노텍(주),100.0,,,LG INNOTEK FUND II LLC,해외 법인 — 계획서 7-2
PT LG Innotek Indonesia,엘지이노텍(주),100.0,,,PT LG Innotek Indonesia,해외 법인 — 계획서 7-2
LG Innotek Poland Sp. z o.o.,엘지이노텍(주),100.0,,,LG Innotek Poland Sp. z o.o.,해외 법인 — 계획서 7-2
LG Innotek Mexico S.A. de C.V.,엘지이노텍(주),100.0,,,LG Innotek Mexico S.A. de C.V.,해외 법인 — 계획서 7-2
"LG Innotek Vietnam Haiphong Co., Ltd.",엘지이노텍(주),100.0,,,"LG Innotek Vietnam Haiphong Co., Ltd.",해외 법인 — 계획서 7-2
"LG Innotek (Taiwan) Co., Ltd.",엘지이노텍(주),100.0,,,"LG Innotek (Taiwan) Co., Ltd.",해외 법인 — 계획서 7-2
"LG Innotek USA, Inc.",엘지이노텍(주),100.0,,,"LG Innotek USA, Inc.",해외 법인 — 계획서 7-2
"LG Innotek Trading (Shanghai) Co., Ltd.",엘지이노텍(주),100.0,,,"LG Innotek Trading (Shanghai) Co., Ltd.",해외 법인 — 계획서 7-2
삼성중공업 (영성)유한공사,삼성중공업(주),100.0,,,"삼성중공업
(영성)유한공사",해외 법인 — 계획서 7-2
SVIC73호 신기술사업투자조합,삼성중공업(주),99.0,,,SVIC73호 신기술사업투자조합,펀드·SPC·투자조합·신탁 상품·명목회사 — 계획서 7-2
Samsung Heavy Industries India Pvt.Ltd.,삼성중공업(주),100.0,,,"Samsung
Heavy Industries
India Pvt.Ltd.",해외 법인 — 계획서 7-2
Camellia Consulting Corporation,삼성중공업(주),100.0,,,"Camellia 
Consulting
Corporation",해외 법인 — 계획서 7-2
Samsung Heavy Industries (M) SDN.BHD,삼성중공업(주),100.0,,,"Samsung
Heavy Industries
(M) SDN.BHD",해외 법인 — 계획서 7-2
Samsung Heavy Industries Nigeria Ltd.,삼성중공업(주),100.0,,,"Samsung 
Heavy Industries
Nigeria Ltd.",해외 법인 — 계획서 7-2
SHI-MCI FZE,삼성중공업(주),70.0,,,SHI-MCI FZE,해외 법인 — 계획서 7-2
Samsung Heavy Industries Mozambique LDA,삼성중공업(주),100.0,,,"Samsung Heavy 
Industries 
Mozambique LDA",해외 법인 — 계획서 7-2
ZVEZDA-Samsung Heavy Industries LLC,삼성중공업(주),49.0,,,"ZVEZDA-Samsung
Heavy Industries 
LLC",해외 법인 — 계획서 7-2
Samsung Heavy Industries Rus LLC,삼성중공업(주),100.0,,,"Samsung Heavy 
Industries Rus LLC",해외 법인 — 계획서 7-2
스마트신세계포커스투자조합,(주)신세계,33.3,,,스마트신세계포커스투자조합,펀드·SPC·투자조합·신탁 상품·명목회사 — 계획서 7-2
시그나이트-썬더벤처투자조합,(주)신세계,99.0,,,시그나이트-썬더벤처투자조합,펀드·SPC·투자조합·신탁 상품·명목회사 — 계획서 7-2
GMI,화천기공(주),100.0,,,GMI,해외 법인 — 계획서 7-2
HMA,화천기공(주),100.0,,,HMA,해외 법인 — 계획서 7-2
HME,화천기공(주),100.0,,,HME,해외 법인 — 계획서 7-2
HAP,화천기공(주),100.0,,,HAP,해외 법인 — 계획서 7-2
HMI,화천기공(주),100.0,,,HMI,해외 법인 — 계획서 7-2
(주)신한서부티엔디제1호 위탁관리부동산투자회사,주식회사 신한서부티엔디위탁관리부동산투자회사,100.0,,,"(주)신한서부티엔디제1호
위탁관리부동산투자회사
(주1)",펀드·SPC·투자조합·신탁 상품·명목회사 — 계획서 7-2
(주)신한서부티엔디제2호 위탁관리부동산투자회사,주식회사 신한서부티엔디위탁관리부동산투자회사,100.0,,,"(주)신한서부티엔디제2호
위탁관리부동산투자회사 
(주1)",펀드·SPC·투자조합·신탁 상품·명목회사 — 계획서 7-2
(주)신한광화문지타워 위탁관리부동산투자회사,주식회사 신한서부티엔디위탁관리부동산투자회사,50.0,,,"(주)신한광화문지타워
위탁관리부동산투자회사 
(주1)",펀드·SPC·투자조합·신탁 상품·명목회사 — 계획서 7-2
(주)신한서부티엔디제1호 위탁관리부동산투자회사,주식회사 신한서부티엔디위탁관리부동산투자회사,100.0,,,"(주)신한서부티엔디제1호
위탁관리부동산투자회사
(주1)",펀드·SPC·투자조합·신탁 상품·명목회사 — 계획서 7-2
(주)신한서부티엔디제2호 위탁관리부동산투자회사,주식회사 신한서부티엔디위탁관리부동산투자회사,100.0,,,"(주)신한서부티엔디제2호
위탁관리부동산투자회사 
(주1)",펀드·SPC·투자조합·신탁 상품·명목회사 — 계획서 7-2
(주)신한광화문지타워 위탁관리부동산투자회사,주식회사 신한서부티엔디위탁관리부동산투자회사,50.0,,,"(주)신한광화문지타워
위탁관리부동산투자회사 
(주1)",펀드·SPC·투자조합·신탁 상품·명목회사 — 계획서 7-2
12. VEROPE AG,고려제강(주),35.0,,,12. VEROPE AG(비상장),해외 법인 — 계획서 7-2
14. K&S WIRE,고려제강(주),49.0,,,14. K&S WIRE(비상장),해외 법인 — 계획서 7-2
15. Kiswire International S.A,고려제강(주),100.0,,,15. Kiswire International S.A(비상장),해외 법인 — 계획서 7-2
4. KISWIRE SINGAPORE LTD,고려제강(주),53.0,,,4. KISWIRE SINGAPORE LTD(비상장),해외 법인 — 계획서 7-2
5. KISWIRE SDN. BHD.,고려제강(주),56.0,,,5. KISWIRE SDN. BHD.(비상장),해외 법인 — 계획서 7-2
6. KISWIRE JAPAN,고려제강(주),100.0,,,6. KISWIRE JAPAN(비상장),해외 법인 — 계획서 7-2
7. KISWIRE AMERICA INC.,고려제강(주),60.0,,,7. KISWIRE AMERICA INC.(비상장),해외 법인 — 계획서 7-2
8. KISWIRE HK HOLDING LIMITED,고려제강(주),49.0,,,8. KISWIRE HK HOLDING LIMITED(비상장),해외 법인 — 계획서 7-2
,(주)대현,,,,,"출자현황 자료 없음 — 원문 확인, 필요하면 수동 입력 파일에 적음 (2025 사업보고서 표 형식 아님(숫자 지분율 없음); 2025 3분기보고서 표 형식 아님(숫자 지분율 없음); 2025 반기보고서 표 형식 아님(숫자 지분율 없음); 2024 사업보고서 표 형식 아님(숫자 지분율 없음))"
"LX Semicon U.S.A., Inc",(주)엘엑스세미콘,100.0,,,"LX Semicon U.S.A., Inc",해외 법인 — 계획서 7-2
"LX Semicon China Co., Ltd.",(주)엘엑스세미콘,100.0,,,"LX Semicon China Co., Ltd.",해외 법인 — 계획서 7-2
"LX Semicon Japan Co., Ltd.",(주)엘엑스세미콘,100.0,,,"LX Semicon Japan Co., Ltd.",해외 법인 — 계획서 7-2
"LX Semicon Taiwan Co., Ltd.",(주)엘엑스세미콘,100.0,,,"LX Semicon Taiwan Co., Ltd.",해외 법인 — 계획서 7-2
스타트업 코리아 LX-BSK 오픈이노베이션 투자조합,(주)엘엑스세미콘,58.0,,,"스타트업 코리아 LX-BSK
오픈이노베이션 투자조합",펀드·SPC·투자조합·신탁 상품·명목회사 — 계획서 7-2
"Jahwa VINA Co., Ltd.",자화전자(주),100.0,,,"Jahwa VINA Co., Ltd.",해외 법인 — 계획서 7-2
JAHWA ELECTRONICS INDIA PRIVATE Ltd.,자화전자(주),100.0,,,JAHWA ELECTRONICS INDIA PRIVATE  Ltd.,해외 법인 — 계획서 7-2
"JH VINA CO., LTD",자화전자(주),100.0,,,"JH VINA CO., LTD",해외 법인 — 계획서 7-2
"Hangzhou Jahwa Electronics Technology Co., Ltd.",자화전자(주),100.0,,,"Hangzhou Jahwa 
Electronics Technology Co., Ltd.",해외 법인 — 계획서 7-2
"Qingdao Advanced Materials Co., Ltd.",자화전자(주),50.0,,,"Qingdao Advanced
Materials Co., Ltd.",해외 법인 — 계획서 7-2
"BAOTOU JX ELECTRONICS CO., LTD",자화전자(주),50.0,,,"BAOTOU JX ELECTRONICS CO., LTD",해외 법인 — 계획서 7-2
"TELCOWARE USA,INC.",텔코웨어(주),100.0,,,"TELCOWARE USA,INC.",해외 법인 — 계획서 7-2
SIDIZ CHINA INC.,(주)시디즈,100.0,,,SIDIZ CHINA INC.,해외 법인 — 계획서 7-2
SIDIZ AMERICA LLC,(주)시디즈,100.0,,,SIDIZ AMERICA LLC,해외 법인 — 계획서 7-2
Hyosung Resources(Australia) PTY Ltd,(주)효성,100.0,,,Hyosung Resources(Australia) PTY Ltd,해외 법인 — 계획서 7-2
"Epitone, Inc.",(주)효성,31.0,,,"Epitone, Inc.",해외 법인 — 계획서 7-2
Hyosung RUS.,(주)효성,100.0,,,Hyosung RUS.,해외 법인 — 계획서 7-2
Hyosung Brasil Participacoes LTDA,(주)효성,100.0,,,Hyosung Brasil Participacoes LTDA,해외 법인 — 계획서 7-2
효성신성장산업펀드,(주)효성,99.0,,,효성신성장산업펀드,펀드·SPC·투자조합·신탁 상품·명목회사 — 계획서 7-2
레오9호 효성청년창업펀드,(주)효성,39.0,,,레오9호 효성청년창업펀드,펀드·SPC·투자조합·신탁 상품·명목회사 — 계획서 7-2
(주)케이프-티노 K-뷰티 제일호 신기술사업투자조합,(주)효성,69.0,,,"(주)케이프-티노 K-뷰티 제일호
신기술사업투자조합",펀드·SPC·투자조합·신탁 상품·명목회사 — 계획서 7-2
하나랜드칩사모부동산투자신탁39호,(주)효성,100.0,,,하나랜드칩사모부동산투자신탁39호,펀드·SPC·투자조합·신탁 상품·명목회사 — 계획서 7-2
,선도전기(주),,,,,"출자현황 자료 없음 — 원문 확인, 필요하면 수동 입력 파일에 적음 (2025 사업보고서 표 형식 아님(숫자 지분율 없음); 2025 3분기보고서 표 형식 아님(숫자 지분율 없음); 2025 반기보고서 표 형식 아님(숫자 지분율 없음); 2024 사업보고서 표 형식 아님(숫자 지분율 없음))"
"SANGSIN TECHNOLOGY AMERICA, INC",상신브레이크(주),100.0,,,"SANGSIN TECHNOLOGY 
AMERICA, INC",해외 법인 — 계획서 7-2
SANGSIN BRAKE DO BRASIL LIMITADA,상신브레이크(주),100.0,,,"SANGSIN BRAKE DO 
BRASIL LIMITADA",해외 법인 — 계획서 7-2
SANGSIN BRAKE EUROPE SP.Z O.O.,상신브레이크(주),100.0,,,"SANGSIN BRAKE EUROPE 
SP.Z O.O.",해외 법인 — 계획서 7-2
SANGSIN BRAKE INDIA PRIVATE LIMITED,상신브레이크(주),100.0,,,"SANGSIN BRAKE INDIA
PRIVATE LIMITED",해외 법인 — 계획서 7-2
"SANGSIN BRAKE AMERICA, INC",상신브레이크(주),100.0,,,"SANGSIN BRAKE
AMERICA, INC",해외 법인 — 계획서 7-2
SANGSIN BRAKE MEXICO S. DE R.L.DE C.V,상신브레이크(주),100.0,,,"SANGSIN BRAKE MEXICO 
S. DE R.L.DE C.V",해외 법인 — 계획서 7-2
신한더블유더블유지 에너지펀드PEF,(주)신풍,35.0,,,"신한더블유더블유지
에너지펀드PEF",펀드·SPC·투자조합·신탁 상품·명목회사 — 계획서 7-2
"HYUNDAI BNG STEEL USA, INC.",현대비앤지스틸(주),100.0,,,"HYUNDAI BNG STEEL USA, INC.",해외 법인 — 계획서 7-2
피에스 제1호 사모투자합자회사,현대비앤지스틸(주),66.18,,,피에스 제1호 사모투자합자회사,펀드·SPC·투자조합·신탁 상품·명목회사 — 계획서 7-2
DER INC.,서울도시가스(주),100.0,,,DER INC.,해외 법인 — 계획서 7-2
SCG RESOURCES INC.,서울도시가스(주),100.0,,,SCG RESOURCES INC.,해외 법인 — 계획서 7-2
SHINE CHILE LTDA.,서울도시가스(주),99.99,,,SHINE CHILE LTDA.,해외 법인 — 계획서 7-2
"POSCO DX CHINA CO.,LTD",(주)포스코디엑스,100.0,,,"POSCO DX CHINA CO.,LTD",해외 법인 — 계획서 7-2
PT.POSCO DX INDONESIA,(주)포스코디엑스,67.0,,,PT.POSCO DX INDONESIA,해외 법인 — 계획서 7-2
포스코DX CVC1호 신기술투자조합,(주)포스코디엑스,80.0,,,포스코DX CVC1호 신기술투자조합,펀드·SPC·투자조합·신탁 상품·명목회사 — 계획서 7-2
POSCO DX VIETNAM,(주)포스코디엑스,100.0,,,POSCO DX VIETNAM,해외 법인 — 계획서 7-2
BGF RETAIL HAWAII CORP.,(주)비지에프리테일,100.0,,,"BGF RETAIL HAWAII CORP.
주3)",해외 법인 — 계획서 7-2
일본한미약품(주),한미사이언스(주),100.0,,,일본한미약품(주),해외 법인 — 계획서 7-2
Hanmi Europe Limited,한미사이언스(주),100.0,,,Hanmi Europe Limited,해외 법인 — 계획서 7-2
북경한미IT유한공사,한미사이언스(주),100.0,,,북경한미IT유한공사,해외 법인 — 계획서 7-2
"OCI China Co.,Ltd",OCI(주),100.0,,,"OCI China Co.,Ltd (*1)(*2)(*3)",해외 법인 — 계획서 7-2
"OCI Japan Co., Ltd.",OCI(주),99.99,,,"OCI Japan Co., Ltd. (*2)",해외 법인 — 계획서 7-2
Philko Peroxide Corporation,OCI(주),40.0,,,Philko Peroxide Corporation (*1)(*2),해외 법인 — 계획서 7-2
,제일연마공업(주),,,,,"출자현황 자료 없음 — 원문 확인, 필요하면 수동 입력 파일에 적음 (2025 사업보고서 표 형식 아님(숫자 지분율 없음); 2025 3분기보고서 표 형식 아님(숫자 지분율 없음); 2025 반기보고서 표 형식 아님(숫자 지분율 없음); 2024 사업보고서 표 형식 아님(숫자 지분율 없음))"
동화크립톤 기업가정신 제일호 창업벤처전문사모투자합자회사,동화약품(주),93.81,,,동화크립톤 기업가정신 제일호 창업벤처전문사모투자합자회사,펀드·SPC·투자조합·신탁 상품·명목회사 — 계획서 7-2
TS Care Joint Stock Company,동화약품(주),56.0,,,TS Care Joint Stock Company,해외 법인 — 계획서 7-2
Wia Slovakia s.r.o.,현대위아(주),100.0,,,Wia Slovakia s.r.o.,해외 법인 — 계획서 7-2
강소현대위아유한공사,현대위아(주),100.0,,,강소현대위아유한공사,해외 법인 — 계획서 7-2
산동현대위아기차발동기유한공사,현대위아(주),42.9,,,산동현대위아기차발동기유한공사,해외 법인 — 계획서 7-2
Hyundai-Wia india PVT LTD.,현대위아(주),100.0,,,Hyundai-Wia india PVT LTD.,해외 법인 — 계획서 7-2
"Hyundai-Wia Mexico, S.de R.L. de C.V.",현대위아(주),99.9,,,"Hyundai-Wia Mexico, S.de R.L. de C.V.",해외 법인 — 계획서 7-2
HYUNDAI WIA RUS. LLC,현대위아(주),100.0,,,HYUNDAI WIA RUS. LLC,해외 법인 — 계획서 7-2
"Hyundai-Wia Alabama, Inc",현대위아(주),100.0,,,"Hyundai-Wia Alabama, Inc",해외 법인 — 계획서 7-2
META ENE LIMITED,(주)엔케이,99.44,,,META ENE LIMITED,해외 법인 — 계획서 7-2
NK USA INC,(주)엔케이,100.0,,,NK USA INC(주1),해외 법인 — 계획서 7-2
"SK Americas, Inc.",SK이노베이션(주),40.0,,,"SK Americas, Inc.(구 SK USA, Inc.)",해외 법인 — 계획서 7-2
SK innovation outpost Corporation,SK이노베이션(주),100.0,,,SK innovation outpost Corporation,해외 법인 — 계획서 7-2
SK Technology Innovation Company,SK이노베이션(주),32.5,,,SK Technology Innovation Company,해외 법인 — 계획서 7-2
Gemini Partners Pte. Ltd.,SK이노베이션(주),40.0,,,Gemini Partners Pte. Ltd.,해외 법인 — 계획서 7-2
SK South East Asia Investment Pte. Ltd.,SK이노베이션(주),40.0,,,SK South East Asia Investment Pte. Ltd.,해외 법인 — 계획서 7-2
Energy Solution Holdings Inc.,SK이노베이션(주),71.9,,,Energy Solution Holdings Inc.,해외 법인 — 계획서 7-2
Prostar Asia-Pacific Energy Infrastructure SK Fund L.P,SK이노베이션(주),49.5,,,Prostar Asia-Pacific Energy Infrastructure SK Fund L.P,해외 법인 — 계획서 7-2
"SK E&S Hong Kong Co., Ltd.",SK이노베이션(주),50.0,,,"SK E&S Hong Kong Co., Ltd.",해외 법인 — 계획서 7-2
"Prism Energy International Pte., Ltd.",SK이노베이션(주),100.0,,,"Prism Energy International Pte., Ltd.",해외 법인 — 계획서 7-2
PRISM Energy International Australia,SK이노베이션(주),100.0,,,PRISM Energy International Australia,해외 법인 — 계획서 7-2
"SK E&S Dominicana, S.R.L",SK이노베이션(주),83.9,,,"SK E&S Dominicana, S.R.L",해외 법인 — 계획서 7-2
Prism Energy International China Limited,SK이노베이션(주),100.0,,,Prism Energy International China Limited,해외 법인 — 계획서 7-2
BU12 Australia Pty. Ltd.,SK이노베이션(주),100.0,,,BU12 Australia Pty. Ltd.,해외 법인 — 계획서 7-2
BU13 Australia Pty. Ltd.,SK이노베이션(주),100.0,,,BU13 Australia Pty. Ltd.,해외 법인 — 계획서 7-2
China Gas-SK E&S LNG Trading Ltd.,SK이노베이션(주),50.0,,,China Gas-SK E&S LNG Trading Ltd.,해외 법인 — 계획서 7-2
NEW&COMPANY ONE (NEW AND COMPANY ONE) PTE. LTD.,SK이노베이션(주),59.1,,,NEW&COMPANY ONE (NEW AND COMPANY ONE) PTE. LTD.,해외 법인 — 계획서 7-2
멀티에셋 신의도 태양광 일반사모투자신탁 제1호,SK이노베이션(주),50.0,,,멀티에셋 신의도 태양광 일반사모투자신탁 제1호,펀드·SPC·투자조합·신탁 상품·명목회사 — 계획서 7-2
NEW RENEWABLE ENERGY NO.1 JSC,SK이노베이션(주),100.0,,,NEW RENEWABLE ENERGY NO.1 JSC,해외 법인 — 계획서 7-2
SOLWIND ENERGY JOINT STOCK COMPANY,SK이노베이션(주),50.0,,,SOLWIND ENERGY JOINT STOCK COMPANY,해외 법인 — 계획서 7-2
차파트너스 인천에이치투모빌리티 인프라 사모투자합자회사,SK이노베이션(주),98.5,,,차파트너스 인천에이치투모빌리티 인프라 사모투자합자회사,펀드·SPC·투자조합·신탁 상품·명목회사 — 계획서 7-2
트러스톤 ESG 신재생에너지 일반사모투자신탁 제 1호,SK이노베이션(주),56.9,,,트러스톤 ESG 신재생에너지 일반사모투자신탁 제 1호,펀드·SPC·투자조합·신탁 상품·명목회사 — 계획서 7-2
"SK Innovation America, Inc.",SK이노베이션(주),100.0,,,"SK Innovation America, Inc.",해외 법인 — 계획서 7-2
"SK Innovation Insurance (Bermuda), Ltd.",SK이노베이션(주),100.0,,,"SK Innovation Insurance (Bermuda), Ltd.",해외 법인 — 계획서 7-2
삼부 카자흐스탄,삼부토건(주),100.0,,,삼부 카자흐스탄[비상장],해외 법인 — 계획서 7-2
INO LLP,삼부토건(주),70.0,,,INO LLP[비상장],해외 법인 — 계획서 7-2
SGI -신성장메짜닌펀드,삼호개발(주),50.0,,,"SGI -신성장메짜닌펀드
[107-80-10723]",펀드·SPC·투자조합·신탁 상품·명목회사 — 계획서 7-2
SGI-세컨더리투자조합 제2호,삼호개발(주),47.62,,,"SGI-세컨더리투자조합 제2호
[696-80-00841]",펀드·SPC·투자조합·신탁 상품·명목회사 — 계획서 7-2
SGI-Falcon Hydrogen Tech,삼호개발(주),31.5,,,"SGI-Falcon Hydrogen Tech
[213-80-05,700]",해외 법인 — 계획서 7-2
PT. Doosan Heavy Industries Indonesia,두산에너빌리티(주),83.64,,,PT. Doosan Heavy Industries Indonesia,해외 법인 — 계획서 7-2
Doosan Enerbility Japan Corp.,두산에너빌리티(주),100.0,,,Doosan Enerbility Japan Corp.,해외 법인 — 계획서 7-2
Doosan Power Systems India Private Ltd.,두산에너빌리티(주),99.9,,,Doosan Power Systems India Private Ltd.,해외 법인 — 계획서 7-2
Doosan Water UK Ltd,두산에너빌리티(주),100.0,,,Doosan Water UK Ltd,해외 법인 — 계획서 7-2
Doosan Heavy Industries Muscat SPC,두산에너빌리티(주),100.0,,,Doosan Heavy Industries Muscat SPC,해외 법인 — 계획서 7-2
Doosan Power Systems Arabia Company Limited,두산에너빌리티(주),51.0,,,Doosan Power Systems Arabia Company Limited,해외 법인 — 계획서 7-2
Azul Torre Construction Corporation,두산에너빌리티(주),40.0,,,Azul Torre Construction Corporation,해외 법인 — 계획서 7-2
Doosan Enerbility America Holdings Inc.,두산에너빌리티(주),100.0,,,Doosan Enerbility America Holdings Inc.,해외 법인 — 계획서 7-2
Doosan GridTech Inc.,두산에너빌리티(주),100.0,,,Doosan GridTech Inc.,해외 법인 — 계획서 7-2
Doosan Power Systems S.A.,두산에너빌리티(주),100.0,,,Doosan Power Systems S.A.,해외 법인 — 계획서 7-2
"Doosan Ukudu Power, LLC.",두산에너빌리티(주),100.0,,,"Doosan Ukudu Power, LLC.",해외 법인 — 계획서 7-2
"D20 Capital, LLC",두산에너빌리티(주),100.0,,,"D20 Capital, LLC",해외 법인 — 계획서 7-2
Doosan Heavy Industries Malaysia Sdn. Bhd,두산에너빌리티(주),100.0,,,Doosan Heavy Industries Malaysia Sdn. Bhd,해외 법인 — 계획서 7-2
"두산건설㈜ 상환전환우선주(주2,3)",두산에너빌리티(주),72.71,,,"두산건설㈜ 상환전환우선주(주2,3)",우선주 등 — 지배력 판단에 쓰지 않음
GME,현대자동차(주),100.0,,,GME,해외 법인 — 계획서 7-2
HMMI,현대자동차(주),99.99,,,HMMI,해외 법인 — 계획서 7-2
HHM,현대자동차(주),100.0,,,HHM,해외 법인 — 계획서 7-2
HTBC,현대자동차(주),100.0,,,HTBC,해외 법인 — 계획서 7-2
HMID,현대자동차(주),99.99,,,HMID,해외 법인 — 계획서 7-2
SUPERNAL,현대자동차(주),44.44,,,SUPERNAL,해외 법인 — 계획서 7-2
HTV,현대자동차(주),50.0,,,HTV,해외 법인 — 계획서 7-2
HMBSC,현대자동차(주),100.0,,,HMBSC,해외 법인 — 계획서 7-2
HMS,현대자동차(주),100.0,,,HMS,해외 법인 — 계획서 7-2
HMPH,현대자동차(주),99.99,,,HMPH,해외 법인 — 계획서 7-2
에어플러그,현대자동차(주),100.0,,,에어플러그(우선주),우선주 등 — 지배력 판단에 쓰지 않음
제로원 액셀러레이터 투자펀드1호,현대자동차(주),99.0,,,제로원 액셀러레이터 투자펀드1호,펀드·SPC·투자조합·신탁 상품·명목회사 — 계획서 7-2
China Mobility Fund,현대자동차(주),72.0,,,China Mobility Fund,해외 법인 — 계획서 7-2
BHMC,현대자동차(주),50.0,,,BHMC,해외 법인 — 계획서 7-2
WAE,현대자동차(주),31.4,,,WAE,해외 법인 — 계획서 7-2
HMGC,현대자동차(주),60.0,,,HMGC,해외 법인 — 계획서 7-2
HMGICS,현대자동차(주),40.0,,,HMGICS,해외 법인 — 계획서 7-2
HTWO,현대자동차(주),50.0,,,HTWO,해외 법인 — 계획서 7-2
Motional,현대자동차(주),36.24,,,Motional,해외 법인 — 계획서 7-2
현대기술투자수소펀드,현대자동차(주),33.23,,,현대기술투자수소펀드,펀드·SPC·투자조합·신탁 상품·명목회사 — 계획서 7-2
태양광펀드,현대자동차(주),47.0,,,태양광펀드,펀드·SPC·투자조합·신탁 상품·명목회사 — 계획서 7-2
현대차그룹미래차성장펀드,현대자동차(주),50.0,,,현대차그룹미래차성장펀드,펀드·SPC·투자조합·신탁 상품·명목회사 — 계획서 7-2
42dot,현대자동차(주),57.7,,,42dot,해외 법인 — 계획서 7-2
AI Alliance Fund,현대자동차(주),33.33,,,AI Alliance Fund,해외 법인 — 계획서 7-2
Hydrogenic Energy Fund,현대자동차(주),69.0,,,Hydrogenic Energy Fund,해외 법인 — 계획서 7-2
HMG Global LLC,현대자동차(주),49.5,,,HMG Global LLC,해외 법인 — 계획서 7-2
Robotics and AI Institute,현대자동차(주),47.5,,,Robotics and AI Institute,해외 법인 — 계획서 7-2
Hyundai Mobility (Thailand),현대자동차(주),100.0,,,Hyundai Mobility (Thailand),해외 법인 — 계획서 7-2
타이거대체일반사모부동산투자신탁318호,현대자동차(주),90.0,,,타이거대체일반사모부동산투자신탁318호,펀드·SPC·투자조합·신탁 상품·명목회사 — 계획서 7-2
HCM,현대자동차(주),100.0,,,HCM,해외 법인 — 계획서 7-2
HMMEA,현대자동차(주),100.0,,,HMMEA,해외 법인 — 계획서 7-2
에이치엠지에스 유한회사,현대자동차(주),40.8,,,에이치엠지에스 유한회사,펀드·SPC·투자조합·신탁 상품·명목회사 — 계획서 7-2
HCV&H2,현대자동차(주),100.0,,,HCV&H2,해외 법인 — 계획서 7-2
HMMY,현대자동차(주),100.0,,,HMMY,해외 법인 — 계획서 7-2
HTWO Logistics,현대자동차(주),75.0,,,HTWO Logistics,해외 법인 — 계획서 7-2
HCMMEA,현대자동차(주),100.0,,,HCMMEA,해외 법인 — 계획서 7-2
CoMo China,현대자동차(주),80.0,,,CoMo China,해외 법인 — 계획서 7-2
Factorial Fund 2 Opportunity,현대자동차(주),49.97,,,Factorial Fund 2 Opportunity,해외 법인 — 계획서 7-2
제로원3호신기술투자조합,현대자동차(주),32.0,,,제로원3호신기술투자조합,펀드·SPC·투자조합·신탁 상품·명목회사 — 계획서 7-2
이든일반사모부동산투자신탁제17호,현대자동차(주),50.0,,,이든일반사모부동산투자신탁제17호,펀드·SPC·투자조합·신탁 상품·명목회사 — 계획서 7-2
Maniv Revel Fund,현대자동차(주),32.52,,,Maniv Revel Fund,해외 법인 — 계획서 7-2
HMA,현대자동차(주),100.0,,,HMA,해외 법인 — 계획서 7-2
HMI,현대자동차(주),82.5,,,HMI,해외 법인 — 계획서 7-2
HMMC,현대자동차(주),100.0,,,HMMC,해외 법인 — 계획서 7-2
HMB,현대자동차(주),100.0,,,HMB,해외 법인 — 계획서 7-2
HMTR,현대자동차(주),97.0,,,HMTR,해외 법인 — 계획서 7-2
HT,현대자동차(주),100.0,,,HT,해외 법인 — 계획서 7-2
HMF,현대자동차(주),100.0,,,HMF,해외 법인 — 계획서 7-2
HMD,현대자동차(주),100.0,,,HMD,해외 법인 — 계획서 7-2
HMES,현대자동차(주),100.0,,,HMES,해외 법인 — 계획서 7-2
HMCI,현대자동차(주),100.0,,,HMCI,해외 법인 — 계획서 7-2
HMETC,현대자동차(주),100.0,,,HMETC,해외 법인 — 계획서 7-2
HMCIS B.V,현대자동차(주),98.35,,,HMCIS B.V,해외 법인 — 계획서 7-2
CMEs,현대자동차(주),59.6,,,CMEs,해외 법인 — 계획서 7-2
HMCA,현대자동차(주),100.0,,,HMCA,해외 법인 — 계획서 7-2
HMP,현대자동차(주),100.0,,,HMP,해외 법인 — 계획서 7-2
HME,현대자동차(주),100.0,,,HME,해외 법인 — 계획서 7-2
HATCI,현대자동차(주),100.0,,,HATCI,해외 법인 — 계획서 7-2
HMCZ,현대자동차(주),100.0,,,HMCZ,해외 법인 — 계획서 7-2
HMUK,현대자동차(주),100.0,,,HMUK,해외 법인 — 계획서 7-2
HMM,현대자동차(주),99.99,,,HMM,해외 법인 — 계획서 7-2
HMJ R&D,현대자동차(주),100.0,,,HMJ R&D,해외 법인 — 계획서 7-2
HMJ,현대자동차(주),100.0,,,HMJ,해외 법인 — 계획서 7-2
HCCA,현대자동차(주),50.0,,,HCCA,해외 법인 — 계획서 7-2
HMNL,현대자동차(주),100.0,,,HMNL,해외 법인 — 계획서 7-2
HTBR,현대자동차(주),100.0,,,HTBR,해외 법인 — 계획서 7-2
HTMV,현대자동차(주),50.0,,,HTMV,해외 법인 — 계획서 7-2
HTCV,현대자동차(주),50.0,,,HTCV,해외 법인 — 계획서 7-2
GMC,현대자동차(주),100.0,,,GMC,해외 법인 — 계획서 7-2
에이치디씨아이파크제1호 위탁관리부동산투자회사,아이파크현대산업개발(주),100.0,,,"에이치디씨아이파크제1호
위탁관리부동산투자회사",펀드·SPC·투자조합·신탁 상품·명목회사 — 계획서 7-2
에이치디씨아이파크제2호 위탁관리부동산투자회사,아이파크현대산업개발(주),100.0,,,"에이치디씨아이파크제2호
위탁관리부동산투자회사",펀드·SPC·투자조합·신탁 상품·명목회사 — 계획서 7-2
"LG H&H USA, Inc.",(주)LG생활건강,100.0,,,"LG H&H USA, Inc.",해외 법인 — 계획서 7-2
"LG Household & Health Care (Taiwan), Ltd.",(주)LG생활건강,100.0,,,"LG Household & Health Care (Taiwan), Ltd.",해외 법인 — 계획서 7-2
"LG HOUSEHOLD AND HEALTH CARE COSMETICS R AND D (SHANGHAI) CO., LTD.",(주)LG생활건강,100.0,,,"LG HOUSEHOLD AND HEALTH CARE 
COSMETICS R AND D (SHANGHAI) CO., LTD.",해외 법인 — 계획서 7-2
LG H&H Tokyo R&D Center Inc.,(주)LG생활건강,100.0,,,LG H&H Tokyo R&D Center Inc.,해외 법인 — 계획서 7-2
"Avon Manufacturing(Guangzhou), Ltd.",(주)LG생활건강,100.0,,,"Avon Manufacturing(Guangzhou), Ltd.",해외 법인 — 계획서 7-2
The Avon Company Canada Limited,(주)LG생활건강,100.0,,,The Avon Company Canada Limited,해외 법인 — 계획서 7-2
LG Household & Health Care (Thailand) Limited,(주)LG생활건강,100.0,,,LG Household & Health Care (Thailand) Limited,해외 법인 — 계획서 7-2
LG H&H Singapore Private Limited,(주)LG생활건강,100.0,,,LG H&H Singapore Private Limited,해외 법인 — 계획서 7-2
Ginza Stefany Inc.,(주)LG생활건강,100.0,,,Ginza Stefany Inc.,해외 법인 — 계획서 7-2
LG Household & Healthcare Malaysia Sdn. Bhd.,(주)LG생활건강,100.0,,,LG Household & Healthcare Malaysia Sdn. Bhd.,해외 법인 — 계획서 7-2
LG H&H UK LTD,(주)LG생활건강,100.0,,,LG H&H UK LTD,해외 법인 — 계획서 7-2
Boinca Inc.,(주)LG생활건강,56.0,,,Boinca Inc.,해외 법인 — 계획서 7-2
"The Creme Shop, Inc.",(주)LG생활건강,100.0,,,"The Creme Shop, Inc.",해외 법인 — 계획서 7-2
"IgniteXL Ventures II, LP",(주)LG생활건강,44.0,,,"IgniteXL Ventures II, LP",해외 법인 — 계획서 7-2
"Everlife Co., Ltd.",(주)LG생활건강,100.0,,,"Everlife Co., Ltd.",해외 법인 — 계획서 7-2
마크-솔리드원 뷰티인텔리전스펀드 1호,(주)LG생활건강,50.0,,,마크-솔리드원 뷰티인텔리전스펀드 1호,펀드·SPC·투자조합·신탁 상품·명목회사 — 계획서 7-2
인포뱅크 뷰티테크 벨류업 벤처투자조합,(주)LG생활건강,91.0,,,인포뱅크 뷰티테크 벨류업 벤처투자조합,펀드·SPC·투자조합·신탁 상품·명목회사 — 계획서 7-2
"LG Household & Health Care Trading (Shanghai) Co., Ltd",(주)LG생활건강,100.0,,,"LG Household & Health Care
Trading (Shanghai) Co., Ltd",해외 법인 — 계획서 7-2
"Beijing LG Household Chemical Co., Ltd.",(주)LG생활건강,78.0,,,"Beijing LG Household Chemical Co., Ltd.",해외 법인 — 계획서 7-2
LG VINA COSMETICS COMPANY LIMITED,(주)LG생활건강,60.0,,,LG VINA COSMETICS COMPANY LIMITED,해외 법인 — 계획서 7-2
(주)대신밸류리츠사모제1호위탁관리부동산투자회사,주식회사 대신밸류리츠위탁관리부동산투자회사,100.0,,,(주)대신밸류리츠사모제1호위탁관리부동산투자회사,펀드·SPC·투자조합·신탁 상품·명목회사 — 계획서 7-2
(주)대신밸류리츠사모제1호 위탁관리부동산투자회사,주식회사 대신밸류리츠위탁관리부동산투자회사,100.0,,,"(주)대신밸류리츠사모제1호
위탁관리부동산투자회사",펀드·SPC·투자조합·신탁 상품·명목회사 — 계획서 7-2
(주)대신밸류리츠사모제1호 위탁관리부동산투자회사,주식회사 대신밸류리츠위탁관리부동산투자회사,100.0,,,"(주)대신밸류리츠사모제1호
위탁관리부동산투자회사",펀드·SPC·투자조합·신탁 상품·명목회사 — 계획서 7-2
한화상업설비(상해)유한공사,한화비전(주),100.0,,,한화상업설비(상해)유한공사,해외 법인 — 계획서 7-2
"Hanwha Vision America, Inc.",한화비전(주),100.0,,,"Hanwha Vision 
America, Inc.",해외 법인 — 계획서 7-2
"Hanwha Vision Europe, Ltd.",한화비전(주),100.0,,,"Hanwha Vision
Europe, Ltd.",해외 법인 — 계획서 7-2
Hanwha Vision Middle East FZE,한화비전(주),100.0,,,"Hanwha Vision 
Middle East FZE",해외 법인 — 계획서 7-2
Hanwha Vision Vietnam Company Limited,한화비전(주),100.0,,,"Hanwha Vision 
Vietnam Company Limited",해외 법인 — 계획서 7-2
"Fabless Pioneer Holdings, Inc.",한화비전(주),84.7,,,"Fabless Pioneer 
Holdings, Inc.",해외 법인 — 계획서 7-2
㈜케이리얼티제11호위탁관리 부동산투자회사,(주)케이티씨에스,34.62,,,"㈜케이리얼티제11호위탁관리
 부동산투자회사",펀드·SPC·투자조합·신탁 상품·명목회사 — 계획서 7-2
강남제비스코(베트남),강남제비스코(주),100.0,,,강남제비스코(베트남),해외 법인 — 계획서 7-2
북경덕양중차기차영 부건유한회사,디와이덕양(주),60.0,,,"북경덕양중차기차영
부건유한회사",펀드·SPC·투자조합·신탁 상품·명목회사 — 계획서 7-2
DY DEOKYANG AMERICA,디와이덕양(주),100.0,,,DY DEOKYANG AMERICA,해외 법인 — 계획서 7-2
선양화성덕양자동차 부품유한회사,디와이덕양(주),50.0,,,"선양화성덕양자동차
부품유한회사",펀드·SPC·투자조합·신탁 상품·명목회사 — 계획서 7-2
티케이지브이 1호 신기술사업투자조합,티케이지휴켐스(주),88.18,,,티케이지브이 1호 신기술사업투자조합,펀드·SPC·투자조합·신탁 상품·명목회사 — 계획서 7-2
티케이지브이 2호 신기술사업투자조합*,티케이지휴켐스(주),65.0,,,티케이지브이 2호 신기술사업투자조합*,펀드·SPC·투자조합·신탁 상품·명목회사 — 계획서 7-2
티케이지브이 3호 신기술사업투자조합,티케이지휴켐스(주),98.39,,,티케이지브이 3호 신기술사업투자조합,펀드·SPC·투자조합·신탁 상품·명목회사 — 계획서 7-2
CONG TY TNHH MIRAE CORPORATION VINA,미래산업(주),100.0,,,CONG TY TNHH MIRAE CORPORATION VINA (*3),해외 법인 — 계획서 7-2
Suzhou Mirae Automation,미래산업(주),100.0,,,Suzhou Mirae Automation,해외 법인 — 계획서 7-2
Ilsung Development LLC.,일성건설(주),100.0,,,Ilsung Development LLC.,해외 법인 — 계획서 7-2
ILSUNG VICTORIA PARAGUAY S.A.,일성건설(주),99.8,,,ILSUNG VICTORIA PARAGUAY S.A.,해외 법인 — 계획서 7-2
"ILSUNG-KR JV Co., Ltd.",일성건설(주),100.0,,,"ILSUNG-KR JV Co., Ltd.",해외 법인 — 계획서 7-2
PT TERRA LINK TECHNOLOGIES,현대오토에버(주),60.0,,,PT TERRA LINK TECHNOLOGIES,해외 법인 — 계획서 7-2
"Beijing Hyundai information Technology Co., Ltd.",현대오토에버(주),50.0,,,"Beijing Hyundai information Technology Co., Ltd.",해외 법인 — 계획서 7-2
북경마이카스웨이정보기술유한공사,현대오토에버(주),50.0,,,북경마이카스웨이정보기술유한공사,해외 법인 — 계획서 7-2
"Autoever Systems China Co., Ltd.",현대오토에버(주),100.0,,,"Autoever Systems China Co., Ltd.",해외 법인 — 계획서 7-2
Hyundai Autoever India Pvt. Ltd.,현대오토에버(주),100.0,,,Hyundai Autoever India Pvt. Ltd.,해외 법인 — 계획서 7-2
Hyundai Autoever Europe GmbH,현대오토에버(주),100.0,,,Hyundai Autoever Europe GmbH,해외 법인 — 계획서 7-2
"Autoever Systems America, Inc.",현대오토에버(주),100.0,,,"Autoever Systems America, Inc.",해외 법인 — 계획서 7-2
Hyundai Autoever Brasil Tecnologia da Informacao Ltda.,현대오토에버(주),100.0,,,Hyundai Autoever Brasil Tecnologia da Informacao Ltda.,해외 법인 — 계획서 7-2
"Hyundai Autoever Mexico, S. DE R.L. DE C.V",현대오토에버(주),100.0,,,"Hyundai Autoever Mexico, S. DE R.L. DE C.V",해외 법인 — 계획서 7-2
PT Hyundai Autoever Indonesia,현대오토에버(주),100.0,,,PT Hyundai Autoever Indonesia,해외 법인 — 계획서 7-2
한화해양공정(산동)유한공사,한화오션(주),100.0,,,한화해양공정(산동)유한공사,해외 법인 — 계획서 7-2
DSME Kazakhstan LLP,한화오션(주),100.0,,,DSME Kazakhstan LLP,해외 법인 — 계획서 7-2
PT DSME Indonesia,한화오션(주),95.0,,,PT DSME Indonesia,해외 법인 — 계획서 7-2
DY Shipping Ltd.,한화오션(주),100.0,,,DY Shipping Ltd.,해외 법인 — 계획서 7-2
DY Tankers Ltd.,한화오션(주),100.0,,,DY Tankers Ltd.,해외 법인 — 계획서 7-2
DY Maritime Ltd.,한화오션(주),100.0,,,DY Maritime Ltd.,해외 법인 — 계획서 7-2
DY Destiny Ltd.,한화오션(주),100.0,,,DY Destiny Ltd.,해외 법인 — 계획서 7-2
Hanwha Ocean USA Holdings Corp.,한화오션(주),100.0,,,Hanwha Ocean USA Holdings Corp.,해외 법인 — 계획서 7-2
"Shandong Lukang Biotechnology Development Co., Ltd.",(주)오리온홀딩스,50.0,,,"Shandong Lukang
Biotechnology
Development Co., Ltd.",해외 법인 — 계획서 7-2
"Shanghai Anilam Biologics Co., Ltd",(주)오리온홀딩스,77.0,,,"Shanghai Anilam
Biologics Co., Ltd",해외 법인 — 계획서 7-2
대전용산개발㈜,부국증권(주),50.0,,,대전용산개발㈜(우선주),우선주 등 — 지배력 판단에 쓰지 않음
파주문화공작소,부국증권(주),99.9,,,파주문화공작소(우선주),우선주 등 — 지배력 판단에 쓰지 않음
,(주)한창,,,,,"출자현황 자료 없음 — 원문 확인, 필요하면 수동 입력 파일에 적음 (2025 사업보고서 표 형식 아님(숫자 지분율 없음); 2025 3분기보고서 표 형식 아님(숫자 지분율 없음); 2025 반기보고서 표 형식 아님(숫자 지분율 없음); 2024 사업보고서 표 형식 아님(숫자 지분율 없음))"
Volta Energy Solutions S.a r.l .,솔루스첨단소재 주식회사,54.31,,,"Volta Energy
Solutions
S.a r.l .",해외 법인 — 계획서 7-2
솔루스 고신재료창수 유한공사,솔루스첨단소재 주식회사,100.0,,,"솔루스
고신재료창수
유한공사",해외 법인 — 계획서 7-2
청도삼영전자유한공사,삼영전자공업(주),100.0,,,청도삼영전자유한공사,해외 법인 — 계획서 7-2
SAJO AMERICA,사조산업(주),100.0,,,SAJO AMERICA,해외 법인 — 계획서 7-2
YANTAR CO,사조산업(주),50.0,,,YANTAR CO,해외 법인 — 계획서 7-2
ORION CO,사조산업(주),49.0,,,ORION CO,해외 법인 — 계획서 7-2
KSFC,사조산업(주),49.0,,,KSFC,해외 법인 — 계획서 7-2
TUSA,사조산업(주),48.0,,,TUSA,해외 법인 — 계획서 7-2
SAJO VANUATU,사조산업(주),100.0,,,SAJO VANUATU,해외 법인 — 계획서 7-2
세아윈드 RCPS,(주)세아제강,36.74,,,세아윈드 RCPS,우선주 등 — 지배력 판단에 쓰지 않음
스타트업 코리아 제피러스 혁신펀드,KG스틸(주),80.25,,,스타트업 코리아 제피러스 혁신펀드,펀드·SPC·투자조합·신탁 상품·명목회사 — 계획서 7-2
동부Singapore Pte. Ltd.,KG스틸(주),100.0,,,동부Singapore Pte. Ltd.,해외 법인 — 계획서 7-2
제피러스모빌리티벤처투자조합13호,KG스틸(주),99.0,,,제피러스모빌리티벤처투자조합13호(주2),펀드·SPC·투자조합·신탁 상품·명목회사 — 계획서 7-2
지베스코일반투자형사모부동산투자신탁1호,지에스건설(주),99.7,,,지베스코일반투자형사모부동산투자신탁1호,펀드·SPC·투자조합·신탁 상품·명목회사 — 계획서 7-2
"GS Redlands, LLC",지에스건설(주),100.0,,,"GS Redlands, LLC",해외 법인 — 계획서 7-2
"GS MINH HUNG SIKICO CO., LTD.",지에스건설(주),51.0,,,"GS MINH HUNG SIKICO CO., LTD.",해외 법인 — 계획서 7-2
"GS E&C Development (Thailand) Co., Ltd",지에스건설(주),100.0,,,"GS E&C Development (Thailand) Co., Ltd",해외 법인 — 계획서 7-2
GS SPV PTY LTD,지에스건설(주),100.0,,,GS SPV PTY LTD,해외 법인 — 계획서 7-2
The Trustee for GS NEL Trust,지에스건설(주),100.0,,,The Trustee for GS NEL Trust,해외 법인 — 계획서 7-2
GSFC FUND I LLC,지에스건설(주),100.0,,,GSFC FUND I LLC,해외 법인 — 계획서 7-2
ZEIT DEVELOPMENT POLAND LLC,지에스건설(주),100.0,,,ZEIT DEVELOPMENT POLAND LLC,해외 법인 — 계획서 7-2
"400 LOGUE LP, LLC",지에스건설(주),100.0,,,"400 LOGUE LP, LLC",해외 법인 — 계획서 7-2
"400 LOGUE GP, LLC",지에스건설(주),100.0,,,"400 LOGUE GP, LLC",해외 법인 — 계획서 7-2
햇들원지붕형태양광1호㈜,지에스건설(주),100.0,,,햇들원지붕형태양광1호㈜,펀드·SPC·투자조합·신탁 상품·명목회사 — 계획서 7-2
"Zeit Homes, Inc.",지에스건설(주),100.0,,,"Zeit Homes, Inc.",해외 법인 — 계획서 7-2
Urban Gateway Fund I Limited,지에스건설(주),41.0,,,Urban Gateway Fund I Limited(*1),해외 법인 — 계획서 7-2
엑스플로-스마트시티투자조합1호,지에스건설(주),95.0,,,엑스플로-스마트시티투자조합1호,펀드·SPC·투자조합·신탁 상품·명목회사 — 계획서 7-2
Zeit Green Development India Pvt. Ltd.,지에스건설(주),100.0,,,Zeit Green Development India Pvt. Ltd.,해외 법인 — 계획서 7-2
파빌리온엠씨클라이밋테크제일호사모투자합자회사,지에스건설(주),39.2,,,파빌리온엠씨클라이밋테크제일호사모투자합자회사,펀드·SPC·투자조합·신탁 상품·명목회사 — 계획서 7-2
사상해운대고속도로㈜,지에스건설(주),65.0,,,사상해운대고속도로㈜(*1),해외 법인 — 계획서 7-2
엑스플로-오픈이노베이션투자조합,지에스건설(주),90.0,,,엑스플로-오픈이노베이션투자조합,펀드·SPC·투자조합·신탁 상품·명목회사 — 계획서 7-2
GAYA STRATEGIC ENTERPRISE CORPORATION PTE. LTD.,지에스건설(주),100.0,,,GAYA STRATEGIC ENTERPRISE CORPORATION PTE. LTD.,해외 법인 — 계획서 7-2
햇들원지붕형태양광2호㈜,지에스건설(주),100.0,,,햇들원지붕형태양광2호㈜,펀드·SPC·투자조합·신탁 상품·명목회사 — 계획서 7-2
GS E&C Brazil Ltda.,지에스건설(주),100.0,,,GS E&C Brazil Ltda.,해외 법인 — 계획서 7-2
지베스코일반사모부동산투자회사1호,지에스건설(주),34.5,,,지베스코일반사모부동산투자회사1호,펀드·SPC·투자조합·신탁 상품·명목회사 — 계획서 7-2
이지스일반사모부동산투자신탁제462호,지에스건설(주),30.8,,,이지스일반사모부동산투자신탁제462호,펀드·SPC·투자조합·신탁 상품·명목회사 — 계획서 7-2
GS E&C INDIA PRIVATE LIMITED,지에스건설(주),100.0,,,GS E&C INDIA PRIVATE LIMITED,해외 법인 — 계획서 7-2
VGSI ELEVATOR LIMITED LIABILITY COMPANY,지에스건설(주),100.0,,,VGSI ELEVATOR LIMITED LIABILITY COMPANY,해외 법인 — 계획서 7-2
VGSI ALUMINIUM FORM LIMITED LIABILITY COMPANY,지에스건설(주),100.0,,,VGSI ALUMINIUM FORM LIMITED LIABILITY COMPANY,해외 법인 — 계획서 7-2
VGSI PILE LIMITED LIABILITY COMPANY,지에스건설(주),100.0,,,VGSI PILE LIMITED LIABILITY COMPANY,해외 법인 — 계획서 7-2
PHU MY INNOVATIVE MATERIALS LIMITED LIABILITY COMPANY,지에스건설(주),100.0,,,PHU MY INNOVATIVE MATERIALS LIMITED LIABILITY COMPANY,해외 법인 — 계획서 7-2
GS E&C USA Inc,지에스건설(주),100.0,,,GS E&C USA Inc,해외 법인 — 계획서 7-2
GS Construction Arabia Sole Proprietorship Ltd,지에스건설(주),100.0,,,GS Construction Arabia Sole Proprietorship Ltd,해외 법인 — 계획서 7-2
"GS E&C Nanjing Co.,Ltd.",지에스건설(주),100.0,,,"GS E&C Nanjing Co.,Ltd.",해외 법인 — 계획서 7-2
GS E&C POLAND SP.ZO.O,지에스건설(주),100.0,,,GS E&C POLAND SP.ZO.O,해외 법인 — 계획서 7-2
GS Engineering & Construction Mumbai Pvt. Ltd.,지에스건설(주),100.0,,,GS Engineering & Construction Mumbai Pvt. Ltd.,해외 법인 — 계획서 7-2
Vietnam GS Industry One-Member LLC,지에스건설(주),100.0,,,Vietnam GS Industry One-Member LLC,해외 법인 — 계획서 7-2
Vietnam GS Enterprise One Member LLC,지에스건설(주),100.0,,,Vietnam GS Enterprise One Member LLC,해외 법인 — 계획서 7-2
"GS Engineering & Construction Spain, S.L.",지에스건설(주),100.0,,,"GS Engineering & Construction Spain, S.L.",해외 법인 — 계획서 7-2
GS Village Lake LLC,지에스건설(주),100.0,,,GS Village Lake LLC,해외 법인 — 계획서 7-2
PALA-POWER GENERAL CONSTRUCTION SERVICE (PROPRIETARY) LIMITED,지에스건설(주),100.0,,,PALA-POWER GENERAL CONSTRUCTION SERVICE (PROPRIETARY) LIMITED,해외 법인 — 계획서 7-2
GS ENGINEERING & CONSTRUCTION AUSTRALIA PTY LTD,지에스건설(주),100.0,,,GS ENGINEERING & CONSTRUCTION AUSTRALIA PTY LTD,해외 법인 — 계획서 7-2
PT. GSENC Development Indonesia,지에스건설(주),100.0,,,PT. GSENC Development Indonesia,해외 법인 — 계획서 7-2
GS CONSTRUCTION MIDDLE EAST - SOLE PROPRIETORSHIP L.L.C.,지에스건설(주),100.0,,,GS CONSTRUCTION MIDDLE EAST - SOLE PROPRIETORSHIP L.L.C.,해외 법인 — 계획서 7-2
GS Property Mountain View LLC,지에스건설(주),100.0,,,GS Property Mountain View LLC,해외 법인 — 계획서 7-2
CHERVONA GORA EKO,지에스건설(주),100.0,,,CHERVONA GORA EKO,해외 법인 — 계획서 7-2
GS Real Estate Development Company,지에스건설(주),100.0,,,GS Real Estate Development Company,해외 법인 — 계획서 7-2
Elements (Europe) Limited,지에스건설(주),75.0,,,Elements (Europe) Limited(*1),해외 법인 — 계획서 7-2
"777 WMF, LLC",지에스건설(주),100.0,,,"777 WMF, LLC",해외 법인 — 계획서 7-2
RENEW SOLAR ENERGY (JHARKHAND THREE) PRIVATE LIMITED,지에스건설(주),49.0,,,RENEW SOLAR ENERGY (JHARKHAND THREE) PRIVATE LIMITED,해외 법인 — 계획서 7-2
GS Real Estate Development Company London Ltd.,지에스건설(주),100.0,,,GS Real Estate Development Company London Ltd.,해외 법인 — 계획서 7-2
S.I.M JAPAN,삼천리(주),100.0,,,S.I.M JAPAN,해외 법인 — 계획서 7-2
삼천리제1호 스노우볼투자조합,삼천리(주),50.0,,,삼천리제1호 스노우볼투자조합,펀드·SPC·투자조합·신탁 상품·명목회사 — 계획서 7-2
스타트업코리아 삼천리제1호 초격차투자조합,삼천리(주),50.0,,,스타트업코리아 삼천리제1호 초격차투자조합,펀드·SPC·투자조합·신탁 상품·명목회사 — 계획서 7-2
미래에셋-삼천리글로벌혁신기업투자조합,삼천리(주),50.0,,,미래에셋-삼천리글로벌혁신기업투자조합,펀드·SPC·투자조합·신탁 상품·명목회사 — 계획서 7-2
"SIM, a California Corporation",삼천리(주),100.0,,,"SIM, a California Corporation(주1)",해외 법인 — 계획서 7-2
염성세종기차배건유한공사,에스제이지세종(주),100.0,,,염성세종기차배건유한공사,해외 법인 — 계획서 7-2
북경세종기차배건유한공사,에스제이지세종(주),100.0,,,북경세종기차배건유한공사,해외 법인 — 계획서 7-2
"SJG America, Inc.",에스제이지세종(주),100.0,,,"SJG America, Inc.",해외 법인 — 계획서 7-2
SJG Czech S.R.O,에스제이지세종(주),100.0,,,SJG Czech S.R.O,해외 법인 — 계획서 7-2
SJG Slovakia S.R.O,에스제이지세종(주),100.0,,,SJG Slovakia S.R.O,해외 법인 — 계획서 7-2
SJG Russia LLC,에스제이지세종(주),100.0,,,SJG Russia LLC,해외 법인 — 계획서 7-2
SJG Mexico s de rl de cv,에스제이지세종(주),99.96,,,SJG Mexico s de rl de cv,해외 법인 — 계획서 7-2
SJG SEJONG VIKAS PVT. LTD.,에스제이지세종(주),74.0,,,SJG SEJONG VIKAS PVT. LTD.(*3),해외 법인 — 계획서 7-2
세종써밋인도네시아,에스제이지세종(주),60.0,,,세종써밋인도네시아,해외 법인 — 계획서 7-2
HIN,(주)화신,100.0,,,HIN,해외 법인 — 계획서 7-2
TCHS,(주)화신,40.0,,,TCHS,해외 법인 — 계획서 7-2
HPN,(주)화신,100.0,,,HPN,해외 법인 — 계획서 7-2
HBJ,(주)화신,100.0,,,HBJ,해외 법인 — 계획서 7-2
HAL,(주)화신,100.0,,,HAL,해외 법인 — 계획서 7-2
HGA,(주)화신,100.0,,,HGA,해외 법인 — 계획서 7-2
HBR,(주)화신,100.0,,,HBR,해외 법인 — 계획서 7-2
"HYUNDAI LIVART VINA CO.,LTD",(주)현대리바트,100.0,,,"HYUNDAI LIVART VINA CO.,LTD",해외 법인 — 계획서 7-2
"LIVART CANADA CO.,LTD",(주)현대리바트,100.0,,,"LIVART CANADA CO.,LTD",해외 법인 — 계획서 7-2
현대휘상무역(상해)유한공사,(주)현대리바트,100.0,,,현대휘상무역(상해)유한공사,해외 법인 — 계획서 7-2
HNS INDUSTRIES SDN. BHD.,(주)현대리바트,100.0,,,HNS INDUSTRIES SDN. BHD.,해외 법인 — 계획서 7-2
PT HYUNDAI LIVART INDONESIA,(주)현대리바트,99.75,,,PT HYUNDAI LIVART INDONESIA,해외 법인 — 계획서 7-2
STX HI Malaysia Sdn. Bhd.(*),에이치디현대마린엔진(주),100.0,,,STX HI Malaysia Sdn. Bhd.(*),해외 법인 — 계획서 7-2
TWI농식품상생투자조합,CJ제일제당(주),40.0,,,TWI농식품상생투자조합,펀드·SPC·투자조합·신탁 상품·명목회사 — 계획서 7-2
바이오헬스케어펀드,CJ제일제당(주),98.68,,,바이오헬스케어펀드,펀드·SPC·투자조합·신탁 상품·명목회사 — 계획서 7-2
글로벌 혁신성장 펀드,CJ제일제당(주),44.8,,,글로벌 혁신성장 펀드,펀드·SPC·투자조합·신탁 상품·명목회사 — 계획서 7-2
스마트바이오펀드,CJ제일제당(주),39.58,,,스마트바이오펀드,펀드·SPC·투자조합·신탁 상품·명목회사 — 계획서 7-2
스파크랩 프론티어랩스 제1호 펀드,CJ제일제당(주),98.96,,,스파크랩 프론티어랩스 제1호 펀드,펀드·SPC·투자조합·신탁 상품·명목회사 — 계획서 7-2
글로벌혁신성장펀드Ⅱ,CJ제일제당(주),38.46,,,글로벌혁신성장펀드Ⅱ,펀드·SPC·투자조합·신탁 상품·명목회사 — 계획서 7-2
티피넥스트젠펀드,CJ제일제당(주),75.0,,,티피넥스트젠펀드,펀드·SPC·투자조합·신탁 상품·명목회사 — 계획서 7-2
CJ AMERICA INC.,CJ제일제당(주),100.0,,,CJ AMERICA INC.,해외 법인 — 계획서 7-2
"CJ CHINA, LTD.",CJ제일제당(주),100.0,,,"CJ CHINA, LTD.",해외 법인 — 계획서 7-2
PT CHEILJEDANG INDONESIA,CJ제일제당(주),99.99,,,PT CHEILJEDANG INDONESIA,해외 법인 — 계획서 7-2
CJ EUROPE GMBH.,CJ제일제당(주),100.0,,,CJ EUROPE GMBH.,해외 법인 — 계획서 7-2
"CJ LIAOCHENG BIOTECH CO., LTD.",CJ제일제당(주),100.0,,,"CJ LIAOCHENG BIOTECH CO., LTD.",해외 법인 — 계획서 7-2
"CJ INTERNATIONAL TRADING CO., LTD.",CJ제일제당(주),100.0,,,"CJ INTERNATIONAL TRADING CO., LTD.",해외 법인 — 계획서 7-2
CJ GLOBAL HOLDINGS LTD.,CJ제일제당(주),100.0,,,CJ GLOBAL HOLDINGS LTD.,해외 법인 — 계획서 7-2
"CJ (SHENYANG) BIOTECH CO., LTD.",CJ제일제당(주),100.0,,,"CJ (SHENYANG) BIOTECH CO., LTD.",해외 법인 — 계획서 7-2
CJ SE ASIA PTE. LTD.,CJ제일제당(주),100.0,,,CJ SE ASIA PTE. LTD.,해외 법인 — 계획서 7-2
"CJ CHINA CONSULTING, LTD.",CJ제일제당(주),100.0,,,"CJ CHINA CONSULTING, LTD.",해외 법인 — 계획서 7-2
"CJ FEED INGREDIENT VIETNAM CO., LTD.",CJ제일제당(주),100.0,,,"CJ FEED INGREDIENT VIETNAM CO., LTD.",해외 법인 — 계획서 7-2
CJ RAVIOLLO RUS,CJ제일제당(주),100.0,,,CJ RAVIOLLO RUS,해외 법인 — 계획서 7-2
CJ LATAM PARTICIPACOES LTD,CJ제일제당(주),100.0,,,CJ LATAM PARTICIPACOES LTD,해외 법인 — 계획서 7-2
CJ MAINFROST FOODS GMBH,CJ제일제당(주),100.0,,,CJ MAINFROST FOODS GMBH,해외 법인 — 계획서 7-2
CJ FOODS AMERICA HOLDINGS CORP.,CJ제일제당(주),100.0,,,CJ FOODS AMERICA HOLDINGS CORP.,해외 법인 — 계획서 7-2
CJ SELECTA S.A.,CJ제일제당(주),44.0,,,CJ SELECTA S.A.,해외 법인 — 계획서 7-2
"CJ BIOMATERIALS, INC",CJ제일제당(주),100.0,,,"CJ BIOMATERIALS, INC",해외 법인 — 계획서 7-2
BATAVIA BIOSCIENCES B.V.,CJ제일제당(주),83.88,,,BATAVIA BIOSCIENCES B.V.,해외 법인 — 계획서 7-2
"CJ FOODS SALES UK, LTD",CJ제일제당(주),100.0,,,"CJ FOODS SALES UK, LTD",해외 법인 — 계획서 7-2
CJ FOODS ASIA HOLDINGS LIMITED,CJ제일제당(주),100.0,,,CJ FOODS ASIA HOLDINGS LIMITED,해외 법인 — 계획서 7-2
씨제이이노베이션펀드,CJ제일제당(주),40.0,,,씨제이이노베이션펀드,펀드·SPC·투자조합·신탁 상품·명목회사 — 계획서 7-2
"A-Best Co., Ltd.",CJ제일제당(주),49.04,,,"A-Best Co., Ltd.",해외 법인 — 계획서 7-2
A-BEST Global Holding Company,CJ제일제당(주),49.0,,,A-BEST Global Holding Company,해외 법인 — 계획서 7-2
CJ Foods Malaysia Sdn. Bhd,CJ제일제당(주),100.0,,,CJ Foods Malaysia Sdn. Bhd,해외 법인 — 계획서 7-2
CJ Foods France SAS,CJ제일제당(주),100.0,,,CJ Foods France SAS,해외 법인 — 계획서 7-2
CJ Foods Hungary Kft,CJ제일제당(주),100.0,,,CJ Foods Hungary Kft,해외 법인 — 계획서 7-2
프론티어랩스2호,CJ제일제당(주),98.04,,,프론티어랩스2호,펀드·SPC·투자조합·신탁 상품·명목회사 — 계획서 7-2
씨제이농식품지역발전펀드,CJ제일제당(주),45.45,,,씨제이농식품지역발전펀드,펀드·SPC·투자조합·신탁 상품·명목회사 — 계획서 7-2
LX Hausys India Private Limited,(주)엘엑스하우시스,100.0,,,LX Hausys India Private Limited,해외 법인 — 계획서 7-2
"LX Hausys (Wuxi) Co., Ltd.",(주)엘엑스하우시스,100.0,,,"LX Hausys (Wuxi) Co., Ltd.",해외 법인 — 계획서 7-2
"LX Hausys Canada, Inc",(주)엘엑스하우시스,100.0,,,"LX Hausys Canada, Inc",해외 법인 — 계획서 7-2
"LX Hausys Mexico, Ltd.",(주)엘엑스하우시스,100.0,,,"LX Hausys Mexico, Ltd.",해외 법인 — 계획서 7-2
"LX Hausys Tianjin Co., Ltd.",(주)엘엑스하우시스,100.0,,,"LX Hausys Tianjin Co., Ltd.",해외 법인 — 계획서 7-2
"LX Hausys America, Inc.",(주)엘엑스하우시스,100.0,,,"LX Hausys America, Inc.",해외 법인 — 계획서 7-2
LX Hausys Europe GmbH,(주)엘엑스하우시스,100.0,,,LX Hausys Europe GmbH,해외 법인 — 계획서 7-2
"LX Hausys RUS, LLC",(주)엘엑스하우시스,100.0,,,"LX Hausys RUS, LLC",해외 법인 — 계획서 7-2
HD Hyundai Marine Solution Europe B.V.,에이치디현대마린솔루션(주),100.0,,,HD Hyundai Marine Solution Europe B.V.,해외 법인 — 계획서 7-2
"HD Hyundai Marine Solution Americas Co., Ltd.",에이치디현대마린솔루션(주),100.0,,,"HD Hyundai Marine Solution Americas Co., Ltd.",해외 법인 — 계획서 7-2
HD Hyundai Marine Solution Singapore Pte. Ltd.,에이치디현대마린솔루션(주),100.0,,,HD Hyundai Marine Solution Singapore Pte. Ltd.,해외 법인 — 계획서 7-2
HD Hyundai Marine Solution Middle East FZE,에이치디현대마린솔루션(주),100.0,,,HD Hyundai Marine Solution Middle East FZE,해외 법인 — 계획서 7-2
사단법인용연4공구공업용수관리조합,에스케이케미칼(주),31.7,,,사단법인용연4공구공업용수관리조합,펀드·SPC·투자조합·신탁 상품·명목회사 — 계획서 7-2
SK환보재료(연태)유한공사,에스케이케미칼(주),100.0,,,SK환보재료(연태)유한공사,해외 법인 — 계획서 7-2
SK환보재료(상해)유한공사,에스케이케미칼(주),100.0,,,SK환보재료(상해)유한공사,해외 법인 — 계획서 7-2
Shuye-SK환보재료(산터우)유한회사,에스케이케미칼(주),100.0,,,Shuye-SK환보재료(산터우)유한회사,펀드·SPC·투자조합·신탁 상품·명목회사 — 계획서 7-2
SK Chemicals America,에스케이케미칼(주),100.0,,,SK Chemicals America,해외 법인 — 계획서 7-2
SK Chemicals GmbH,에스케이케미칼(주),100.0,,,SK Chemicals GmbH,해외 법인 — 계획서 7-2
SK Chemicals Malaysia,에스케이케미칼(주),100.0,,,SK Chemicals Malaysia,해외 법인 — 계획서 7-2
(주)엔에이치제3호위탁관리부동산투자회사,㈜엔에이치올원위탁관리부동산투자회사,100.0,,,(주)엔에이치제3호위탁관리부동산투자회사,펀드·SPC·투자조합·신탁 상품·명목회사 — 계획서 7-2
(주)엔에이치제5호위탁관리부동산투자회사,㈜엔에이치올원위탁관리부동산투자회사,100.0,,,(주)엔에이치제5호위탁관리부동산투자회사,펀드·SPC·투자조합·신탁 상품·명목회사 — 계획서 7-2
(주)엔에이치제7호위탁관리부동산투자회사,㈜엔에이치올원위탁관리부동산투자회사,100.0,,,(주)엔에이치제7호위탁관리부동산투자회사,펀드·SPC·투자조합·신탁 상품·명목회사 — 계획서 7-2
(주)엔에이치제9호위탁관리부동산투자회사,㈜엔에이치올원위탁관리부동산투자회사,100.0,,,(주)엔에이치제9호위탁관리부동산투자회사,펀드·SPC·투자조합·신탁 상품·명목회사 — 계획서 7-2
(주)엔에이치제3호위탁관리부동산투자회사,㈜엔에이치올원위탁관리부동산투자회사,100.0,,,(주)엔에이치제3호위탁관리부동산투자회사,펀드·SPC·투자조합·신탁 상품·명목회사 — 계획서 7-2
(주)엔에이치제5호위탁관리부동산투자회사,㈜엔에이치올원위탁관리부동산투자회사,100.0,,,(주)엔에이치제5호위탁관리부동산투자회사,펀드·SPC·투자조합·신탁 상품·명목회사 — 계획서 7-2
(주)엔에이치제7호위탁관리부동산투자회사,㈜엔에이치올원위탁관리부동산투자회사,100.0,,,(주)엔에이치제7호위탁관리부동산투자회사,펀드·SPC·투자조합·신탁 상품·명목회사 — 계획서 7-2
(주)엔에이치제9호위탁관리부동산투자회사,㈜엔에이치올원위탁관리부동산투자회사,100.0,,,(주)엔에이치제9호위탁관리부동산투자회사,펀드·SPC·투자조합·신탁 상품·명목회사 — 계획서 7-2
보령디헬스커버리 합자조합1호,(주)보령,93.0,,,보령디헬스커버리 합자조합1호,펀드·SPC·투자조합·신탁 상품·명목회사 — 계획서 7-2
북경보령의약과기유한공사,(주)보령,100.0,,,북경보령의약과기유한공사,해외 법인 — 계획서 7-2
Boryung Inc.,(주)보령,100.0,,,Boryung Inc.,해외 법인 — 계획서 7-2
"HAYAN I, L.P.",(주)보령,98.0,,,"HAYAN I, L.P.",해외 법인 — 계획서 7-2
KB 리더스일반사모증권 투자신탁 제34호(채권),주식회사 DB하이텍,99.52,,,"KB 리더스일반사모증권
 투자신탁 제34호(채권)",펀드·SPC·투자조합·신탁 상품·명목회사 — 계획서 7-2
코레이트베스트공모주일반사모혼합자산투자신탁,주식회사 DB하이텍,99.34,,,코레이트베스트공모주일반사모혼합자산투자신탁,펀드·SPC·투자조합·신탁 상품·명목회사 — 계획서 7-2
스틱 공모주 일반사모 혼합자산 투자신탁 제2호(전문),주식회사 DB하이텍,98.73,,,스틱 공모주 일반사모 혼합자산 투자신탁 제2호(전문),펀드·SPC·투자조합·신탁 상품·명목회사 — 계획서 7-2
교보증권 하이 공모주 일반사모투자신탁,주식회사 DB하이텍,98.52,,,교보증권 하이 공모주 일반사모투자신탁,펀드·SPC·투자조합·신탁 상품·명목회사 — 계획서 7-2
현대인베스트먼트디딤글로벌멀티에셋스마트 EMP증권자투자신탁1호(혼합-재간접형),주식회사 DB하이텍,97.59,,,현대인베스트먼트디딤글로벌멀티에셋스마트 EMP증권자투자신탁1호(혼합-재간접형),펀드·SPC·투자조합·신탁 상품·명목회사 — 계획서 7-2
DBOCIO자산배분안정형증권투자신탁,주식회사 DB하이텍,73.77,,,DBOCIO자산배분안정형증권투자신탁[혼합-재간접형],펀드·SPC·투자조합·신탁 상품·명목회사 — 계획서 7-2
디비(DB)신기술투자조합 1호,주식회사 DB하이텍,51.64,,,디비(DB)신기술투자조합 1호,펀드·SPC·투자조합·신탁 상품·명목회사 — 계획서 7-2
디비(DB) 하이테크시너지 1호,주식회사 DB하이텍,87.5,,,디비(DB) 하이테크시너지 1호,펀드·SPC·투자조합·신탁 상품·명목회사 — 계획서 7-2
미래에셋헤지펀드셀렉션혼합자산자투자신탁(사모투자재간접형),주식회사 DB하이텍,39.41,,,미래에셋헤지펀드셀렉션혼합자산자투자신탁(사모투자재간접형),펀드·SPC·투자조합·신탁 상품·명목회사 — 계획서 7-2
DBH USA,주식회사 DB하이텍,100.0,,,DBH USA,해외 법인 — 계획서 7-2
"DB(Shanghai) Hitek Co., Ltd",주식회사 DB하이텍,100.0,,,"DB(Shanghai) Hitek Co., Ltd",해외 법인 — 계획서 7-2
DB다같이일반사모증권 투자신탁제100호,주식회사 DB하이텍,99.95,,,"DB다같이일반사모증권
 투자신탁제100호[채권]",펀드·SPC·투자조합·신탁 상품·명목회사 — 계획서 7-2
"It's skin China Co., Ltd.",(주)잇츠한불,100.0,,,"It's skin China Co., Ltd.",해외 법인 — 계획서 7-2
엘리베이션제5호 사모투자 합자회사,(주)잇츠한불,75.0,,,엘리베이션제5호 사모투자 합자회사,펀드·SPC·투자조합·신탁 상품·명목회사 — 계획서 7-2
오비트-상투스 딥테크 1호 신기술사업투자조합,(주)잇츠한불,34.79,,,오비트-상투스 딥테크 1호 신기술사업투자조합,펀드·SPC·투자조합·신탁 상품·명목회사 — 계획서 7-2
알더동유 신기술투자조합(무신사),(주)잇츠한불,47.28,,,알더동유 신기술투자조합(무신사),펀드·SPC·투자조합·신탁 상품·명목회사 — 계획서 7-2
IT'S SKIN JAPAN. LLC,(주)잇츠한불,99.89,,,IT'S SKIN JAPAN. LLC(주1),해외 법인 — 계획서 7-2
SELF-DRIVE.US INC.,디와이피(주),50.5,,,SELF-DRIVE.US INC.,해외 법인 — 계획서 7-2
차세대에너지 벤처투자조합 1호,주식회사 이수스페셜티케미컬,85.68,,,차세대에너지 벤처투자조합 1호 (주1),펀드·SPC·투자조합·신탁 상품·명목회사 — 계획서 7-2
"ISU Specialty Chemical Japan Co., Ltd.",주식회사 이수스페셜티케미컬,100.0,,,"ISU Specialty Chemical Japan Co., Ltd.",해외 법인 — 계획서 7-2
"TMVI MANUFACTURING CO., LTD.",티피(주),100.0,,,"TMVI MANUFACTURING CO., LTD.",해외 법인 — 계획서 7-2
PT. TMNK MANUFACTURING WORLDWIDE,티피(주),99.98,,,PT. TMNK MANUFACTURING WORLDWIDE,해외 법인 — 계획서 7-2
"CNJ PRAUDEN CO., LTD.",티피(주),100.0,,,"CNJ PRAUDEN CO., LTD.",해외 법인 — 계획서 7-2
"TMPA APPAREL MANUFACTURING CO.,LTD.",티피(주),100.0,,,"TMPA APPAREL MANUFACTURING CO.,LTD.(*3)",해외 법인 — 계획서 7-2
PT. TMNC MANUFACTURING INTERNATIONAL,티피(주),99.97,,,PT. TMNC MANUFACTURING INTERNATIONAL(*2),해외 법인 — 계획서 7-2
"TMVA MANUFACTURING CO., LTD",티피(주),100.0,,,"TMVA MANUFACTURING CO., LTD",해외 법인 — 계획서 7-2
"TMVW MANUFACTURING CO., LTD.",티피(주),100.0,,,"TMVW MANUFACTURING CO., LTD.",해외 법인 — 계획서 7-2
"VINA PRAUDEN CO.,LTD",티피(주),100.0,,,"VINA PRAUDEN CO.,LTD",해외 법인 — 계획서 7-2
"TMVT MANUFACTURING CO., LTD.",티피(주),100.0,,,"TMVT MANUFACTURING CO., LTD.(*1)",해외 법인 — 계획서 7-2
"TMVN MANUFACTURING CO., LTD.",티피(주),100.0,,,"TMVN MANUFACTURING CO., LTD.",해외 법인 — 계획서 7-2
"TMMI MANUFACTURING CO., LTD.",티피(주),100.0,,,"TMMI MANUFACTURING  CO., LTD.",해외 법인 — 계획서 7-2
"MY ABSOLON CO., LTD.",티피(주),100.0,,,"MY ABSOLON CO., LTD.",해외 법인 — 계획서 7-2
PT. TMNN MANUFACTURING INTERNATIONAL,티피(주),99.86,,,PT. TMNN MANUFACTURING INTERNATIONAL,해외 법인 — 계획서 7-2
"Hyundai E&C Vina CO., LTD.",현대건설(주),100.0,,,"Hyundai E&C Vina CO., LTD.",해외 법인 — 계획서 7-2
이지스엑스일반부동산사모투자회사제8호전문,현대건설(주),50.0,,,이지스엑스일반부동산사모투자회사제8호전문,펀드·SPC·투자조합·신탁 상품·명목회사 — 계획서 7-2
아산탕정고양삼송주택개발위탁관리부동산투자회사,현대건설(주),42.7,,,아산탕정고양삼송주택개발위탁관리부동산투자회사,펀드·SPC·투자조합·신탁 상품·명목회사 — 계획서 7-2
WUXI(중국),현대건설(주),100.0,,,WUXI(중국),해외 법인 — 계획서 7-2
HYUNDAI AMERICA INC,현대건설(주),100.0,,,HYUNDAI AMERICA INC,해외 법인 — 계획서 7-2
하나대체투자블라인드 일반사모부동산투자신탁172호(전문),현대건설(주),35.0,,,"하나대체투자블라인드
일반사모부동산투자신탁172호(전문)",펀드·SPC·투자조합·신탁 상품·명목회사 — 계획서 7-2
ACI(필리핀),현대건설(주),100.0,,,ACI(필리핀),해외 법인 — 계획서 7-2
HYUNDAI E&C VINA SONG GIA(베트남),현대건설(주),100.0,,,HYUNDAI E&C VINA SONG GIA(베트남),해외 법인 — 계획서 7-2
GEC(미얀마),현대건설(주),100.0,,,GEC(미얀마),해외 법인 — 계획서 7-2
칸서스개발 전문투자형사모부동산투자신탁1호,현대건설(주),40.0,,,칸서스개발 전문투자형사모부동산투자신탁1호,펀드·SPC·투자조합·신탁 상품·명목회사 — 계획서 7-2
LPHD(인도네시아),현대건설(주),40.0,,,LPHD(인도네시아),해외 법인 — 계획서 7-2
Hyundai Diamond Cement Corporation,현대건설(주),70.0,,,Hyundai Diamond Cement Corporation,해외 법인 — 계획서 7-2
OHQD(필리핀),현대건설(주),40.0,,,OHQD(필리핀),해외 법인 — 계획서 7-2
"Subic Clean Energy & Infra, Inc.",현대건설(주),40.0,,,"Subic Clean Energy & Infra, Inc.",해외 법인 — 계획서 7-2
Arcelik-LG Klima Sanayi ve Ticaret A.S.,LG전자(주),50.0,,,Arcelik-LG Klima Sanayi ve Ticaret A.S.,해외 법인 — 계획서 7-2
CYBELLUM,LG전자(주),79.5,,,CYBELLUM,해외 법인 — 계획서 7-2
EIC PROPERTIES PTE LTD.,LG전자(주),38.2,,,EIC PROPERTIES PTE LTD.,해외 법인 — 계획서 7-2
"GUANGDONG SMART LIFE TECHNOLOGY CO., LTD",LG전자(주),35.0,,,"GUANGDONG SMART LIFE TECHNOLOGY CO., LTD",해외 법인 — 계획서 7-2
Hitachi-LG Data Storage Inc.,LG전자(주),49.0,,,Hitachi-LG Data Storage Inc.,해외 법인 — 계획서 7-2
LG Electronics Fund I LLC,LG전자(주),100.0,,,LG Electronics Fund I LLC,해외 법인 — 계획서 7-2
LGEAF,LG전자(주),100.0,,,LGEAF,해외 법인 — 계획서 7-2
LGEAK,LG전자(주),100.0,,,LGEAK,해외 법인 — 계획서 7-2
LGEAP,LG전자(주),100.0,,,LGEAP,해외 법인 — 계획서 7-2
LGEAR,LG전자(주),99.6,,,LGEAR,해외 법인 — 계획서 7-2
LGEAS,LG전자(주),100.0,,,LGEAS,해외 법인 — 계획서 7-2
LGEBR,LG전자(주),100.0,,,LGEBR,해외 법인 — 계획서 7-2
LGECB,LG전자(주),60.7,,,LGECB,해외 법인 — 계획서 7-2
LGECH,LG전자(주),100.0,,,LGECH,해외 법인 — 계획서 7-2
LGECI,LG전자(주),100.0,,,LGECI,해외 법인 — 계획서 7-2
LGECL,LG전자(주),100.0,,,LGECL,해외 법인 — 계획서 7-2
LGEDF,LG전자(주),100.0,,,LGEDF,해외 법인 — 계획서 7-2
LGEEG,LG전자(주),100.0,,,LGEEG,해외 법인 — 계획서 7-2
LGEEH,LG전자(주),100.0,,,LGEEH,해외 법인 — 계획서 7-2
LGEFL,LG전자(주),100.0,,,LGEFL,해외 법인 — 계획서 7-2
LGEGF,LG전자(주),100.0,,,LGEGF,해외 법인 — 계획서 7-2
LGEHK,LG전자(주),100.0,,,LGEHK,해외 법인 — 계획서 7-2
LGEHZ,LG전자(주),45.0,,,LGEHZ,해외 법인 — 계획서 7-2
LGERC,LG전자(주),100.0,,,LGERC,해외 법인 — 계획서 7-2
LGEID,LG전자(주),99.8,,,LGEID,해외 법인 — 계획서 7-2
LGEIL,LG전자(주),85.0,,,LGEIL,해외 법인 — 계획서 7-2
LGEIN,LG전자(주),100.0,,,LGEIN,해외 법인 — 계획서 7-2
LGEJP,LG전자(주),100.0,,,LGEJP,해외 법인 — 계획서 7-2
LGELF,LG전자(주),100.0,,,LGELF,해외 법인 — 계획서 7-2
LGEMA,LG전자(주),100.0,,,LGEMA,해외 법인 — 계획서 7-2
LGEMC,LG전자(주),100.0,,,LGEMC,해외 법인 — 계획서 7-2
LGEME,LG전자(주),100.0,,,LGEME,해외 법인 — 계획서 7-2
LGEML,LG전자(주),100.0,,,LGEML,해외 법인 — 계획서 7-2
LGEMS,LG전자(주),100.0,,,LGEMS,해외 법인 — 계획서 7-2
LGENT,LG전자(주),45.0,,,LGENT,해외 법인 — 계획서 7-2
LGENV,LG전자(주),100.0,,,LGENV,해외 법인 — 계획서 7-2
LGEOT,LG전자(주),100.0,,,LGEOT,해외 법인 — 계획서 7-2
LGEPH,LG전자(주),100.0,,,LGEPH,해외 법인 — 계획서 7-2
LGEPN,LG전자(주),50.0,,,LGEPN,해외 법인 — 계획서 7-2
LGEPR,LG전자(주),100.0,,,LGEPR,해외 법인 — 계획서 7-2
LGEPS,LG전자(주),100.0,,,LGEPS,해외 법인 — 계획서 7-2
미래에셋LG전자 신성장투자조합 1호,LG전자(주),50.0,,,미래에셋LG전자 신성장투자조합 1호,펀드·SPC·투자조합·신탁 상품·명목회사 — 계획서 7-2
LGEQA,LG전자(주),100.0,,,LGEQA,해외 법인 — 계획서 7-2
LGERA,LG전자(주),100.0,,,LGERA,해외 법인 — 계획서 7-2
LGERD,LG전자(주),100.0,,,LGERD,해외 법인 — 계획서 7-2
LGESA,LG전자(주),100.0,,,LGESA,해외 법인 — 계획서 7-2
LGESL,LG전자(주),100.0,,,LGESL,해외 법인 — 계획서 7-2
LGESR,LG전자(주),51.0,,,LGESR,해외 법인 — 계획서 7-2
LGESY,LG전자(주),56.3,,,LGESY,해외 법인 — 계획서 7-2
LGETA,LG전자(주),70.0,,,LGETA,해외 법인 — 계획서 7-2
LGETH,LG전자(주),100.0,,,LGETH,해외 법인 — 계획서 7-2
LGETK,LG전자(주),100.0,,,LGETK,해외 법인 — 계획서 7-2
LGETR,LG전자(주),90.0,,,LGETR,해외 법인 — 계획서 7-2
LGETT,LG전자(주),100.0,,,LGETT,해외 법인 — 계획서 7-2
LGEUR,LG전자(주),100.0,,,LGEUR,해외 법인 — 계획서 7-2
LGEUS,LG전자(주),100.0,,,LGEUS,해외 법인 — 계획서 7-2
LGEVH,LG전자(주),100.0,,,LGEVH,해외 법인 — 계획서 7-2
LGEVZ,LG전자(주),98.0,,,LGEVZ,해외 법인 — 계획서 7-2
LGEWR,LG전자(주),100.0,,,LGEWR,해외 법인 — 계획서 7-2
LGSI,LG전자(주),100.0,,,LGSI,해외 법인 — 계획서 7-2
LGESJ,LG전자(주),100.0,,,LGESJ,해외 법인 — 계획서 7-2
Rinse Inc.,LG전자(주),43.0,,,Rinse Inc.,해외 법인 — 계획서 7-2
ZKW Austria Immobilien Holding GmbH,LG전자(주),70.0,,,ZKW Austria Immobilien Holding GmbH,해외 법인 — 계획서 7-2
ZKW Holding GmbH,LG전자(주),70.0,,,ZKW Holding GmbH,해외 법인 — 계획서 7-2
LG ELECTRONICS FUND II LLC,LG전자(주),100.0,,,LG ELECTRONICS FUND II LLC,해외 법인 — 계획서 7-2
NOVA FUND,LG전자(주),79.3,,,NOVA FUND,해외 법인 — 계획서 7-2
LGEDV,LG전자(주),100.0,,,LGEDV,해외 법인 — 계획서 7-2
LGESQ,LG전자(주),100.0,,,LGESQ,해외 법인 — 계획서 7-2
BEAR ROBOTICS,LG전자(주),61.1,,,BEAR ROBOTICS,해외 법인 — 계획서 7-2
Athom,LG전자(주),80.0,,,Athom,해외 법인 — 계획서 7-2
NOVA WAVE FUND,LG전자(주),87.5,,,NOVA WAVE FUND,해외 법인 — 계획서 7-2
OSO Group AS,LG전자(주),100.0,,,OSO Group AS,해외 법인 — 계획서 7-2
Hansol America Inc,한솔제지(주),100.0,,,Hansol America Inc,해외 법인 — 계획서 7-2
Hansol Europe B.V,한솔제지(주),100.0,,,Hansol Europe B.V,해외 법인 — 계획서 7-2
Hyosung Brasil Industria e Comercio de Fibras Ltda.,효성티앤씨(주),100.0,,,"Hyosung Brasil Industria e Comercio de
Fibras Ltda.",해외 법인 — 계획서 7-2
"Zhangjiagang Xiaosha Coil Service Co., Ltd.",효성티앤씨(주),65.0,,,"Zhangjiagang Xiaosha Coil Service Co., Ltd.",해외 법인 — 계획서 7-2
Hyosung TNC (Taiwan) Corporation,효성티앤씨(주),100.0,,,Hyosung TNC (Taiwan) Corporation,해외 법인 — 계획서 7-2
Hyosung Corporation India Private Limited,효성티앤씨(주),100.0,,,Hyosung Corporation India Private Limited,해외 법인 — 계획서 7-2
Hyosung India Private Limited,효성티앤씨(주),75.0,,,Hyosung India Private Limited,해외 법인 — 계획서 7-2
"Hyosung Mexico City, S.A. de C.V.",효성티앤씨(주),100.0,,,"Hyosung Mexico City, S.A. de C.V.",해외 법인 — 계획서 7-2
"Hyosung Spandex (Ningxia) Co., Ltd.",효성티앤씨(주),75.0,,,"Hyosung Spandex (Ningxia) Co., Ltd.",해외 법인 — 계획서 7-2
PT. HYOSUNG JAKARTA,효성티앤씨(주),100.0,,,PT. HYOSUNG JAKARTA,해외 법인 — 계획서 7-2
"Hyosung Dong Nai Nylon Co., Ltd.",효성티앤씨(주),100.0,,,"Hyosung Dong Nai Nylon Co., Ltd.",해외 법인 — 계획서 7-2
Hyosung Europe S.R.L.,효성티앤씨(주),100.0,,,Hyosung Europe S.R.L.,해외 법인 — 계획서 7-2
"Hyosung Spain, S.L.",효성티앤씨(주),100.0,,,"Hyosung Spain, S.L.",해외 법인 — 계획서 7-2
Hyosung USA Inc.,효성티앤씨(주),100.0,,,Hyosung USA Inc.,해외 법인 — 계획서 7-2
Hyosung Germany GmbH,효성티앤씨(주),80.0,,,Hyosung Germany GmbH,해외 법인 — 계획서 7-2
"Hyosung International Trade (Jiaxing) Co., Ltd.",효성티앤씨(주),100.0,,,"Hyosung International Trade (Jiaxing) Co., Ltd.",해외 법인 — 계획서 7-2
Hyosung Istanbul TEKSTIL LTD.STI.,효성티앤씨(주),43.0,,,Hyosung Istanbul TEKSTIL LTD.STI.,해외 법인 — 계획서 7-2
"Hyosung Japan Co., Ltd.",효성티앤씨(주),100.0,,,"Hyosung Japan Co., Ltd.",해외 법인 — 계획서 7-2
"Hyosung Spandex (Guangdong) Co., Ltd",효성티앤씨(주),75.0,,,"Hyosung Spandex (Guangdong) Co., Ltd",해외 법인 — 계획서 7-2
"Hyosung Spandex (Jiaxing) Co., Ltd.",효성티앤씨(주),100.0,,,"Hyosung Spandex (Jiaxing) Co., Ltd.",해외 법인 — 계획서 7-2
"Hyosung Spandex (Zhuhai) Co., Ltd.",효성티앤씨(주),75.0,,,"Hyosung Spandex (Zhuhai) Co., Ltd.",해외 법인 — 계획서 7-2
"SNT Gulf for Industry Co., Ltd",SNT에너지(주),100.0,,,"SNT Gulf for Industry Co., Ltd",해외 법인 — 계획서 7-2
SNT ENERGY SOLUTIONS - L.L.C - S.P.C,SNT에너지(주),100.0,,,"SNT ENERGY SOLUTIONS 
 - L.L.C - S.P.C",해외 법인 — 계획서 7-2
PAN Orion Corp. Limited,(주)오리온,95.2,,,"PAN Orion Corp.
Limited(*1)",해외 법인 — 계획서 7-2
"Orion Food VINA Co., Ltd.",(주)오리온,100.0,,,"Orion Food VINA
Co., Ltd.(*1)",해외 법인 — 계획서 7-2
Orion International Euro LLC,(주)오리온,73.3,,,"Orion International

Euro LLC(*1)",해외 법인 — 계획서 7-2
Delfi-Orion Pte Ltd.,(주)오리온,50.0,,,"Delfi-Orion

Pte Ltd.(*1)",해외 법인 — 계획서 7-2
Orion Nutritionals Private Limited,(주)오리온,100.0,,,"Orion Nutritionals

Private Limited(*2)",해외 법인 — 계획서 7-2
"Orion F&B US, Inc.",(주)오리온,100.0,,,"Orion F&B US, Inc.",해외 법인 — 계획서 7-2
,(주)세우글로벌,,,,,"출자현황 자료 없음 — 원문 확인, 필요하면 수동 입력 파일에 적음 (2025 사업보고서 표 형식 아님(숫자 지분율 없음); 2025 3분기보고서 표 형식 아님(숫자 지분율 없음); 2025 반기보고서 표 형식 아님(숫자 지분율 없음); 2024 사업보고서 표 형식 아님(숫자 지분율 없음))"
씨엔티테크-디비드림빅투자조합 제1호,(주) DB Inc.,48.39,,,씨엔티테크-디비드림빅투자조합 제1호,펀드·SPC·투자조합·신탁 상품·명목회사 — 계획서 7-2
Cheil USA Inc.,(주)제일기획,100.0,,,Cheil USA Inc.,해외 법인 — 계획서 7-2
Cheil Singapore Pte. Ltd.,(주)제일기획,100.0,,,Cheil Singapore Pte. Ltd.,해외 법인 — 계획서 7-2
Cheil MEA FZ-LLC,(주)제일기획,100.0,,,Cheil MEA FZ-LLC,해외 법인 — 계획서 7-2
Cheil Ukraine LLC,(주)제일기획,100.0,,,Cheil Ukraine LLC,해외 법인 — 계획서 7-2
Cheil France SAS,(주)제일기획,100.0,,,Cheil France SAS,해외 법인 — 계획서 7-2
Cheil Hong Kong Ltd.,(주)제일기획,100.0,,,Cheil Hong Kong Ltd.,해외 법인 — 계획서 7-2
Cheil South Africa (Pty) Ltd,(주)제일기획,100.0,,,Cheil South Africa (Pty) Ltd,해외 법인 — 계획서 7-2
Cheil Central America Inc.,(주)제일기획,100.0,,,Cheil Central America Inc.,해외 법인 — 계획서 7-2
CHEIL VIETNAM COMPANY LIMITED,(주)제일기획,99.0,,,CHEIL VIETNAM COMPANY LIMITED,해외 법인 — 계획서 7-2
"Cheil Integrated Marketing Philippines, Inc",(주)제일기획,100.0,,,"Cheil Integrated Marketing Philippines, Inc",해외 법인 — 계획서 7-2
Cheil Kazakhstan LLC,(주)제일기획,100.0,,,Cheil Kazakhstan LLC,해외 법인 — 계획서 7-2
CHEIL EUROPE LIMITED,(주)제일기획,100.0,,,CHEIL EUROPE LIMITED,해외 법인 — 계획서 7-2
Cheil Nordic AB,(주)제일기획,100.0,,,Cheil Nordic AB,해외 법인 — 계획서 7-2
CHEIL MALAYSIA SDN. BHD.,(주)제일기획,100.0,,,CHEIL MALAYSIA SDN. BHD.,해외 법인 — 계획서 7-2
CHEIL KENYA LIMITED,(주)제일기획,99.0,,,CHEIL KENYA LIMITED,해외 법인 — 계획서 7-2
Cheil Worldwide Inc./Jordan LLC.,(주)제일기획,100.0,,,Cheil Worldwide Inc./Jordan LLC.,해외 법인 — 계획서 7-2
Cheil Communications Nigeria Ltd.,(주)제일기획,99.0,,,Cheil Communications Nigeria Ltd.,해외 법인 — 계획서 7-2
Cheil Ghana Limited,(주)제일기획,100.0,,,Cheil Ghana Limited,해외 법인 — 계획서 7-2
Cheil Chile SpA.,(주)제일기획,100.0,,,Cheil Chile SpA.,해외 법인 — 계획서 7-2
Cheil Peru S.A.C.,(주)제일기획,100.0,,,Cheil Peru S.A.C.,해외 법인 — 계획서 7-2
CHEIL ARGENTINA S.A.,(주)제일기획,98.0,,,CHEIL ARGENTINA S.A.,해외 법인 — 계획서 7-2
Iris Worldwide Holdings Limited,(주)제일기획,100.0,,,Iris Worldwide Holdings Limited,해외 법인 — 계획서 7-2
CHEIL CHINA,(주)제일기획,100.0,,,CHEIL CHINA,해외 법인 — 계획서 7-2
SVIC34호 신기술사업투자조합,(주)제일기획,99.0,,,SVIC34호 신기술사업투자조합,펀드·SPC·투자조합·신탁 상품·명목회사 — 계획서 7-2
CHEIL SPAIN S.L,(주)제일기획,100.0,,,CHEIL SPAIN S.L,해외 법인 — 계획서 7-2
Cheil Benelux B.V.,(주)제일기획,100.0,,,Cheil Benelux B.V.,해외 법인 — 계획서 7-2
Cheil Egypt LLC,(주)제일기획,100.0,,,Cheil Egypt LLC,해외 법인 — 계획서 7-2
"Caishu (Shanghai) Business Consulting Co., Ltd",(주)제일기획,100.0,,,"Caishu (Shanghai) Business Consulting Co., Ltd",해외 법인 — 계획서 7-2
Cheil New Zealand Limited,(주)제일기획,100.0,,,Cheil New Zealand Limited,해외 법인 — 계획서 7-2
"PENGTAI INTERACTIVE ADVERTISING CO.,LTD",(주)제일기획,100.0,,,"PENGTAI INTERACTIVE ADVERTISING CO.,LTD",해외 법인 — 계획서 7-2
Pengtai Greater China Company Limited,(주)제일기획,100.0,,,Pengtai Greater China Company Limited,해외 법인 — 계획서 7-2
Cheil Maghreb LLC,(주)제일기획,100.0,,,Cheil Maghreb LLC,해외 법인 — 계획서 7-2
Cheil Worldwide Australia Pty Ltd,(주)제일기획,100.0,,,Cheil Worldwide Australia Pty Ltd,해외 법인 — 계획서 7-2
Cheil Rus LLC,(주)제일기획,100.0,,,Cheil Rus LLC,해외 법인 — 계획서 7-2
Iris Germany GmbH,(주)제일기획,100.0,,,Iris Germany GmbH,해외 법인 — 계획서 7-2
Iris Worldwide Integrated Marketing Private Limited,(주)제일기획,100.0,,,Iris Worldwide Integrated Marketing Private Limited,해외 법인 — 계획서 7-2
Pricing Solutions Ltd,(주)제일기획,100.0,,,Pricing Solutions Ltd,해외 법인 — 계획서 7-2
"Iris Atlanta, Inc.",(주)제일기획,100.0,,,"Iris Atlanta, Inc.",해외 법인 — 계획서 7-2
"89 Degrees, Inc.",(주)제일기획,100.0,,,"89 Degrees, Inc.",해외 법인 — 계획서 7-2
Iris Services Limited Dooel Skopje,(주)제일기획,100.0,,,Iris Services Limited Dooel Skopje,해외 법인 — 계획서 7-2
Iris London Limited,(주)제일기획,100.0,,,Iris London Limited,해외 법인 — 계획서 7-2
Cheil India Private Limited,(주)제일기획,100.0,,,Cheil India Private Limited,해외 법인 — 계획서 7-2
Cheil Germany GmbH,(주)제일기획,100.0,,,Cheil Germany GmbH,해외 법인 — 계획서 7-2
Cheil Brasil Comunicacoes Ltda.,(주)제일기획,100.0,,,Cheil Brasil Comunicacoes Ltda.,해외 법인 — 계획서 7-2
Cheil Mexico S.A. de C.V.,(주)제일기획,100.0,,,Cheil Mexico S.A. de C.V.,해외 법인 — 계획서 7-2
Cheil (Thailand) Ltd.,(주)제일기획,100.0,,,Cheil (Thailand) Ltd.,해외 법인 — 계획서 7-2
레이징개인 투자조합제2호,(주)INVENI,46.44,,,레이징개인 투자조합제2호,펀드·SPC·투자조합·신탁 상품·명목회사 — 계획서 7-2
레이징개인 투자조합제7호,(주)INVENI,45.77,,,레이징개인 투자조합제7호,펀드·SPC·투자조합·신탁 상품·명목회사 — 계획서 7-2
Korea Aero space F.W lnc,한국항공우주산업(주),100.0,,,Korea Aero space F.W lnc,해외 법인 — 계획서 7-2
Korea Aerospace Industries EUROPE SP. Z. O. O.,한국항공우주산업(주),100.0,,,Korea Aerospace Industries EUROPE SP. Z. O. O.,해외 법인 — 계획서 7-2
CK SOLUTION KFT.,(주)씨케이솔루션,100.0,,,CK SOLUTION KFT.,해외 법인 — 계획서 7-2
CK SOLUTION BRASIL LTDA,(주)씨케이솔루션,100.0,,,CK SOLUTION BRASIL LTDA,해외 법인 — 계획서 7-2
CK E&C MEXICO SA DE CV,(주)씨케이솔루션,100.0,,,CK E&C MEXICO SA  DE CV,해외 법인 — 계획서 7-2
CKENG INDIA Pvt. Ltd.,(주)씨케이솔루션,99.0,,,CKENG INDIA Pvt. Ltd.,해외 법인 — 계획서 7-2
CK SOLUTION POLAND SP. Z.O.O,(주)씨케이솔루션,100.0,,,CK SOLUTION POLAND SP. Z.O.O,해외 법인 — 계획서 7-2
CK ENGINEERING VIETNAM,(주)씨케이솔루션,100.0,,,CK ENGINEERING VIETNAM,해외 법인 — 계획서 7-2
CK ENG SDN. BHD.,(주)씨케이솔루션,100.0,,,CK ENG SDN. BHD.,해외 법인 — 계획서 7-2
CK USA GUAM INC,(주)씨케이솔루션,100.0,,,CK USA GUAM INC,해외 법인 — 계획서 7-2
CK CANADA INC.,(주)씨케이솔루션,100.0,,,CK CANADA INC.,해외 법인 — 계획서 7-2
"CK ENG, LLC.",(주)씨케이솔루션,100.0,,,"CK ENG, LLC.",해외 법인 — 계획서 7-2
"CK AMERICA, INC",(주)씨케이솔루션,100.0,,,"CK AMERICA, INC",해외 법인 — 계획서 7-2
CK MEC INC,(주)씨케이솔루션,100.0,,,CK MEC INC,해외 법인 — 계획서 7-2
"Hanwha Q CELLS Co., Ltd.",한화솔루션(주),100.0,,,"Hanwha Q CELLS Co., Ltd.",해외 법인 — 계획서 7-2
HAMC Holdings Corp.,한화솔루션(주),76.0,,,HAMC Holdings Corp.,해외 법인 — 계획서 7-2
HANWHA SOLUTIONS USA HOLDINGS CORPORATION,한화솔루션(주),100.0,,,HANWHA SOLUTIONS USA HOLDINGS CORPORATION,해외 법인 — 계획서 7-2
Q Energy Solutions SE,한화솔루션(주),73.0,,,Q Energy Solutions SE,해외 법인 — 계획서 7-2
HHR Development B GK,한화솔루션(주),100.0,,,HHR Development B GK,해외 법인 — 계획서 7-2
케이에스피1호 주식회사,한화솔루션(주),100.0,,,케이에스피1호 주식회사,펀드·SPC·투자조합·신탁 상품·명목회사 — 계획서 7-2
케이에스피2호 주식회사,한화솔루션(주),100.0,,,케이에스피2호 주식회사,펀드·SPC·투자조합·신탁 상품·명목회사 — 계획서 7-2
케이에스피3호 주식회사,한화솔루션(주),100.0,,,케이에스피3호 주식회사,펀드·SPC·투자조합·신탁 상품·명목회사 — 계획서 7-2
케이에스피4호 주식회사,한화솔루션(주),100.0,,,케이에스피4호 주식회사,펀드·SPC·투자조합·신탁 상품·명목회사 — 계획서 7-2
Hanwha Q CELLS Americas Holdings Corp.,한화솔루션(주),100.0,,,Hanwha Q CELLS Americas Holdings Corp.,해외 법인 — 계획서 7-2
영암큐파워솔라팜1호 주식회사,한화솔루션(주),100.0,,,영암큐파워솔라팜1호 주식회사,펀드·SPC·투자조합·신탁 상품·명목회사 — 계획서 7-2
한화화학(상해)유한공사,한화솔루션(주),100.0,,,한화화학(상해)유한공사,해외 법인 — 계획서 7-2
Hanwha Solutions Insight Holdings Corporation,한화솔루션(주),100.0,,,Hanwha Solutions Insight Holdings Corporation,해외 법인 — 계획서 7-2
Hanwha Solutions Japan G.K,한화솔루션(주),100.0,,,Hanwha Solutions Japan G.K,해외 법인 — 계획서 7-2
Hanwha Cimarron Europe GmBH,한화솔루션(주),100.0,,,Hanwha Cimarron Europe GmBH,해외 법인 — 계획서 7-2
H-SUMMIT,한화솔루션(주),100.0,,,H-SUMMIT,해외 법인 — 계획서 7-2
HANWHA CHEMICAL INDIA PRIVATE LIMITED,한화솔루션(주),100.0,,,HANWHA CHEMICAL INDIA PRIVATE LIMITED,해외 법인 — 계획서 7-2
Hanwha Chemical Malaysia Sdn. Bhd.,한화솔루션(주),100.0,,,Hanwha Chemical Malaysia Sdn. Bhd.,해외 법인 — 계획서 7-2
알이100솔라팩토리1호 주식회사,한화솔루션(주),40.0,,,알이100솔라팩토리1호 주식회사,펀드·SPC·투자조합·신탁 상품·명목회사 — 계획서 7-2
H Properties TMK,한화솔루션(주),50.0,,,H Properties TMK,해외 법인 — 계획서 7-2
한화 벤처캐피탈 일반 사모증권투자신탁 제2호,한화솔루션(주),75.0,,,한화 벤처캐피탈 일반 사모증권투자신탁 제2호,펀드·SPC·투자조합·신탁 상품·명목회사 — 계획서 7-2
"Hanwha Chemical (Thailand) Co., Ltd.",한화솔루션(주),100.0,,,"Hanwha Chemical (Thailand) Co., Ltd.",해외 법인 — 계획서 7-2
Hanwha Cable Solutions S.r.l.,한화솔루션(주),100.0,,,Hanwha Cable Solutions S.r.l.,해외 법인 — 계획서 7-2
DALBA RUS LLC.,(주)달바글로벌,100.0,,,DALBA RUS LLC.,해외 법인 — 계획서 7-2
"DALBA JAPAN CO., LTD.",(주)달바글로벌,100.0,,,"DALBA JAPAN CO., LTD.",해외 법인 — 계획서 7-2
DALBA USA CORP.,(주)달바글로벌,100.0,,,DALBA USA CORP.,해외 법인 — 계획서 7-2
"Visang Vietnam Education Co., Ltd.",(주)비상교육,100.0,,,"Visang Vietnam
 Education Co.,
 Ltd.",해외 법인 — 계획서 7-2
삼성(북경)안방계통기술유한공사,(주)에스원,100.0,,,삼성(북경)안방계통기술유한공사,해외 법인 — 계획서 7-2
"S-1 CORPORATIONVIETNAM CO., LTD",(주)에스원,100.0,,,"S-1 CORPORATIONVIETNAM CO., LTD",해외 법인 — 계획서 7-2
에스브이아이씨35호,(주)에스원,99.0,,,에스브이아이씨35호,펀드·SPC·투자조합·신탁 상품·명목회사 — 계획서 7-2
S-1 CORPORATIONHUNGARY LLC,(주)에스원,100.0,,,S-1 CORPORATIONHUNGARY LLC,해외 법인 — 계획서 7-2
레버런트프론티어3호,(주)유니드,39.81,,,레버런트프론티어3호,펀드·SPC·투자조합·신탁 상품·명목회사 — 계획서 7-2
오로라동반성장프로젝트펀드제2호,(주)유니드,79.84,,,오로라동반성장프로젝트펀드제2호,펀드·SPC·투자조합·신탁 상품·명목회사 — 계획서 7-2
드림스톤바이오1호,(주)유니드,79.21,,,드림스톤바이오1호,펀드·SPC·투자조합·신탁 상품·명목회사 — 계획서 7-2
(주)케이비와 이즈스타제6호위탁관리부동산 투자회사,(주)이리츠코크렙기업구조조정부동산투자회사,100.0,,,"(주)케이비와
이즈스타제6호위탁관리부동산
투자회사(비상장)",펀드·SPC·투자조합·신탁 상품·명목회사 — 계획서 7-2
(주)케이비와 이즈스타제6호위탁관리부동산 투자회사,(주)이리츠코크렙기업구조조정부동산투자회사,100.0,,,"(주)케이비와
이즈스타제6호위탁관리부동산
투자회사(비상장)",펀드·SPC·투자조합·신탁 상품·명목회사 — 계획서 7-2
ILJIN Hysolus Property Management Germany GmbH,일진하이솔루스(주),100.0,,,ILJIN Hysolus Property Management Germany GmbH,해외 법인 — 계획서 7-2
"Miwon Specialty Chemical USA, Inc.",미원스페셜티케미칼(주),100.0,,,"Miwon Specialty Chemical USA, Inc.",해외 법인 — 계획서 7-2
Celltrion Europe Limited,(주)셀트리온,100.0,,,Celltrion Europe Limited,해외 법인 — 계획서 7-2
"Celltrion Global Safety Data Center, Inc",(주)셀트리온,99.99,,,"Celltrion Global Safety Data Center, 
Inc",해외 법인 — 계획서 7-2
Celltrion Asia Pacific PTE. LTD,(주)셀트리온,100.0,,,Celltrion Asia Pacific PTE. LTD,해외 법인 — 계획서 7-2
"Celltrion Shanghai Biotechnology Co., Ltd",(주)셀트리온,100.0,,,"Celltrion Shanghai Biotechnology 
Co., Ltd",해외 법인 — 계획서 7-2
Celltrion Healthcare ILAC SANAYI VE TICARET LIMITED SIRKETI,(주)셀트리온,100.0,,,"Celltrion Healthcare ILAC SANAYI 
VE TICARET LIMITED SIRKETI",해외 법인 — 계획서 7-2
"Celltrion Healthcare Hungary, Kft.",(주)셀트리온,100.0,,,"Celltrion Healthcare Hungary, Kft.",해외 법인 — 계획서 7-2
Celltrion Healthcare Philippines Inc.,(주)셀트리온,99.99,,,Celltrion Healthcare Philippines Inc.,해외 법인 — 계획서 7-2
Celltrion Healthcare Malaysia SDN BHD,(주)셀트리온,100.0,,,"Celltrion Healthcare Malaysia 
SDN BHD",해외 법인 — 계획서 7-2
Celltrion Healthcare Hong Kong Limited,(주)셀트리온,100.0,,,"Celltrion Healthcare Hong Kong 
Limited",해외 법인 — 계획서 7-2
"Celltrion Healthcare (Thailand) Co., Ltd.",(주)셀트리온,99.99,,,"Celltrion Healthcare (Thailand) 
Co., Ltd.",해외 법인 — 계획서 7-2
Celltrion Healthcare Distribuicao de Produtos Farmaceuticos do Brasil LTDA,(주)셀트리온,100.0,,,"Celltrion Healthcare Distribuicao 
de Produtos Farmaceuticos do 
Brasil LTDA",해외 법인 — 계획서 7-2
Celltrion Healthcare Singapore Private Limited,(주)셀트리온,100.0,,,"Celltrion Healthcare Singapore 
Private Limited",해외 법인 — 계획서 7-2
Celltrion Healthcare Japan K.K.,(주)셀트리온,100.0,,,Celltrion Healthcare Japan K.K.,해외 법인 — 계획서 7-2
Celltrion Healthcare Taiwan Limited,(주)셀트리온,100.0,,,Celltrion Healthcare Taiwan Limited,해외 법인 — 계획서 7-2
Celltrion Healthcare Netherlands B.V.,(주)셀트리온,100.0,,,"Celltrion Healthcare Netherlands 
B.V.",해외 법인 — 계획서 7-2
Celltrion Healthcare Australia Pty Ltd,(주)셀트리온,100.0,,,"Celltrion Healthcare Australia Pty
Ltd",해외 법인 — 계획서 7-2
Celltrion Healthcare Colombia S.A.S.,(주)셀트리온,100.0,,,"Celltrion Healthcare Colombia 
S.A.S.",해외 법인 — 계획서 7-2
Celltrion Healthcare Canada Ltd.,(주)셀트리온,100.0,,,Celltrion Healthcare Canada Ltd.,해외 법인 — 계획서 7-2
"Celltrion USA, Inc.",(주)셀트리온,100.0,,,"Celltrion USA, Inc.",해외 법인 — 계획서 7-2
Celltrion Vietnam Company Limited,(주)셀트리온,100.0,,,Celltrion Vietnam Company Limited,해외 법인 — 계획서 7-2
CELLTRION INDONESIA PHARMACEUTICAL,(주)셀트리온,99.9,,,"CELLTRION INDONESIA 
PHARMACEUTICAL",해외 법인 — 계획서 7-2
미래에셋셀트리온신성장투자조합 1호,(주)셀트리온,50.0,,,미래에셋셀트리온신성장투자조합 1호,펀드·SPC·투자조합·신탁 상품·명목회사 — 계획서 7-2
미래에셋셀트리온바이오생태계 육성펀드,(주)셀트리온,38.46,,,"미래에셋셀트리온바이오생태계
육성펀드",펀드·SPC·투자조합·신탁 상품·명목회사 — 계획서 7-2
아주-Solasta Life Science 4.0펀드,(주)셀트리온,44.25,,,아주-Solasta Life Science 4.0펀드,펀드·SPC·투자조합·신탁 상품·명목회사 — 계획서 7-2
"HK Innovers USA, Inc.",콜마홀딩스(주),100.0,,,"HK Innovers USA, Inc.",해외 법인 — 계획서 7-2
"FURSYS VN CO.,LTD",(주)퍼시스,100.0,,,"FURSYS VN CO.,LTD",해외 법인 — 계획서 7-2
FURSYS AMERICA LLC,(주)퍼시스,100.0,,,FURSYS AMERICA LLC,해외 법인 — 계획서 7-2
E1 Gas vietnam,(주)E1,100.0,,,E1 Gas vietnam,해외 법인 — 계획서 7-2
YEN HUNG PETROCHEMICAL JOINT STOCK COMPANY,(주)E1,50.0,,,"YEN HUNG
PETROCHEMICAL
JOINT STOCK COMPANY",해외 법인 — 계획서 7-2
E1 America LLC,(주)E1,100.0,,,E1 America LLC,해외 법인 — 계획서 7-2
Hydrogen Canada Corp.,(주)E1,85.29,,,Hydrogen Canada Corp.,해외 법인 — 계획서 7-2
보이저제1호사모투자합자회사,한국자산신탁(주),37.25,,,보이저제1호사모투자합자회사(*3),펀드·SPC·투자조합·신탁 상품·명목회사 — 계획서 7-2
카익투반도체신기술투자조합제1호,한국자산신탁(주),91.12,,,카익투반도체신기술투자조합제1호(*4),펀드·SPC·투자조합·신탁 상품·명목회사 — 계획서 7-2
카익투소부장신기술투자조합제1호,한국자산신탁(주),96.3,,,카익투소부장신기술투자조합제1호(*4),펀드·SPC·투자조합·신탁 상품·명목회사 — 계획서 7-2
카익투신기술투자조합제10호,한국자산신탁(주),43.48,,,카익투신기술투자조합제10호(*4),펀드·SPC·투자조합·신탁 상품·명목회사 — 계획서 7-2
에이치아이엘제칠차(주),(주)에이치제이중공업,50.0,,,에이치아이엘제칠차(주),펀드·SPC·투자조합·신탁 상품·명목회사 — 계획서 7-2
Miwon North America Inc.,미원홀딩스(주),100.0,,,Miwon North America Inc. (*1),해외 법인 — 계획서 7-2
Miwon Europe GmbH,미원홀딩스(주),100.0,,,Miwon Europe GmbH,해외 법인 — 계획서 7-2
Miwon Spain S.L.U.,미원홀딩스(주),100.0,,,Miwon Spain S.L.U.,해외 법인 — 계획서 7-2
Miwon Austria F&E GmbH,미원홀딩스(주),100.0,,,Miwon Austria F&E GmbH,해외 법인 — 계획서 7-2
"Miwon Nantong Chemical Co., Ltd.",미원홀딩스(주),100.0,,,"Miwon Nantong Chemical Co., Ltd.",해외 법인 — 계획서 7-2
"Miwon(Guangzhou) Chemical Co., Ltd.",미원홀딩스(주),100.0,,,"Miwon(Guangzhou) Chemical Co., Ltd.",해외 법인 — 계획서 7-2
Miwon Specialty Chemical India Private Ltd.,미원홀딩스(주),100.0,,,Miwon Specialty Chemical India Private Ltd.,해외 법인 — 계획서 7-2
SOOSAN ENERGY MIDDLE EAST LLC,(주)수산인더스트리,100.0,,,"SOOSAN ENERGY
MIDDLE EAST LLC",해외 법인 — 계획서 7-2
SOOSAN INDUSTRIES VINA,(주)수산인더스트리,100.0,,,"SOOSAN INDUSTRIES
VINA",해외 법인 — 계획서 7-2
"Malesela T.E.C, Ltd.",대한전선(주),49.0,,,"Malesela T.E.C, Ltd.",해외 법인 — 계획서 7-2
Bulace Investments Ltd.,대한전선(주),100.0,,,Bulace Investments Ltd.,해외 법인 — 계획서 7-2
TAIHAN CANADA LTD.,대한전선(주),100.0,,,TAIHAN CANADA LTD.,해외 법인 — 계획서 7-2
Taihan Kuwait Fiber Optic Cable Co. WLL.,대한전선(주),48.8,,,Taihan Kuwait Fiber Optic Cable Co. WLL.,해외 법인 — 계획서 7-2
에이엘디제일차피에프브이,대한전선(주),46.98,,,에이엘디제일차피에프브이,펀드·SPC·투자조합·신탁 상품·명목회사 — 계획서 7-2
"T.E.USA, Ltd.",대한전선(주),100.0,,,"T.E.USA, Ltd.",해외 법인 — 계획서 7-2
국민유선방송투자이호사모투자전문회사,대한전선(주),99.5,,,국민유선방송투자이호사모투자전문회사,펀드·SPC·투자조합·신탁 상품·명목회사 — 계획서 7-2
"TCV Co., Ltd.",대한전선(주),100.0,,,"TCV Co., Ltd.",해외 법인 — 계획서 7-2
"Saudi-Taihan Co., Ltd.",대한전선(주),51.1,,,"Saudi-Taihan Co., Ltd.",해외 법인 — 계획서 7-2
Taihan Netherlands B.V.,대한전선(주),100.0,,,Taihan Netherlands B.V.,해외 법인 — 계획서 7-2
Taihan Electric Australia Pty Ltd.,대한전선(주),100.0,,,Taihan Electric Australia Pty Ltd.,해외 법인 — 계획서 7-2
Taihan New Zealand Ltd.,대한전선(주),100.0,,,Taihan New Zealand Ltd.,해외 법인 — 계획서 7-2
TAIHAN ENGINEERING & CONSTRUCTION PTE. LTD.,대한전선(주),100.0,,,TAIHAN ENGINEERING & CONSTRUCTION PTE. LTD.,해외 법인 — 계획서 7-2
"Hyosung Vina Chemicals Co., Ltd.",효성화학(주),51.0,,,"Hyosung Vina Chemicals Co., Ltd.",해외 법인 — 계획서 7-2
"Hyosung Film(Quzhou) Co., Ltd",효성화학(주),100.0,,,"Hyosung Film(Quzhou) Co., Ltd",해외 법인 — 계획서 7-2
양주일양제약 유한공사,일양약품(주),52.0,,,"양주일양제약
유한공사",해외 법인 — 계획서 7-2
통화일양 유한공사,일양약품(주),45.9,,,"통화일양
유한공사",해외 법인 — 계획서 7-2
HR Mechanical Services Limited,현대로템(주),100.0,,,HR Mechanical Services Limited,해외 법인 — 계획서 7-2
HYUNDAI ROTEM EUROPE SP. Z O.O.,현대로템(주),100.0,,,"HYUNDAI ROTEM EUROPE 
SP. Z O.O.",해외 법인 — 계획서 7-2
HYUNDAI ROTEM AUSTRALIA PTY LTD,현대로템(주),100.0,,,"HYUNDAI ROTEM 
AUSTRALIA PTY LTD",해외 법인 — 계획서 7-2
Hyundai Rotem USA Corporation,현대로템(주),100.0,,,Hyundai Rotem USA Corporation,해외 법인 — 계획서 7-2
"Rotem Equipments (Beijing) Co., Ltd",현대로템(주),100.0,,,"Rotem Equipments (Beijing) Co., Ltd",해외 법인 — 계획서 7-2
Hyundai EURotem Demiryolu Araclari Sanayi ve Ticaret A.S,현대로템(주),51.0,,,"Hyundai EURotem Demiryolu 
Araclari Sanayi ve Ticaret A.S",해외 법인 — 계획서 7-2
Hyundai Rotem Brasil Industria E Comercio De Trens Ltda.,현대로템(주),100.0,,,"Hyundai Rotem Brasil Industria 
E Comercio De Trens Ltda.",해외 법인 — 계획서 7-2
iMarketAmerica Inc.,(주)아이마켓코리아,100.0,,,iMarketAmerica Inc.,해외 법인 — 계획서 7-2
데일리 넥스트 웨이브 바이오 헬스케어 펀드,(주)아이마켓코리아,98.9,,,"데일리 넥스트 웨이브
바이오 헬스케어 펀드",펀드·SPC·투자조합·신탁 상품·명목회사 — 계획서 7-2
iMarketEurope Kft.,(주)아이마켓코리아,100.0,,,iMarketEurope Kft.,해외 법인 — 계획서 7-2
그래디언트일반사모부동산 투자신탁제2호,(주)아이마켓코리아,76.1,,,"그래디언트일반사모부동산
투자신탁제2호",펀드·SPC·투자조합·신탁 상품·명목회사 — 계획서 7-2
"iMarketVietnam Co.,Ltd.",(주)아이마켓코리아,100.0,,,"iMarketVietnam Co.,Ltd.",해외 법인 — 계획서 7-2
iMarketXian Inc.,(주)아이마켓코리아,100.0,,,iMarketXian Inc.,해외 법인 — 계획서 7-2
iMarketFocus Inc.,(주)아이마켓코리아,100.0,,,iMarketFocus Inc.,해외 법인 — 계획서 7-2
"TYM-North America, Inc.",주식회사 티와이엠,100.0,,,"TYM-North America, Inc.",해외 법인 — 계획서 7-2
TYM EUROPE B.V.(*),주식회사 티와이엠,100.0,,,TYM EUROPE B.V.(*),해외 법인 — 계획서 7-2
흥국화재해상보험㈜,태광산업(주),39.13,,,흥국화재해상보험㈜,이미 명단에 있음 — 상장 또는 앞 단계 종속
태광화섬(상숙)유한공사,태광산업(주),100.0,,,태광화섬(상숙)유한공사(*5),해외 법인 — 계획서 7-2
태광화섬(닝샤)유한공사,태광산업(주),100.0,,,태광화섬(닝샤)유한공사(*6),해외 법인 — 계획서 7-2
태광1호위탁관리부동산투자회사,태광산업(주),50.0,,,태광1호위탁관리부동산투자회사,펀드·SPC·투자조합·신탁 상품·명목회사 — 계획서 7-2
"DV SHINHUNG CO.,LTD",(주)신흥,100.0,,,"DV SHINHUNG
 CO.,LTD",해외 법인 — 계획서 7-2
MISSHA JAPAN INC.,(주)에이블씨엔씨,100.0,,,"MISSHA JAPAN INC.
 (비상장)",해외 법인 — 계획서 7-2
북경애박신화장품상무유한공사,(주)에이블씨엔씨,100.0,,,"북경애박신화장품상무유한공사
 (비상장)",해외 법인 — 계획서 7-2
Able C&C US INC.,(주)에이블씨엔씨,100.0,,,"Able C&C US INC.
 (비상장)",해외 법인 — 계획서 7-2
상해애박신화장품상무유한공사,(주)에이블씨엔씨,100.0,,,"상해애박신화장품상무유한공사
 (비상장)",해외 법인 — 계획서 7-2
메이슨큐브투자조합,삼익THK(주),48.48,,,메이슨큐브투자조합,펀드·SPC·투자조합·신탁 상품·명목회사 — 계획서 7-2
"MATZ AMERICA, LLC",삼익THK(주),100.0,,,"MATZ AMERICA, LLC",해외 법인 — 계획서 7-2
MATZ POLAND SP. Z O.O,삼익THK(주),100.0,,,MATZ POLAND SP. Z O.O,해외 법인 — 계획서 7-2
"MATZ (Nanjing) Automation Equipment Co., Ltd",삼익THK(주),100.0,,,"MATZ (Nanjing) Automation
 Equipment Co., Ltd",해외 법인 — 계획서 7-2
매츠 ABB 테크 제1호 벤처투자조합,삼익THK(주),99.5,,,"매츠 ABB 테크 제1호
 벤처투자조합",펀드·SPC·투자조합·신탁 상품·명목회사 — 계획서 7-2
JW Theriac Pharmaceutical Corporation,JW중외제약(주),100.0,,,"JW Theriac
Pharmaceutical
Corporation",해외 법인 — 계획서 7-2
Euvipharm JSC,JW중외제약(주),100.0,,,Euvipharm JSC,해외 법인 — 계획서 7-2
"INSTALLX, INC.",주식회사 엘엑스홀딩스,49.0,,,"INSTALLX, INC.",해외 법인 — 계획서 7-2
,파미셀(주),,,,,"출자현황 자료 없음 — 원문 확인, 필요하면 수동 입력 파일에 적음 (2025 사업보고서 표 형식 아님(숫자 지분율 없음); 2025 3분기보고서 표 형식 아님(숫자 지분율 없음); 2025 반기보고서 표 형식 아님(숫자 지분율 없음); 2024 사업보고서 표 형식 아님(숫자 지분율 없음))"
케이아이씨공업기계 (장가항) 유한공사,(주)에이프로젠,100.0,,,"케이아이씨공업기계 
(장가항) 유한공사",해외 법인 — 계획서 7-2
NC West Holdings,(주)엔씨,92.3,,,NC West Holdings,해외 법인 — 계획서 7-2
"NC America, LLC",(주)엔씨,100.0,,,"NC America, LLC",해외 법인 — 계획서 7-2
NCSOFT ASIA HOLDINGS PTE. LTD.,(주)엔씨,100.0,,,NCSOFT ASIA HOLDINGS PTE. LTD.,해외 법인 — 계획서 7-2
NC Japan KK,(주)엔씨,100.0,,,NC Japan KK,해외 법인 — 계획서 7-2
"NC Taiwan Co., Ltd.",(주)엔씨,100.0,,,"NC Taiwan Co., Ltd.",해외 법인 — 계획서 7-2
"NC Europe, Ltd.",(주)엔씨,100.0,,,"NC Europe, Ltd.",해외 법인 — 계획서 7-2
"Chamaeleon Fund Ⅰ, LP",(주)엔씨,99.0,,,"Chamaeleon Fund Ⅰ, LP",해외 법인 — 계획서 7-2
HSHWASUNG GLOBAL PTE.LTD,에이치에스화성(주),100.0,,,HSHWASUNG GLOBAL PTE.LTD,해외 법인 — 계획서 7-2
부동산 처분신탁,(주)녹십자홀딩스,100.0,,,부동산 처분신탁(*5),펀드·SPC·투자조합·신탁 상품·명목회사 — 계획서 7-2
"COERA, INC.",(주)녹십자홀딩스,72.6,,,"COERA, INC.",해외 법인 — 계획서 7-2
㈜커브컴퍼니,(주)녹십자홀딩스,100.0,,,㈜커브컴퍼니 (전환우선주),우선주 등 — 지배력 판단에 쓰지 않음
"Lymphotec, lnc.",(주)녹십자홀딩스,60.4,,,"Lymphotec, lnc.",해외 법인 — 계획서 7-2
"GC DH VIETNAM CO., LTD",(주)녹십자홀딩스,70.0,,,"GC DH VIETNAM CO., LTD(*14)",해외 법인 — 계획서 7-2
"GCV, Inc.",(주)녹십자홀딩스,100.0,,,"GCV, Inc.(*16)",해외 법인 — 계획서 7-2
"GC Labtech, Inc.",(주)녹십자홀딩스,51.2,,,"GC Labtech, Inc.(*2)",해외 법인 — 계획서 7-2
SAMLIP SINGAPORE PTE. LTD.,(주)삼립,100.0,,,SAMLIP SINGAPORE PTE. LTD.,해외 법인 — 계획서 7-2
SAMLIP SEA PTE. LTD.,(주)삼립,100.0,,,SAMLIP SEA PTE. LTD.,해외 법인 — 계획서 7-2
글로벌푸드테크 신기술사업투자조합,(주)삼립,63.56,,,글로벌푸드테크 신기술사업투자조합,펀드·SPC·투자조합·신탁 상품·명목회사 — 계획서 7-2
"Curevo, Inc.",(주)녹십자,77.7,,,"Curevo, Inc.(보통주)",해외 법인 — 계획서 7-2
GC BIOPHARMA DO BRASIL CONSULTORIA DE NEGOCIOS LTDA.,(주)녹십자,99.9,,,"GC BIOPHARMA DO BRASIL
CONSULTORIA DE NEGOCIOS LTDA.",해외 법인 — 계획서 7-2
"GC BIOPHARMA USA, Inc.",(주)녹십자,100.0,,,"GC BIOPHARMA USA, Inc.",해외 법인 — 계획서 7-2
RMG-KB BioAccess Fund L.P.,(주)녹십자,37.9,,,RMG-KB BioAccess Fund L.P.,해외 법인 — 계획서 7-2
"ABO Holdings, Inc.",(주)녹십자,100.0,,,"ABO Holdings, Inc.",해외 법인 — 계획서 7-2
Green Cross North America Inc. (GCNA),(주)녹십자,46.8,,,"Green Cross North America Inc.
(GCNA)",해외 법인 — 계획서 7-2
"Myanmar Hanshin Co., Ltd.",한신공영(주),100.0,,,"Myanmar Hanshin Co., Ltd.",해외 법인 — 계획서 7-2
CHOKCHEYFINANCEPLC,한신공영(주),51.0,,,CHOKCHEYFINANCEPLC,해외 법인 — 계획서 7-2
CozySpace,한신공영(주),49.0,,,CozySpace,해외 법인 — 계획서 7-2
㈜제이비와이에스케이제3호기업구조조정부동산투자회사,한신공영(주),50.0,,,㈜제이비와이에스케이제3호기업구조조정부동산투자회사,펀드·SPC·투자조합·신탁 상품·명목회사 — 계획서 7-2
(주)KB스타갤럭시타워 위탁관리부동산투자회사,(주)케이비스타위탁관리부동산투자회사,100.0,,,"(주)KB스타갤럭시타워
위탁관리부동산투자회사",펀드·SPC·투자조합·신탁 상품·명목회사 — 계획서 7-2
LB영국일반사모 부동산투자신탁18호,(주)케이비스타위탁관리부동산투자회사,87.38,,,"LB영국일반사모
부동산투자신탁18호",펀드·SPC·투자조합·신탁 상품·명목회사 — 계획서 7-2
LB영국일반사모 부동산투자신탁19호,(주)케이비스타위탁관리부동산투자회사,95.59,,,"LB영국일반사모
부동산투자신탁19호",펀드·SPC·투자조합·신탁 상품·명목회사 — 계획서 7-2
(주)KB스타멀티에셋제1호 위탁관리부동산투자회사,(주)케이비스타위탁관리부동산투자회사,100.0,,,"(주)KB스타멀티에셋제1호
위탁관리부동산투자회사",펀드·SPC·투자조합·신탁 상품·명목회사 — 계획서 7-2
(주)KB스타갤럭시타워 위탁관리부동산투자회사,(주)케이비스타위탁관리부동산투자회사,100.0,,,"(주)KB스타갤럭시타워
위탁관리부동산투자회사",펀드·SPC·투자조합·신탁 상품·명목회사 — 계획서 7-2
(주)KB스타멀티에셋제1호 위탁관리부동산투자회사,(주)케이비스타위탁관리부동산투자회사,100.0,,,"(주)KB스타멀티에셋제1호
위탁관리부동산투자회사",펀드·SPC·투자조합·신탁 상품·명목회사 — 계획서 7-2
KG Mobility Europe PartsCenter B.V.,케이지모빌리티(주),100.0,,,KG Mobility Europe PartsCenter B.V.,해외 법인 — 계획서 7-2
KGM Australia,케이지모빌리티(주),100.0,,,KGM Australia,해외 법인 — 계획서 7-2
KGM Europe Gmbh,케이지모빌리티(주),100.0,,,KGM Europe Gmbh,해외 법인 — 계획서 7-2
Renzoluc Pte. Ltd.,(주)케이티앤지,100.0,,,Renzoluc Pte. Ltd.,해외 법인 — 계획서 7-2
PT Trisakti Purwosari Makmur,(주)케이티앤지,99.99,,,PT Trisakti Purwosari Makmur,해외 법인 — 계획서 7-2
KT&G Global Rus L.L.C.,(주)케이티앤지,100.0,,,KT&G Global Rus L.L.C.,해외 법인 — 계획서 7-2
KT&G Taiwan Corporation,(주)케이티앤지,100.0,,,KT&G Taiwan Corporation,해외 법인 — 계획서 7-2
마스턴제144호피에프브이㈜,(주)케이티앤지,92.5,,,마스턴제144호피에프브이㈜,펀드·SPC·투자조합·신탁 상품·명목회사 — 계획서 7-2
KT&G Global Kazakhstan LLP,(주)케이티앤지,100.0,,,KT&G Global Kazakhstan LLP,해외 법인 — 계획서 7-2
KT&G Kazakhstan LLP,(주)케이티앤지,100.0,,,KT&G Kazakhstan LLP,해외 법인 — 계획서 7-2
KT&G Global TAS FE LLC,(주)케이티앤지,100.0,,,KT&G Global TAS FE LLC(*2),해외 법인 — 계획서 7-2
코람코유럽코어전문투자형 사모부동산 투자신탁 제3-2호,(주)케이티앤지,51.35,,,코람코유럽코어전문투자형 사모부동산 투자신탁 제3-2호,펀드·SPC·투자조합·신탁 상품·명목회사 — 계획서 7-2
미래에셋케이티앤지신성장투자조합1호,(주)케이티앤지,45.0,,,미래에셋케이티앤지신성장투자조합1호,펀드·SPC·투자조합·신탁 상품·명목회사 — 계획서 7-2
케이비KT&G신성장1호펀드,(주)케이티앤지,66.67,,,케이비KT&G신성장1호펀드,펀드·SPC·투자조합·신탁 상품·명목회사 — 계획서 7-2
ASF International Holding Company AB,(주)케이티앤지,51.0,,,ASF International Holding Company AB(*4),해외 법인 — 계획서 7-2
KT&G Tutun Mamulleri Sanayi ve Ticaret A.S.,(주)케이티앤지,100.0,,,KT&G Tutun Mamulleri Sanayi ve Ticaret A.S.,해외 법인 — 계획서 7-2
Korea Tabacos Do Brasil LTDA,(주)케이티앤지,99.99,,,Korea Tabacos Do Brasil LTDA,해외 법인 — 계획서 7-2
KT&G Pars,(주)케이티앤지,99.99,,,KT&G Pars,해외 법인 — 계획서 7-2
KT&G Rus L.L.C.,(주)케이티앤지,100.0,,,KT&G  Rus L.L.C.,해외 법인 — 계획서 7-2
KT&G USA Corporation,(주)케이티앤지,100.0,,,KT&G USA Corporation,해외 법인 — 계획서 7-2
Ares SDL Ⅲ 북미크레딧 일반사모특별자산투자신탁 52호,(주)케이티앤지,49.82,,,Ares SDL Ⅲ 북미크레딧 일반사모특별자산투자신탁 52호,펀드·SPC·투자조합·신탁 상품·명목회사 — 계획서 7-2
"LG Display America, Inc.",엘지디스플레이(주),100.0,,,"LG Display America, Inc.",해외 법인 — 계획서 7-2
L&T Display Technology (Fujian) Limited (*),엘지디스플레이(주),51.0,,,L&T Display Technology (Fujian) Limited (*),해외 법인 — 계획서 7-2
"LG Display Yantai Co., Ltd. (*)",엘지디스플레이(주),100.0,,,"LG Display Yantai Co., Ltd. (*)",해외 법인 — 계획서 7-2
"UNIFIED INNOVATIVE TECHNOLOGY, LLC",엘지디스플레이(주),100.0,,,"UNIFIED INNOVATIVE TECHNOLOGY, LLC",해외 법인 — 계획서 7-2
"LG Display Guangzhou Trading Co., Ltd.(*)",엘지디스플레이(주),100.0,,,"LG Display Guangzhou Trading Co., Ltd.(*)",해외 법인 — 계획서 7-2
Global OLED Technology LLC,엘지디스플레이(주),100.0,,,Global OLED Technology LLC,해외 법인 — 계획서 7-2
"LG Display Vietnam Haiphong Co., Ltd.(*)",엘지디스플레이(주),100.0,,,"LG Display Vietnam Haiphong Co., Ltd.(*)",해외 법인 — 계획서 7-2
"Suzhou Lehui Display Co.,Ltd.(*)",엘지디스플레이(주),100.0,,,"Suzhou Lehui Display Co.,Ltd.(*)",해외 법인 — 계획서 7-2
LG DISPLAY FUND I L.L.C,엘지디스플레이(주),100.0,,,LG DISPLAY FUND I L.L.C,해외 법인 — 계획서 7-2
"LG Display Japan Co.,Ltd.",엘지디스플레이(주),100.0,,,"LG Display Japan Co.,Ltd.",해외 법인 — 계획서 7-2
"LG Display High-Tech (China) Co., Ltd.(*)",엘지디스플레이(주),70.0,,,"LG Display High-Tech (China) Co., Ltd.(*)",해외 법인 — 계획서 7-2
특정금전신탁(MMT),엘지디스플레이(주),100.0,,,특정금전신탁(MMT),펀드·SPC·투자조합·신탁 상품·명목회사 — 계획서 7-2
LG Display Germany GmbH,엘지디스플레이(주),100.0,,,LG Display Germany GmbH,해외 법인 — 계획서 7-2
"LG Display Taiwan Co.,Ltd.",엘지디스플레이(주),100.0,,,"LG Display Taiwan Co.,Ltd.",해외 법인 — 계획서 7-2
"LG Display Nanjing Co.,Ltd. (*)",엘지디스플레이(주),100.0,,,"LG Display Nanjing Co.,Ltd. (*)",해외 법인 — 계획서 7-2
"LG Display Shanghai Co., Ltd. (*)",엘지디스플레이(주),100.0,,,"LG Display Shanghai Co., Ltd. (*)",해외 법인 — 계획서 7-2
"LG Display Shenzhen Co., Ltd. (*)",엘지디스플레이(주),100.0,,,"LG Display Shenzhen Co., Ltd. (*)",해외 법인 — 계획서 7-2
LG Display Singapore Pte. Ltd.,엘지디스플레이(주),100.0,,,LG Display Singapore Pte. Ltd.,해외 법인 — 계획서 7-2
패스웨이 고성장투자조합1호,(주)유니드비티플러스,84.47,,,패스웨이 고성장투자조합1호,펀드·SPC·투자조합·신탁 상품·명목회사 — 계획서 7-2
패스웨이JB 글로벌 신기술투자조합 1호,(주)유니드비티플러스,49.7,,,패스웨이JB 글로벌 신기술투자조합 1호,펀드·SPC·투자조합·신탁 상품·명목회사 — 계획서 7-2
Intellectual Keystone Technology LLC,삼성SDI(주),41.0,,,Intellectual Keystone Technology LLC,해외 법인 — 계획서 7-2
이차전지성장펀드,삼성SDI(주),33.3,,,이차전지성장펀드,펀드·SPC·투자조합·신탁 상품·명목회사 — 계획서 7-2
신기술투자조합15호,삼성SDI(주),99.0,,,신기술투자조합15호,펀드·SPC·투자조합·신탁 상품·명목회사 — 계획서 7-2
신기술투자조합24호,삼성SDI(주),99.0,,,신기술투자조합24호,펀드·SPC·투자조합·신탁 상품·명목회사 — 계획서 7-2
신기술투자조합49호,삼성SDI(주),99.0,,,신기술투자조합49호,펀드·SPC·투자조합·신탁 상품·명목회사 — 계획서 7-2
"Samsung SDI Americia, Inc.",삼성SDI(주),91.7,,,"Samsung SDI Americia, Inc.",해외 법인 — 계획서 7-2
Samsung SDI (Hong Kong) Ltd.,삼성SDI(주),97.6,,,Samsung SDI (Hong Kong) Ltd.,해외 법인 — 계획서 7-2
Samsung SDI Hungary Zrt.,삼성SDI(주),100.0,,,Samsung SDI Hungary Zrt.,해외 법인 — 계획서 7-2
Samsung SDI Europe GmbH,삼성SDI(주),100.0,,,Samsung SDI Europe GmbH,해외 법인 — 계획서 7-2
"Samsung SDI Vietnam Co., LTD.",삼성SDI(주),100.0,,,"Samsung SDI Vietnam Co., LTD.",해외 법인 — 계획서 7-2
"Samsung SDI Energy Malaysia SDN, BHD.",삼성SDI(주),100.0,,,"Samsung SDI Energy Malaysia SDN, BHD.",해외 법인 — 계획서 7-2
"Samsung SDI Japan Co.,Ltd.",삼성SDI(주),100.0,,,"Samsung SDI Japan Co.,Ltd.",해외 법인 — 계획서 7-2
"Samaung SDI China Co.,Ltd.",삼성SDI(주),100.0,,,"Samaung SDI China Co.,Ltd.",해외 법인 — 계획서 7-2
"Samsung SDI-ARN(Xi'An) Power Battery Co., Ltd.",삼성SDI(주),65.0,,,"Samsung SDI-ARN(Xi'An) Power Battery Co., Ltd.",해외 법인 — 계획서 7-2
Samsung SDI Battery Systems GmbH,삼성SDI(주),100.0,,,Samsung SDI Battery Systems GmbH,해외 법인 — 계획서 7-2
"Samsung SDI（Tianjin）Battery Co.,Ltd.",삼성SDI(주),80.0,,,"Samsung SDI（Tianjin）Battery Co.,Ltd.",해외 법인 — 계획서 7-2
Samsung SDI India Private Limited,삼성SDI(주),100.0,,,Samsung SDI India Private Limited,해외 법인 — 계획서 7-2
Novaled GmbH,삼성SDI(주),50.1,,,Novaled GmbH,해외 법인 — 계획서 7-2
StarPlus Energy LLC.,삼성SDI(주),51.0,,,StarPlus Energy LLC.,해외 법인 — 계획서 7-2
Samsung SDI Southeast Asia PTE. LTD.,삼성SDI(주),100.0,,,Samsung SDI Southeast Asia PTE. LTD.,해외 법인 — 계획서 7-2
SDI-GM Synergy Cells Holdings LLC.,삼성SDI(주),50.01,,,SDI-GM Synergy Cells Holdings LLC.,해외 법인 — 계획서 7-2
SJM FLEX SA (Pty) LTD,(주)에스제이엠,100.0,,,"SJM FLEX
 SA (Pty) LTD",해외 법인 — 계획서 7-2
SJM FLEX (M) SDN.BHD,(주)에스제이엠,51.0,,,"SJM FLEX (M)
 SDN.BHD(*1)",해외 법인 — 계획서 7-2
연대세걸기차 배건유한공사,(주)에스제이엠,100.0,,,"연대세걸기차
 배건유한공사",해외 법인 — 계획서 7-2
SJMFLEX de MEXICO S de RL de CV,(주)에스제이엠,50.0,,,"SJMFLEX de MEXICO
 S de RL de CV",해외 법인 — 계획서 7-2
SJMFLEX MOROCCO SARL AU,(주)에스제이엠,100.0,,,"SJMFLEX MOROCCO
 SARL AU",해외 법인 — 계획서 7-2
SJM FLEX INDIA PRIVATE LIMITED,(주)에스제이엠,99.99,,,"SJM FLEX INDIA
PRIVATE LIMITED (*2)",해외 법인 — 계획서 7-2
SJM Gmbh,(주)에스제이엠,100.0,,,SJM Gmbh,해외 법인 — 계획서 7-2
SJM NORTH AMERICA INC,(주)에스제이엠,100.0,,,"SJM NORTH
 AMERICA INC",해외 법인 — 계획서 7-2
"PT Samsung Engineering Indonesia Co., Ltd.",삼성이앤에이(주),99.9,,,"PT Samsung Engineering Indonesia Co., Ltd.",해외 법인 — 계획서 7-2
Samsung E&A America Inc.,삼성이앤에이(주),100.0,,,Samsung E&A America Inc.,해외 법인 — 계획서 7-2
Samsung Engineering Kazakhstan LLP,삼성이앤에이(주),100.0,,,Samsung Engineering Kazakhstan LLP,해외 법인 — 계획서 7-2
Samsung E&A India Private Limited,삼성이앤에이(주),99.9,,,Samsung E&A India Private Limited,해외 법인 — 계획서 7-2
Grupo Samsung E&A Mexico S.A. De C.V.,삼성이앤에이(주),99.9,,,Grupo Samsung E&A Mexico S.A. De C.V.,해외 법인 — 계획서 7-2
Samsung E&A Manzanillo S.A. De C.V.,삼성이앤에이(주),99.9,,,Samsung E&A Manzanillo S.A. De C.V.,해외 법인 — 계획서 7-2
Samsung E&A Malaysia SDN. BHD.,삼성이앤에이(주),100.0,,,Samsung E&A Malaysia SDN. BHD.,해외 법인 — 계획서 7-2
Samsung E&A Arabia Co. Ltd.,삼성이앤에이(주),99.9,,,Samsung E&A Arabia Co. Ltd.,해외 법인 — 계획서 7-2
"Samsung E&A Shanghai Co., Ltd",삼성이앤에이(주),100.0,,,"Samsung E&A Shanghai Co., Ltd",해외 법인 — 계획서 7-2
"Samsung Engineering Trinidad Co., Ltd.",삼성이앤에이(주),100.0,,,"Samsung Engineering Trinidad Co., Ltd.",해외 법인 — 계획서 7-2
Samsung E&A Mexico S.A. de C.V.,삼성이앤에이(주),99.9,,,Samsung E&A Mexico S.A. de C.V.,해외 법인 — 계획서 7-2
"Samsung E&A (Thailand) Co., Ltd.",삼성이앤에이(주),49.9,,,"Samsung E&A (Thailand) Co., Ltd.",해외 법인 — 계획서 7-2
TSJ Limited,삼성이앤에이(주),45.0,,,TSJ Limited,해외 법인 — 계획서 7-2
Samsung E&A Energia S.A. De C.V.,삼성이앤에이(주),99.9,,,Samsung E&A Energia S.A. De C.V.,해외 법인 — 계획서 7-2
Muharraq Holding Company 1 Ltd.,삼성이앤에이(주),65.0,,,Muharraq Holding Company 1 Ltd.,해외 법인 — 계획서 7-2
Muharraq Wastewater Services Company W.L.L.,삼성이앤에이(주),99.8,,,Muharraq Wastewater Services Company W.L.L.,해외 법인 — 계획서 7-2
Samsung E&A Bolivia S.A,삼성이앤에이(주),99.9,,,Samsung E&A Bolivia S.A,해외 법인 — 계획서 7-2
"Samsung E&A Vietnam Co., Ltd.",삼성이앤에이(주),100.0,,,"Samsung E&A Vietnam Co., Ltd.",해외 법인 — 계획서 7-2
"Samsung E&A Xi'An Co., Ltd",삼성이앤에이(주),100.0,,,"Samsung E&A Xi'An Co., Ltd",해외 법인 — 계획서 7-2
Samsung E&A Hungary Co. Ltd.,삼성이앤에이(주),100.0,,,Samsung E&A Hungary Co. Ltd.,해외 법인 — 계획서 7-2
Samsung Engineering Italy S.R.L.,삼성이앤에이(주),100.0,,,Samsung Engineering Italy S.R.L.,해외 법인 — 계획서 7-2
에스브이아이씨51호 신기술사업투자조합,삼성이앤에이(주),99.0,,,에스브이아이씨51호 신기술사업투자조합,펀드·SPC·투자조합·신탁 상품·명목회사 — 계획서 7-2
TTSJV W.L.L.,삼성이앤에이(주),32.0,,,TTSJV W.L.L.,해외 법인 — 계획서 7-2
Samsung Project Management Inc.,삼성이앤에이(주),100.0,,,Samsung Project Management Inc.,해외 법인 — 계획서 7-2
Samsung E&A Global Private Limited,삼성이앤에이(주),99.9,,,Samsung E&A Global Private Limited,해외 법인 — 계획서 7-2
Global Module Center Joint Stock Company,삼성이앤에이(주),49.6,,,Global Module Center Joint Stock Company,해외 법인 — 계획서 7-2
에스브이아이씨61호 신기술사업투자조합,삼성이앤에이(주),99.0,,,에스브이아이씨61호 신기술사업투자조합,펀드·SPC·투자조합·신탁 상품·명목회사 — 계획서 7-2
Samsung Engineering NEC Company Limited,삼성이앤에이(주),60.0,,,Samsung Engineering NEC Company Limited,해외 법인 — 계획서 7-2
에스브이아이씨69호 신기술사업투자조합,삼성이앤에이(주),49.5,,,에스브이아이씨69호 신기술사업투자조합,펀드·SPC·투자조합·신탁 상품·명목회사 — 계획서 7-2
무학전기(혜주)유한공사,(주)무학,100.0,,,무학전기(혜주)유한공사,해외 법인 — 계획서 7-2
VICTORY VIET PHAP JOINT-STOCK COMPANY,(주)무학,99.99,,,"VICTORY VIET PHAP
JOINT-STOCK COMPANY",해외 법인 — 계획서 7-2
SUN&L New Zealand Limited,(주)선앤엘,100.0,,,SUN&L New Zealand Limited,해외 법인 — 계획서 7-2
SUN&L Singapore PTE. LTD.,(주)선앤엘,100.0,,,SUN&L Singapore PTE. LTD.,해외 법인 — 계획서 7-2
"SUN&L Kunshan Plastic Products Co., Ltd.",(주)선앤엘,100.0,,,"SUN&L Kunshan Plastic Products Co., Ltd.",해외 법인 — 계획서 7-2
"C.K. DISPENSER CO.,LTD.",(주)선앤엘,36.0,,,"C.K. DISPENSER CO.,LTD.",해외 법인 — 계획서 7-2
OTOKI NEWZEALAND,(주)오뚜기,100.0,,,"OTOKI 
NEWZEALAND",해외 법인 — 계획서 7-2
OTOKI AMERICA HOLDINGS INC,(주)오뚜기,100.0,,,"OTOKI
AMERICA
HOLDINGS INC
(*1)",해외 법인 — 계획서 7-2
OTOKI VIETNAM,(주)오뚜기,100.0,,,"OTOKI
VIETNAM",해외 법인 — 계획서 7-2
Intergis Mexico S. de R.L. de C.V.,인터지스(주),100.0,,,Intergis Mexico S. de R.L. de C.V.,해외 법인 — 계획서 7-2
Intergis Japan Co.Ltd.,인터지스(주),100.0,,,Intergis Japan Co.Ltd.,해외 법인 — 계획서 7-2
INTERGIS AMERICA INC.,인터지스(주),100.0,,,INTERGIS AMERICA INC.,해외 법인 — 계획서 7-2
"Intergis (Thailand) Co.,Ltd.",인터지스(주),49.0,,,"Intergis (Thailand) Co.,Ltd.",해외 법인 — 계획서 7-2
Intergis Vina Co.Ltd.,인터지스(주),100.0,,,Intergis Vina Co.Ltd.,해외 법인 — 계획서 7-2
LNGR LLC(*),엘아이지디펜스앤에어로스페이스(주),99.3,,,LNGR LLC(*),해외 법인 — 계획서 7-2
오아시스제2호 사모투자합자회사,엘아이지디펜스앤에어로스페이스(주),31.2,,,"오아시스제2호
사모투자합자회사",펀드·SPC·투자조합·신탁 상품·명목회사 — 계획서 7-2
"DSR CABLE VINA Co.,Ltd",DSR제강(주),100.0,,,"DSR CABLE VINA Co.,Ltd",해외 법인 — 계획서 7-2
"SK Hi-tech Battery Materials (Jiang su) Co., Ltd.",에스케이아이이테크놀로지 주식회사,100.0,,,"SK Hi-tech Battery Materials (Jiang su) Co., Ltd.",해외 법인 — 계획서 7-2
SK Hi-tech Battery Materials Poland Sp. Zo.o.,에스케이아이이테크놀로지 주식회사,100.0,,,SK Hi-tech Battery Materials Poland Sp. Zo.o.,해외 법인 — 계획서 7-2
"BC F&B Shanghai Co., Ltd.",(주)빙그레,100.0,,,"BC F&B Shanghai Co., Ltd.",해외 법인 — 계획서 7-2
BC F&B USA Corp.,(주)빙그레,100.0,,,BC F&B USA Corp.,해외 법인 — 계획서 7-2
"BC F&B Vietnam Co., Ltd.",(주)빙그레,100.0,,,"BC F&B Vietnam Co., Ltd.",해외 법인 — 계획서 7-2
BC F&B Australia Pty Ltd.,(주)빙그레,100.0,,,BC F&B Australia Pty Ltd.,해외 법인 — 계획서 7-2
"SK Networks (China) Holdings Co.,Ltd.",SK네트웍스(주),100.0,,,"SK Networks (China) Holdings Co.,Ltd.",해외 법인 — 계획서 7-2
"SK Networks Resources Australia (Wyong) Pty Ltd. 주1,2)",SK네트웍스(주),100.0,,,"SK Networks Resources Australia (Wyong) Pty Ltd. 주1,2)",해외 법인 — 계획서 7-2
SK Networks Resources Pty Ltd.,SK네트웍스(주),100.0,,,SK Networks Resources Pty Ltd.,해외 법인 — 계획서 7-2
SK BRASIL LTDA,SK네트웍스(주),56.0,,,SK BRASIL LTDA,해외 법인 — 계획서 7-2
"SK Networks Hong Kong Ltd. 주1,2)",SK네트웍스(주),100.0,,,"SK Networks Hong Kong Ltd. 주1,2)",해외 법인 — 계획서 7-2
Networks Tejarat Pars,SK네트웍스(주),100.0,,,Networks Tejarat Pars,해외 법인 — 계획서 7-2
SK NETWORKS AMERICAS LLC,SK네트웍스(주),100.0,,,SK NETWORKS AMERICAS LLC 주3),해외 법인 — 계획서 7-2
에스브이에이벤처펀드Ⅱ,SK네트웍스(주),32.0,,,에스브이에이벤처펀드Ⅱ,펀드·SPC·투자조합·신탁 상품·명목회사 — 계획서 7-2
"POSK(Pinghu) Steel Processing Center Co.,Ltd.",SK네트웍스(주),80.0,,,"POSK(Pinghu) Steel Processing Center Co.,Ltd. 주1)",해외 법인 — 계획서 7-2
"SK Networks Japan Co., Ltd.",SK네트웍스(주),100.0,,,"SK Networks Japan Co., Ltd.",해외 법인 — 계획서 7-2
(주)이지스글로벌레지던스위탁관리부동산투자회사,주식회사 이지스레지던스위탁관리부동산투자회사,100.0,,,(주)이지스글로벌레지던스위탁관리부동산투자회사,펀드·SPC·투자조합·신탁 상품·명목회사 — 계획서 7-2
(주)이지스글로벌레지던스위탁관리부동산투자회사,주식회사 이지스레지던스위탁관리부동산투자회사,100.0,,,(주)이지스글로벌레지던스위탁관리부동산투자회사,펀드·SPC·투자조합·신탁 상품·명목회사 — 계획서 7-2
PT.Kepid Technology,한전산업개발(주),99.0,,,"PT.Kepid Technology
(비상장)",해외 법인 — 계획서 7-2
STIC Investments SG Pte. Ltd,스틱인베스트먼트(주),100.0,,,STIC Investments SG Pte. Ltd,해외 법인 — 계획서 7-2
"PT. Dongsung Jakarta(""JDS"")",(주)동성케미컬,99.98,,,"PT. Dongsung Jakarta(""JDS"")",해외 법인 — 계획서 7-2
"Guangzhou Dongsung Chemical Co.,Ltd.(""GDS"")",(주)동성케미컬,100.0,,,"Guangzhou Dongsung Chemical Co.,Ltd.(""GDS"")",해외 법인 — 계획서 7-2
"Dongsung Chemical(Vietnam) Co.,Ltd.(""VDS"")",(주)동성케미컬,100.0,,,"Dongsung Chemical(Vietnam) Co.,Ltd.(""VDS"")",해외 법인 — 계획서 7-2
"PT. Dongsung Chemical Indonesia(""IDS"")",(주)동성케미컬,99.96,,,"PT. Dongsung Chemical Indonesia(""IDS"")",해외 법인 — 계획서 7-2
"LOTTE FOOD HOLDING CO., LTD",롯데지주(주),100.0,,,"LOTTE FOOD HOLDING CO., LTD",해외 법인 — 계획서 7-2
Lotte Investment Partners Singapore PTE,롯데지주(주),100.0,,,Lotte Investment Partners Singapore PTE,해외 법인 — 계획서 7-2
PT Lotte RND Center Indonesia,롯데지주(주),33.33,,,PT Lotte RND Center Indonesia,해외 법인 — 계획서 7-2
무석광미래 신재료유한공사,(주)엘앤에프,65.81,,,"무석광미래
신재료유한공사",해외 법인 — 계획서 7-2
PT.DLI,대림통상(주),100.0,,,"PT.DLI
(비상장)",해외 법인 — 계획서 7-2
D.B.M,대림통상(주),100.0,,,"D.B.M
(비상장)",해외 법인 — 계획서 7-2
DHF Holdings Inc.,대한제분(주),100.0,,,DHF Holdings Inc.,해외 법인 — 계획서 7-2
Daehan Mills Inc.,대한제분(주),100.0,,,Daehan Mills Inc.,해외 법인 — 계획서 7-2
디에스 Quattro.X1 코스닥벤처 일반 사모투자신탁,대한제분(주),83.32,,,디에스 Quattro.X1 코스닥벤처 일반 사모투자신탁,펀드·SPC·투자조합·신탁 상품·명목회사 — 계획서 7-2
오티엄그래비티 사모투자 합자회사,대한제분(주),38.46,,,오티엄그래비티 사모투자 합자회사,펀드·SPC·투자조합·신탁 상품·명목회사 — 계획서 7-2
DONGBANGLOGISTICS VINA,(주)동방,100.0,,,DONGBANGLOGISTICS VINA,해외 법인 — 계획서 7-2
㈜S&Dengineering,(주)동방,40.0,,,㈜S&Dengineering,해외 법인 — 계획서 7-2
와이어드 기업재무안정 사모투자합자회사,(주)디알비동일,50.96,,,"와이어드 기업재무안정
사모투자합자회사",펀드·SPC·투자조합·신탁 상품·명목회사 — 계획서 7-2
"LX International (America), Inc.",(주)LX인터내셔널,100.0,,,"LX International (America), Inc.",해외 법인 — 계획서 7-2
LX International Japan Ltd.,(주)LX인터내셔널,100.0,,,LX International Japan Ltd.,해외 법인 — 계획서 7-2
LX International (HK) Ltd.,(주)LX인터내셔널,100.0,,,LX International (HK) Ltd.,해외 법인 — 계획서 7-2
LX_International (Singapore) Pte.Ltd.,(주)LX인터내셔널,100.0,,,LX_International (Singapore) Pte.Ltd.,해외 법인 — 계획서 7-2
LX International (Deutschland) GmbH,(주)LX인터내셔널,100.0,,,LX International (Deutschland) GmbH,해외 법인 — 계획서 7-2
LX International (Shanghai) Corp.,(주)LX인터내셔널,100.0,,,LX International (Shanghai) Corp.,해외 법인 — 계획서 7-2
LX International India Private Limited,(주)LX인터내셔널,100.0,,,LX International India Private Limited,해외 법인 — 계획서 7-2
Bowen Investment (Australia) Pty Ltd,(주)LX인터내셔널,100.0,,,Bowen Investment (Australia) Pty Ltd,해외 법인 — 계획서 7-2
Philco Resources Limited,(주)LX인터내셔널,60.0,,,Philco Resources Limited,해외 법인 — 계획서 7-2
Resources Investment (H.K.) Limited,(주)LX인터내셔널,100.0,,,Resources Investment (H.K.) Limited,해외 법인 — 계획서 7-2
PT. Batubara Global Energy,(주)LX인터내셔널,100.0,,,PT. Batubara Global Energy,해외 법인 — 계획서 7-2
PT. Ganda Alam Makmur,(주)LX인터내셔널,60.0,,,PT. Ganda Alam Makmur,해외 법인 — 계획서 7-2
PT. Trans Global Terminal,(주)LX인터내셔널,99.99,,,PT. Trans Global Terminal,해외 법인 — 계획서 7-2
Fertilizer Resources Investment Limited,(주)LX인터내셔널,100.0,,,Fertilizer Resources Investment Limited,해외 법인 — 계획서 7-2
"Colmineral, S.A. de.C.V.",(주)LX인터내셔널,100.0,,,"Colmineral, S.A. de.C.V.",해외 법인 — 계획서 7-2
PT. Kinarya Prima Utama,(주)LX인터내셔널,99.92,,,PT. Kinarya Prima Utama,해외 법인 — 계획서 7-2
PT. Energy Battery Indonesia,(주)LX인터내셔널,99.99,,,PT. Energy Battery Indonesia,해외 법인 — 계획서 7-2
PT. Green Global Lestari,(주)LX인터내셔널,100.0,,,PT. Green Global Lestari,해외 법인 — 계획서 7-2
"Korea Carbon International Co., Ltd.",(주)LX인터내셔널,60.0,,,"Korea Carbon International Co., Ltd.",해외 법인 — 계획서 7-2
PT. LX International Indonesia,(주)LX인터내셔널,100.0,,,PT. LX International Indonesia,해외 법인 — 계획서 7-2
PT. Global Investment Institusi,(주)LX인터내셔널,99.99,,,PT. Global Investment Institusi,해외 법인 — 계획서 7-2
LX International Yakutsk LLC.,(주)LX인터내셔널,100.0,,,LX International Yakutsk LLC.,해외 법인 — 계획서 7-2
"Steel Flower Electric & Machinery (Tianjin) Co., Ltd.",(주)LX인터내셔널,100.0,,,"Steel Flower Electric & Machinery (Tianjin) Co., Ltd.",해외 법인 — 계획서 7-2
Haiphong Steel Flower Electrical & Machinery Company Limited,(주)LX인터내셔널,100.0,,,Haiphong Steel Flower Electrical & Machinery Company Limited,해외 법인 — 계획서 7-2
PT. Binsar Natorang Energi,(주)LX인터내셔널,95.0,,,PT. Binsar Natorang Energi,해외 법인 — 계획서 7-2
POSCO-PWPC(Poland Wroclaw Processing Center),(주)LX인터내셔널,40.0,,,POSCO-PWPC(Poland Wroclaw Processing Center),해외 법인 — 계획서 7-2
,서울식품공업(주),,,,,"출자현황 자료 없음 — 원문 확인, 필요하면 수동 입력 파일에 적음 (2025 사업보고서 표 형식 아님(숫자 지분율 없음); 2025 3분기보고서 표 형식 아님(숫자 지분율 없음); 2025 반기보고서 표 형식 아님(숫자 지분율 없음); 2024 사업보고서 표 형식 아님(숫자 지분율 없음))"
HCM VINA,(주)한국카본,100.0,,,"HCM VINA
(비상장)",해외 법인 — 계획서 7-2
HANKUK COMPOSITE UK LTD,(주)한국카본,100.0,,,"HANKUK COMPOSITE
UK LTD (비상장)",해외 법인 — 계획서 7-2
C2i s.r.o.,(주)한국카본,100.0,,,"C2i s.r.o.
(비상장)",해외 법인 — 계획서 7-2
HANKUK COMPOSITE US INC,(주)한국카본,100.0,,,"HANKUK COMPOSITE
US INC (비상장)",해외 법인 — 계획서 7-2
"Engineered Textile Solutions & Associates, LLC",(주)한국카본,39.0,,,"Engineered Textile
Solutions &
Associates, LLC",해외 법인 — 계획서 7-2
에코프라임마린퍼시픽 유한회사,동부건설(주),50.0,,,"에코프라임마린퍼시픽 
유한회사",펀드·SPC·투자조합·신탁 상품·명목회사 — 계획서 7-2
KUMHO-DONGBU JOINTVENTURE,동부건설(주),40.0,,,"KUMHO-DONGBU 
JOINTVENTURE",해외 법인 — 계획서 7-2
Dongbu Australia,동부건설(주),100.0,,,Dongbu Australia,해외 법인 — 계획서 7-2
YOULCHON VINA COMPANY LIMITED (베트남),율촌화학(주),100.0,,,"YOULCHON VINA
COMPANY LIMITED
(베트남)",해외 법인 — 계획서 7-2
"YANBIAN NONGSHIM MINERAL WATER BEVERAGE CO., LTD.,",(주)농심,100.0,,,"YANBIAN NONGSHIM MINERAL WATER BEVERAGE CO., LTD.,",해외 법인 — 계획서 7-2
NONG SHIM(HONGKONG) Ltd.,(주)농심,100.0,,,NONG SHIM(HONGKONG) Ltd.,해외 법인 — 계획서 7-2
"Nong Shim Holdings USA, Inc.",(주)농심,100.0,,,"Nong Shim Holdings USA, Inc.",해외 법인 — 계획서 7-2
"Nong Shim Japan, Inc.",(주)농심,100.0,,,"Nong Shim Japan, Inc.",해외 법인 — 계획서 7-2
NONGSHIM AUSTRALIA PTY LTD.,(주)농심,100.0,,,NONGSHIM AUSTRALIA PTY LTD.,해외 법인 — 계획서 7-2
"NONGSHIM VIETNAM CO., LTD.",(주)농심,100.0,,,"NONGSHIM VIETNAM CO., LTD.",해외 법인 — 계획서 7-2
NONGSHIM EUROPE B.V.,(주)농심,100.0,,,NONGSHIM EUROPE B.V.,해외 법인 — 계획서 7-2
LOTTE SHOPPING HOLDINGS (SINGAPORE) PTE. LTD.,롯데쇼핑(주),100.0,,,LOTTE SHOPPING HOLDINGS (SINGAPORE) PTE. LTD.(비상장)(*3),해외 법인 — 계획서 7-2
LOTTE PROPERTIES (CHENGDU) HK LIMITED,롯데쇼핑(주),77.6,,,LOTTE PROPERTIES (CHENGDU) HK LIMITED(비상장)(*3),해외 법인 — 계획서 7-2
LOTTE PROPERTIES (HANOI) SINGAPORE PTE. LTD.,롯데쇼핑(주),100.0,,,LOTTE PROPERTIES (HANOI) SINGAPORE PTE. LTD.(비상장),해외 법인 — 계획서 7-2
LOTTE PROPERTIES HCMC COMPANY LIMITED,롯데쇼핑(주),40.0,,,LOTTE PROPERTIES HCMC COMPANY LIMITED(비상장),해외 법인 — 계획서 7-2
롯데위탁관리부동산투자회사,롯데쇼핑(주),42.04,,,롯데위탁관리부동산투자회사(상장),펀드·SPC·투자조합·신탁 상품·명목회사 — 계획서 7-2
유진유니콘사모투자합자회사,롯데쇼핑(주),47.06,,,유진유니콘사모투자합자회사(비상장),펀드·SPC·투자조합·신탁 상품·명목회사 — 계획서 7-2
롯데쇼핑이노베이션펀드1호,롯데쇼핑(주),99.0,,,롯데쇼핑이노베이션펀드1호(비상장)(*4),펀드·SPC·투자조합·신탁 상품·명목회사 — 계획서 7-2
에프엘제주노형일반사모부동산투자신탁제3호,롯데쇼핑(주),98.65,,,에프엘제주노형일반사모부동산투자신탁제3호(비상장),펀드·SPC·투자조합·신탁 상품·명목회사 — 계획서 7-2
스마트롯데쇼핑이노베이션펀드,롯데쇼핑(주),69.08,,,스마트롯데쇼핑이노베이션펀드(비상장),펀드·SPC·투자조합·신탁 상품·명목회사 — 계획서 7-2
"SAMSUNG C&T CORPORATION VIETNAM CO., LTD",삼성물산(주),100.0,,,"SAMSUNG C&T CORPORATION VIETNAM CO., LTD",해외 법인 — 계획서 7-2
SAMSUNG C&T CORPORATION UEM CONSTRUCTION JV SDN BHD,삼성물산(주),60.0,,,SAMSUNG C&T CORPORATION UEM CONSTRUCTION JV SDN BHD,해외 법인 — 계획서 7-2
Samsung C&T Renewable Energy Australia Pty Ltd,삼성물산(주),100.0,,,Samsung C&T Renewable Energy Australia Pty Ltd,해외 법인 — 계획서 7-2
Samsung C&T Corporation Poland LLC,삼성물산(주),100.0,,,Samsung C&T Corporation Poland LLC,해외 법인 — 계획서 7-2
SVIC 66호 신기술사업투자조합,삼성물산(주),99.0,,,SVIC 66호 신기술사업투자조합,펀드·SPC·투자조합·신탁 상품·명목회사 — 계획서 7-2
SVIC 64호 신기술사업투자조합,삼성물산(주),69.3,,,SVIC 64호 신기술사업투자조합,펀드·SPC·투자조합·신탁 상품·명목회사 — 계획서 7-2
SVIC 68호 신기술사업투자조합,삼성물산(주),99.0,,,SVIC 68호 신기술사업투자조합,펀드·SPC·투자조합·신탁 상품·명목회사 — 계획서 7-2
SVIC 69호 신기술사업투자조합,삼성물산(주),49.5,,,SVIC 69호 신기술사업투자조합,펀드·SPC·투자조합·신탁 상품·명목회사 — 계획서 7-2
이지스 RE100 솔라 일반사모투자신탁 제1호,삼성물산(주),58.1,,,이지스 RE100 솔라 일반사모투자신탁 제1호,펀드·SPC·투자조합·신탁 상품·명목회사 — 계획서 7-2
그린하버솔라플랫폼일반사모투자신탁 제1호,삼성물산(주),99.3,,,그린하버솔라플랫폼일반사모투자신탁 제1호,펀드·SPC·투자조합·신탁 상품·명목회사 — 계획서 7-2
"SAMSUNG C&T INVESTMENT Co.,Ltd.",삼성물산(주),100.0,,,"SAMSUNG C&T INVESTMENT Co.,Ltd.",해외 법인 — 계획서 7-2
SAMSUNG VISTA C&I AUSTRALIA PTY LTD,삼성물산(주),100.0,,,SAMSUNG VISTA C&I AUSTRALIA PTY LTD,해외 법인 — 계획서 7-2
SVIC53호 신기술사업투자조합,삼성물산(주),99.0,,,SVIC53호 신기술사업투자조합,펀드·SPC·투자조합·신탁 상품·명목회사 — 계획서 7-2
SVIC54호 신기술사업투자조합,삼성물산(주),66.0,,,SVIC54호 신기술사업투자조합,펀드·SPC·투자조합·신탁 상품·명목회사 — 계획서 7-2
Samsung C&T Japan Corporation,삼성물산(주),100.0,,,Samsung C&T Japan Corporation,해외 법인 — 계획서 7-2
Samsung C&T America Inc.,삼성물산(주),100.0,,,Samsung C&T America Inc.,해외 법인 — 계획서 7-2
"Samsung E&C America, INC",삼성물산(주),100.0,,,"Samsung E&C America, INC",해외 법인 — 계획서 7-2
Samsung Renewable Energy Inc.,삼성물산(주),100.0,,,Samsung Renewable Energy Inc.,해외 법인 — 계획서 7-2
"QSSC, S.A. de C.V.",삼성물산(주),80.0,,,"QSSC, S.A. de C.V.",해외 법인 — 계획서 7-2
SONG Parallel,삼성물산(주),100.0,,,SONG Parallel,해외 법인 — 계획서 7-2
Samsung C&T Lima S.A.C.,삼성물산(주),100.0,,,Samsung C&T Lima S.A.C.,해외 법인 — 계획서 7-2
Samsung C&T Deutschland GmbH,삼성물산(주),100.0,,,Samsung C&T Deutschland GmbH,해외 법인 — 계획서 7-2
Samsung C&T U.K. Ltd.,삼성물산(주),100.0,,,Samsung C&T U.K. Ltd.,해외 법인 — 계획서 7-2
Samsung C&T ECUK Ltd.,삼성물산(주),100.0,,,Samsung C&T ECUK Ltd.,해외 법인 — 계획서 7-2
Whessoe Engineering Limited,삼성물산(주),100.0,,,Whessoe Engineering Limited,해외 법인 — 계획서 7-2
"POSS-SLPC, s.r.o",삼성물산(주),50.0,,,"POSS-SLPC, s.r.o",해외 법인 — 계획서 7-2
Solluce Romania 1 B.V.,삼성물산(주),80.0,,,Solluce Romania 1 B.V.,해외 법인 — 계획서 7-2
SAM investment Manzanilo.B.V,삼성물산(주),53.3,,,SAM investment Manzanilo.B.V,해외 법인 — 계획서 7-2
"SAMSUNG C&T (KL) SDN., BHD",삼성물산(주),100.0,,,"SAMSUNG C&T (KL) SDN., BHD",해외 법인 — 계획서 7-2
Samsung C&T Malaysia SDN. BHD.,삼성물산(주),100.0,,,Samsung C&T Malaysia SDN. BHD.,해외 법인 — 계획서 7-2
"Erdsam Co., Ltd.",삼성물산(주),100.0,,,"Erdsam Co., Ltd.",해외 법인 — 계획서 7-2
Samsung Chemtech Vina LLC.,삼성물산(주),51.7,,,Samsung Chemtech Vina LLC.,해외 법인 — 계획서 7-2
"Samsung C&T Thailand Co., Ltd.",삼성물산(주),91.8,,,"Samsung C&T Thailand Co., Ltd.",해외 법인 — 계획서 7-2
Samsung C&T India Private Limited,삼성물산(주),100.0,,,Samsung C&T India Private Limited,해외 법인 — 계획서 7-2
Samsung C&T Corporation India Private Limited,삼성물산(주),100.0,,,Samsung C&T Corporation India Private Limited,해외 법인 — 계획서 7-2
"MSSC SDN., BHD.",삼성물산(주),70.0,,,"MSSC SDN., BHD.",해외 법인 — 계획서 7-2
Samsung C&T Singapore Pte. Ltd.,삼성물산(주),100.0,,,Samsung C&T Singapore Pte. Ltd.,해외 법인 — 계획서 7-2
S&G Biofuel PTE.LTD,삼성물산(주),50.5,,,S&G Biofuel PTE.LTD,해외 법인 — 계획서 7-2
SAMSUNG C&T Mongolia LLC.,삼성물산(주),70.0,,,SAMSUNG C&T Mongolia LLC.,해외 법인 — 계획서 7-2
Samsung C&T Eng.&Const. Mongolia LLC,삼성물산(주),100.0,,,Samsung C&T Eng.&Const. Mongolia LLC,해외 법인 — 계획서 7-2
"S&WOO CONSTRUCTION PHILIPPINES, INC.",삼성물산(주),100.0,,,"S&WOO CONSTRUCTION PHILIPPINES, INC.",해외 법인 — 계획서 7-2
VSSC Steel Center Limited Liability,삼성물산(주),70.0,,,VSSC Steel Center Limited Liability,해외 법인 — 계획서 7-2
Vista Contracting and Investment Global Pte. Ltd.,삼성물산(주),100.0,,,Vista Contracting and Investment Global Pte. Ltd.,해외 법인 — 계획서 7-2
Cheil Holding Inc.*,삼성물산(주),40.0,,,Cheil Holding Inc.*,해외 법인 — 계획서 7-2
"SAMSUNG C&T PHILIPPINES, CORP.",삼성물산(주),100.0,,,"SAMSUNG C&T PHILIPPINES, CORP.",해외 법인 — 계획서 7-2
SAMSUNG C&T HONGKONG Ltd.,삼성물산(주),100.0,,,SAMSUNG C&T HONGKONG Ltd.,해외 법인 — 계획서 7-2
"Samsung C&T Taiwan Co., Ltd.",삼성물산(주),100.0,,,"Samsung C&T Taiwan Co., Ltd.",해외 법인 — 계획서 7-2
"Tianjin Eco City Shengxing Development Co., Ltd.",삼성물산(주),40.0,,,"Tianjin Eco City Shengxing Development Co., Ltd.",해외 법인 — 계획서 7-2
"Samsung Precision Stainless Steel(pinghu) Co.,Ltd",삼성물산(주),55.0,,,"Samsung Precision Stainless Steel(pinghu) Co.,Ltd",해외 법인 — 계획서 7-2
"SAMSUNG C&T CORPORATION (SHANGHAI) CO., LTD",삼성물산(주),100.0,,,"SAMSUNG C&T CORPORATION (SHANGHAI) CO., LTD",해외 법인 — 계획서 7-2
"Samsung C&T (Xi'an) Co., Ltd.",삼성물산(주),100.0,,,"Samsung C&T (Xi'an) Co., Ltd.",해외 법인 — 계획서 7-2
FCC Saudi LLC,삼성물산(주),43.8,,,FCC Saudi LLC,해외 법인 — 계획서 7-2
SAMSUNG C&T CORPORATION SAUDI ARABIA,삼성물산(주),100.0,,,SAMSUNG C&T CORPORATION SAUDI ARABIA,해외 법인 — 계획서 7-2
SAM Gulf Investment Limited,삼성물산(주),100.0,,,SAM Gulf Investment Limited,해외 법인 — 계획서 7-2
Samsung C&T Chile Copper SpA,삼성물산(주),100.0,,,Samsung C&T Chile Copper SpA,해외 법인 — 계획서 7-2
SCNT Power Kelar Inversiones Limitada,삼성물산(주),100.0,,,SCNT Power Kelar Inversiones Limitada,해외 법인 — 계획서 7-2
Samsung C&T Corporation Rus LLC,삼성물산(주),100.0,,,Samsung C&T Corporation Rus LLC,해외 법인 — 계획서 7-2
CHEIL INDUSTRIES ITALY SRL,삼성물산(주),100.0,,,CHEIL INDUSTRIES ITALY SRL,해외 법인 — 계획서 7-2
Samsung Fashion Trading,삼성물산(주),100.0,,,Samsung Fashion Trading,해외 법인 — 계획서 7-2
SVIC 70호 신기술사업투자조합,삼성물산(주),99.0,,,SVIC 70호 신기술사업투자조합,펀드·SPC·투자조합·신탁 상품·명목회사 — 계획서 7-2
LOTTE Chemical Trading (Shanghai) Corp.,롯데케미칼(주),100.0,,,LOTTE Chemical Trading (Shanghai) Corp.,해외 법인 — 계획서 7-2
LOTTE Ube Synthetic Rubber Sdn. Bhd.,롯데케미칼(주),50.0,,,LOTTE Ube Synthetic Rubber Sdn. Bhd.,해외 법인 — 계획서 7-2
Kor-Uz Gas Chemical Investment Ltd.,롯데케미칼(주),49.0,,,Kor-Uz Gas Chemical Investment Ltd.,해외 법인 — 계획서 7-2
"LOTTE Chemical Engineering Plastics (Jiaxing) Co., Ltd.,",롯데케미칼(주),100.0,,,"LOTTE Chemical  Engineering Plastics (Jiaxing) Co., Ltd.,",해외 법인 — 계획서 7-2
롯데케미칼이노베이션펀드1호,롯데케미칼(주),98.0,,,롯데케미칼이노베이션펀드1호 (*10),펀드·SPC·투자조합·신탁 상품·명목회사 — 계획서 7-2
"LOTTE Chemical Japan Co., Ltd.",롯데케미칼(주),100.0,,,"LOTTE Chemical Japan Co., Ltd.",해외 법인 — 계획서 7-2
"LOTTE Chemical (Thailand) Co., Ltd.",롯데케미칼(주),59.44,,,"LOTTE Chemical (Thailand) Co., Ltd.",해외 법인 — 계획서 7-2
"LOTTE Chemical Vietnam Co., Ltd.",롯데케미칼(주),100.0,,,"LOTTE Chemical Vietnam Co., Ltd.",해외 법인 — 계획서 7-2
LOTTE Chemical Engineering Plastics (Haryana) Pvt. Ltd.,롯데케미칼(주),100.0,,,"LOTTE Chemical Engineering Plastics
 (Haryana) Pvt. Ltd.",해외 법인 — 계획서 7-2
"LOTTE Chemical Engineering Plastics (Tianjin) Co., Ltd.",롯데케미칼(주),100.0,,,"LOTTE Chemical Engineering Plastics (Tianjin) Co., Ltd.",해외 법인 — 계획서 7-2
LOTTE Chemical Titan Holding Berhad,롯데케미칼(주),74.72,,,LOTTE Chemical Titan Holding Berhad (*6),해외 법인 — 계획서 7-2
"LOTTE Chemical Engineering Plastics (Dongguan) Co., Ltd.",롯데케미칼(주),100.0,,,"LOTTE Chemical Engineering Plastics (Dongguan) Co., Ltd.",해외 법인 — 계획서 7-2
LOTTE Chemical California Inc.,롯데케미칼(주),100.0,,,LOTTE Chemical California Inc.,해외 법인 — 계획서 7-2
LOTTE Chemical Deutschland GMBH,롯데케미칼(주),100.0,,,LOTTE Chemical Deutschland GMBH,해외 법인 — 계획서 7-2
LOTTE Chemical Hungary Ltd.,롯데케미칼(주),100.0,,,LOTTE Chemical Hungary Ltd.,해외 법인 — 계획서 7-2
LOTTE Chemical Turkey Surface Designs Industry and Trade Inc.,롯데케미칼(주),97.53,,,"LOTTE Chemical Turkey Surface Designs 
Industry and Trade Inc.",해외 법인 — 계획서 7-2
PT LOTTE Chemical Engineering Plastics Indonesia,롯데케미칼(주),99.9,,,PT LOTTE Chemical Engineering Plastics Indonesia,해외 법인 — 계획서 7-2
LOTTE Chemical Alabama Corp.,롯데케미칼(주),100.0,,,LOTTE Chemical Alabama Corp.,해외 법인 — 계획서 7-2
롯데케미칼이노베이션펀드2호,롯데케미칼(주),76.15,,,롯데케미칼이노베이션펀드2호,펀드·SPC·투자조합·신탁 상품·명목회사 — 계획서 7-2
롯데케미칼ESG펀드,롯데케미칼(주),99.0,,,롯데케미칼ESG펀드 (*10),펀드·SPC·투자조합·신탁 상품·명목회사 — 계획서 7-2
LOTTE Battery Materials USA Corp.,롯데케미칼(주),100.0,,,LOTTE Battery Materials USA Corp.,해외 법인 — 계획서 7-2
LOTTE Chemical USA Corporation,롯데케미칼(주),60.0,,,LOTTE Chemical USA Corporation,해외 법인 — 계획서 7-2
"LOTTE Chemical Engineering Plastics (Shenyang) Co., Ltd.",롯데케미칼(주),100.0,,,"LOTTE Chemical Engineering Plastics 
(Shenyang) Co., Ltd.",해외 법인 — 계획서 7-2
LOTTE Chemical Nigeria Limited,롯데케미칼(주),100.0,,,LOTTE Chemical Nigeria Limited,해외 법인 — 계획서 7-2
몬타나 신기술조합 제72호,(주)에이프로젠바이오로직스,99.99,,,"몬타나 신기술조합
제72호",펀드·SPC·투자조합·신탁 상품·명목회사 — 계획서 7-2
"HANJIN INTERMODAL AMERICA, INC",(주)한진,100.0,,,"HANJIN INTERMODAL AMERICA, INC",해외 법인 — 계획서 7-2
"QINGDAO HANJIN LUHAI INTERNATIONAL LOGISTICS CO., LTD",(주)한진,75.0,,,"QINGDAO HANJIN LUHAI
INTERNATIONAL LOGISTICS CO., LTD",해외 법인 — 계획서 7-2
JV LLC EURASIA LOGISTICS SERVICE,(주)한진,51.0,,,JV LLC EURASIA LOGISTICS SERVICE,해외 법인 — 계획서 7-2
HANJIN GLOBAL LOGISTICS (HONG KONG) LIMITED,(주)한진,100.0,,,"HANJIN GLOBAL LOGISTICS
 (HONG KONG) LIMITED",해외 법인 — 계획서 7-2
"HANJIN GLOBAL LOGISTICS (DALIAN) CO., LTD.",(주)한진,100.0,,,"HANJIN GLOBAL LOGISTICS 
(DALIAN) CO., LTD.",해외 법인 — 계획서 7-2
HANJIN GLOBAL LOGISTICS EUROPE S.R.O,(주)한진,100.0,,,HANJIN GLOBAL LOGISTICS EUROPE S.R.O,해외 법인 — 계획서 7-2
HANJIN GLOBAL LOGISTICS MYANMAR COMPANY LIMITED,(주)한진,100.0,,,"HANJIN GLOBAL LOGISTICS MYANMAR
 COMPANY LIMITED",해외 법인 — 계획서 7-2
HANJIN GLOBAL LOGISTICS VIETNAM COMPANY LIMITED,(주)한진,99.14,,,"HANJIN GLOBAL LOGISTICS VIETNAM 
COMPANY LIMITED",해외 법인 — 계획서 7-2
"HANJIN GLOBAL LOGISTICS (CAMBODIA) CO., LTD.",(주)한진,100.0,,,"HANJIN GLOBAL LOGISTICS
 (CAMBODIA) CO., LTD.",해외 법인 — 계획서 7-2
HANJIN HOLDINGS (THAILAND) COMPANY LIMITED,(주)한진,49.0,,,"HANJIN HOLDINGS (THAILAND)
COMPANY LIMITED",해외 법인 — 계획서 7-2
HANJIN GLOBAL LOGISTICS (THAILAND) COMPANY LIMITED,(주)한진,49.0,,,"HANJIN GLOBAL LOGISTICS (THAILAND)
 COMPANY  LIMITED",해외 법인 — 계획서 7-2
HANJIN GLOBAL LOGISTICS MALAYSIA SDN. BHD.,(주)한진,100.0,,,"HANJIN GLOBAL LOGISTICS 
MALAYSIA SDN. BHD.",해외 법인 — 계획서 7-2
HANJIN GLOBAL LOGISTICS SINGAPORE PTE. LTD.,(주)한진,100.0,,,"HANJIN GLOBAL LOGISTICS
 SINGAPORE PTE. LTD.",해외 법인 — 계획서 7-2
HANJIN GLOBAL LOGISTICS RUS,(주)한진,100.0,,,HANJIN GLOBAL LOGISTICS RUS,해외 법인 — 계획서 7-2
HANJIN GLOBAL LOGISTICS JAPAN CO. LTD,(주)한진,100.0,,,HANJIN GLOBAL LOGISTICS JAPAN CO. LTD,해외 법인 — 계획서 7-2
"HANJIN GLOBAL LOGISTICS (TAIWAN) CO.,LTD.",(주)한진,100.0,,,"HANJIN GLOBAL LOGISTICS 
(TAIWAN) CO.,LTD.",해외 법인 — 계획서 7-2
"PT HANJIN GLOBAL LOGISTICS (INDONESIA) CO.,LTD.",(주)한진,99.0,,,"PT HANJIN GLOBAL LOGISTICS 
(INDONESIA) CO.,LTD.",해외 법인 — 계획서 7-2
전진건설기계(천진)유한공사,전진건설로봇(주),91.8,,,전진건설기계(천진)유한공사,해외 법인 — 계획서 7-2
㈜SBS,(주)티와이홀딩스,36.3,,,㈜SBS,해외 법인 — 계획서 7-2
NAMSUNG AMERICA,(주)남성,99.77,,,"NAMSUNG
AMERICA",해외 법인 — 계획서 7-2
남풍과학기술 유한공사,(주)남성,50.0,,,"남풍과학기술
유한공사",해외 법인 — 계획서 7-2
위해금원전선유한공사,대원전선(주),100.0,,,위해금원전선유한공사,해외 법인 — 계획서 7-2
KT전략투자조합3호,(주)케이티,86.7,,,KT전략투자조합3호,펀드·SPC·투자조합·신탁 상품·명목회사 — 계획서 7-2
KT전략투자조합4호,(주)케이티,95.0,,,KT전략투자조합4호,펀드·SPC·투자조합·신탁 상품·명목회사 — 계획서 7-2
KT전략투자조합5호,(주)케이티,95.0,,,KT전략투자조합5호,펀드·SPC·투자조합·신탁 상품·명목회사 — 계획서 7-2
KT청년창업DNA투자조합,(주)케이티,45.8,,,KT청년창업DNA투자조합,펀드·SPC·투자조합·신탁 상품·명목회사 — 계획서 7-2
KT창업초기투자조합,(주)케이티,40.0,,,KT창업초기투자조합,펀드·SPC·투자조합·신탁 상품·명목회사 — 계획서 7-2
케이티전략투자조합6호,(주)케이티,92.0,,,케이티전략투자조합6호,펀드·SPC·투자조합·신탁 상품·명목회사 — 계획서 7-2
아이비케이-케이티디지털신산업투자조합,(주)케이티,34.9,,,아이비케이-케이티디지털신산업투자조합,펀드·SPC·투자조합·신탁 상품·명목회사 — 계획서 7-2
KT-IBKC미래투자조합1호,(주)케이티,43.3,,,KT-IBKC미래투자조합1호,펀드·SPC·투자조합·신탁 상품·명목회사 — 계획서 7-2
경기-KT 슈퍼맨투자조합,(주)케이티,35.7,,,경기-KT 슈퍼맨투자조합,펀드·SPC·투자조합·신탁 상품·명목회사 — 계획서 7-2
아이비케이-케이티청년창업MARS투자조합,(주)케이티,38.8,,,아이비케이-케이티청년창업MARS투자조합,펀드·SPC·투자조합·신탁 상품·명목회사 — 계획서 7-2
"KTJapan Co., Ltd.",(주)케이티,100.0,,,"KTJapan Co., Ltd.",해외 법인 — 계획서 7-2
East Telecom LLC,(주)케이티,91.6,,,East Telecom LLC,해외 법인 — 계획서 7-2
"KT Hongkong Telecommunications Co., Limited.",(주)케이티,100.0,,,"KT Hongkong Telecommunications Co., Limited.",해외 법인 — 계획서 7-2
VRSB(Virtual Realm Sdn Bhd),(주)케이티,49.0,,,VRSB(Virtual Realm Sdn Bhd),해외 법인 — 계획서 7-2
KTP SERVICES INC.,(주)케이티,100.0,,,KTP SERVICES INC.,해외 법인 — 계획서 7-2
KT Rwanda Networks Ltd.,(주)케이티,51.0,,,KT Rwanda Networks Ltd.,해외 법인 — 계획서 7-2
AOS Ltd.,(주)케이티,51.0,,,AOS Ltd.,해외 법인 — 계획서 7-2
"KT AMERICA, INC.",(주)케이티,100.0,,,"KT AMERICA, INC.",해외 법인 — 계획서 7-2
KT ES Pte. Ltd.,(주)케이티,68.8,,,KT ES Pte. Ltd.,해외 법인 — 계획서 7-2
KIF투자조합,(주)케이티,33.3,,,KIF투자조합,펀드·SPC·투자조합·신탁 상품·명목회사 — 계획서 7-2
KT DX VIETNAM COMPANY LIMITED,(주)케이티,100.0,,,KT DX VIETNAM COMPANY LIMITED,해외 법인 — 계획서 7-2
"ILJIN DISPLAY VINA CO.,LTD",일진디스플레이(주),100.0,,,"ILJIN DISPLAY VINA CO.,LTD",해외 법인 — 계획서 7-2
NEXTEEL AMERICA LLC,넥스틸(주),100.0,,,"NEXTEEL
AMERICA LLC",해외 법인 — 계획서 7-2
NEXTEEL HOLDINGS LLC,넥스틸(주),100.0,,,"NEXTEEL
HOLDINGS LLC",해외 법인 — 계획서 7-2
NEXTEEL SAHA LLC,넥스틸(주),50.88,,,"NEXTEEL
SAHA LLC",해외 법인 — 계획서 7-2
NEXTEEL USA LLC,넥스틸(주),100.0,,,NEXTEEL USA LLC,해외 법인 — 계획서 7-2
디케이제이커브플로터 기업재무안정기관전용 사모투자합자회사,넥스틸(주),39.33,,,"디케이제이커브플로터
기업재무안정기관전용
사모투자합자회사",펀드·SPC·투자조합·신탁 상품·명목회사 — 계획서 7-2
"LG Chem (Tianjin) Engineering Plastics Co.,Ltd.",(주)LG화학,90.0,,,"LG Chem (Tianjin) Engineering Plastics Co.,Ltd.",해외 법인 — 계획서 7-2
LG Chem Europe GmbH,(주)LG화학,100.0,,,LG Chem Europe GmbH,해외 법인 — 계획서 7-2
LG Chem Poland Sp. z o.o.,(주)LG화학,100.0,,,LG Chem Poland Sp. z o.o.,해외 법인 — 계획서 7-2
LGC Petrochemical India Private Ltd.,(주)LG화학,100.0,,,LGC Petrochemical India Private Ltd.,해외 법인 — 계획서 7-2
LG CHEM TK Kimya SANAYI VE TIC. Ltd. STI.,(주)LG화학,100.0,,,LG CHEM TK Kimya SANAYI VE TIC. Ltd. STI.,해외 법인 — 계획서 7-2
"LG Chem Japan Co.,Ltd.",(주)LG화학,100.0,,,"LG Chem Japan Co.,Ltd.",해외 법인 — 계획서 7-2
"LG Chem (Chongqing) Engineering Plastics Co.,Ltd.",(주)LG화학,100.0,,,"LG Chem (Chongqing) Engineering Plastics Co.,Ltd.",해외 법인 — 계획서 7-2
"LG Chem(HUIZHOU) Petrochemical Co., Ltd.",(주)LG화학,70.0,,,"LG Chem(HUIZHOU) Petrochemical Co., Ltd.",해외 법인 — 계획서 7-2
"Ningbo LG Yongxing Chemical Co.,Ltd.",(주)LG화학,75.0,,,"Ningbo LG Yongxing Chemical Co.,Ltd.",해외 법인 — 계획서 7-2
LG Chem Life Sciences India Pvt. Ltd.,(주)LG화학,100.0,,,LG Chem Life Sciences India Pvt. Ltd.,해외 법인 — 계획서 7-2
LG Chem Life Sciences (Thailand) Ltd.,(주)LG화학,100.0,,,LG Chem Life Sciences (Thailand) Ltd.,해외 법인 — 계획서 7-2
LG Chem Hai Phong Vietnam Company Ltd.,(주)LG화학,100.0,,,LG Chem Hai Phong Vietnam Company Ltd.,해외 법인 — 계획서 7-2
LG Chem Mexico S.A. de C.V.,(주)LG화학,100.0,,,LG Chem Mexico S.A. de C.V.,해외 법인 — 계획서 7-2
LG Chem Hai Phong Engineering Plastics LLC.,(주)LG화학,100.0,,,LG Chem Hai Phong Engineering Plastics LLC.,해외 법인 — 계획서 7-2
"LG Chem (Guangzhou) Information & Electronics Materials Co.,Ltd.",(주)LG화학,100.0,,,"LG Chem (Guangzhou) Information & Electronics
Materials Co.,Ltd.",해외 법인 — 계획서 7-2
"LEYOU NEW ENERGY MATERIALS(WUXI) Co.,LTD",(주)LG화학,51.0,,,"LEYOU NEW ENERGY MATERIALS(WUXI) Co.,LTD",해외 법인 — 계획서 7-2
LG Chem Fund I LLC,(주)LG화학,100.0,,,LG Chem Fund I LLC,해외 법인 — 계획서 7-2
"Uniseal,Inc.",(주)LG화학,100.0,,,"Uniseal,Inc.",해외 법인 — 계획서 7-2
"LG Chem America, Inc.",(주)LG화학,100.0,,,"LG Chem America, Inc.",해외 법인 — 계획서 7-2
"LG Chem Life Sciences USA, Inc",(주)LG화학,100.0,,,"LG Chem Life Sciences USA, Inc",해외 법인 — 계획서 7-2
LG Chem Asia Pte. Ltd.,(주)LG화학,100.0,,,LG Chem Asia Pte. Ltd.,해외 법인 — 계획서 7-2
LG PETRONAS Chemicals Malaysia Sdn.Bhd.,(주)LG화학,51.0,,,LG PETRONAS Chemicals Malaysia Sdn.Bhd.,해외 법인 — 계획서 7-2
"LG Chem Ohio Petrochemical, Inc.",(주)LG화학,100.0,,,"LG Chem Ohio Petrochemical, Inc.",해외 법인 — 계획서 7-2
"LG Chem VietNam Co., Ltd",(주)LG화학,100.0,,,"LG Chem VietNam Co., Ltd",해외 법인 — 계획서 7-2
LG Chem Malaysia SDN.BHD.,(주)LG화학,100.0,,,LG Chem Malaysia SDN.BHD.,해외 법인 — 계획서 7-2
LG Chem BRASIL INTERMEDIACAO DE NEGOCIOS DO SETOR QUIMICO LTDA.,(주)LG화학,100.0,,,"LG Chem BRASIL INTERMEDIACAO DE NEGOCIOS
DO SETOR QUIMICO LTDA.",해외 법인 — 계획서 7-2
PT LG CHEM INDONESIA,(주)LG화학,100.0,,,PT LG CHEM INDONESIA,해외 법인 — 계획서 7-2
LG Chemical India Pvt. Ltd.,(주)LG화학,100.0,,,LG Chemical India Pvt. Ltd.,해외 법인 — 계획서 7-2
"LG Chem America Advanced Materials, Inc.",(주)LG화학,100.0,,,"LG Chem America Advanced Materials, Inc.",해외 법인 — 계획서 7-2
LG CHEM COLOMBIA S.A.S,(주)LG화학,100.0,,,LG CHEM COLOMBIA S.A.S,해외 법인 — 계획서 7-2
LG Chem Hungary Battery Separator Kft.,(주)LG화학,100.0,,,LG Chem Hungary Battery Separator Kft.,해외 법인 — 계획서 7-2
LG Chem Life Sciences Poland Ltd.,(주)LG화학,100.0,,,LG Chem Life Sciences Poland Ltd.,해외 법인 — 계획서 7-2
"HUAJIN NEW ENERGY MATERIALS(QUZHOU)CO.,LTD",(주)LG화학,49.0,,,"HUAJIN NEW ENERGY MATERIALS(QUZHOU)CO.,LTD",해외 법인 — 계획서 7-2
"LG Chemical (Guangzhou) Engineering Plastics Co.,Ltd.",(주)LG화학,100.0,,,"LG Chemical (Guangzhou) Engineering Plastics Co.,Ltd.",해외 법인 — 계획서 7-2
"LG Chem (Taiwan), Ltd.",(주)LG화학,100.0,,,"LG Chem (Taiwan), Ltd.",해외 법인 — 계획서 7-2
"Tianjin LG Bohai Chemical Co.,Ltd.",(주)LG화학,68.0,,,"Tianjin LG Bohai Chemical Co.,Ltd.",해외 법인 — 계획서 7-2
"Tianjin LG BOTIAN Chemical Co.,Ltd.",(주)LG화학,58.0,,,"Tianjin LG BOTIAN Chemical Co.,Ltd.",해외 법인 — 계획서 7-2
"LG Chem (China) Investment Co.,Ltd.",(주)LG화학,100.0,,,"LG Chem (China) Investment Co.,Ltd.",해외 법인 — 계획서 7-2
D&A㈜,고려산업(주),100.0,,,D&A㈜,해외 법인 — 계획서 7-2
푸른 아트테크 신기술투자조합 제1호,한양증권(주),46.08,,,"푸른 아트테크 신기술투자조합 제1호
(주2)",펀드·SPC·투자조합·신탁 상품·명목회사 — 계획서 7-2
Jinro Inc.,하이트진로(주),100.0,,,Jinro Inc.,해외 법인 — 계획서 7-2
"Jinro America, Inc.",하이트진로(주),100.0,,,"Jinro America, Inc.",해외 법인 — 계획서 7-2
"HiteJinro RUS Food Co., Ltd.",하이트진로(주),84.92,,,"HiteJinro RUS Food Co., Ltd.",해외 법인 — 계획서 7-2
"HITEJINRO VIETNAM CO., LTD.",하이트진로(주),100.0,,,"HITEJINRO VIETNAM CO., LTD.",해외 법인 — 계획서 7-2
HITEJINRO SG PTE.LTD.,하이트진로(주),40.0,,,HITEJINRO SG PTE.LTD.,해외 법인 — 계획서 7-2
Sejin Vietnam,(주)세진중공업,100.0,,,Sejin Vietnam,해외 법인 — 계획서 7-2
GOSEONG OCEANPLANT VINA,에스케이오션플랜트(주),100.0,,,GOSEONG OCEANPLANT VINA,해외 법인 — 계획서 7-2
"Kolon Nanjing Co.,LTD.",코오롱인더스트리(주),88.9,,,"Kolon Nanjing Co.,LTD.",해외 법인 — 계획서 7-2
KOLON (SUZHOU) COMPANY LIMITED,코오롱인더스트리(주),90.0,,,KOLON (SUZHOU) COMPANY LIMITED,해외 법인 — 계획서 7-2
KOLON USA INC.,코오롱인더스트리(주),100.0,,,KOLON USA INC.,해외 법인 — 계획서 7-2
KOLON EU GmbH,코오롱인더스트리(주),100.0,,,KOLON EU GmbH,해외 법인 — 계획서 7-2
PT.KOLON INA,코오롱인더스트리(주),78.75,,,PT.KOLON INA,해외 법인 — 계획서 7-2
가륭(상해)무역유한공사,코오롱인더스트리(주),100.0,,,가륭(상해)무역유한공사,해외 법인 — 계획서 7-2
KOLON WORLD INVESTMENT LIMITED,코오롱인더스트리(주),40.0,,,KOLON WORLD INVESTMENT LIMITED,해외 법인 — 계획서 7-2
KOLON CHINA(HK) COMPANY LIMITED,코오롱인더스트리(주),58.14,,,KOLON CHINA(HK) COMPANY LIMITED,해외 법인 — 계획서 7-2
"KOLON INDUSTRIES MEXICO, S.A. DE C.V.",코오롱인더스트리(주),99.99,,,"KOLON INDUSTRIES MEXICO, S.A. DE C.V.",해외 법인 — 계획서 7-2
"KOLON INDUSTRIES VIETNAM CO.,LTD",코오롱인더스트리(주),100.0,,,"KOLON INDUSTRIES VIETNAM CO.,LTD",해외 법인 — 계획서 7-2
"KOLON INDUSTRIES BINH DUONG Co., LTD.",코오롱인더스트리(주),100.0,,,"KOLON INDUSTRIES BINH DUONG Co., LTD.",해외 법인 — 계획서 7-2
KLAW FOOTWEAR INC.,코오롱인더스트리(주),31.25,,,KLAW FOOTWEAR INC.,해외 법인 — 계획서 7-2
KOLON FnC JAPAN INC,코오롱인더스트리(주),100.0,,,KOLON FnC JAPAN INC,해외 법인 — 계획서 7-2
KOLON INDUSTRIES INDIA PRIVATE LIMITED,코오롱인더스트리(주),100.0,,,KOLON INDUSTRIES INDIA PRIVATE LIMITED,해외 법인 — 계획서 7-2
KOLON PHILIPPINES INC.,코오롱인더스트리(주),100.0,,,KOLON PHILIPPINES INC.,해외 법인 — 계획서 7-2
스마트2020토니비대면투자조합,(주)토니모리,40.0,,,스마트2020토니비대면투자조합,펀드·SPC·투자조합·신탁 상품·명목회사 — 계획서 7-2
토니모리(칭다오) 유한공사,(주)토니모리,92.28,,,"토니모리(칭다오)
 유한공사",해외 법인 — 계획서 7-2
팔란티어코리아 유한회사,에이치디현대(주),34.0,,,팔란티어코리아 유한회사,펀드·SPC·투자조합·신탁 상품·명목회사 — 계획서 7-2
HD현대엔진유한회사,에이치디현대중공업(주),100.0,,,HD현대엔진유한회사,펀드·SPC·투자조합·신탁 상품·명목회사 — 계획서 7-2
Hyundai Heavy Industries Argentina S.R.L,에이치디현대중공업(주),99.99,,,"Hyundai Heavy 
Industries Argentina
S.R.L",해외 법인 — 계획서 7-2
HD Hyundai Asia Holdings PTE.LTD,에이치디현대중공업(주),40.0,,,"HD Hyundai Asia Holdings PTE.LTD
(주5)",해외 법인 — 계획서 7-2
"Hansol ElectronicMaterials (Xi'an) Co., Ltd.",(주)한솔케미칼,100.0,,,"Hansol ElectronicMaterials (Xi'an) Co., Ltd.",해외 법인 — 계획서 7-2
SANWON LTD.,동원수산(주),50.0,,,SANWON LTD.,해외 법인 — 계획서 7-2
WEIHAI YK TRADING,동원수산(주),100.0,,,WEIHAI  YK TRADING (주1),해외 법인 — 계획서 7-2
DW NEW ZEALAND LTD,동원수산(주),100.0,,,DW NEW ZEALAND LTD(주2),해외 법인 — 계획서 7-2
,디씨엠(주),,,,,"출자현황 자료 없음 — 원문 확인, 필요하면 수동 입력 파일에 적음 (2025 사업보고서 표 형식 아님(숫자 지분율 없음); 2025 3분기보고서 표 형식 아님(숫자 지분율 없음); 2025 반기보고서 표 형식 아님(숫자 지분율 없음); 2024 사업보고서 표 형식 아님(숫자 지분율 없음))"
SDMA,삼성전자(주),75.0,,,SDMA,해외 법인 — 계획서 7-2
SEMA,삼성전자(주),100.0,,,SEMA,해외 법인 — 계획서 7-2
SAVINA,삼성전자(주),100.0,,,SAVINA,해외 법인 — 계획서 7-2
SEIN,삼성전자(주),100.0,,,SEIN,해외 법인 — 계획서 7-2
TSE,삼성전자(주),91.8,,,TSE,해외 법인 — 계획서 7-2
SEAU,삼성전자(주),100.0,,,SEAU,해외 법인 — 계획서 7-2
SIEL,삼성전자(주),100.0,,,SIEL,해외 법인 — 계획서 7-2
SRI-Bangalore,삼성전자(주),100.0,,,SRI-Bangalore,해외 법인 — 계획서 7-2
SJC,삼성전자(주),100.0,,,SJC,해외 법인 — 계획서 7-2
SRJ,삼성전자(주),100.0,,,SRJ,해외 법인 — 계획서 7-2
SCIC,삼성전자(주),100.0,,,SCIC,해외 법인 — 계획서 7-2
SEHK,삼성전자(주),100.0,,,SEHK,해외 법인 — 계획서 7-2
SET,삼성전자(주),100.0,,,SET,해외 법인 — 계획서 7-2
SSEC,삼성전자(주),69.1,,,SSEC,해외 법인 — 계획서 7-2
SESC,삼성전자(주),73.7,,,SESC,해외 법인 — 계획서 7-2
TSTC,삼성전자(주),90.0,,,TSTC,해외 법인 — 계획서 7-2
SSS,삼성전자(주),100.0,,,SSS,해외 법인 — 계획서 7-2
SCS,삼성전자(주),100.0,,,SCS,해외 법인 — 계획서 7-2
SSCX,삼성전자(주),100.0,,,SSCX,해외 법인 — 계획서 7-2
SESS,삼성전자(주),100.0,,,SESS,해외 법인 — 계획서 7-2
TSLED,삼성전자(주),100.0,,,TSLED,해외 법인 — 계획서 7-2
SSCR,삼성전자(주),100.0,,,SSCR,해외 법인 — 계획서 7-2
TSST Japan,삼성전자(주),49.0,,,TSST Japan,해외 법인 — 계획서 7-2
STE,삼성전자(주),49.0,,,STE,해외 법인 — 계획서 7-2
SVIC 21호 신기술투자조합,삼성전자(주),99.0,,,SVIC 21호 신기술투자조합,펀드·SPC·투자조합·신탁 상품·명목회사 — 계획서 7-2
SVIC 22호 신기술투자조합,삼성전자(주),99.0,,,SVIC 22호 신기술투자조합,펀드·SPC·투자조합·신탁 상품·명목회사 — 계획서 7-2
SVIC 26호 신기술투자조합,삼성전자(주),99.0,,,SVIC 26호 신기술투자조합,펀드·SPC·투자조합·신탁 상품·명목회사 — 계획서 7-2
SVIC 28호 신기술투자조합,삼성전자(주),99.0,,,SVIC 28호 신기술투자조합,펀드·SPC·투자조합·신탁 상품·명목회사 — 계획서 7-2
SVIC 32호 신기술투자조합,삼성전자(주),99.0,,,SVIC 32호 신기술투자조합,펀드·SPC·투자조합·신탁 상품·명목회사 — 계획서 7-2
SVIC 33호 신기술투자조합,삼성전자(주),99.0,,,SVIC 33호 신기술투자조합,펀드·SPC·투자조합·신탁 상품·명목회사 — 계획서 7-2
SVIC 42호 신기술투자조합,삼성전자(주),99.0,,,SVIC 42호 신기술투자조합,펀드·SPC·투자조합·신탁 상품·명목회사 — 계획서 7-2
SVIC 45호 신기술투자조합,삼성전자(주),99.0,,,SVIC 45호 신기술투자조합,펀드·SPC·투자조합·신탁 상품·명목회사 — 계획서 7-2
SVIC 52호 신기술투자조합,삼성전자(주),99.0,,,SVIC 52호 신기술투자조합,펀드·SPC·투자조합·신탁 상품·명목회사 — 계획서 7-2
SVIC 56호 신기술투자조합,삼성전자(주),99.0,,,SVIC 56호 신기술투자조합,펀드·SPC·투자조합·신탁 상품·명목회사 — 계획서 7-2
SVIC 57호 신기술투자조합,삼성전자(주),99.0,,,SVIC 57호 신기술투자조합,펀드·SPC·투자조합·신탁 상품·명목회사 — 계획서 7-2
SVIC 74호 신기술투자조합,삼성전자(주),99.0,,,SVIC 74호 신기술투자조합,펀드·SPC·투자조합·신탁 상품·명목회사 — 계획서 7-2
SVIC 76호 신기술투자조합,삼성전자(주),66.7,,,SVIC 76호 신기술투자조합,펀드·SPC·투자조합·신탁 상품·명목회사 — 계획서 7-2
반도체성장 전문투자형 사모 투자신탁,삼성전자(주),66.7,,,반도체성장 전문투자형 사모 투자신탁,펀드·SPC·투자조합·신탁 상품·명목회사 — 계획서 7-2
시스템반도체 상생 전문투자형 사모 투자신탁,삼성전자(주),62.5,,,시스템반도체 상생 전문투자형 사모 투자신탁,펀드·SPC·투자조합·신탁 상품·명목회사 — 계획서 7-2
반도체 생태계 일반 사모 투자신탁,삼성전자(주),66.7,,,반도체 생태계 일반 사모 투자신탁,펀드·SPC·투자조합·신탁 상품·명목회사 — 계획서 7-2
SEA,삼성전자(주),100.0,,,SEA,해외 법인 — 계획서 7-2
SECA,삼성전자(주),100.0,,,SECA,해외 법인 — 계획서 7-2
SEDA,삼성전자(주),87.0,,,SEDA,해외 법인 — 계획서 7-2
SEM,삼성전자(주),63.6,,,SEM,해외 법인 — 계획서 7-2
SELA,삼성전자(주),100.0,,,SELA,해외 법인 — 계획서 7-2
SEASA,삼성전자(주),98.0,,,SEASA,해외 법인 — 계획서 7-2
SEUK,삼성전자(주),100.0,,,SEUK,해외 법인 — 계획서 7-2
SEL,삼성전자(주),100.0,,,SEL,해외 법인 — 계획서 7-2
SEHG,삼성전자(주),100.0,,,SEHG,해외 법인 — 계획서 7-2
SEF,삼성전자(주),100.0,,,SEF,해외 법인 — 계획서 7-2
SEI,삼성전자(주),100.0,,,SEI,해외 법인 — 계획서 7-2
SESA,삼성전자(주),100.0,,,SESA,해외 법인 — 계획서 7-2
SEP,삼성전자(주),100.0,,,SEP,해외 법인 — 계획서 7-2
SEH,삼성전자(주),100.0,,,SEH,해외 법인 — 계획서 7-2
SELS,삼성전자(주),100.0,,,SELS,해외 법인 — 계획서 7-2
SEBN,삼성전자(주),100.0,,,SEBN,해외 법인 — 계획서 7-2
SEEH,삼성전자(주),100.0,,,SEEH,해외 법인 — 계획서 7-2
SENA,삼성전자(주),100.0,,,SENA,해외 법인 — 계획서 7-2
SESK,삼성전자(주),51.4,,,SESK,해외 법인 — 계획서 7-2
SEPOL,삼성전자(주),100.0,,,SEPOL,해외 법인 — 계획서 7-2
SEAG,삼성전자(주),100.0,,,SEAG,해외 법인 — 계획서 7-2
SERC,삼성전자(주),100.0,,,SERC,해외 법인 — 계획서 7-2
SERK,삼성전자(주),100.0,,,SERK,해외 법인 — 계획서 7-2
SGE,삼성전자(주),100.0,,,SGE,해외 법인 — 계획서 7-2
SSA,삼성전자(주),100.0,,,SSA,해외 법인 — 계획서 7-2
SAPL,삼성전자(주),100.0,,,SAPL,해외 법인 — 계획서 7-2
SME,삼성전자(주),100.0,,,SME,해외 법인 — 계획서 7-2
KCTech America Inc,(주)케이씨텍,100.0,,,KCTech America Inc,해외 법인 — 계획서 7-2
Nexen Tire America Inc,넥센타이어(주),100.0,,,Nexen Tire America Inc,해외 법인 — 계획서 7-2
"NEXT CENTURY VENTURES, LLC",넥센타이어(주),100.0,,,"NEXT CENTURY VENTURES, LLC",해외 법인 — 계획서 7-2
"Next Century Ventures Fund I, LP",넥센타이어(주),51.0,,,"Next Century Ventures Fund I, LP",해외 법인 — 계획서 7-2
NEXEN TIRE MALAYSIA SDN.BHD.,넥센타이어(주),100.0,,,NEXEN TIRE MALAYSIA SDN.BHD.,해외 법인 — 계획서 7-2
NEXEN LASTIKLERI ANONIM SIRKETI,넥센타이어(주),100.0,,,NEXEN LASTIKLERI ANONIM SIRKETI,해외 법인 — 계획서 7-2
NEXEN TIRE AUSTRALIA PTY LTD,넥센타이어(주),100.0,,,NEXEN TIRE AUSTRALIA PTY LTD,해외 법인 — 계획서 7-2
Nexen Tire Canada Corporation,넥센타이어(주),100.0,,,Nexen Tire Canada Corporation,해외 법인 — 계획서 7-2
NEXEN TIRE EGYPT LLC,넥센타이어(주),100.0,,,NEXEN TIRE EGYPT LLC,해외 법인 — 계획서 7-2
Nexen Tire Europe GmbH,넥센타이어(주),100.0,,,Nexen Tire Europe GmbH,해외 법인 — 계획서 7-2
Nexen Tire Hong Kong Holdings Limited,넥센타이어(주),100.0,,,Nexen Tire Hong Kong Holdings Limited,해외 법인 — 계획서 7-2
Nexen Tire Rus LLC,넥센타이어(주),100.0,,,Nexen Tire Rus LLC,해외 법인 — 계획서 7-2
Nexen Tire Europe s. r. o,넥센타이어(주),100.0,,,Nexen Tire Europe s. r. o,해외 법인 — 계획서 7-2
"Qingdao Nexen Machine Corporation Co.,Ltd.",넥센타이어(주),100.0,,,"Qingdao Nexen Machine Corporation Co.,Ltd.",해외 법인 — 계획서 7-2
"Nexen Tire Japan., Inc",넥센타이어(주),100.0,,,"Nexen Tire Japan., Inc",해외 법인 — 계획서 7-2
캡스톤전문투자형사모부동산18호(을지로3가6지구),(주)한국토지신탁,40.14,,,캡스톤전문투자형사모부동산18호(을지로3가6지구),펀드·SPC·투자조합·신탁 상품·명목회사 — 계획서 7-2
케이원 감만1 리츠,(주)한국토지신탁,100.0,,,케이원 감만1 리츠,펀드·SPC·투자조합·신탁 상품·명목회사 — 계획서 7-2
코레이트에스에이치전문투자형사모부동산투자신탁,(주)한국토지신탁,98.71,,,코레이트에스에이치전문투자형사모부동산투자신탁,펀드·SPC·투자조합·신탁 상품·명목회사 — 계획서 7-2
에코프라임마린 기업재무안정 사모투자합자회사,(주)한국토지신탁,93.21,,,에코프라임마린 기업재무안정 사모투자합자회사,펀드·SPC·투자조합·신탁 상품·명목회사 — 계획서 7-2
코레이트헌인마을일반사모부동산투자신탁,(주)한국토지신탁,99.5,,,코레이트헌인마을일반사모부동산투자신탁,펀드·SPC·투자조합·신탁 상품·명목회사 — 계획서 7-2
키스톤에코프라임스타 기업재무안정사모투자합자회사,(주)한국토지신탁,87.43,,,키스톤에코프라임스타 기업재무안정사모투자합자회사,펀드·SPC·투자조합·신탁 상품·명목회사 — 계획서 7-2
크레스톤 서밋 일반 사모투자신탁 제5호 투자,(주)한국토지신탁,66.6,,,크레스톤 서밋 일반 사모투자신탁 제5호 투자,펀드·SPC·투자조합·신탁 상품·명목회사 — 계획서 7-2
HL Logistic America,에이치엘홀딩스(주),100.0,,,HL Logistic America,해외 법인 — 계획서 7-2
HALLA CORPORATION EUROPE OTOMOTiV YEDEK PARCALARI SANAYi VE TiCARET ANONiM SiRKETi,에이치엘홀딩스(주),100.0,,,"HALLA CORPORATION 
EUROPE OTOMOTiV
YEDEK PARCALARI SANAYi VE 
TiCARET ANONiM SiRKETi",해외 법인 — 계획서 7-2
HL Corporation Berlin Gmbh,에이치엘홀딩스(주),100.0,,,HL Corporation Berlin Gmbh,해외 법인 — 계획서 7-2
HL ANAND AUTOMOTIVE PARTS PRIVATE LIMITED,에이치엘홀딩스(주),51.0,,,HL ANAND AUTOMOTIVE PARTS PRIVATE LIMITED,해외 법인 — 계획서 7-2
"HL TRADING & LOGISTICS MEXICO, S.A. DE C.V.",에이치엘홀딩스(주),100.0,,,"HL TRADING & LOGISTICS MEXICO, S.A. DE C.V.",해외 법인 — 계획서 7-2
에이치엘디앤아이한라 주식회사,에이치엘홀딩스(주),100.0,,,에이치엘디앤아이한라 주식회사 우선주,우선주 등 — 지배력 판단에 쓰지 않음
"HL (Suzhou) Logistics Co, Ltd",에이치엘홀딩스(주),100.0,,,"HL (Suzhou) Logistics Co, Ltd",해외 법인 — 계획서 7-2
"HL Logistics Suzhou Co.,LTD",에이치엘홀딩스(주),100.0,,,"HL Logistics Suzhou Co.,LTD",해외 법인 — 계획서 7-2
"HL Module Shanghai Co.,LTD",에이치엘홀딩스(주),100.0,,,"HL Module Shanghai Co.,LTD",해외 법인 — 계획서 7-2
HL Uriman Inc.,에이치엘홀딩스(주),100.0,,,HL Uriman Inc.,해외 법인 — 계획서 7-2
Icontrols Vietnam,에이치디씨랩스(주),100.0,,,Icontrols Vietnam,해외 법인 — 계획서 7-2
수피아이티센 ICT신기술 투자조합 제1호,(주)아이티센씨티에스,45.49,,,"수피아이티센
ICT신기술
투자조합
제1호",펀드·SPC·투자조합·신탁 상품·명목회사 — 계획서 7-2
글로벌비전도약1호사모투자합자회사,(주)아이티센씨티에스,94.2,,,글로벌비전도약1호사모투자합자회사,펀드·SPC·투자조합·신탁 상품·명목회사 — 계획서 7-2
HEP BEIJING,에이치디씨현대이피(주),100.0,,,HEP BEIJING,해외 법인 — 계획서 7-2
HEP CHENNAI,에이치디씨현대이피(주),100.0,,,HEP CHENNAI (*1),해외 법인 — 계획서 7-2
HEP YANCHENG,에이치디씨현대이피(주),100.0,,,HEP YANCHENG,해외 법인 — 계획서 7-2
HEP CHONGQING,에이치디씨현대이피(주),100.0,,,HEP CHONGQING,해외 법인 — 계획서 7-2
HEP MEXICO,에이치디씨현대이피(주),100.0,,,HEP MEXICO,해외 법인 — 계획서 7-2
"AJ Rental Arabia, Ltd.",AJ네트웍스 주식회사,100.0,,,"AJ Rental Arabia, Ltd.",해외 법인 — 계획서 7-2
AJ ICT㈜,AJ네트웍스 주식회사,99.83,,,AJ ICT㈜,해외 법인 — 계획서 7-2
"AJ Total Vietnam Co., Ltd.",AJ네트웍스 주식회사,100.0,,,"AJ Total Vietnam Co., Ltd.",해외 법인 — 계획서 7-2
AJ LogisValue Poland SP. Z.o.o.,AJ네트웍스 주식회사,100.0,,,AJ LogisValue Poland SP. Z.o.o.,해외 법인 — 계획서 7-2
AJ LogisValue Hungary Kft.,AJ네트웍스 주식회사,100.0,,,AJ LogisValue Hungary Kft.,해외 법인 — 계획서 7-2
AJ LogisValue USA Inc.,AJ네트웍스 주식회사,100.0,,,AJ LogisValue USA Inc.,해외 법인 — 계획서 7-2
AJ LogisValue India Pvt. Ltd.,AJ네트웍스 주식회사,99.99,,,AJ LogisValue India Pvt. Ltd.,해외 법인 — 계획서 7-2
차파트너스 퍼블릭모빌리티 제1호 사모투자합자회사,AJ네트웍스 주식회사,49.38,,,차파트너스 퍼블릭모빌리티 제1호 사모투자합자회사,펀드·SPC·투자조합·신탁 상품·명목회사 — 계획서 7-2
차파트너스 퍼블릭모빌리티 제2호 사모투자합자회사,AJ네트웍스 주식회사,49.38,,,차파트너스 퍼블릭모빌리티 제2호 사모투자합자회사,펀드·SPC·투자조합·신탁 상품·명목회사 — 계획서 7-2
차파트너스 퍼블릭모빌리티 제3호 사모투자합자회사,AJ네트웍스 주식회사,49.5,,,차파트너스 퍼블릭모빌리티 제3호 사모투자합자회사,펀드·SPC·투자조합·신탁 상품·명목회사 — 계획서 7-2
에이투파트너스라이노스 제 1호 사모투자합자회사,AJ네트웍스 주식회사,33.2,,,에이투파트너스라이노스 제 1호 사모투자합자회사,펀드·SPC·투자조합·신탁 상품·명목회사 — 계획서 7-2
"AJ Rental Co., Ltd",AJ네트웍스 주식회사,100.0,,,"AJ Rental Co., Ltd",해외 법인 — 계획서 7-2
"AJ Rental, Inc.",AJ네트웍스 주식회사,100.0,,,"AJ Rental, Inc.",해외 법인 — 계획서 7-2
유니온머티리얼 베트남(유),유니온머티리얼(주),100.0,,,"유니온머티리얼
베트남(유)",해외 법인 — 계획서 7-2
HL Mando America Corporation,에이치엘만도(주),100.0,,,HL Mando America Corporation,해외 법인 — 계획서 7-2
"HL Mando (Beijing) Trading Co., Ltd",에이치엘만도(주),100.0,,,"HL Mando (Beijing) Trading Co., Ltd",해외 법인 — 계획서 7-2
"HL Mando(Ningbo) Automotive System Co., Ltd",에이치엘만도(주),65.0,,,"HL Mando(Ningbo) Automotive System Co., Ltd",해외 법인 — 계획서 7-2
"HL Mando (Beijing) Automotive System R&D Center Co., Ltd",에이치엘만도(주),100.0,,,"HL Mando (Beijing) Automotive System R&D Center Co., Ltd",해외 법인 — 계획서 7-2
"HL Mando (Suzhou) Automotive System Co., Ltd",에이치엘만도(주),100.0,,,"HL Mando (Suzhou) Automotive System Co., Ltd",해외 법인 — 계획서 7-2
"HL Mando (Tianjin) Automotive System Co., Ltd",에이치엘만도(주),100.0,,,"HL Mando (Tianjin) Automotive System Co., Ltd",해외 법인 — 계획서 7-2
"HL Mando Corporation Mexico, S.A. de C.V.",에이치엘만도(주),100.0,,,"HL Mando Corporation Mexico, S.A. de C.V.",해외 법인 — 계획서 7-2
Higher Life Ventures Fund I LP,에이치엘만도(주),92.0,,,Higher Life Ventures Fund I LP,해외 법인 — 계획서 7-2
Muirwoods Air Mobility Fund,에이치엘만도(주),99.0,,,Muirwoods Air Mobility Fund,해외 법인 — 계획서 7-2
Mercury Partners Limited,에이치엘만도(주),44.0,,,Mercury Partners Limited,해외 법인 — 계획서 7-2
HL Mando Anand India Private Limited,에이치엘만도(주),71.0,,,HL Mando Anand India Private Limited,해외 법인 — 계획서 7-2
Anevolve Mando e Mobility Private Limited,에이치엘만도(주),40.0,,,Anevolve Mando e Mobility Private Limited,해외 법인 — 계획서 7-2
한라에스브이사모투자전문회사,에이치엘만도(주),40.0,,,한라에스브이사모투자전문회사,펀드·SPC·투자조합·신탁 상품·명목회사 — 계획서 7-2
칼론오피스일반사모부동산투자신탁제9호,에이치엘만도(주),59.0,,,칼론오피스일반사모부동산투자신탁제9호,펀드·SPC·투자조합·신탁 상품·명목회사 — 계획서 7-2
"HL Mando Softtech India Private, Ltd",에이치엘만도(주),100.0,,,"HL Mando Softtech India Private, Ltd",해외 법인 — 계획서 7-2
HL Mando Corporation Europe GmbH,에이치엘만도(주),100.0,,,HL Mando Corporation Europe GmbH,해외 법인 — 계획서 7-2
HL Mando Corporation do Brasil Industry and Commercial Auto Parts. Ltda,에이치엘만도(주),100.0,,,"HL Mando Corporation do Brasil Industry 
and Commercial Auto Parts. Ltda",해외 법인 — 계획서 7-2
Maysan Mando Otomotiv Parcalari San. Ve Tic. A.S.,에이치엘만도(주),60.0,,,Maysan Mando Otomotiv Parcalari San. Ve Tic. A.S.,해외 법인 — 계획서 7-2
HL Mando Corporation Poland sp.z o.o,에이치엘만도(주),100.0,,,HL Mando Corporation Poland sp.z o.o,해외 법인 — 계획서 7-2
"HL Mando (Beijing) Automotive System Co., Ltd",에이치엘만도(주),100.0,,,"HL Mando (Beijing) Automotive System Co., Ltd",해외 법인 — 계획서 7-2
HD Hyundai Construction Equipment Europe N.V.,에이치디건설기계(주),100.0,,,"HD Hyundai Construction
  Equipment Europe N.V.",해외 법인 — 계획서 7-2
HD Hyundai Construction Equipment North America Inc.,에이치디건설기계(주),100.0,,,"HD Hyundai Construction
  Equipment North America Inc.",해외 법인 — 계획서 7-2
PT HD Hyundai Construction Equipment Indonesia,에이치디건설기계(주),69.97,,,PT HD Hyundai Construction Equipment Indonesia,해외 법인 — 계획서 7-2
HD Hyundai Construction Equipment Brasil - Manufacturing and Trading of Construction Equipment S.A,에이치디건설기계(주),100.0,,,"HD Hyundai Construction Equipment Brasil
 - Manufacturing and Trading of Construction Equipment S.A",해외 법인 — 계획서 7-2
HD Hyundai Construction Equipment India Private. Ltd.,에이치디건설기계(주),100.0,,,"HD Hyundai Construction
  Equipment India Private. Ltd.",해외 법인 — 계획서 7-2
"HD Hyundai (China) Investment Co., Ltd.",에이치디건설기계(주),100.0,,,"HD Hyundai (China) Investment Co., Ltd.",해외 법인 — 계획서 7-2
"HD CE Africa Co., Ltd.",에이치디건설기계(주),100.0,,,"HD CE Africa Co., Ltd.",해외 법인 — 계획서 7-2
PT. KCC GLASS INDONESIA,(주)케이씨씨글라스,99.99,,,PT. KCC GLASS INDONESIA,해외 법인 — 계획서 7-2
CJ Japan Corp,CJ(주),100.0,,,CJ Japan Corp,해외 법인 — 계획서 7-2
SAMICK MUSIC CORP.,(주)삼익악기,100.0,,,"SAMICK MUSIC
CORP.",해외 법인 — 계획서 7-2
P.T. SAMICK INDONESIA,(주)삼익악기,100.0,,,"P.T. SAMICK
INDONESIA",해외 법인 — 계획서 7-2
Seiler Samick Musical Instrument,(주)삼익악기,100.0,,,"Seiler Samick
Musical Instrument",해외 법인 — 계획서 7-2
Seiler GmbH,(주)삼익악기,100.0,,,Seiler GmbH,해외 법인 — 계획서 7-2
ISU Petasys Corp,(주)이수페타시스,100.0,,,ISU Petasys Corp,해외 법인 — 계획서 7-2
ISU Petasys Asia Limited,(주)이수페타시스,99.6,,,ISU Petasys Asia Limited,해외 법인 — 계획서 7-2
이수세컨더리1호투자조합 출자,(주)이수페타시스,49.2,,,이수세컨더리1호투자조합 출자,펀드·SPC·투자조합·신탁 상품·명목회사 — 계획서 7-2
"ISU-APEX CO.,LTD.",(주)이수페타시스,85.0,,,"ISU-APEX CO.,LTD.",해외 법인 — 계획서 7-2
그래비티일반사모부동산투자신탁 제24호,(주)이수페타시스,99.99,,,그래비티일반사모부동산투자신탁 제24호,펀드·SPC·투자조합·신탁 상품·명목회사 — 계획서 7-2
Innocean Worldwide Communication Private Ltd. (IWI),(주)이노션,100.0,,,Innocean Worldwide Communication Private Ltd. (IWI),해외 법인 — 계획서 7-2
Innocean Worldwide Canada Inc. (IWC),(주)이노션,100.0,,,Innocean Worldwide Canada Inc. (IWC),해외 법인 — 계획서 7-2
Innocean Worldwide France (IWF),(주)이노션,100.0,,,Innocean Worldwide France (IWF),해외 법인 — 계획서 7-2
Innocean Worldwide Spain S.L. (IWS),(주)이노션,100.0,,,Innocean Worldwide Spain S.L. (IWS),해외 법인 — 계획서 7-2
"Beijing Innocean-CBAC Advertising Co., Ltd.(ICBAC)",(주)이노션,51.0,,,"Beijing Innocean-CBAC Advertising Co., Ltd.(ICBAC)",해외 법인 — 계획서 7-2
Innocean Worldwide Turkey (IWTr),(주)이노션,100.0,,,Innocean Worldwide Turkey (IWTr),해외 법인 — 계획서 7-2
Innocean Worldwide Brazil (IWB),(주)이노션,100.0,,,Innocean Worldwide Brazil (IWB),해외 법인 — 계획서 7-2
Innocean Worldwide Mexico (IWM),(주)이노션,100.0,,,Innocean Worldwide Mexico (IWM),해외 법인 — 계획서 7-2
Innocean Worldwide Middle East & Africa FZ-LLC (IWMENA),(주)이노션,100.0,,,Innocean Worldwide Middle East & Africa FZ-LLC (IWMENA),해외 법인 — 계획서 7-2
Innocean Worldwide UK Ltd. (IWUK),(주)이노션,100.0,,,Innocean Worldwide UK Ltd. (IWUK),해외 법인 — 계획서 7-2
Innocean Worldwide Singapore Pte. Ltd (IWSG),(주)이노션,100.0,,,Innocean Worldwide Singapore Pte. Ltd (IWSG),해외 법인 — 계획서 7-2
Wellcom Group Pty Ltd(WLLAU),(주)이노션,100.0,,,Wellcom Group Pty Ltd(WLLAU),해외 법인 — 계획서 7-2
Innocean (Thailand) Limited (IWTH),(주)이노션,100.0,,,Innocean (Thailand) Limited (IWTH),해외 법인 — 계획서 7-2
Innocean Worldwide Europe GmbH (IWE),(주)이노션,100.0,,,Innocean Worldwide Europe GmbH (IWE),해외 법인 — 계획서 7-2
Innocean Worldwide Malaysia Sdn. Bhd. (IWMY),(주)이노션,100.0,,,Innocean Worldwide Malaysia Sdn. Bhd. (IWMY),해외 법인 — 계획서 7-2
PT Innocean Worldwide Indonesia (IWID),(주)이노션,100.0,,,PT Innocean Worldwide Indonesia (IWID),해외 법인 — 계획서 7-2
Innocean Worldwide China Beijing (IWC Beijing),(주)이노션,100.0,,,Innocean Worldwide China Beijing (IWC Beijing),해외 법인 — 계획서 7-2
Innocean Worldwide China Shanghai (IWC Shanghai),(주)이노션,100.0,,,Innocean Worldwide China Shanghai (IWC Shanghai),해외 법인 — 계획서 7-2
Innocean Worldwide Italy Srl (IWIt),(주)이노션,100.0,,,Innocean Worldwide Italy Srl (IWIt),해외 법인 — 계획서 7-2
Innocean Worldwide Australia Pty Ltd.(IWAu),(주)이노션,100.0,,,Innocean Worldwide Australia Pty Ltd.(IWAu),해외 법인 — 계획서 7-2
"Innocean Worldwide Holdings, Inc.(IWH)",(주)이노션,100.0,,,"Innocean Worldwide Holdings, Inc.(IWH)",해외 법인 — 계획서 7-2
Innocean Worldwide Rus LLC. (IWR),(주)이노션,100.0,,,Innocean Worldwide Rus LLC. (IWR),해외 법인 — 계획서 7-2
INZI AUTO COMPONENTS AN PRIVATE LIMITED,인지컨트롤스(주),100.0,,,INZI AUTO COMPONENTS AN PRIVATE LIMITED,해외 법인 — 계획서 7-2
INZI CONTROLS DETROIT LLC,인지컨트롤스(주),100.0,,,INZI CONTROLS DETROIT LLC,해외 법인 — 계획서 7-2
INZI Controls Europe GmbH,인지컨트롤스(주),100.0,,,INZI Controls Europe GmbH,해외 법인 — 계획서 7-2
INZI AUTOMOTIVE(M),인지컨트롤스(주),100.0,,,INZI AUTOMOTIVE(M),해외 법인 — 계획서 7-2
인지정밀제조(소주)유한공사,인지컨트롤스(주),39.36,,,인지정밀제조(소주)유한공사,해외 법인 — 계획서 7-2
천진인지기차배건유한공사,인지컨트롤스(주),100.0,,,천진인지기차배건유한공사,해외 법인 — 계획서 7-2
INZI CONTROLS INDIA LIMITED,인지컨트롤스(주),89.23,,,INZI CONTROLS INDIA LIMITED,해외 법인 — 계획서 7-2
"INZI CONTROLS ALABAMA, INC",인지컨트롤스(주),96.95,,,"INZI CONTROLS ALABAMA, INC",해외 법인 — 계획서 7-2
,(주)미래아이앤지,,,,,"출자현황 자료 없음 — 원문 확인, 필요하면 수동 입력 파일에 적음 (2025 사업보고서 표 형식 아님(숫자 지분율 없음); 2025 3분기보고서 표 형식 아님(숫자 지분율 없음); 2025 반기보고서 표 형식 아님(숫자 지분율 없음); 2024 사업보고서 표 형식 아님(숫자 지분율 없음))"
Kyochon USA Inc,교촌에프앤비(주),96.42,,,Kyochon USA Inc,해외 법인 — 계획서 7-2
"Kyochon F&B(China) Co.,Ltd",교촌에프앤비(주),100.0,,,"Kyochon F&B(China) Co.,Ltd",해외 법인 — 계획서 7-2
"SHEENLAC-NOROO Coatings India Pvt., Ltd. (비상장사)",(주)노루페인트,50.0,,,"SHEENLAC-NOROO Coatings India Pvt., Ltd. (비상장사)",해외 법인 — 계획서 7-2
"NOROO-NANPAO PAINT&COATINGS Co., Ltd.(비상장사)",(주)노루페인트,50.0,,,"NOROO-NANPAO PAINT&COATINGS Co., Ltd.(비상장사)",해외 법인 — 계획서 7-2
"NOROO Holdings (H.K.)Co., LTD. (비상장사)",(주)노루페인트,33.0,,,"NOROO Holdings (H.K.)Co., LTD. (비상장사)",해외 법인 — 계획서 7-2
"NOROO Vina Co., Ltd. (비상장사)",(주)노루페인트,100.0,,,"NOROO Vina Co., Ltd. (비상장사)",해외 법인 — 계획서 7-2
"NOROO Paint(Shanghai)Co.,Ltd.(비상장사)",(주)노루페인트,100.0,,,"NOROO Paint(Shanghai)Co.,Ltd.(비상장사)",해외 법인 — 계획서 7-2
"NOROO Trading (Shanghai)Co.,Ltd.(비상장사)",(주)노루페인트,100.0,,,"NOROO Trading (Shanghai)Co.,Ltd.(비상장사)",해외 법인 — 계획서 7-2
NOROO Kossan Paint Sdn. Bhd. (비상장사),(주)노루페인트,50.0,,,NOROO Kossan Paint Sdn. Bhd. (비상장사),해외 법인 — 계획서 7-2
"NOROO Kayalar Paint Co., Ltd. (비상장사)",(주)노루페인트,50.0,,,"NOROO Kayalar Paint Co., Ltd. (비상장사)",해외 법인 — 계획서 7-2
"LOTTE QINGDAO FOODS CO., Ltd.",롯데웰푸드(주),90.0,,,"LOTTE QINGDAO
FOODS CO., Ltd.",해외 법인 — 계획서 7-2
L&M Confectionery Pte. Ltd.,롯데웰푸드(주),100.0,,,"L&M Confectionery Pte. Ltd.
(주1)",해외 법인 — 계획서 7-2
"Lotte India Co., Ltd.",롯데웰푸드(주),100.0,,,"Lotte India Co., Ltd.(주1)(주2)",해외 법인 — 계획서 7-2
한국투자 노블푸드 신기술사업투자조합 1호,롯데웰푸드(주),69.77,,,"한국투자 노블푸드 
신기술사업투자조합 1호",펀드·SPC·투자조합·신탁 상품·명목회사 — 계획서 7-2
한국투자 그린테크 신기술조합,롯데웰푸드(주),77.63,,,한국투자 그린테크 신기술조합,펀드·SPC·투자조합·신탁 상품·명목회사 — 계획서 7-2
롯데농식품테크펀드 1호,롯데웰푸드(주),43.42,,,롯데농식품테크펀드 1호,펀드·SPC·투자조합·신탁 상품·명목회사 — 계획서 7-2
Lotte Confectionery (S.E.A) Pte. Ltd.,롯데웰푸드(주),100.0,,,"Lotte Confectionery
(S.E.A) Pte. Ltd.",해외 법인 — 계획서 7-2
PT. LOTTE RND Center Indonesia,롯데웰푸드(주),33.33,,,"PT. LOTTE RND Center 
Indonesia",해외 법인 — 계획서 7-2
LOTTE F&G Vietnam Company Limited,롯데웰푸드(주),33.04,,,"LOTTE F&G Vietnam 
Company Limited",해외 법인 — 계획서 7-2
Lotte Confectionery RUS LLC,롯데웰푸드(주),100.0,,,Lotte Confectionery RUS LLC,해외 법인 — 계획서 7-2
Lotte Confectionery Holdings (Europe) B.V.,롯데웰푸드(주),51.0,,,"Lotte Confectionery Holdings
(Europe) B.V.",해외 법인 — 계획서 7-2
Lotte Kolson (Private) Ltd,롯데웰푸드(주),96.5,,,Lotte Kolson (Private) Ltd,해외 법인 — 계획서 7-2
LOTTE Rakhat JSC,롯데웰푸드(주),95.57,,,LOTTE Rakhat JSC,해외 법인 — 계획서 7-2
L&M Mayson Company Limited,롯데웰푸드(주),45.5,,,"L&M Mayson Company Limited
 (주1)",해외 법인 — 계획서 7-2
이비젼 유한회사,핸즈코퍼레이션(주),34.6,,,이비젼 유한회사,펀드·SPC·투자조합·신탁 상품·명목회사 — 계획서 7-2
"Monami(Thailand) Co., Ltd",(주)모나미,99.97,,,"Monami(Thailand) Co., Ltd
(주2)(비상장)",해외 법인 — 계획서 7-2
ZENITH-MONAMI,(주)모나미,70.0,,,"ZENITH-MONAMI
(비상장)",해외 법인 — 계획서 7-2
상해모나미문화용품(유),(주)모나미,100.0,,,"상해모나미문화용품(유)
(비상장)(주3)",해외 법인 — 계획서 7-2
,(주)한국특강,,,,,"출자현황 자료 없음 — 원문 확인, 필요하면 수동 입력 파일에 적음 (2025 사업보고서 표 형식 아님(숫자 지분율 없음); 2025 3분기보고서 표 형식 아님(숫자 지분율 없음); 2025 반기보고서 표 형식 아님(숫자 지분율 없음); 2024 사업보고서 표 형식 아님(숫자 지분율 없음))"
에이케이플라자(주),AK홀딩스(주),45.0,,,에이케이플라자(주)(우선주),우선주 등 — 지배력 판단에 쓰지 않음
쉴드스톤 사모투자 합자회사,(주)서원,32.68,,,"쉴드스톤 사모투자
합자회사(*2)",펀드·SPC·투자조합·신탁 상품·명목회사 — 계획서 7-2
"SOOSAN USA, Inc.",(주)수산세보틱스,100.0,,,"SOOSAN USA, Inc.",해외 법인 — 계획서 7-2
SOOSAN VINA MOTOR,(주)수산세보틱스,100.0,,,SOOSAN VINA MOTOR,해외 법인 — 계획서 7-2
"YOUNGWIRE USA,INC.",(주)영흥,81.0,,,"YOUNGWIRE USA,INC.",해외 법인 — 계획서 7-2
"YOUNG WIRE JAPAN CO.,LTD",(주)영흥,81.0,,,"YOUNG WIRE JAPAN CO.,LTD",해외 법인 — 계획서 7-2
"YOUNGWIRE(Shanghai) TRADING CO.,LTD.",(주)영흥,100.0,,,"YOUNGWIRE(Shanghai)
TRADING CO.,LTD.",해외 법인 — 계획서 7-2
하나대체투자풍력개발일반사모 특별자산투자신탁1호,코오롱글로벌(주),64.28,,,"하나대체투자풍력개발일반사모
특별자산투자신탁1호(*15)",펀드·SPC·투자조합·신탁 상품·명목회사 — 계획서 7-2
LIBETO PTE.LTD.,코오롱글로벌(주),60.0,,,LIBETO PTE.LTD.,해외 법인 — 계획서 7-2
한강인프라개발 일반사모 특별자산투자신탁1호,코오롱글로벌(주),50.0,,,"한강인프라개발 일반사모
특별자산투자신탁1호(*19)",펀드·SPC·투자조합·신탁 상품·명목회사 — 계획서 7-2
미래에셋환경인프라 일반사모투자신탁 1호,코오롱글로벌(주),40.0,,,"미래에셋환경인프라
일반사모투자신탁 1호(*20)",펀드·SPC·투자조합·신탁 상품·명목회사 — 계획서 7-2
HHI MAURITIUS LIMITED,에이치디한국조선해양(주),100.0,,,HHI MAURITIUS LIMITED,해외 법인 — 계획서 7-2
Hyundai Heavy Industries Miraflores PowerPlant Inc,에이치디한국조선해양(주),100.0,,,Hyundai Heavy Industries Miraflores PowerPlant Inc,해외 법인 — 계획서 7-2
Hyundai Arabia Company Ltd.,에이치디한국조선해양(주),100.0,,,Hyundai Arabia Company Ltd.,해외 법인 — 계획서 7-2
"Hyundai Technology Center India Pvt., Ltd.",에이치디한국조선해양(주),100.0,,,"Hyundai Technology Center
India Pvt., Ltd.",해외 법인 — 계획서 7-2
Pontos Investment LLC,에이치디한국조선해양(주),100.0,,,Pontos Investment LLC,해외 법인 — 계획서 7-2
HD Hyundai Europe Research and Development Center GmbH,에이치디한국조선해양(주),100.0,,,"HD Hyundai Europe Research and Development Center
GmbH",해외 법인 — 계획서 7-2
HD Hyundai Asia Holdings Pte. Ltd.,에이치디한국조선해양(주),60.0,,,HD Hyundai Asia Holdings Pte. Ltd.,해외 법인 — 계획서 7-2
"Hyundai Green Industries Co., W.L.L.",에이치디한국조선해양(주),49.0,,,"Hyundai Green Industries Co., W.L.L.",해외 법인 — 계획서 7-2
"HD HYUNDAI (SHANGHAI) FINANCIAL LEASING CO.,Ltd.",에이치디한국조선해양(주),41.26,,,"HD HYUNDAI (SHANGHAI) FINANCIAL LEASING CO.,Ltd.",해외 법인 — 계획서 7-2
NOROO Holdings Singapore Pte. Ltd.,(주)노루홀딩스,69.7,,,"NOROO Holdings
Singapore Pte. Ltd.",해외 법인 — 계획서 7-2
NOROO FT Co. Ltd,(주)노루홀딩스,50.0,,,"NOROO FT
Co. Ltd",해외 법인 — 계획서 7-2
NOROO IC Co. Ltd.,(주)노루홀딩스,49.0,,,"NOROO IC
Co. Ltd.",해외 법인 — 계획서 7-2
"NOROO Holdings (H.K.) Co., Ltd.",(주)노루홀딩스,67.0,,,"NOROO Holdings
(H.K.) Co., Ltd.",해외 법인 — 계획서 7-2
TOWNSVILLE MARINE LOGISTICS PT,고려아연(주),100.0,,,TOWNSVILLE MARINE LOGISTICS PT,해외 법인 — 계획서 7-2
Zinc Oxide Corporation(Thailand)Ltd.,고려아연(주),99.98,,,Zinc Oxide Corporation(Thailand)Ltd.,해외 법인 — 계획서 7-2
코리아그로쓰1호,고려아연(주),94.64,,,코리아그로쓰1호,펀드·SPC·투자조합·신탁 상품·명목회사 — 계획서 7-2
Pedalpoint LLC,고려아연(주),100.0,,,Pedalpoint LLC,해외 법인 — 계획서 7-2
그레이 1호,고려아연(주),99.64,,,그레이 1호,펀드·SPC·투자조합·신탁 상품·명목회사 — 계획서 7-2
Sun Metals Holdings Ltd.,고려아연(주),100.0,,,Sun Metals Holdings Ltd.,해외 법인 — 계획서 7-2
아비트리지 제1호,고려아연(주),57.15,,,아비트리지 제1호,펀드·SPC·투자조합·신탁 상품·명목회사 — 계획서 7-2
바이올렛 제1호,고려아연(주),87.3,,,바이올렛 제1호,펀드·SPC·투자조합·신탁 상품·명목회사 — 계획서 7-2
메이븐그로쓰 제1호,고려아연(주),67.8,,,메이븐그로쓰 제1호,펀드·SPC·투자조합·신탁 상품·명목회사 — 계획서 7-2
글로벌 배터리 제1호,고려아연(주),40.09,,,글로벌 배터리 제1호,펀드·SPC·투자조합·신탁 상품·명목회사 — 계획서 7-2
망고스틴 제1호,고려아연(주),39.92,,,망고스틴 제1호,펀드·SPC·투자조합·신탁 상품·명목회사 — 계획서 7-2
트러스톤 CVD&G 제1호,고려아연(주),49.18,,,트러스톤 CVD&G 제1호,펀드·SPC·투자조합·신탁 상품·명목회사 — 계획서 7-2
디에스투자 에너지 스케일업 파트너 신기술투자조합,고려아연(주),49.75,,,디에스투자 에너지 스케일업 파트너 신기술투자조합,펀드·SPC·투자조합·신탁 상품·명목회사 — 계획서 7-2
PPMMC,고려아연(주),100.0,,,PPMMC,해외 법인 — 계획서 7-2
KZ Pranda,고려아연(주),40.0,,,KZ Pranda,해외 법인 — 계획서 7-2
KZMH,고려아연(주),100.0,,,KZMH,해외 법인 — 계획서 7-2
TOWNSVILLE LOGISTICS PTY LTD,고려아연(주),100.0,,,TOWNSVILLE LOGISTICS PTY LTD,해외 법인 — 계획서 7-2
ZINCOX VIETNAM LIMITED LIABILITY Co.,고려아연(주),100.0,,,ZINCOX VIETNAM LIMITED LIABILITY Co.,해외 법인 — 계획서 7-2
"SK Square Americas, Inc.",에스케이스퀘어 주식회사,100.0,,,"SK Square Americas, Inc.",해외 법인 — 계획서 7-2
TGC Square Pte. Ltd,에스케이스퀘어 주식회사,100.0,,,TGC Square Pte. Ltd,해외 법인 — 계획서 7-2
EVM SYSTEM PH CORP,(주)이엔플러스,95.0,,,EVM SYSTEM PH CORP,해외 법인 — 계획서 7-2
에이치 피아이 3호 신기술사업투자조합,화승인더스트리(주),100.0,,,에이치 피아이 3호 신기술사업투자조합,펀드·SPC·투자조합·신탁 상품·명목회사 — 계획서 7-2
Smart south Bank Discovery 벤처투자조합,화승인더스트리(주),32.92,,,Smart south Bank Discovery 벤처투자조합,펀드·SPC·투자조합·신탁 상품·명목회사 — 계획서 7-2
SBP 오퍼튜니티 제1호 신기술사업투자조합,화승인더스트리(주),41.49,,,SBP 오퍼튜니티 제1호 신기술사업투자조합,펀드·SPC·투자조합·신탁 상품·명목회사 — 계획서 7-2
에이치 피아이 4호 신기술사업투자조합,화승인더스트리(주),100.0,,,에이치 피아이 4호 신기술사업투자조합,펀드·SPC·투자조합·신탁 상품·명목회사 — 계획서 7-2
에이치 피아이 5호 신기술사업투자조합,화승인더스트리(주),99.0,,,에이치 피아이 5호 신기술사업투자조합,펀드·SPC·투자조합·신탁 상품·명목회사 — 계획서 7-2
"HS VIETNAM CHEMICAL Co.,Ltd.",화승인더스트리(주),100.0,,,"HS VIETNAM CHEMICAL Co.,Ltd.",해외 법인 — 계획서 7-2
에이치 피아이 1호 신기술사업투자조합,화승인더스트리(주),100.0,,,에이치 피아이 1호 신기술사업투자조합,펀드·SPC·투자조합·신탁 상품·명목회사 — 계획서 7-2
"HANSAE INTERNATIONAL, S.A.",한세실업(주),100.0,,,"HANSAE INTERNATIONAL, S.A.",해외 법인 — 계획서 7-2
"HANSAE BAGO CO., LTD.",한세실업(주),100.0,,,"HANSAE BAGO CO., LTD.",해외 법인 — 계획서 7-2
"AALFS DOS, S.A.",한세실업(주),100.0,,,"AALFS DOS, S.A.",해외 법인 — 계획서 7-2
"THE GLOBAL GUATEMALA MICHATOYA, S.A.",한세실업(주),100.0,,,"THE GLOBAL GUATEMALA MICHATOYA, S.A.",해외 법인 — 계획서 7-2
"HANSAE ECOSPIN, S.A.",한세실업(주),100.0,,,"HANSAE ECOSPIN, S.A.",해외 법인 — 계획서 7-2
"TEXOLLINI, INC.",한세실업(주),100.0,,,"TEXOLLINI, INC.",해외 법인 — 계획서 7-2
"HANSAE SEBACO, S.A.",한세실업(주),100.0,,,"HANSAE SEBACO, S.A.",해외 법인 — 계획서 7-2
뉴본-한세예스24 라이징스타 1호 투자조합,한세실업(주),35.0,,,뉴본-한세예스24 라이징스타 1호 투자조합,펀드·SPC·투자조합·신탁 상품·명목회사 — 계획서 7-2
NH 라이노스 메자닌 일반사모증권투자신탁,한세실업(주),46.0,,,NH 라이노스 메자닌 일반사모증권투자신탁,펀드·SPC·투자조합·신탁 상품·명목회사 — 계획서 7-2
"HANSAE VIETNAM CO., LTD.",한세실업(주),100.0,,,"HANSAE VIETNAM CO., LTD.",해외 법인 — 계획서 7-2
뉴본-한세예스24 라이징스타 2호 투자조합,한세실업(주),49.0,,,뉴본-한세예스24 라이징스타 2호 투자조합,펀드·SPC·투자조합·신탁 상품·명목회사 — 계획서 7-2
VTI파트너스 이브이 투자조합,한세실업(주),36.0,,,VTI파트너스 이브이 투자조합,펀드·SPC·투자조합·신탁 상품·명목회사 — 계획서 7-2
에이원 플래티넘 코스닥벤처 일반사모투자신탁,한세실업(주),38.0,,,에이원 플래티넘 코스닥벤처 일반사모투자신탁,펀드·SPC·투자조합·신탁 상품·명목회사 — 계획서 7-2
"HANSAE TN CO., LTD.",한세실업(주),40.0,,,"HANSAE TN CO., LTD.",해외 법인 — 계획서 7-2
PT. HANSAE INDONESIA UTAMA,한세실업(주),100.0,,,PT. HANSAE INDONESIA UTAMA,해외 법인 — 계획서 7-2
PT. BOMIN PERMATA ABADI,한세실업(주),100.0,,,PT. BOMIN PERMATA ABADI,해외 법인 — 계획서 7-2
"HANSAE MYANMAR CO.,LTD",한세실업(주),100.0,,,"HANSAE MYANMAR CO.,LTD",해외 법인 — 계획서 7-2
PT. HANSAE INDONESIA SUKSES,한세실업(주),99.0,,,PT. HANSAE INDONESIA SUKSES,해외 법인 — 계획서 7-2
APPAREL MANUFACTURING PARTNERS INC.,한세실업(주),100.0,,,APPAREL MANUFACTURING PARTNERS INC.,해외 법인 — 계획서 7-2
"(해외)ELES-Ruspacific Co., Ltd.",(주)LS네트웍스,33.0,,,"(해외)ELES-Ruspacific Co., Ltd.
 (비상장)",해외 법인 — 계획서 7-2
(해외)PT. STM Coal Trading,(주)LS네트웍스,49.0,,,"(해외)PT. STM Coal Trading
 (비상장)",해외 법인 — 계획서 7-2
쉴드스톤사모투자 합자회사,(주)대창,32.68,,,쉴드스톤사모투자 합자회사,펀드·SPC·투자조합·신탁 상품·명목회사 — 계획서 7-2
DGSC CO. LTD,(주)대창,100.0,,,DGSC CO. LTD,해외 법인 — 계획서 7-2
대창서원동합금무역 유한공사,(주)대창,100.0,,,대창서원동합금무역 유한공사,해외 법인 — 계획서 7-2
"DAECHANG TRADING (THAILAND) CO.,LTD",(주)대창,97.5,,,"DAECHANG TRADING
(THAILAND) CO.,LTD",해외 법인 — 계획서 7-2
노앤그린ESG제2호사모투자합자회사,아이에스동서(주),60.6,,,노앤그린ESG제2호사모투자합자회사,펀드·SPC·투자조합·신탁 상품·명목회사 — 계획서 7-2
이앤에프아이콘제일호사모투자합자회사,아이에스동서(주),89.4,,,이앤에프아이콘제일호사모투자합자회사,펀드·SPC·투자조합·신탁 상품·명목회사 — 계획서 7-2
IMM Global Battery LPF,아이에스동서(주),95.4,,,IMM Global Battery LPF,해외 법인 — 계획서 7-2
IS LEGEND PARTNERS KOR LLC,아이에스동서(주),100.0,,,IS LEGEND PARTNERS KOR LLC,해외 법인 — 계획서 7-2
씨티케이-오티엄 M&A 투자조합 제1호,아이에스동서(주),40.0,,,씨티케이-오티엄 M&A 투자조합 제1호,펀드·SPC·투자조합·신탁 상품·명목회사 — 계획서 7-2
엔피씨에이씨성장 제1호 사모투자 합자회사,아이에스동서(주),65.4,,,엔피씨에이씨성장 제1호 사모투자 합자회사,펀드·SPC·투자조합·신탁 상품·명목회사 — 계획서 7-2
레이크우드-노앤파트너스-씨에이씨조합1호,아이에스동서(주),61.6,,,레이크우드-노앤파트너스-씨에이씨조합1호,펀드·SPC·투자조합·신탁 상품·명목회사 — 계획서 7-2
CACP CITADEL KOR INC,아이에스동서(주),46.6,,,CACP CITADEL KOR INC,해외 법인 — 계획서 7-2
IMM Global Circular Economy LPF,아이에스동서(주),63.5,,,IMM Global Circular Economy LPF,해외 법인 — 계획서 7-2
T A C,(주)TCC스틸,100.0,,,T A C,해외 법인 — 계획서 7-2
P.T 동일인도네시아,디아이동일(주),99.8,,,P.T 동일인도네시아,해외 법인 — 계획서 7-2
동일-베트남,디아이동일(주),100.0,,,동일-베트남,해외 법인 — 계획서 7-2
"Hanjin Int'l Japan Co., Ltd",(주)대한항공,50.0,,,"Hanjin Int'l Japan Co., Ltd",해외 법인 — 계획서 7-2
TOMI,(주)대한항공,33.33,,,TOMI,해외 법인 — 계획서 7-2
GLSAP,(주)대한항공,33.33,,,GLSAP,해외 법인 — 계획서 7-2
"Korean Air Investment Japan Co., Ltd",(주)대한항공,100.0,,,"Korean Air Investment Japan Co., Ltd",해외 법인 — 계획서 7-2
Korean Air Investment Singapore Pte. Ltd. (KIS),(주)대한항공,100.0,,,Korean Air Investment Singapore Pte. Ltd. (KIS),해외 법인 — 계획서 7-2
Hanjin Int'l Corp.,(주)대한항공,100.0,,,Hanjin Int'l Corp.,해외 법인 — 계획서 7-2
TALOFA SYSTEMS,동원시스템즈(주),100.0,,,TALOFA SYSTEMS,해외 법인 — 계획서 7-2
SP Logistics Investment Pte. Ltd.,동원시스템즈(주),100.0,,,SP Logistics Investment Pte. Ltd.,해외 법인 — 계획서 7-2
TTP(베트남),동원시스템즈(주),88.16,,,TTP(베트남),해외 법인 — 계획서 7-2
MVP(베트남),동원시스템즈(주),100.0,,,MVP(베트남),해외 법인 — 계획서 7-2
한국태양보성1호발전소㈜,동원시스템즈(주),45.0,,,한국태양보성1호발전소㈜,펀드·SPC·투자조합·신탁 상품·명목회사 — 계획서 7-2
동원신성장2호조합,동원시스템즈(주),70.0,,,동원신성장2호조합,펀드·SPC·투자조합·신탁 상품·명목회사 — 계획서 7-2
NCK Logistics Holding Pte. Ltd.,동원시스템즈(주),100.0,,,NCK Logistics Holding Pte. Ltd.,해외 법인 — 계획서 7-2
"HANKUK PAPER USA, INC.",한국제지(주),100.0,,,"HANKUK PAPER USA, INC.",해외 법인 — 계획서 7-2
GS Global Japan,(주)지에스글로벌,100.0,,,GS Global Japan,해외 법인 — 계획서 7-2
이베스트 퓨쳐 신기술투자조합 82호,(주)지에스글로벌,42.11,,,이베스트 퓨쳐 신기술투자조합 82호,펀드·SPC·투자조합·신탁 상품·명목회사 — 계획서 7-2
GS Global Australia,(주)지에스글로벌,100.0,,,GS Global Australia,해외 법인 — 계획서 7-2
GS Global Europe,(주)지에스글로벌,100.0,,,GS Global Europe,해외 법인 — 계획서 7-2
Ssangyong Resources.,(주)지에스글로벌,100.0,,,Ssangyong Resources.,해외 법인 — 계획서 7-2
GS Global USA,(주)지에스글로벌,100.0,,,GS Global USA,해외 법인 — 계획서 7-2
GS Global Singapore,(주)지에스글로벌,100.0,,,GS Global Singapore,해외 법인 — 계획서 7-2
PT GS Global Resource,(주)지에스글로벌,99.7,,,PT GS Global Resource,해외 법인 — 계획서 7-2
에이케이(상해)무역유한공사,애경산업(주),100.0,,,에이케이(상해)무역유한공사,해외 법인 — 계획서 7-2
"Smart Window Inc., Limited",SKC(주),66.1,,,"Smart Window Inc., Limited",해외 법인 — 계획서 7-2
SKC Int'l(선창 상해),SKC(주),100.0,,,SKC Int'l(선창 상해),해외 법인 — 계획서 7-2
NEX INVESTMENT LIMITED,SKC(주),80.52,,,NEX INVESTMENT LIMITED,해외 법인 — 계획서 7-2
Absolics Inc.,SKC(주),70.05,,,Absolics Inc.,해외 법인 — 계획서 7-2
E.P.L,이건산업(주),100.0,,,E.P.L,해외 법인 — 계획서 7-2
E.L.A,이건산업(주),100.0,,,E.L.A,해외 법인 — 계획서 7-2
E.R.C,이건산업(주),100.0,,,E.R.C,해외 법인 — 계획서 7-2
Sebang Batteries Europe GmbH,세방전지(주),100.0,,,Sebang Batteries Europe GmbH,해외 법인 — 계획서 7-2
HS Global Holdings Pte.Ltd,세방전지(주),50.0,,,HS Global Holdings Pte.Ltd,해외 법인 — 계획서 7-2
"Sebang Battery Vina Co.,Ltd",세방전지(주),100.0,,,"Sebang Battery Vina Co.,Ltd",해외 법인 — 계획서 7-2
"Sebang USA Holdings, Inc.",세방전지(주),100.0,,,"Sebang USA Holdings, Inc.",해외 법인 — 계획서 7-2
천진신풍제약유한공사,신풍제약(주),45.0,,,천진신풍제약유한공사,해외 법인 — 계획서 7-2
신풍대우베트남파마(유),신풍제약(주),96.58,,,신풍대우베트남파마(유),해외 법인 — 계획서 7-2
General Medicine Company Ltd,신풍제약(주),33.33,,,General Medicine Company Ltd(주1),해외 법인 — 계획서 7-2
필리핀신풍파마,신풍제약(주),100.0,,,필리핀신풍파마,해외 법인 — 계획서 7-2
SP International,신풍제약(주),100.0,,,SP International,해외 법인 — 계획서 7-2
미얀마신풍파마,신풍제약(주),100.0,,,미얀마신풍파마,해외 법인 — 계획서 7-2
스마트AP-WE언택트 펀드1호,(주)아모레퍼시픽홀딩스,36.6,,,스마트AP-WE언택트 펀드1호,펀드·SPC·투자조합·신탁 상품·명목회사 — 계획서 7-2
티비티글로벌성장제2호투자조합,(주)아모레퍼시픽홀딩스,53.7,,,티비티글로벌성장제2호투자조합,펀드·SPC·투자조합·신탁 상품·명목회사 — 계획서 7-2
OCI TerraSus Sdn. Bhd.,오씨아이홀딩스 주식회사,100.0,,,"OCI TerraSus Sdn. Bhd. 
(구, OCIM Sdn. Bhd.) (*2)",해외 법인 — 계획서 7-2
"OCI Vietnam Co., Ltd.",오씨아이홀딩스 주식회사,100.0,,,"OCI Vietnam Co., Ltd.",해외 법인 — 계획서 7-2
OCI Enterprise Inc.,오씨아이홀딩스 주식회사,100.0,,,OCI Enterprise Inc. (*2),해외 법인 — 계획서 7-2
OCI Global Ltd.,오씨아이홀딩스 주식회사,100.0,,,OCI Global Ltd. (*2),해외 법인 — 계획서 7-2
Charm Trading Shanghai,참엔지니어링(주),100.0,,,Charm Trading Shanghai,해외 법인 — 계획서 7-2
Charm Trading Vietnam,참엔지니어링(주),100.0,,,Charm Trading Vietnam,해외 법인 — 계획서 7-2
주식회사 이지스엠에프용답위탁관리부동산투자회사,(주)태영건설,35.0,,,주식회사 이지스엠에프용답위탁관리부동산투자회사,펀드·SPC·투자조합·신탁 상품·명목회사 — 계획서 7-2
SAPEON Inc.,SK텔레콤(주),62.5,,,SAPEON Inc.,해외 법인 — 계획서 7-2
Astra AI Infra LLC,SK텔레콤(주),100.0,,,Astra AI Infra LLC,해외 법인 — 계획서 7-2
Korea IT Fund,SK텔레콤(주),63.3,,,Korea IT Fund,해외 법인 — 계획서 7-2
ULand Company Limited,SK텔레콤(주),70.1,,,ULand Company Limited,해외 법인 — 계획서 7-2
UniSK,SK텔레콤(주),49.0,,,UniSK,해외 법인 — 계획서 7-2
SK Technology Innovation Company,SK텔레콤(주),49.0,,,SK Technology Innovation Company,해외 법인 — 계획서 7-2
SK MENA Investment B.V.,SK텔레콤(주),32.0,,,SK MENA Investment B.V.,해외 법인 — 계획서 7-2
스마트에스케이티인피니툼게임펀드,SK텔레콤(주),36.6,,,스마트에스케이티인피니툼게임펀드,펀드·SPC·투자조합·신탁 상품·명목회사 — 계획서 7-2
유티씨 카카오-SK텔레콤 ESG 펀드,SK텔레콤(주),48.2,,,유티씨 카카오-SK텔레콤 ESG 펀드,펀드·SPC·투자조합·신탁 상품·명목회사 — 계획서 7-2
Global Opportunities Breakaway Fund,SK텔레콤(주),88.9,,,Global Opportunities Breakaway Fund,해외 법인 — 계획서 7-2
Hermed Capital Health Care Fund L.P,SK텔레콤(주),33.0,,,Hermed Capital Health Care Fund L.P,해외 법인 — 계획서 7-2
"SK TELECOM(CHINA)HOLDING CO.,Ltd.",SK텔레콤(주),100.0,,,"SK TELECOM(CHINA)HOLDING CO.,Ltd.",해외 법인 — 계획서 7-2
"SK TELECOM AMERICAS, Inc.",SK텔레콤(주),100.0,,,"SK TELECOM AMERICAS, Inc.",해외 법인 — 계획서 7-2
Atlas Investment,SK텔레콤(주),100.0,,,Atlas Investment,해외 법인 — 계획서 7-2
"HPI, INC.",한올바이오파마(주),100.0,,,"HPI, INC.",해외 법인 — 계획서 7-2
SEOYON INDIA PRIVATE LIMITED,(주)서연,100.0,,,SEOYON INDIA PRIVATE LIMITED,해외 법인 — 계획서 7-2
Seoyon America Corporation,(주)서연,100.0,,,Seoyon America Corporation,해외 법인 — 계획서 7-2
Seoyon Europe GmbH,(주)서연,100.0,,,Seoyon Europe GmbH,해외 법인 — 계획서 7-2
"Beijing SEOYON Co., Ltd.",(주)서연,100.0,,,"Beijing SEOYON Co., Ltd.(구, Seoyon China Co., Ltd.)",해외 법인 — 계획서 7-2
Seoyon Europe s.r.o,(주)서연,100.0,,,Seoyon Europe s.r.o,해외 법인 — 계획서 7-2
SEOYON SINGAPORE PTE. LTD.,(주)서연,100.0,,,SEOYON SINGAPORE PTE. LTD.,해외 법인 — 계획서 7-2
Horizon Energy Singapore PTE. LTD.,에이치디씨(주),40.0,,,"Horizon Energy
Singapore PTE. LTD.",해외 법인 — 계획서 7-2
HDC INDIA,에이치디씨(주),100.0,,,HDC INDIA,해외 법인 — 계획서 7-2
에이치디씨민간임대 주택제1호위탁관리 부동산투자회사,에이치디씨(주),57.7,,,"에이치디씨민간임대
주택제1호위탁관리
부동산투자회사",펀드·SPC·투자조합·신탁 상품·명목회사 — 계획서 7-2
신세계웰니스투자조합,(주)신세계인터내셔날,49.45,,,신세계웰니스투자조합,펀드·SPC·투자조합·신탁 상품·명목회사 — 계획서 7-2
시그나이트-라엘벤처 투자조합,(주)신세계인터내셔날,53.83,,,"시그나이트-라엘벤처
투자조합",펀드·SPC·투자조합·신탁 상품·명목회사 — 계획서 7-2
SHINSEGAE INTERNATIONAL AMERICA INC.,(주)신세계인터내셔날,100.0,,,"SHINSEGAE INTERNATIONAL
AMERICA INC.",해외 법인 — 계획서 7-2
시그나이트-주노 벤처투자조합,(주)신세계인터내셔날,50.0,,,시그나이트-주노 벤처투자조합,펀드·SPC·투자조합·신탁 상품·명목회사 — 계획서 7-2
기이가무역(상해)유한공사,(주)신세계인터내셔날,100.0,,,기이가무역(상해)유한공사,해외 법인 — 계획서 7-2
"Shinsegae International Vietnam Co., Ltd.",(주)신세계인터내셔날,100.0,,,"Shinsegae International
Vietnam Co., Ltd.",해외 법인 — 계획서 7-2
PP Produits Prestiges SA,(주)신세계인터내셔날,100.0,,,PP Produits Prestiges SA,해외 법인 — 계획서 7-2
Samyang Holdings USA,(주)삼양홀딩스,100.0,,,Samyang Holdings USA,해외 법인 — 계획서 7-2
,(주)천일고속,,,,,"출자현황 자료 없음 — 원문 확인, 필요하면 수동 입력 파일에 적음 (2025 사업보고서 표 형식 아님(숫자 지분율 없음); 2025 3분기보고서 표 형식 아님(숫자 지분율 없음); 2025 반기보고서 표 형식 아님(숫자 지분율 없음); 2024 사업보고서 표 형식 아님(숫자 지분율 없음))"
Daewon Chemical Vina CO.LTD,대원화성(주),100.0,,,Daewon Chemical Vina CO.LTD,해외 법인 — 계획서 7-2
"YANCHENG DAFENG DAE WON CHEMICAL AUTOMOTIE CO.,LTD.",대원화성(주),100.0,,,"YANCHENG DAFENG DAE WON CHEMICAL AUTOMOTIE CO.,LTD.",해외 법인 — 계획서 7-2
PT.DAEWON ECO INDONSIA,대원화성(주),99.0,,,PT.DAEWON ECO INDONSIA,해외 법인 — 계획서 7-2
KODEC S.DE R.L. DE C.V,대원화성(주),99.99,,,KODEC S.DE R.L. DE C.V,해외 법인 — 계획서 7-2
DaewonIntermationalAmenic(*),대원화성(주),100.0,,,DaewonIntermationalAmenic(*),해외 법인 — 계획서 7-2
대한상해유한공사(*),대원화성(주),100.0,,,대한상해유한공사(*),해외 법인 — 계획서 7-2
Sichuan Kelun-Doosan Biotechnology Company Limited,(주)두산,50.0,,,Sichuan Kelun-Doosan Biotechnology Company Limited,해외 법인 — 계획서 7-2
Doosan Hongkong Ltd.,(주)두산,100.0,,,Doosan Hongkong Ltd.(주4),해외 법인 — 계획서 7-2
Doosan Electro-Materials (Hong Kong) Limited,(주)두산,100.0,,,Doosan Electro-Materials (Hong Kong) Limited(주4),해외 법인 — 계획서 7-2
Doosan Electro-Materials Singapore Pte. Ltd.,(주)두산,100.0,,,Doosan Electro-Materials Singapore Pte. Ltd.(주4),해외 법인 — 계획서 7-2
"Doosan Shanghai Chemical Materials Co., Ltd.",(주)두산,100.0,,,"Doosan Shanghai Chemical Materials Co., Ltd.(주4)",해외 법인 — 계획서 7-2
"Doosan Electro-Materials (Changshu) Co., Ltd.",(주)두산,100.0,,,"Doosan Electro-Materials (Changshu) Co., Ltd.",해외 법인 — 계획서 7-2
"Doosan Electro-Materials America, LLC",(주)두산,100.0,,,"Doosan Electro-Materials America, LLC",해외 법인 — 계획서 7-2
Doosan Electro-Materials Vietnam Company Limited,(주)두산,100.0,,,Doosan Electro-Materials Vietnam Company Limited,해외 법인 — 계획서 7-2
"Doosan Digital Innovation America, LLC.",(주)두산,100.0,,,"Doosan Digital Innovation America, LLC.",해외 법인 — 계획서 7-2
"Doosan Information & Communications Beijing Co., Ltd.",(주)두산,100.0,,,"Doosan Information & Communications Beijing Co., Ltd.",해외 법인 — 계획서 7-2
Doosan Digital Innovation Europe Limited,(주)두산,100.0,,,Doosan Digital Innovation Europe Limited,해외 법인 — 계획서 7-2
"HyAxiom, Inc.",(주)두산,86.21,,,"HyAxiom, Inc.",해외 법인 — 계획서 7-2
"Doosan Energy Solutions America, Inc.",(주)두산,100.0,,,"Doosan Energy Solutions America, Inc.",해외 법인 — 계획서 7-2
PT. SEGARA AKASA,(주)두산,30.02,,,PT. SEGARA AKASA,해외 법인 — 계획서 7-2
PT.SMC,미창석유공업(주),33.0,,,PT.SMC,해외 법인 — 계획서 7-2
스텔라ev배터리1호,미창석유공업(주),53.12,,,스텔라ev배터리1호,펀드·SPC·투자조합·신탁 상품·명목회사 — 계획서 7-2
스마트Stream-WE 언택트펀드3호,한국앤컴퍼니(주),40.0,,,"스마트Stream-WE
언택트펀드3호",펀드·SPC·투자조합·신탁 상품·명목회사 — 계획서 7-2
LK 멀티스트레티지 전문투자형 사모투자신탁 제1호,한국앤컴퍼니(주),45.1,,,"LK 멀티스트레티지 전문투자형
 사모투자신탁 제1호",펀드·SPC·투자조합·신탁 상품·명목회사 — 계획서 7-2
Hankook & Company ES America Corp.,한국앤컴퍼니(주),100.0,,,"Hankook & Company ES 
America Corp.",해외 법인 — 계획서 7-2
Hankook & Company ES Deutschland GmbH,한국앤컴퍼니(주),100.0,,,"Hankook & Company ES 
Deutschland GmbH",해외 법인 — 계획서 7-2
Preciseley Microtechnology Corporation,한국앤컴퍼니(주),34.3,,,"Preciseley Microtechnology 
Corporation",해외 법인 — 계획서 7-2
Hansol Newzealand Ltd.,(주)한솔홈데코,100.0,,,Hansol Newzealand Ltd.,해외 법인 — 계획서 7-2
"Hansol Homedeco Vietnam Co., Ltd.",(주)한솔홈데코,100.0,,,"Hansol Homedeco Vietnam Co., Ltd.",해외 법인 — 계획서 7-2
새론(북경)기차부건유한공사,새론오토모티브(주),100.0,,,새론(북경)기차부건유한공사,해외 법인 — 계획서 7-2
닛신보새론(상숙)기차부건유한공사,새론오토모티브(주),50.0,,,닛신보새론(상숙)기차부건유한공사,해외 법인 — 계획서 7-2
새론(연태)기차부건유한공사,새론오토모티브(주),100.0,,,새론(연태)기차부건유한공사,해외 법인 — 계획서 7-2
PAN OCEAN (AMERICA) INC.,팬오션(주),100.0,,,PAN OCEAN (AMERICA) INC.,해외 법인 — 계획서 7-2
KOREA GREEN LNG LTD.,팬오션(주),33.33,,,KOREA GREEN LNG LTD.,해외 법인 — 계획서 7-2
PAN OCEAN TRADING & LOGISTICS PTE. LTD.,팬오션(주),100.0,,,PAN OCEAN TRADING & LOGISTICS PTE. LTD.,해외 법인 — 계획서 7-2
"PAN OCEAN (CHINA) CO., LTD.",팬오션(주),100.0,,,"PAN OCEAN (CHINA) CO., LTD.",해외 법인 — 계획서 7-2
PAN OCEAN JAPAN CORPORATION,팬오션(주),100.0,,,PAN OCEAN JAPAN CORPORATION,해외 법인 — 계획서 7-2
PAN OCEAN BRASIL APOIO MARITIMO LTDA.,팬오션(주),100.0,,,PAN OCEAN BRASIL APOIO MARITIMO LTDA.,해외 법인 — 계획서 7-2
"HS Hyosung USA Holdings, Inc.",(주)에이치에스효성,100.0,,,"HS Hyosung USA Holdings, Inc.",해외 법인 — 계획서 7-2
"HS Hyosung Global Logistics Vina Co., Ltd",(주)에이치에스효성,100.0,,,"HS Hyosung Global Logistics Vina Co., Ltd",해외 법인 — 계획서 7-2
"KUKDONG APPAREL(AMERICA), INC.",(주)온타이드,100.0,,,"KUKDONG APPAREL(AMERICA), INC.",해외 법인 — 계획서 7-2
KUKDONG TEXTILE S.A. DE C.V.,(주)온타이드,77.5,,,KUKDONG TEXTILE S.A. DE C.V.,해외 법인 — 계획서 7-2
PT. SEMARANG GARMENT,(주)온타이드,100.0,,,PT. SEMARANG GARMENT,해외 법인 — 계획서 7-2
PT. BATANG APPAREL INDONESIA,(주)온타이드,100.0,,,PT. BATANG APPAREL INDONESIA,해외 법인 — 계획서 7-2
"HMM (CHINA) CO., LTD.",에이치엠엠(주) ,100.0,,,"HMM (CHINA) CO., LTD.",해외 법인 — 계획서 7-2
"HMM (THAILAND) CO.,LTD.",에이치엠엠(주) ,48.01,,,"HMM (THAILAND) CO.,LTD.",해외 법인 — 계획서 7-2
HMM (GERMANY) GMBH&CO.KG,에이치엠엠(주) ,100.0,,,HMM (GERMANY) GMBH&CO.KG,해외 법인 — 계획서 7-2
HMM (NETHERLANDS) SHIPPING BV,에이치엠엠(주) ,100.0,,,HMM (NETHERLANDS) SHIPPING BV,해외 법인 — 계획서 7-2
"HMM (TAIWAN) CO., LTD.",에이치엠엠(주) ,100.0,,,"HMM (TAIWAN) CO., LTD.",해외 법인 — 계획서 7-2
HMM (MALAYSIA) SDN. BHD.,에이치엠엠(주) ,100.0,,,HMM (MALAYSIA) SDN. BHD.,해외 법인 — 계획서 7-2
HMM (BELGIUM) SHIPPING,에이치엠엠(주) ,99.99,,,HMM (BELGIUM) SHIPPING,해외 법인 — 계획서 7-2
HMM SHIPPING FRANCE SA.,에이치엠엠(주) ,99.99,,,HMM SHIPPING FRANCE SA.,해외 법인 — 계획서 7-2
HMM SHIPPING INDIA PVT LTD,에이치엠엠(주) ,99.99,,,HMM SHIPPING INDIA PVT LTD,해외 법인 — 계획서 7-2
HMM (SWEDEN) SHIPPING AB,에이치엠엠(주) ,100.0,,,HMM (SWEDEN) SHIPPING AB,해외 법인 — 계획서 7-2
HMM SHIPPING VIETNAM COMPANY LIMITED,에이치엠엠(주) ,100.0,,,HMM SHIPPING VIETNAM COMPANY LIMITED,해외 법인 — 계획서 7-2
HMM (ITALY) S.R.L.,에이치엠엠(주) ,100.0,,,HMM (ITALY) S.R.L.,해외 법인 — 계획서 7-2
HMM (SAINT PETERSBURG) SHIPPING LLC,에이치엠엠(주) ,75.0,,,HMM (SAINT PETERSBURG) SHIPPING LLC,해외 법인 — 계획서 7-2
HMM MIDDLE EAST SHIPPING L.L.C,에이치엠엠(주) ,49.0,,,HMM MIDDLE EAST SHIPPING L.L.C,해외 법인 — 계획서 7-2
HMM (AUSTRALIA) PTY LIMITED,에이치엠엠(주) ,100.0,,,HMM (AUSTRALIA) PTY LIMITED,해외 법인 — 계획서 7-2
"HMM VLADIVOSTOK SHIPPING, LLC",에이치엠엠(주) ,100.0,,,"HMM VLADIVOSTOK SHIPPING, LLC",해외 법인 — 계획서 7-2
"HMM (PHILIPPINES), INC.",에이치엠엠(주) ,99.99,,,"HMM (PHILIPPINES), INC.",해외 법인 — 계획서 7-2
HMM Brazil Ltda.,에이치엠엠(주) ,51.0,,,HMM Brazil Ltda.(*1),해외 법인 — 계획서 7-2
HMM TERMINAL SINGAPORE (HTS) PTE. LTD.,에이치엠엠(주) ,100.0,,,HMM TERMINAL SINGAPORE (HTS) PTE. LTD.,해외 법인 — 계획서 7-2
다올KTB터미널인베스트일반사모투자신탁제41호,에이치엠엠(주) ,51.0,,,다올KTB터미널인베스트일반사모투자신탁제41호,펀드·SPC·투자조합·신탁 상품·명목회사 — 계획서 7-2
상해국제선박대리유한공사,에이치엠엠(주) ,49.0,,,상해국제선박대리유한공사,해외 법인 — 계획서 7-2
"HMM Far East Co.,Limited",에이치엠엠(주) ,50.0,,,"HMM Far East Co.,Limited",해외 법인 — 계획서 7-2
"TAN CANG HMM LOGISTICS CO.,LTD",에이치엠엠(주) ,49.0,,,"TAN CANG HMM LOGISTICS CO.,LTD",해외 법인 — 계획서 7-2
Shandong Jiaoyun HMM Logistics Co.,에이치엠엠(주) ,50.0,,,Shandong Jiaoyun HMM Logistics Co.,해외 법인 — 계획서 7-2
"TIANJIN NEWTRANS INTERNATIONAL LOGISTICS CO.,LTD.",에이치엠엠(주) ,50.0,,,"TIANJIN NEWTRANS INTERNATIONAL LOGISTICS CO.,LTD.",해외 법인 — 계획서 7-2
PT HANDAL JAYA SERVICE,에이치엠엠(주) ,49.0,,,PT HANDAL JAYA SERVICE(*1),해외 법인 — 계획서 7-2
"HK Depot Co., Ltd.",에이치엠엠(주) ,49.0,,,"HK Depot Co., Ltd.",해외 법인 — 계획서 7-2
HMMB INT SHIPPING PTE. LTD,에이치엠엠(주) ,50.0,,,HMMB INT SHIPPING PTE. LTD(*1),해외 법인 — 계획서 7-2
"HMM (AMERICA), INC",에이치엠엠(주) ,100.0,,,"HMM (AMERICA), INC",해외 법인 — 계획서 7-2
유안타에이치피엔티 사모투자 합자회사,에이치엠엠(주) ,79.93,,,유안타에이치피엔티 사모투자 합자회사,펀드·SPC·투자조합·신탁 상품·명목회사 — 계획서 7-2
에스비케이와스카사모투자 합자회사,에이치엠엠(주) ,32.53,,,에스비케이와스카사모투자 합자회사,펀드·SPC·투자조합·신탁 상품·명목회사 — 계획서 7-2
"HMM (JAPAN) CO.,LTD.",에이치엠엠(주) ,100.0,,,"HMM (JAPAN) CO.,LTD.",해외 법인 — 계획서 7-2
HMM (SG) PTE.LTD.,에이치엠엠(주) ,100.0,,,HMM (SG) PTE.LTD.,해외 법인 — 계획서 7-2
HMM (EUROPE) LIMITED,에이치엠엠(주) ,100.0,,,HMM (EUROPE) LIMITED,해외 법인 — 계획서 7-2
HMM (HONG KONG) LIMITED,에이치엠엠(주) ,100.0,,,HMM (HONG KONG) LIMITED,해외 법인 — 계획서 7-2
"HMM SHIPPING AGENCY CO., LTD.",에이치엠엠(주) ,100.0,,,"HMM SHIPPING AGENCY CO., LTD.",해외 법인 — 계획서 7-2
"SH Energy USA, Inc.",(주)SH에너지화학,100.0,,,"SH Energy USA, Inc.",해외 법인 — 계획서 7-2
PT. SAMYANG FOODS INDONESIA,삼양식품(주),99.6,,,PT. SAMYANG FOODS INDONESIA,해외 법인 — 계획서 7-2
SAMYANG FOODS EUROPE B.V.,삼양식품(주),100.0,,,SAMYANG FOODS EUROPE B.V.,해외 법인 — 계획서 7-2
SAMYANG FOODS(SINGAPORE) PTE. LTD.,삼양식품(주),90.0,,,SAMYANG FOODS(SINGAPORE) PTE. LTD.,해외 법인 — 계획서 7-2
"SAMYANG JAPAN, INC.",삼양식품(주),100.0,,,"SAMYANG JAPAN, INC.",해외 법인 — 계획서 7-2
"SAMYANG AMERICA, INC.",삼양식품(주),100.0,,,"SAMYANG AMERICA, INC.",해외 법인 — 계획서 7-2
"SAMYANG FOODS SHANGHAI CO., LTD.",삼양식품(주),100.0,,,"SAMYANG FOODS SHANGHAI CO., LTD.",해외 법인 — 계획서 7-2
유일디펜스이노베이션제1호신기술투자조합,SNT다이내믹스(주),40.0,,,유일디펜스이노베이션제1호신기술투자조합,펀드·SPC·투자조합·신탁 상품·명목회사 — 계획서 7-2
강소SNT기차배건유한공사,SNT다이내믹스(주),100.0,,,강소SNT기차배건유한공사,해외 법인 — 계획서 7-2
광주SNT동력기계유한공사,SNT다이내믹스(주),100.0,,,광주SNT동력기계유한공사,해외 법인 — 계획서 7-2
SNT Polska Sp. z o.o.,SNT다이내믹스(주),100.0,,,SNT Polska Sp. z o.o.,해외 법인 — 계획서 7-2
유일커리어신기술투자조합,SNT다이내믹스(주),40.18,,,유일커리어신기술투자조합,펀드·SPC·투자조합·신탁 상품·명목회사 — 계획서 7-2
,동성제약(주),,,,,"출자현황 자료 없음 — 원문 확인, 필요하면 수동 입력 파일에 적음 (2025 사업보고서 표 형식 아님(숫자 지분율 없음); 2025 3분기보고서 표 형식 아님(숫자 지분율 없음); 2025 반기보고서 표 형식 아님(숫자 지분율 없음); 2024 사업보고서 표 형식 아님(숫자 지분율 없음))"
"Lotte Innovate Vietnam Co.,Ltd",롯데이노베이트(주),100.0,,,"Lotte Innovate Vietnam Co.,Ltd",해외 법인 — 계획서 7-2
PT. Lotte Innovate Indonesia,롯데이노베이트(주),100.0,,,PT. Lotte Innovate Indonesia,해외 법인 — 계획서 7-2
LOTTE-HPT HIGH TECH. VIETNAM Company Limited,롯데이노베이트(주),100.0,,,LOTTE-HPT HIGH TECH. VIETNAM Company Limited,해외 법인 — 계획서 7-2
롯데핀테크펀드1호신기술투자조합,롯데이노베이트(주),98.92,,,롯데핀테크펀드1호신기술투자조합,펀드·SPC·투자조합·신탁 상품·명목회사 — 계획서 7-2
㈜큐브리펀드,롯데이노베이트(주),51.0,,,㈜큐브리펀드,펀드·SPC·투자조합·신탁 상품·명목회사 — 계획서 7-2
LOTTE Innovate America Co.,롯데이노베이트(주),100.0,,,LOTTE Innovate America Co.,해외 법인 — 계획서 7-2
"HIT USA Co., Ltd",롯데이노베이트(주),40.0,,,"HIT USA Co., Ltd",해외 법인 — 계획서 7-2
,부산산업(주),,,,,"출자현황 자료 없음 — 원문 확인, 필요하면 수동 입력 파일에 적음 (2025 사업보고서 표 형식 아님(숫자 지분율 없음); 2025 3분기보고서 표 형식 아님(숫자 지분율 없음); 2025 반기보고서 표 형식 아님(숫자 지분율 없음); 2024 사업보고서 표 형식 아님(숫자 지분율 없음))"
,(주)삼양바이오팜,,,,,"출자현황 자료 없음 — 원문 확인, 필요하면 수동 입력 파일에 적음 (2025 사업보고서 표 형식 아님(숫자 지분율 없음); 2025 3분기보고서 013; 2025 반기보고서 013; 2024 사업보고서 013)"
"Woongjin, Inc.",(주)웅진,91.0,,,"Woongjin, Inc.",해외 법인 — 계획서 7-2
Woongjin Asia Snd Bhd,(주)웅진,100.0,,,"Woongjin Asia Snd Bhd
 (주5)",해외 법인 — 계획서 7-2
"SK bioscience USA, Inc.",에스케이바이오사이언스(주),100.0,,,"SK bioscience USA, Inc.",해외 법인 — 계획서 7-2
SK bioscience Germany GmbH,에스케이바이오사이언스(주),100.0,,,SK bioscience Germany GmbH,해외 법인 — 계획서 7-2
THE BORN AMERICA INC.,주식회사 더본코리아,100.0,,,THE BORN AMERICA INC.,해외 법인 — 계획서 7-2
"NOODLE J1, INC",주식회사 더본코리아,100.0,,,"NOODLE J1, INC",해외 법인 — 계획서 7-2
"THE BORN JAPAN Co., Ltd.",주식회사 더본코리아,100.0,,,"THE BORN JAPAN Co., Ltd.",해외 법인 — 계획서 7-2
청도더본음식문화유한공사,주식회사 더본코리아,100.0,,,청도더본음식문화유한공사,해외 법인 — 계획서 7-2
Paxie Games Oyun ve Yazilim A.S.,(주)더블유게임즈,60.0,,,Paxie Games Oyun ve Yazilim A.S.,해외 법인 — 계획서 7-2
"LG Energy Solution (Nanjing) Co., Ltd.",(주)엘지에너지솔루션,100.0,,,"LG Energy Solution (Nanjing) Co., Ltd.",해외 법인 — 계획서 7-2
LG Energy Solution Fund I LLC,(주)엘지에너지솔루션,100.0,,,LG Energy Solution Fund I LLC,해외 법인 — 계획서 7-2
LG Energy Solution Vertech Inc.,(주)엘지에너지솔루션,100.0,,,LG Energy Solution Vertech Inc.,해외 법인 — 계획서 7-2
"LG Energy Solution Arizona, INC.",(주)엘지에너지솔루션,100.0,,,"LG Energy Solution Arizona, INC.",해외 법인 — 계획서 7-2
"Baterias De Castilla, S.L.",(주)엘지에너지솔루션,100.0,,,"Baterias De Castilla, S.L.",해외 법인 — 계획서 7-2
PT.HLI Green Power,(주)엘지에너지솔루션,50.0,,,PT.HLI Green Power,해외 법인 — 계획서 7-2
LG Energy Solution Michigan Inc.,(주)엘지에너지솔루션,100.0,,,LG Energy Solution Michigan Inc.,해외 법인 — 계획서 7-2
이차전지 성장펀드,(주)엘지에너지솔루션,33.0,,,이차전지 성장펀드 주2),펀드·SPC·투자조합·신탁 상품·명목회사 — 계획서 7-2
브릭스캐피탈매니지먼트 글로벌 배터리 제1호 사모투자 합자회사,(주)엘지에너지솔루션,60.0,,,브릭스캐피탈매니지먼트 글로벌 배터리 제1호 사모투자 합자회사,펀드·SPC·투자조합·신탁 상품·명목회사 — 계획서 7-2
"L-H Battery Company, Incorporated",(주)엘지에너지솔루션,51.0,,,"L-H Battery Company, Incorporated",해외 법인 — 계획서 7-2
LG Energy Solution India Private Limited,(주)엘지에너지솔루션,100.0,,,LG Energy Solution India Private Limited,해외 법인 — 계획서 7-2
"LG Energy Solution Battery (Nanjing) Co., Ltd.",(주)엘지에너지솔루션,100.0,,,"LG Energy Solution Battery (Nanjing) Co., Ltd.",해외 법인 — 계획서 7-2
"LG Energy Solution Arizona ESS, INC.",(주)엘지에너지솔루션,100.0,,,"LG Energy Solution Arizona ESS, INC.",해외 법인 — 계획서 7-2
Nextstar Energy Inc.,(주)엘지에너지솔루션,51.0,,,Nextstar Energy Inc.,해외 법인 — 계획서 7-2
LG Energy Solution Fund Ⅱ LLC,(주)엘지에너지솔루션,100.0,,,LG Energy Solution Fund Ⅱ LLC,해외 법인 — 계획서 7-2
"LG Energy Solution Japan Co., Ltd.",(주)엘지에너지솔루션,100.0,,,"LG Energy Solution Japan Co., Ltd.",해외 법인 — 계획서 7-2
LG Energy Solution Wroclaw sp. z o.o.,(주)엘지에너지솔루션,100.0,,,LG Energy Solution Wroclaw sp. z o.o.,해외 법인 — 계획서 7-2
EV-LOOP,(주)엘지에너지솔루션,50.0,,,EV-LOOP,해외 법인 — 계획서 7-2
LG Energy Solution Australia Pty Ltd.,(주)엘지에너지솔루션,100.0,,,LG Energy Solution Australia Pty Ltd.,해외 법인 — 계획서 7-2
"LG Energy Solution Technology (Nanjing) Co., Ltd.",(주)엘지에너지솔루션,100.0,,,"LG Energy Solution Technology (Nanjing) Co., Ltd.",해외 법인 — 계획서 7-2
LG Energy Solution (Taiwan) Ltd.,(주)엘지에너지솔루션,100.0,,,LG Energy Solution (Taiwan) Ltd.,해외 법인 — 계획서 7-2
LG Energy Solution Europe GmbH,(주)엘지에너지솔루션,100.0,,,LG Energy Solution Europe GmbH,해외 법인 — 계획서 7-2
"NHN GLOBAL, INC.",엔에이치엔(주),100.0,,,"NHN GLOBAL, INC.",해외 법인 — 계획서 7-2
NHN Japan Corp.,엔에이치엔(주),100.0,,,NHN Japan Corp.,해외 법인 — 계획서 7-2
Pebble Games Corporation,엔에이치엔(주),100.0,,,Pebble Games Corporation,해외 법인 — 계획서 7-2
"NHN Nexus, Inc.",엔에이치엔(주),100.0,,,"NHN Nexus, Inc.",해외 법인 — 계획서 7-2
SLi Growth Accel Ⅱ 투자펀드,엔에이치엔(주),66.67,,,SLi Growth Accel Ⅱ 투자펀드,펀드·SPC·투자조합·신탁 상품·명목회사 — 계획서 7-2
성장사다리비엔에이치스타트업 투자조합,엔에이치엔(주),32.71,,,성장사다리비엔에이치스타트업 투자조합,펀드·SPC·투자조합·신탁 상품·명목회사 — 계획서 7-2
비에이피제1호첨단기술 투자조합,엔에이치엔(주),35.71,,,비에이피제1호첨단기술 투자조합,펀드·SPC·투자조합·신탁 상품·명목회사 — 계획서 7-2
"NHN Ventures, LLC.",엔에이치엔(주),100.0,,,"NHN Ventures, LLC.",해외 법인 — 계획서 7-2
상해걸군화장품유한공사,차AI헬스케어(주),99.37,,,상해걸군화장품유한공사,해외 법인 — 계획서 7-2
JAYJUN INTERNATIONAL INC,차AI헬스케어(주),100.0,,,JAYJUN INTERNATIONAL INC,해외 법인 — 계획서 7-2
"SHENZHENJIEJUN COSMETICS CO.,LTD",차AI헬스케어(주),100.0,,,"SHENZHENJIEJUN COSMETICS CO.,LTD",해외 법인 — 계획서 7-2
KEPCO KPS PHILIPPINES CORP,한전KPS(주),99.99,,,"KEPCO KPS 
PHILIPPINES CORP",해외 법인 — 계획서 7-2
KEPCO KPS SOUTH AFRICA PTY LTD,한전KPS(주),98.96,,,"KEPCO KPS SOUTH 
AFRICA PTY LTD",해외 법인 — 계획서 7-2
Korea Electric Power Corporation for Maintenance Company,한전KPS(주),33.0,,,"Korea Electric 
Power Corporation 
for Maintenance 
Company",해외 법인 — 계획서 7-2
DL Engineering & Construction Malaysia Sdn. Bhd.,디엘이앤씨 주식회사,100.0,,,DL Engineering & Construction Malaysia Sdn. Bhd.,해외 법인 — 계획서 7-2
PT. DLENC UTAMA CONSTRUCTION,디엘이앤씨 주식회사,100.0,,,PT. DLENC UTAMA CONSTRUCTION,해외 법인 — 계획서 7-2
"DLENC Philippines, Inc.",디엘이앤씨 주식회사,40.0,,,"DLENC Philippines, Inc.",해외 법인 — 계획서 7-2
"DL Saudi Arabia Co., Ltd.",디엘이앤씨 주식회사,100.0,,,"DL Saudi Arabia Co., Ltd.",해외 법인 — 계획서 7-2
달림(남경) 건설관리 유한공사,디엘이앤씨 주식회사,100.0,,,달림(남경) 건설관리 유한공사,해외 법인 — 계획서 7-2
"DL USA, Inc.",디엘이앤씨 주식회사,100.0,,,"DL USA, Inc.",해외 법인 — 계획서 7-2
DL INSAAT GELISTIRME A.S.,디엘이앤씨 주식회사,100.0,,,DL INSAAT GELISTIRME A.S.,해외 법인 — 계획서 7-2
DIAP-DAELIM JOINT VENTURE PTE. LTD.,디엘이앤씨 주식회사,49.0,,,DIAP-DAELIM JOINT VENTURE PTE. LTD.,해외 법인 — 계획서 7-2
"BR E&C, LLC",디엘이앤씨 주식회사,48.0,,,"BR E&C, LLC",해외 법인 — 계획서 7-2
Daelim RUS LLC,디엘이앤씨 주식회사,100.0,,,Daelim RUS LLC,해외 법인 — 계획서 7-2
CARBONCO PTE. LTD.,디엘이앤씨 주식회사,100.0,,,CARBONCO PTE. LTD.,해외 법인 — 계획서 7-2
이지스해운대일반사모부동산투자신탁 1호,디엘이앤씨 주식회사,33.0,,,이지스해운대일반사모부동산투자신탁 1호,펀드·SPC·투자조합·신탁 상품·명목회사 — 계획서 7-2
DLE&C FZCO,디엘이앤씨 주식회사,100.0,,,DLE&C FZCO,해외 법인 — 계획서 7-2
㈜인천도화1임대주택위탁관리부동산투자회사,디엘이앤씨 주식회사,100.0,,,㈜인천도화1임대주택위탁관리부동산투자회사,펀드·SPC·투자조합·신탁 상품·명목회사 — 계획서 7-2
,진양화학(주),,,,,"출자현황 자료 없음 — 원문 확인, 필요하면 수동 입력 파일에 적음 (2025 사업보고서 표 형식 아님(숫자 지분율 없음); 2025 3분기보고서 표 형식 아님(숫자 지분율 없음); 2025 반기보고서 표 형식 아님(숫자 지분율 없음); 2024 사업보고서 표 형식 아님(숫자 지분율 없음))"
DAEDONG KIOTI EUROPE B.V,(주)대동,100.0,,,DAEDONG KIOTI EUROPE B.V,해외 법인 — 계획서 7-2
"Daedong-USA,INC",(주)대동,100.0,,,"Daedong-USA,INC",해외 법인 — 계획서 7-2
대동농기(안휘)유한공사,(주)대동,99.87,,,대동농기(안휘)유한공사,해외 법인 — 계획서 7-2
대한방직(상해) 유한공사,대한방직(주),100.0,,,"대한방직(상해)
유한공사",해외 법인 — 계획서 7-2
가비삼합자조합,대한방직(주),70.51,,,가비삼합자조합,펀드·SPC·투자조합·신탁 상품·명목회사 — 계획서 7-2
삼화도료(장가항)유한공사,에스피삼화(주),100.0,,,삼화도료(장가항)유한공사,해외 법인 — 계획서 7-2
SAMHWA PAINTS VINA COMPANY LIMITED,에스피삼화(주),100.0,,,"SAMHWA PAINTS VINA
COMPANY LIMITED",해외 법인 — 계획서 7-2
SAMHWA PAINTS(M) SDN.BHD.,에스피삼화(주),100.0,,,"SAMHWA PAINTS(M)
SDN.BHD.",해외 법인 — 계획서 7-2
SAMHWA PAINTS INDIA PRIVATE LIMITED,에스피삼화(주),99.0,,,"SAMHWA PAINTS INDIA
PRIVATE LIMITED",해외 법인 — 계획서 7-2
SAMHWA-VH COMPANY LIMITED,에스피삼화(주),100.0,,,"SAMHWA-VH
COMPANY LIMITED",해외 법인 — 계획서 7-2
에스티메이트 유한회사,(주)시프트업,49.0,,,에스티메이트 유한회사,펀드·SPC·투자조합·신탁 상품·명목회사 — 계획서 7-2
NDH Opportunity Funds LLC - Series 4,(주)시프트업,82.49,,,NDH Opportunity Funds LLC - Series 4,해외 법인 — 계획서 7-2
NDH Opportunity Funds LLC - Series 5,(주)시프트업,100.0,,,NDH Opportunity Funds LLC - Series 5,해외 법인 — 계획서 7-2
"ASQ ICARUS SPV, LLC",(주)시프트업,32.17,,,"ASQ ICARUS SPV, LLC",해외 법인 — 계획서 7-2
현대얼터너티브 채무조정NPL 일반사모특별자산투자신탁 제4호,(주)시프트업,99.61,,,현대얼터너티브 채무조정NPL 일반사모특별자산투자신탁 제4호,펀드·SPC·투자조합·신탁 상품·명목회사 — 계획서 7-2
현대얼터너티브 일반사모특별자산투자신탁 제8호,(주)시프트업,99.34,,,현대얼터너티브 일반사모특별자산투자신탁 제8호,펀드·SPC·투자조합·신탁 상품·명목회사 — 계획서 7-2
현대얼터너티브 성수오피스담보대출 일반사모부동산투자신탁제3호,(주)시프트업,89.8,,,현대얼터너티브 성수오피스담보대출 일반사모부동산투자신탁제3호,펀드·SPC·투자조합·신탁 상품·명목회사 — 계획서 7-2
현대얼터너티브강남오피스 일반사모부동산집합투자기구제5호,(주)시프트업,47.17,,,현대얼터너티브강남오피스 일반사모부동산집합투자기구제5호,펀드·SPC·투자조합·신탁 상품·명목회사 — 계획서 7-2
피나클강남오피스메자닌 일반사모부동산투자신탁제2호,(주)시프트업,99.97,,,피나클강남오피스메자닌 일반사모부동산투자신탁제2호,펀드·SPC·투자조합·신탁 상품·명목회사 — 계획서 7-2
이든서초일반사모부동산투자회사,(주)시프트업,45.36,,,이든서초일반사모부동산투자회사,펀드·SPC·투자조합·신탁 상품·명목회사 — 계획서 7-2
피나클뉴이코노미일반사모부동산투자신탁 제3호,(주)시프트업,47.62,,,피나클뉴이코노미일반사모부동산투자신탁 제3호,펀드·SPC·투자조합·신탁 상품·명목회사 — 계획서 7-2
피나클액티브론일반사모부동산투자신탁제4호,(주)시프트업,99.9,,,피나클액티브론일반사모부동산투자신탁제4호,펀드·SPC·투자조합·신탁 상품·명목회사 — 계획서 7-2
NDH Opportunity Funds LLC - Series 2,(주)시프트업,100.0,,,NDH Opportunity Funds LLC - Series 2,해외 법인 — 계획서 7-2
PT. TIRTA ALAM MINERAL,(주)다이나믹디자인,67.0,,,PT. TIRTA ALAM MINERAL,해외 법인 — 계획서 7-2
LLC. Saehwa RUS,(주)다이나믹디자인,100.0,,,LLC. Saehwa RUS,해외 법인 — 계획서 7-2
Saehan Holdings,(주)다이나믹디자인,100.0,,,Saehan Holdings,해외 법인 — 계획서 7-2
DYNAMIC DESIGN EUROPE RO S.R.L.,(주)다이나믹디자인,100.0,,,"DYNAMIC DESIGN
  EUROPE RO S.R.L.",해외 법인 — 계획서 7-2
QM MEXICO SA CV,(주)다이나믹디자인,100.0,,,QM MEXICO SA CV,해외 법인 — 계획서 7-2
PT. DYNAMIC DESIGN INDONESIA,(주)다이나믹디자인,100.0,,,PT. DYNAMIC DESIGN INDONESIA,해외 법인 — 계획서 7-2
"Hanwha Japan Co., Ltd.",(주)한화,100.0,,,"Hanwha Japan Co., Ltd.",해외 법인 — 계획서 7-2
헤리티지 퍼스트 수서역 일반사모부동산투자신탁 제1호,(주)한화,46.4,,,헤리티지 퍼스트 수서역 일반사모부동산투자신탁 제1호,펀드·SPC·투자조합·신탁 상품·명목회사 — 계획서 7-2
Hanwha Europe Gmbh.,(주)한화,100.0,,,Hanwha Europe Gmbh.,해외 법인 — 계획서 7-2
Hanwha International Corp.,(주)한화,100.0,,,Hanwha International Corp. (구 Hanwha Machinery Corp.),해외 법인 — 계획서 7-2
Hanwha Resources (Canada) Ltd.,(주)한화,100.0,,,Hanwha Resources (Canada) Ltd.,해외 법인 — 계획서 7-2
PT. Hanwha Mining Services Indonesia,(주)한화,99.87,,,PT. Hanwha Mining Services Indonesia,해외 법인 — 계획서 7-2
"Hanwha International India PVT., LT",(주)한화,99.99,,,"Hanwha International India PVT., LT",해외 법인 — 계획서 7-2
한화생명보험㈜,(주)한화,43.24,,,한화생명보험㈜,이미 명단에 있음 — 상장 또는 앞 단계 종속
"Hanwha Mining Services Australia Pty., Ltd",(주)한화,100.0,,,"Hanwha Mining Services Australia Pty., Ltd",해외 법인 — 계획서 7-2
Hanwha Mining Services Chile Spa,(주)한화,100.0,,,Hanwha Mining Services Chile Spa,해외 법인 — 계획서 7-2
HANWHA INTERNATIONAL VIETNAM,(주)한화,100.0,,,HANWHA INTERNATIONAL VIETNAM,해외 법인 — 계획서 7-2
HANWHA GLOBAL INVESTMENT,(주)한화,100.0,,,HANWHA GLOBAL INVESTMENT,해외 법인 — 계획서 7-2
HANWHA GLOBAL AMERICAS CORP.,(주)한화,60.0,,,HANWHA GLOBAL AMERICAS CORP.,해외 법인 — 계획서 7-2
"Hanwha Saudi Contracting Co.,Ltd.",(주)한화,95.25,,,"Hanwha Saudi Contracting Co.,Ltd.",해외 법인 — 계획서 7-2
안다IDC 제13호 일반사모부동산투자신탁,(주)한화,81.97,,,안다IDC 제13호 일반사모부동산투자신탁,펀드·SPC·투자조합·신탁 상품·명목회사 — 계획서 7-2
한화기회추구전문투자형사모투자부동산투자신탁 1호,(주)한화,40.0,,,한화기회추구전문투자형사모투자부동산투자신탁 1호,펀드·SPC·투자조합·신탁 상품·명목회사 — 계획서 7-2
"KUMHO ELECTRIC VINA,INC.",금호전기(주),100.0,,,"KUMHO ELECTRIC
VINA,INC.",해외 법인 — 계획서 7-2
"KUMHO LIGHTING (CHANGSHU) Co.,Ltd",금호전기(주),100.0,,,"KUMHO LIGHTING
(CHANGSHU) Co.,Ltd",해외 법인 — 계획서 7-2
BRICKMATE GROUP VIETNAM COMPANY LIMITED,금호전기(주),58.26,,,"BRICKMATE GROUP
VIETNAM COMPANY
LIMITED",해외 법인 — 계획서 7-2
PT. LG CNS Indonesia,(주)엘지씨엔에스,100.0,,,PT. LG CNS Indonesia,해외 법인 — 계획서 7-2
LG CNS Brasil Servicos de T.I. Ltda.,(주)엘지씨엔에스,100.0,,,LG CNS Brasil Servicos de T.I. Ltda.,해외 법인 — 계획서 7-2
"LG CNS India Pvt, Ltd.",(주)엘지씨엔에스,100.0,,,"LG CNS India Pvt, Ltd.",해외 법인 — 계획서 7-2
LG CNS COLOMBIA SAS,(주)엘지씨엔에스,100.0,,,LG CNS COLOMBIA SAS,해외 법인 — 계획서 7-2
LG CNS MALAYSIA SDN BHD,(주)엘지씨엔에스,100.0,,,LG CNS MALAYSIA SDN BHD,해외 법인 — 계획서 7-2
"LG CNS JAPAN Co., Ltd.",(주)엘지씨엔에스,100.0,,,"LG CNS JAPAN Co., Ltd.",해외 법인 — 계획서 7-2
"LG CNS UZBEKISTAN, LLC",(주)엘지씨엔에스,51.0,,,"LG CNS UZBEKISTAN, LLC",해외 법인 — 계획서 7-2
"LG CNS VIETNAM CO., LTD",(주)엘지씨엔에스,100.0,,,"LG CNS VIETNAM CO., LTD",해외 법인 — 계획서 7-2
LG CNS FUND I LLC,(주)엘지씨엔에스,100.0,,,LG CNS FUND I LLC,해외 법인 — 계획서 7-2
LG CNS FUND II LLC,(주)엘지씨엔에스,100.0,,,LG CNS FUND II LLC,해외 법인 — 계획서 7-2
PT. LG SINARMAS TECHNOLOGY SOLUTIONS,(주)엘지씨엔에스,50.0,,,"PT. LG SINARMAS 
TECHNOLOGY SOLUTIONS",해외 법인 — 계획서 7-2
LG CNS China Inc.,(주)엘지씨엔에스,100.0,,,LG CNS China Inc.,해외 법인 — 계획서 7-2
"LG CNS America, Inc.",(주)엘지씨엔에스,100.0,,,"LG CNS America, Inc.",해외 법인 — 계획서 7-2
LG CNS Europe B.V.,(주)엘지씨엔에스,100.0,,,LG CNS Europe B.V.,해외 법인 — 계획서 7-2
DELITOON SAS,(주)키다리스튜디오,98.82,,,DELITOON SAS,해외 법인 — 계획서 7-2
동부사모부동산투자신탁제11호,나이스평가정보 주식회사,31.02,,,동부사모부동산투자신탁제11호,펀드·SPC·투자조합·신탁 상품·명목회사 — 계획서 7-2
명지2호에너지,(주)한국종합기술,100.0,,,명지2호에너지,펀드·SPC·투자조합·신탁 상품·명목회사 — 계획서 7-2
"Jam City, Inc.",넷마블(주),49.81,,,"Jam City, Inc.",해외 법인 — 계획서 7-2
Netmarble Japan Inc.,넷마블(주),100.0,,,Netmarble Japan Inc.,해외 법인 — 계획서 7-2
Kabam Inc.,넷마블(주),100.0,,,Kabam Inc.,해외 법인 — 계획서 7-2
Digipark Singapore PTE. LTD.,넷마블(주),100.0,,,Digipark Singapore PTE. LTD.,해외 법인 — 계획서 7-2
"Netmarble (Thailand) Co., Ltd.",넷마블(주),99.0,,,"Netmarble (Thailand) Co., Ltd.",해외 법인 — 계획서 7-2
스마트 코나 투자조합,넷마블(주),31.98,,,스마트 코나 투자조합 (주3),펀드·SPC·투자조합·신탁 상품·명목회사 — 계획서 7-2
에이투지-아이피 투자조합,넷마블(주),79.0,,,에이투지-아이피 투자조합 (주3),펀드·SPC·투자조합·신탁 상품·명목회사 — 계획서 7-2
SpinX Games Limited,넷마블(주),100.0,,,SpinX Games Limited,해외 법인 — 계획서 7-2
Netmarble Joybomb Inc.,넷마블(주),93.63,,,Netmarble Joybomb Inc.,해외 법인 — 계획서 7-2
NETMARBLE HONGKONG LIMITED,넷마블(주),100.0,,,NETMARBLE HONGKONG LIMITED,해외 법인 — 계획서 7-2
"DAEWON MEXICO, S. DE R.L. DE C.V",대원강업(주),86.55,,,"DAEWON MEXICO,  
 S. DE R.L.  DE C.V",해외 법인 — 계획서 7-2
DAEWON SPRING & SEAT LLC.,대원강업(주),100.0,,,"DAEWON SPRING & 
 SEAT LLC.",해외 법인 — 계획서 7-2
"DAEWON AMERICA, INC.",대원강업(주),82.05,,,"DAEWON AMERICA,
  INC.",해외 법인 — 계획서 7-2
DAEWON INDIA AUTOPARTS PRIVATE LIMITED,대원강업(주),100.0,,,"DAEWON INDIA
 AUTOPARTS
 PRIVATE LIMITED",해외 법인 — 계획서 7-2
"DAEWON EUROPE CO., LTD.",대원강업(주),100.0,,,"DAEWON EUROPE  
 CO., LTD.",해외 법인 — 계획서 7-2
케이디바이오투자조합5호,광동제약(주),53.6,,,케이디바이오투자조합5호,펀드·SPC·투자조합·신탁 상품·명목회사 — 계획서 7-2
케이디바이오투자조합6호,광동제약(주),45.5,,,케이디바이오투자조합6호,펀드·SPC·투자조합·신탁 상품·명목회사 — 계획서 7-2
가이아바이오투자조합,광동제약(주),32.8,,,가이아바이오투자조합,펀드·SPC·투자조합·신탁 상품·명목회사 — 계획서 7-2
"Kwangdong Vina Co.,Ltd",광동제약(주),99.99,,,"Kwangdong Vina Co.,Ltd",해외 법인 — 계획서 7-2
케이디바이오투자조합1호,광동제약(주),83.3,,,케이디바이오투자조합1호,펀드·SPC·투자조합·신탁 상품·명목회사 — 계획서 7-2
케이디바이오투자조합2호,광동제약(주),83.3,,,케이디바이오투자조합2호,펀드·SPC·투자조합·신탁 상품·명목회사 — 계획서 7-2
케이디바이오투자조합3호,광동제약(주),50.0,,,케이디바이오투자조합3호,펀드·SPC·투자조합·신탁 상품·명목회사 — 계획서 7-2
케이디오차드2차투자조합,광동제약(주),71.0,,,케이디오차드2차투자조합,펀드·SPC·투자조합·신탁 상품·명목회사 — 계획서 7-2
TMC CABLE USA LLC,(주)티엠씨,100.0,,,TMC CABLE USA LLC,해외 법인 — 계획서 7-2
"TMC TEXAS, INC",(주)티엠씨,100.0,,,"TMC TEXAS, INC",해외 법인 — 계획서 7-2
,미래에셋맵스리얼티부동산공모투자회사,,,,,"출자현황 자료 없음 — 원문 확인, 필요하면 수동 입력 파일에 적음 (2025 사업보고서 013; 2025 3분기보고서 013; 2025 반기보고서 013; 2024 사업보고서 013)"
엘비전문투자형27호사모부동산투자회사,디엘 주식회사,49.48,,,엘비전문투자형27호사모부동산투자회사,펀드·SPC·투자조합·신탁 상품·명목회사 — 계획서 7-2
"DAELIM CHEMICAL USA, INC.",디엘 주식회사,81.39,,,"DAELIM CHEMICAL USA, INC.",해외 법인 — 계획서 7-2
자사주신탁,(주)NICE홀딩스,100.0,,,자사주신탁,펀드·SPC·투자조합·신탁 상품·명목회사 — 계획서 7-2
BBS Gmbh,(주)NICE홀딩스,40.0,,,BBS Gmbh(주1),해외 법인 — 계획서 7-2
동반성장투자조합제1호,(주)대호에이엘,100.0,,,동반성장투자조합제1호,펀드·SPC·투자조합·신탁 상품·명목회사 — 계획서 7-2
,케이지모빌리티플랫폼(주),,,,,"출자현황 자료 없음 — 원문 확인, 필요하면 수동 입력 파일에 적음 (2025 사업보고서 표 형식 아님(숫자 지분율 없음); 2025 3분기보고서 표 형식 아님(숫자 지분율 없음); 2025 반기보고서 표 형식 아님(숫자 지분율 없음); 2024 사업보고서 표 형식 아님(숫자 지분율 없음))"
BIDC㈜,동원산업(주),51.04,,,BIDC㈜,해외 법인 — 계획서 7-2
어석합자회사,동원산업(주),89.88,,,어석합자회사,펀드·SPC·투자조합·신탁 상품·명목회사 — 계획서 7-2
TUDO FISHERIES CO PTY LTD,동원산업(주),100.0,,,TUDO FISHERIES CO PTY LTD,해외 법인 — 계획서 7-2
Kiribati and KT FIsheries Co,동원산업(주),51.0,,,Kiribati and KT FIsheries Co,해외 법인 — 계획서 7-2
S.C.A.SA,동원산업(주),60.0,,,S.C.A.SA,해외 법인 — 계획서 7-2
메디스타 신기술투자조합,동원산업(주),90.0,,,메디스타 신기술투자조합,펀드·SPC·투자조합·신탁 상품·명목회사 — 계획서 7-2
Bounty Seafood Limited,동원산업(주),100.0,,,Bounty Seafood Limited,해외 법인 — 계획서 7-2
SEALAND TRADING SERVICE CORPORATION,동원산업(주),100.0,,,SEALAND TRADING SERVICE CORPORATION,해외 법인 — 계획서 7-2
COMPAGNIE AFRICAINE DE PECHE AU SENEGAL,동원산업(주),49.0,,,COMPAGNIE AFRICAINE DE  PECHE AU SENEGAL,해외 법인 — 계획서 7-2
Starkist.Co,동원산업(주),100.0,,,Starkist.Co,해외 법인 — 계획서 7-2
DY AMERICA Inc.,디와이(주),44.28,,,DY AMERICA Inc.,해외 법인 — 계획서 7-2
"DY JAPAN CO., LTD.",디와이(주),100.0,,,"DY JAPAN CO., LTD.",해외 법인 — 계획서 7-2
"VGXI, Inc.",진원생명과학(주),100.0,,,"VGXI, Inc.",해외 법인 — 계획서 7-2
"Dong-IL Interlining, Ltd.",진원생명과학(주),100.0,,,"Dong-IL Interlining, Ltd.",해외 법인 — 계획서 7-2
,한화머시너리앤서비스홀딩스 주식회사,,,,,"출자현황 자료 없음 — 원문 확인, 필요하면 수동 입력 파일에 적음 (2025 사업보고서 013; 2025 3분기보고서 013; 2025 반기보고서 013; 2024 사업보고서 013)"
솔리드원투자조합,주식회사 아센디오,99.0,,,솔리드원투자조합,펀드·SPC·투자조합·신탁 상품·명목회사 — 계획서 7-2
이리스투자조합,주식회사 아센디오,99.0,,,이리스투자조합,펀드·SPC·투자조합·신탁 상품·명목회사 — 계획서 7-2
"Poongsan Vietnam Co., Ltd.",(주)풍산,100.0,,,"Poongsan Vietnam Co., Ltd.",해외 법인 — 계획서 7-2
Breakthrough Golf Technology,(주)풍산,36.0,,,Breakthrough Golf Technology,해외 법인 — 계획서 7-2
"PMX Industries, Inc.",(주)풍산,100.0,,,"PMX Industries, Inc.",해외 법인 — 계획서 7-2
"Siam Poongsan Metal Co., Ltd.",(주)풍산,100.0,,,"Siam Poongsan Metal Co., Ltd.",해외 법인 — 계획서 7-2
Poongsan America Corporation,(주)풍산,100.0,,,Poongsan America Corporation,해외 법인 — 계획서 7-2
Poongsan (H.K) Ltd.,(주)풍산,100.0,,,Poongsan (H.K) Ltd.,해외 법인 — 계획서 7-2
"Poongsan (Shanghai) Co., Ltd.",(주)풍산,100.0,,,"Poongsan (Shanghai) Co., Ltd.",해외 법인 — 계획서 7-2
Poongsan Japan Corporation,(주)풍산,100.0,,,Poongsan Japan Corporation,해외 법인 — 계획서 7-2
Poongsan (M) SDN BHD.,(주)풍산,100.0,,,Poongsan (M) SDN BHD.,해외 법인 — 계획서 7-2
"Poongsan Lianyungang Co.,Ltd.",(주)풍산,100.0,,,"Poongsan Lianyungang Co.,Ltd.",해외 법인 — 계획서 7-2
"HANATOUR JAPAN CO., LTD.",(주)하나투어,53.98,,,"HANATOUR JAPAN CO., LTD.",해외 법인 — 계획서 7-2
HANATOUR CHINA,(주)하나투어,100.0,,,HANATOUR CHINA,해외 법인 — 계획서 7-2
"HANATOUR HONGKONG CO., LTD.",(주)하나투어,100.0,,,"HANATOUR HONGKONG CO., LTD.",해외 법인 — 계획서 7-2
"BEIJING HANA INFORMATION TECHNOLOGY CO., LTD.",(주)하나투어,100.0,,,"BEIJING HANA INFORMATION TECHNOLOGY CO., LTD.",해외 법인 — 계획서 7-2
HANATOUR VIETNAM COMPANY LIMITED,(주)하나투어,85.0,,,HANATOUR VIETNAM COMPANY LIMITED,해외 법인 — 계획서 7-2
PHILIPPINE HANATOUR INC.,(주)하나투어,99.99,,,PHILIPPINE HANATOUR INC.,해외 법인 — 계획서 7-2
HNT SG PTE. LTD.,(주)하나투어,100.0,,,HNT SG PTE. LTD.,해외 법인 — 계획서 7-2
"HANATOUR HAWAII, INC.",(주)하나투어,90.0,,,"HANATOUR HAWAII, INC.",해외 법인 — 계획서 7-2
HANATOUR GLOBAL INVESTMENT PTE. LTD.,(주)하나투어,100.0,,,HANATOUR GLOBAL INVESTMENT PTE. LTD.(*4),해외 법인 — 계획서 7-2
HANATOUR SERVICES NEPAL PVT. LTD.,(주)하나투어,100.0,,,HANATOUR SERVICES NEPAL PVT. LTD.(*4),해외 법인 — 계획서 7-2
HANATOUR EUROPE S.R.L,(주)하나투어,50.0,,,HANATOUR EUROPE S.R.L(*5),해외 법인 — 계획서 7-2
"HANATOUR TD CO., LTD.",(주)하나투어,49.0,,,"HANATOUR TD CO., LTD.(*9)",해외 법인 — 계획서 7-2
HANATOUR EUROPE LTD.,(주)하나투어,70.0,,,HANATOUR EUROPE LTD.,해외 법인 — 계획서 7-2
SUZHOU A&T,아진전자부품(주),50.0,,,SUZHOU A&T,해외 법인 — 계획서 7-2
AJIN ECC USA.,아진전자부품(주),100.0,,,AJIN ECC USA.,해외 법인 — 계획서 7-2
LOTTE RENTAL (VIETNAM) COMPANY LIMITED,롯데렌탈(주),100.0,,,"LOTTE RENTAL
(VIETNAM)
COMPANY LIMITED",해외 법인 — 계획서 7-2
"Lotte Rent-A-Car (Thailand)Co.,Ltd.",롯데렌탈(주),49.0,,,"Lotte Rent-A-Car
(Thailand)Co.,Ltd.",해외 법인 — 계획서 7-2
LOTTE AUTO GLOBAL MIDDLE EAST FZE,롯데렌탈(주),100.0,,,"LOTTE AUTO 
GLOBAL MIDDLE 
EAST FZE",해외 법인 — 계획서 7-2
롯데모빌리티 미래전략펀드,롯데렌탈(주),98.99,,,"롯데모빌리티
미래전략펀드",펀드·SPC·투자조합·신탁 상품·명목회사 — 계획서 7-2
스마트롯데비대면 모빌리티펀드,롯데렌탈(주),34.88,,,"스마트롯데비대면
모빌리티펀드",펀드·SPC·투자조합·신탁 상품·명목회사 — 계획서 7-2
,우양피앤엘(주),,,,,"출자현황 자료 없음 — 원문 확인, 필요하면 수동 입력 파일에 적음 (2025 사업보고서 표 형식 아님(숫자 지분율 없음); 2025 3분기보고서 표 형식 아님(숫자 지분율 없음); 2025 반기보고서 표 형식 아님(숫자 지분율 없음); 2024 사업보고서 표 형식 아님(숫자 지분율 없음))"
유진-스킬라 NFI 신기술사업 투자조합,(주)동양,33.9,,,"유진-스킬라 NFI 신기술사업
투자조합",펀드·SPC·투자조합·신탁 상품·명목회사 — 계획서 7-2
The Willbes Dominicana Inc.,(주)윌비스,100.0,,,"The Willbes 
Dominicana Inc.
(*1)",해외 법인 — 계획서 7-2
Galaxy Industrial S.A.de.C.V.,(주)윌비스,100.0,,,"Galaxy Industrial
S.A.de.C.V.",해외 법인 — 계획서 7-2
COLUMBUS APPAREL (CAMBODIA) INC.,(주)윌비스,100.0,,,"COLUMBUS
APPAREL
(CAMBODIA) INC.",해외 법인 — 계획서 7-2
"The Willbes Cambodia & CO.,LTD.",(주)윌비스,100.0,,,"The Willbes 
Cambodia &
CO.,LTD.",해외 법인 — 계획서 7-2
"Weihai Junli Garment Co.,Ltd.",(주)윌비스,100.0,,,"Weihai Junli 
Garment Co.,Ltd.
(*2)",해외 법인 — 계획서 7-2
PT.WILLBES GLOBAL,(주)윌비스,100.0,,,"PT.WILLBES
GLOBAL",해외 법인 — 계획서 7-2
,한화위탁관리부동산투자회사(주),,,,,"출자현황 자료 없음 — 원문 확인, 필요하면 수동 입력 파일에 적음 (2025 사업보고서 표 형식 아님(숫자 지분율 없음); 2025 3분기보고서 013; 2025 반기보고서 표 형식 아님(숫자 지분율 없음); 2024 사업보고서 표 형식 아님(숫자 지분율 없음))"
Hanwha Defense Australia Pty Ltd.,한화에어로스페이스(주),100.0,,,"Hanwha Defense
Australia Pty Ltd.",해외 법인 — 계획서 7-2
Hanwha Futureproof corp.,한화에어로스페이스(주),50.0,,,Hanwha Futureproof corp.,해외 법인 — 계획서 7-2
Hanwha Aerospace Europe,한화에어로스페이스(주),100.0,,,Hanwha Aerospace Europe,해외 법인 — 계획서 7-2
Hanwha Aerospace Japan G.K,한화에어로스페이스(주),100.0,,,"Hanwha Aerospace 
Japan G.K",해외 법인 — 계획서 7-2
Hanwha Ocean SG Holdings Pte. Ltd.,한화에어로스페이스(주),73.1,,,"Hanwha Ocean
SG Holdings Pte. Ltd.",해외 법인 — 계획서 7-2
Hanwha Aerospace Romania S.R.L,한화에어로스페이스(주),100.0,,,"Hanwha Aerospace
Romania S.R.L",해외 법인 — 계획서 7-2
HAA No.1 Pty Ltd.,한화에어로스페이스(주),40.0,,,HAA No.1 Pty Ltd.,해외 법인 — 계획서 7-2
Hanwha Aerospace Middle East & North Africa Regional Headquarters,한화에어로스페이스(주),100.0,,,"Hanwha Aerospace
Middle East & North Africa
Regional Headquarters",해외 법인 — 계획서 7-2
"Hanwha Global Defense, Inc.",한화에어로스페이스(주),100.0,,,"Hanwha Global Defense, Inc.",해외 법인 — 계획서 7-2
Hanwha WB Advanced System sp.z o.o.,한화에어로스페이스(주),51.0,,,"Hanwha WB Advanced 
System sp.z o.o.",해외 법인 — 계획서 7-2
"Hanwha Aero Engines Co., Ltd.",한화에어로스페이스(주),100.0,,,"Hanwha Aero
Engines Co., Ltd.",해외 법인 — 계획서 7-2
Hanwha Aerospace USA Corporation,한화에어로스페이스(주),100.0,,,"Hanwha Aerospace USA
Corporation",해외 법인 — 계획서 7-2
"Hanwha Defense USA, Inc.",한화에어로스페이스(주),100.0,,,"Hanwha Defense USA, Inc.",해외 법인 — 계획서 7-2
H FOUNDATION PTE. LTD.,한화시스템(주),100.0,,,H FOUNDATION PTE. LTD.,해외 법인 — 계획서 7-2
Hanwha Systems USA Corporation,한화시스템(주),100.0,,,Hanwha Systems USA Corporation,해외 법인 — 계획서 7-2
Hanwha Systems UK LTD,한화시스템(주),100.0,,,Hanwha Systems UK LTD,해외 법인 — 계획서 7-2
HS USA Holdings Corp.,한화시스템(주),100.0,,,HS USA Holdings Corp.,해외 법인 — 계획서 7-2
HAA No.1 Pty Ltd.,한화시스템(주),60.0,,,HAA No.1 Pty Ltd.,해외 법인 — 계획서 7-2
어나더브레인 메디컬 벤처투자조합 1호,(주)케이씨,55.06,,,어나더브레인 메디컬 벤처투자조합 1호,펀드·SPC·투자조합·신탁 상품·명목회사 — 계획서 7-2
스타트업코리아 케이씨 초격차 펀드,(주)케이씨,40.0,,,스타트업코리아 케이씨 초격차 펀드,펀드·SPC·투자조합·신탁 상품·명목회사 — 계획서 7-2
개사정밀설비유호(무석) 유한회사,(주)케이씨,100.0,,,개사정밀설비유호(무석) 유한회사,펀드·SPC·투자조합·신탁 상품·명목회사 — 계획서 7-2
HPH LOGISTICS JSC.,흥아해운(주),44.78,,,HPH LOGISTICS JSC.,해외 법인 — 계획서 7-2
HEUNG-A TANKER S'PORE PTE.LTD,흥아해운(주),100.0,,,HEUNG-A TANKER S'PORE PTE.LTD,해외 법인 — 계획서 7-2
진인해운유한공사,흥아해운(주),50.0,,,진인해운유한공사,해외 법인 — 계획서 7-2
광주시혁오아사판공가구유한공사,(주)코아스,100.0,,,광주시혁오아사판공가구유한공사,해외 법인 — 계획서 7-2
KOAS Vietnam LLC,(주)코아스,50.0,,,KOAS Vietnam LLC,해외 법인 — 계획서 7-2
경인전자(심천) 유한공사,(주)케이아이이,100.0,,,"경인전자(심천)
  유한공사
  (비상장)",해외 법인 — 계획서 7-2
경인전자(천진) 유한공사,(주)케이아이이,100.0,,,"경인전자(천진)
  유한공사
  (비상장)",해외 법인 — 계획서 7-2
경인아메리카 (주),(주)케이아이이,100.0,,,"경인아메리카
  (주)
  (비상장)",해외 법인 — 계획서 7-2
Bornnmade Europe GmbH (독일),(주)케이아이이,33.34,,,"Bornnmade 
Europe GmbH
(독일)
(비상장)",해외 법인 — 계획서 7-2
Dongwon Autopart Technology Inc.,동원모빌리티(주),81.0,,,Dongwon Autopart Technology Inc.,해외 법인 — 계획서 7-2
"DONGWON SK, s.r.o.",동원모빌리티(주),100.0,,,"DONGWON SK, s.r.o.",해외 법인 — 계획서 7-2
"DONGWON CZ, s.r.o.",동원모빌리티(주),100.0,,,"DONGWON CZ, s.r.o.",해외 법인 — 계획서 7-2
Dongwon Metal Do Brasil,동원모빌리티(주),92.0,,,Dongwon Metal Do Brasil,해외 법인 — 계획서 7-2
Dongwon Mexico Inc.,동원모빌리티(주),89.0,,,Dongwon Mexico Inc.,해외 법인 — 계획서 7-2
PT.BYC INDONESIA,(주)BYC,98.96,,,"PT.BYC
INDONESIA",해외 법인 — 계획서 7-2
,(주)한창제지,,,,,"출자현황 자료 없음 — 원문 확인, 필요하면 수동 입력 파일에 적음 (2025 사업보고서 표 형식 아님(숫자 지분율 없음); 2025 3분기보고서 표 형식 아님(숫자 지분율 없음); 2025 반기보고서 표 형식 아님(숫자 지분율 없음); 2024 사업보고서 표 형식 아님(숫자 지분율 없음))"
PT. KOPOLCOINDONESIA,(주)MDS스피어,98.33,,,PT. KOPOLCOINDONESIA,해외 법인 — 계획서 7-2
"1Up Ventures Fund II, L.P.",주식회사 크래프톤,42.2,,,"1Up Ventures Fund II, L.P.",해외 법인 — 계획서 7-2
크래프톤-코나 아이피 투자조합,주식회사 크래프톤,49.0,,,크래프톤-코나 아이피 투자조합,펀드·SPC·투자조합·신탁 상품·명목회사 — 계획서 7-2
데브-크래프톤 문화투자조합 9호,주식회사 크래프톤,46.67,,,데브-크래프톤 문화투자조합 9호,펀드·SPC·투자조합·신탁 상품·명목회사 — 계획서 7-2
아이엠엠 인도 펀드,주식회사 크래프톤,44.44,,,아이엠엠 인도 펀드,펀드·SPC·투자조합·신탁 상품·명목회사 — 계획서 7-2
티비티-아이비엑스 넥스트 유니콘 제3호 투자조합,주식회사 크래프톤,51.38,,,티비티-아이비엑스 넥스트 유니콘 제3호 투자조합,펀드·SPC·투자조합·신탁 상품·명목회사 — 계획서 7-2
"En Masse Entertainment, Inc.",주식회사 크래프톤,100.0,,,"En Masse Entertainment, Inc.",해외 법인 — 계획서 7-2
TRANSCEND FUND III LP,주식회사 크래프톤,54.05,,,TRANSCEND FUND III LP,해외 법인 — 계획서 7-2
"Krafton Americas, Inc.",주식회사 크래프톤,100.0,,,"Krafton Americas, Inc.",해외 법인 — 계획서 7-2
KRAFTON EUROPE B.V.,주식회사 크래프톤,100.0,,,KRAFTON EUROPE B.V.,해외 법인 — 계획서 7-2
KRAFTON CHINA,주식회사 크래프톤,100.0,,,KRAFTON CHINA,해외 법인 — 계획서 7-2
KP PTE. LTD.,주식회사 크래프톤,100.0,,,KP PTE. LTD.,해외 법인 — 계획서 7-2
"Striking Distance Studios, Inc.",주식회사 크래프톤,100.0,,,"Striking Distance Studios, Inc.",해외 법인 — 계획서 7-2
"KRAFTON JAPAN, Inc.",주식회사 크래프톤,100.0,,,"KRAFTON JAPAN, Inc.",해외 법인 — 계획서 7-2
"PUBG Entertainment, Inc.",주식회사 크래프톤,100.0,,,"PUBG Entertainment, Inc.",해외 법인 — 계획서 7-2
"KRAFTON Ventures, Inc.",주식회사 크래프톤,100.0,,,"KRAFTON Ventures, Inc.",해외 법인 — 계획서 7-2
"Striking Distance Studios Spain, S.L.",주식회사 크래프톤,100.0,,,"Striking Distance Studios Spain, S.L.",해외 법인 — 계획서 7-2
KRAFTON INDIA PRIVATE LIMITED,주식회사 크래프톤,99.99,,,KRAFTON INDIA PRIVATE LIMITED,해외 법인 — 계획서 7-2
SDS Interactive Canada Inc.,주식회사 크래프톤,100.0,,,SDS Interactive Canada Inc.,해외 법인 — 계획서 7-2
"Krafton Global GP, LLC",주식회사 크래프톤,100.0,,,"Krafton Global GP, LLC",해외 법인 — 계획서 7-2
"Krafton Global, LP",주식회사 크래프톤,100.0,,,"Krafton Global, LP",해외 법인 — 계획서 7-2
"Unknown Worlds Entertainment, Inc.",주식회사 크래프톤,100.0,,,"Unknown Worlds Entertainment, Inc.",해외 법인 — 계획서 7-2
"KRAFTON MONTREAL STUDIO, INC.",주식회사 크래프톤,100.0,,,"KRAFTON MONTREAL STUDIO, INC.",해외 법인 — 계획서 7-2
VECTOR NORTH s.r.o.,주식회사 크래프톤,100.0,,,VECTOR NORTH s.r.o.,해외 법인 — 계획서 7-2
"Tango Gameworks, Inc.",주식회사 크래프톤,100.0,,,"Tango Gameworks, Inc.",해외 법인 — 계획서 7-2
"Blue Ocean Capital Fund I, L.P.",주식회사 크래프톤,98.71,,,"Blue Ocean Capital Fund I, L.P.",해외 법인 — 계획서 7-2
Nautilus Mobile App Private Limited,주식회사 크래프톤,53.23,,,Nautilus Mobile App Private Limited(보통주) (주1),해외 법인 — 계획서 7-2
Nautilus Mobile App Private Limited(종류주),주식회사 크래프톤,31.88,,,Nautilus Mobile App Private Limited(종류주) (주1),해외 법인 — 계획서 7-2
"Eleventh Hour Games, Inc.",주식회사 크래프톤,100.0,,,"Eleventh Hour Games, Inc.",해외 법인 — 계획서 7-2
"ADKRAFTON, Inc.",주식회사 크래프톤,100.0,,,"ADKRAFTON, Inc.",해외 법인 — 계획서 7-2
"CRAFT.AI, INC.",주식회사 크래프톤,100.0,,,"CRAFT.AI, INC.",해외 법인 — 계획서 7-2
"OVERDARE, Inc.",주식회사 크래프톤,85.0,,,"OVERDARE, Inc.",해외 법인 — 계획서 7-2
"1Up Ventures, L.P",주식회사 크래프톤,33.53,,,"1Up Ventures, L.P",해외 법인 — 계획서 7-2
스마트 크래프톤-본엔젤스 펀드,주식회사 크래프톤,54.55,,,스마트 크래프톤-본엔젤스 펀드,펀드·SPC·투자조합·신탁 상품·명목회사 — 계획서 7-2
SVA ZEPETO METAVERSE I PTE. LTD,주식회사 크래프톤,88.48,,,SVA ZEPETO METAVERSE I PTE. LTD,해외 법인 — 계획서 7-2
미래에셋맵스일반사모부동산투자신탁 66호,주식회사 크래프톤,42.96,,,미래에셋맵스일반사모부동산투자신탁 66호,펀드·SPC·투자조합·신탁 상품·명목회사 — 계획서 7-2
스마트 케이앤비 부스터 펀드,주식회사 크래프톤,75.86,,,스마트 케이앤비 부스터 펀드,펀드·SPC·투자조합·신탁 상품·명목회사 — 계획서 7-2
"Apimeds Pharmaceuticals US, Inc.",(주)프리티,37.2,,,"Apimeds
Pharmaceuticals
US, Inc.",해외 법인 — 계획서 7-2
,(주)휴니드테크놀러지스,,,,,"출자현황 자료 없음 — 원문 확인, 필요하면 수동 입력 파일에 적음 (2025 사업보고서 표 형식 아님(숫자 지분율 없음); 2025 3분기보고서 표 형식 아님(숫자 지분율 없음); 2025 반기보고서 표 형식 아님(숫자 지분율 없음); 2024 사업보고서 표 형식 아님(숫자 지분율 없음))"
,만호제강(주),,,,,"출자현황 자료 없음 — 원문 확인, 필요하면 수동 입력 파일에 적음 (2025 사업보고서 표 형식 아님(숫자 지분율 없음); 2025 3분기보고서 표 형식 아님(숫자 지분율 없음); 2025 반기보고서 표 형식 아님(숫자 지분율 없음); 2024 사업보고서 표 형식 아님(숫자 지분율 없음))"
Kumho Tire U.S.A.,금호타이어(주),100.0,,,Kumho Tire U.S.A.,해외 법인 — 계획서 7-2
Kumho Tire Egypt,금호타이어(주),99.0,,,Kumho Tire Egypt,해외 법인 — 계획서 7-2
Kumho Tire Kazakhstan,금호타이어(주),100.0,,,Kumho Tire Kazakhstan,해외 법인 — 계획서 7-2
Kumho Tire Poland Sp. z o.o.,금호타이어(주),100.0,,,Kumho Tire Poland Sp. z o.o.,해외 법인 — 계획서 7-2
Kumho Tyre U.K.,금호타이어(주),100.0,,,Kumho Tyre U.K.,해외 법인 — 계획서 7-2
Kumho Tire Europe,금호타이어(주),100.0,,,Kumho Tire Europe,해외 법인 — 계획서 7-2
Kumho Tire Japan,금호타이어(주),100.0,,,Kumho Tire Japan,해외 법인 — 계획서 7-2
Kumho Tire Canada,금호타이어(주),100.0,,,Kumho Tire Canada,해외 법인 — 계획서 7-2
Kumho Tyre Australia,금호타이어(주),100.0,,,Kumho Tyre Australia,해외 법인 — 계획서 7-2
Kumho Tire France,금호타이어(주),100.0,,,Kumho Tire France,해외 법인 — 계획서 7-2
Kumho Tire H.K.,금호타이어(주),100.0,,,Kumho Tire H.K.,해외 법인 — 계획서 7-2
Kumho Tire Mexico,금호타이어(주),100.0,,,Kumho Tire Mexico,해외 법인 — 계획서 7-2
Paradise America LLC,(주)파라다이스,100.0,,,Paradise America LLC,해외 법인 — 계획서 7-2
"Paradise International Co., Ltd",(주)파라다이스,99.38,,,"Paradise International Co., Ltd",해외 법인 — 계획서 7-2
KOGAS Australia Pty Ltd.,한국가스공사(주),100.0,,,"KOGAS 
Australia
 Pty Ltd.",해외 법인 — 계획서 7-2
Kor-Uz Gas Chemical Investment,한국가스공사(주),45.0,,,"Kor-Uz Gas Chemical
Investment",해외 법인 — 계획서 7-2
"KOMEX-GAS, S. de R.L. de C.V",한국가스공사(주),99.97,,,"KOMEX-GAS, 
S. de R.L. de C.V",해외 법인 — 계획서 7-2
KOGAS Iraq B.V.,한국가스공사(주),100.0,,,KOGAS Iraq B.V.,해외 법인 — 계획서 7-2
KOGAS Canada Energy Ltd,한국가스공사(주),100.0,,,"KOGAS Canada 
Energy Ltd",해외 법인 — 계획서 7-2
KOGAS Badra B.V.,한국가스공사(주),100.0,,,"KOGAS 
Badra B.V.",해외 법인 — 계획서 7-2
KOGAS Akkas B.V.,한국가스공사(주),100.0,,,"KOGAS 
Akkas B.V.",해외 법인 — 계획서 7-2
KOGAS Mansuriya B.V.,한국가스공사(주),100.0,,,"KOGAS 
Mansuriya B.V.",해외 법인 — 계획서 7-2
Tomori E&P Ltd,한국가스공사(주),49.0,,,Tomori E&P Ltd,해외 법인 — 계획서 7-2
KOGAS Prelude Pty. Ltd.,한국가스공사(주),100.0,,,"KOGAS 
 Prelude Pty. Ltd.",해외 법인 — 계획서 7-2
KG Mozambique Ltd.,한국가스공사(주),100.0,,,"KG 
  Mozambique Ltd.",해외 법인 — 계획서 7-2
KOGAS Cyprus Ltd.,한국가스공사(주),100.0,,,"KOGAS 
 Cyprus Ltd.",해외 법인 — 계획서 7-2
KOGAS Mozambique Lda.,한국가스공사(주),99.99,,,"KOGAS 
Mozambique Lda.",해외 법인 — 계획서 7-2
KG-SEAGP Company Limited,한국가스공사(주),100.0,,,"KG-SEAGP 
Company Limited",해외 법인 — 계획서 7-2
KOGAS International Pte. Ltd.,한국가스공사(주),100.0,,,"KOGAS 
International Pte. Ltd.",해외 법인 — 계획서 7-2
KORAS,한국가스공사(주),60.0,,,KORAS(주2),해외 법인 — 계획서 7-2
KLBV1 S.A.,한국가스공사(주),40.0,,,KLBV1 S.A.,해외 법인 — 계획서 7-2
HYLNG,한국가스공사(주),49.0,,,HYLNG(주5),해외 법인 — 계획서 7-2
KG Krueng Mane Ltd.,한국가스공사(주),100.0,,,"KG 
Krueng Mane Ltd.",해외 법인 — 계획서 7-2
KOGAMEX Investment Manzanillo B.V.,한국가스공사(주),100.0,,,"KOGAMEX 
Investment 
Manzanillo B.V.",해외 법인 — 계획서 7-2
"DUAL BORGSTENA, S.A.",(주)두올,100.0,,,"DUAL BORGSTENA, S.A.",해외 법인 — 계획서 7-2
DUAL USA LLC,(주)두올,100.0,,,DUAL USA LLC,해외 법인 — 계획서 7-2
DUAL SERIM INDONESIA AUTOMOTIVE,(주)두올,100.0,,,DUAL SERIM INDONESIA AUTOMOTIVE,해외 법인 — 계획서 7-2
DUAL BORGSTENA TRIM TUNISIA,(주)두올,100.0,,,DUAL BORGSTENA TRIM TUNISIA,해외 법인 — 계획서 7-2
강음두올방직품유한공사,(주)두올,100.0,,,강음두올방직품유한공사,해외 법인 — 계획서 7-2
연태두올차식유한공사,(주)두올,100.0,,,연태두올차식유한공사,해외 법인 — 계획서 7-2
DUAL BORGSTENA TRIM TURKEY OTOMOTIV SAN. VE TIC. LTD. STI.,(주)두올,100.0,,,"DUAL BORGSTENA TRIM TURKEY
OTOMOTIV SAN. VE TIC. LTD. STI.",해외 법인 — 계획서 7-2
DUAL BORGSTENA TRIM ROMANIA S.R.L.,(주)두올,100.0,,,DUAL BORGSTENA TRIM ROMANIA S.R.L.,해외 법인 — 계획서 7-2
창저우두올차식유한공사,(주)두올,100.0,,,창저우두올차식유한공사,해외 법인 — 계획서 7-2
두올보그스티나차식 유한공사(상해),(주)두올,100.0,,,두올보그스티나차식 유한공사(상해),해외 법인 — 계획서 7-2
충칭두올차식유한공사,(주)두올,100.0,,,충칭두올차식유한공사,해외 법인 — 계획서 7-2
GLBH Holdings S.a.r.l.,(주)미스토홀딩스,100.0,,,GLBH Holdings S.a.r.l.,해외 법인 — 계획서 7-2
Misto Hong Kong Limited,(주)미스토홀딩스,100.0,,,Misto Hong Kong Limited,해외 법인 — 계획서 7-2
사천휴비스화섬 유한공사,(주)휴비스,100.0,,,"사천휴비스화섬
유한공사",해외 법인 — 계획서 7-2
"DONGGUAN SOLUM ELECTRONICS CO., LTD",주식회사 솔루엠,100.0,,,"DONGGUAN SOLUM ELECTRONICS CO., LTD",해외 법인 — 계획서 7-2
KPM SERVICIOS INTEGRALES S DE RL DE CV,주식회사 솔루엠,99.99,,,KPM SERVICIOS INTEGRALES S DE RL DE CV,해외 법인 — 계획서 7-2
"SOLUM JAPAN Co.,Ltd",주식회사 솔루엠,100.0,,,"SOLUM JAPAN Co.,Ltd",해외 법인 — 계획서 7-2
"SOLUM LATIN AMERICA, S.A. DE C.V.",주식회사 솔루엠,99.99,,,"SOLUM LATIN AMERICA, S.A. DE C.V.",해외 법인 — 계획서 7-2
SOLUM SINGAPORE PTE. LTD.,주식회사 솔루엠,100.0,,,SOLUM SINGAPORE PTE. LTD.,해외 법인 — 계획서 7-2
"Solum Dongguan Trading Co.,Ltd.",주식회사 솔루엠,100.0,,,"Solum Dongguan Trading Co.,Ltd.",해외 법인 — 계획서 7-2
SOLUM BRASIL LTDA.,주식회사 솔루엠,100.0,,,SOLUM BRASIL LTDA.,해외 법인 — 계획서 7-2
SOLUM AUSTRALIA PTY LTD,주식회사 솔루엠,100.0,,,SOLUM AUSTRALIA PTY LTD,해외 법인 — 계획서 7-2
SOLUM VINA HCMC COMPANY LIMITED,주식회사 솔루엠,100.0,,,SOLUM VINA HCMC COMPANY LIMITED,해외 법인 — 계획서 7-2
PT SOLUM INDONESIA HIGHTECH,주식회사 솔루엠,99.99,,,PT SOLUM INDONESIA HIGHTECH,해외 법인 — 계획서 7-2
"SOLUM AMERICA, INC.",주식회사 솔루엠,100.0,,,"SOLUM AMERICA, INC.",해외 법인 — 계획서 7-2
헬스원벤처투자조합,주식회사 솔루엠,99.0,,,헬스원벤처투자조합,펀드·SPC·투자조합·신탁 상품·명목회사 — 계획서 7-2
IST JAPAN,주식회사 솔루엠,100.0,,,IST JAPAN,해외 법인 — 계획서 7-2
SoluM Europe GmbH,주식회사 솔루엠,100.0,,,SoluM Europe GmbH,해외 법인 — 계획서 7-2
"SoluM Vina CO., LTD",주식회사 솔루엠,100.0,,,"SoluM Vina CO., LTD",해외 법인 — 계획서 7-2
SoluM Technologies India Private Limited,주식회사 솔루엠,99.9,,,SoluM Technologies India Private Limited,해외 법인 — 계획서 7-2
SOLUM INDIA HIGHTECH PRIVATE LIMITED,주식회사 솔루엠,99.99,,,SOLUM INDIA HIGHTECH PRIVATE LIMITED,해외 법인 — 계획서 7-2
SOLUM ELECTRONICS MEXICANA SA DE CV,주식회사 솔루엠,99.99,,,SOLUM ELECTRONICS MEXICANA SA DE CV,해외 법인 — 계획서 7-2
SoluM USA Inc.,주식회사 솔루엠,100.0,,,SoluM USA Inc.,해외 법인 — 계획서 7-2
Hnwha Engine Investment Norway AS,한화엔진(주),100.0,,,Hnwha Engine Investment Norway AS (주2),해외 법인 — 계획서 7-2
Aekyung Chemtech Indonesia,애경케미칼(주),100.0,,,Aekyung Chemtech Indonesia,해외 법인 — 계획서 7-2
Advanced Isocyanate Derivative,애경케미칼(주),50.0,,,Advanced Isocyanate Derivative,해외 법인 — 계획서 7-2
AEKYUNG HONG KONG COMPANY LIMITED,애경케미칼(주),100.0,,,AEKYUNG HONG KONG COMPANY LIMITED,해외 법인 — 계획서 7-2
AEKYUNG(SHANGHAI) INVESTMENT & TRADING,애경케미칼(주),100.0,,,AEKYUNG(SHANGHAI) INVESTMENT & TRADING,해외 법인 — 계획서 7-2
애경(영파)화공유한공사,애경케미칼(주),100.0,,,애경(영파)화공유한공사,해외 법인 — 계획서 7-2
"AK VINA Co., Ltd",애경케미칼(주),100.0,,,"AK VINA Co., Ltd",해외 법인 — 계획서 7-2
VINA PLASTICIZERS CHEMICAL COMPANY LIMITED,애경케미칼(주),50.0,,,VINA PLASTICIZERS CHEMICAL COMPANY LIMITED,해외 법인 — 계획서 7-2
KUS,기아(주),100.0,,,KUS,해외 법인 — 계획서 7-2
KID,기아(주),99.99,,,KID,해외 법인 — 계획서 7-2
제로원펀드 3호,기아(주),32.0,,,제로원펀드 3호,펀드·SPC·투자조합·신탁 상품·명목회사 — 계획서 7-2
Factorial Funds II Opportunity,기아(주),49.97,,,Factorial Funds II Opportunity,해외 법인 — 계획서 7-2
KSM,기아(주),100.0,,,KSM,해외 법인 — 계획서 7-2
KCA,기아(주),82.53,,,KCA,해외 법인 — 계획서 7-2
42dot,기아(주),39.11,,,42dot,해외 법인 — 계획서 7-2
KDE,기아(주),100.0,,,KDE,해외 법인 — 계획서 7-2
미래차성장펀드,기아(주),31.67,,,미래차성장펀드,펀드·SPC·투자조합·신탁 상품·명목회사 — 계획서 7-2
에이치엠지에스 유한회사,기아(주),30.6,,,에이치엠지에스 유한회사,펀드·SPC·투자조합·신탁 상품·명목회사 — 계획서 7-2
CMEs,기아(주),30.3,,,CMEs,해외 법인 — 계획서 7-2
KAU,기아(주),100.0,,,KAU,해외 법인 — 계획서 7-2
HMGC,기아(주),40.0,,,HMGC,해외 법인 — 계획서 7-2
연길기아기차유수복무 유한공사,기아(주),100.0,,,"연길기아기차유수복무
유한공사",해외 법인 — 계획서 7-2
강소열달기아기차유한공사 (KCN),기아(주),50.0,,,"강소열달기아기차유한공사
(KCN)",해외 법인 — 계획서 7-2
HMG Global,기아(주),30.5,,,HMG Global,해외 법인 — 계획서 7-2
Kia APAC,기아(주),100.0,,,Kia APAC,해외 법인 — 계획서 7-2
Kia MEA,기아(주),100.0,,,Kia MEA,해외 법인 — 계획서 7-2
Kia EU,기아(주),100.0,,,Kia EU,해외 법인 — 계획서 7-2
Kia CSA,기아(주),100.0,,,Kia CSA,해외 법인 — 계획서 7-2
KTH,기아(주),70.0,,,KTH,해외 법인 — 계획서 7-2
KaSK,기아(주),100.0,,,KaSK,해외 법인 — 계획서 7-2
KMX,기아(주),99.99,,,KMX,해외 법인 — 계획서 7-2
KIN,기아(주),99.99,,,KIN,해외 법인 — 계획서 7-2
KMY,기아(주),66.67,,,KMY,해외 법인 — 계획서 7-2
Cell-Captive,기아(주),50.0,,,Cell-Captive,해외 법인 — 계획서 7-2
"Moonshot China, Inc.",(주)와이지플러스,33.3,,,"Moonshot China, Inc.",해외 법인 — 계획서 7-2
HS North America Ltd.,한미약품(주),100.0,,,HS North America Ltd.,해외 법인 — 계획서 7-2
북경한미약품유한공사,한미약품(주),73.68,,,북경한미약품유한공사,해외 법인 — 계획서 7-2
HSMC,현대제철(주),100.0,,,HSMC,해외 법인 — 계획서 7-2
HSCN,현대제철(주),100.0,,,HSCN,해외 법인 — 계획서 7-2
HSJS,현대제철(주),100.0,,,HSJS,해외 법인 — 계획서 7-2
HSSZ,현대제철(주),100.0,,,HSSZ,해외 법인 — 계획서 7-2
HSTJ,현대제철(주),100.0,,,HSTJ,해외 법인 — 계획서 7-2
HSAL,현대제철(주),100.0,,,HSAL,해외 법인 — 계획서 7-2
HSCH,현대제철(주),100.0,,,HSCH,해외 법인 — 계획서 7-2
HSAN,현대제철(주),100.0,,,HSAN,해외 법인 — 계획서 7-2
HSSK,현대제철(주),100.0,,,HSSK,해외 법인 — 계획서 7-2
HSCZ,현대제철(주),100.0,,,HSCZ,해외 법인 — 계획서 7-2
HSRU,현대제철(주),100.0,,,HSRU,해외 법인 — 계획서 7-2
HSMX,현대제철(주),99.9,,,HSMX,해외 법인 — 계획서 7-2
HSBR,현대제철(주),100.0,,,HSBR,해외 법인 — 계획서 7-2
Hyundai Steel USA Corp.,현대제철(주),100.0,,,Hyundai Steel USA Corp.,해외 법인 — 계획서 7-2
Shilla Travel Retail Hong Kong Limited,(주)호텔신라,100.0,,,Shilla Travel Retail Hong Kong Limited,해외 법인 — 계획서 7-2
Samsung Hospitality America Inc.,(주)호텔신라,100.0,,,Samsung Hospitality America Inc.,해외 법인 — 계획서 7-2
"Samsung Shilla Business Service Beijing Co., Ltd",(주)호텔신라,100.0,,,"Samsung Shilla Business Service Beijing Co., Ltd",해외 법인 — 계획서 7-2
Shilla Travel Retail Pte. Ltd,(주)호텔신라,100.0,,,Shilla Travel Retail Pte. Ltd,해외 법인 — 계획서 7-2
클린인더스트리얼 위탁관리부동산 투자회사㈜,에스케이위탁관리부동산투자회사 주식회사,80.0,,,"클린인더스트리얼
위탁관리부동산
투자회사㈜",다른 지배회사 밑에 더 큰 지분으로 잡힘 — 중복 제거
클린인더스트리얼 위탁관리부동산 투자회사(주),에스케이위탁관리부동산투자회사 주식회사,80.0,,,"클린인더스트리얼
위탁관리부동산
투자회사(주)",다른 지배회사 밑에 더 큰 지분으로 잡힘 — 중복 제거
클린인더스트리얼 위탁관리부동산 투자회사(주),에스케이위탁관리부동산투자회사 주식회사,80.0,,,"클린인더스트리얼
위탁관리부동산
투자회사(주)",다른 지배회사 밑에 더 큰 지분으로 잡힘 — 중복 제거
경포올림픽카운티(주),모나용평(주),74.0,,,경포올림픽카운티(주) (주1),다른 지배회사 밑에 더 큰 지분으로 잡힘 — 중복 제거
(주)파라다이스호텔 부산,(주)파라다이스,69.52,,,(주)파라다이스호텔 부산,다른 지배회사 밑에 더 큰 지분으로 잡힘 — 중복 제거
현대커머셜,현대자동차(주),38.27,,,현대커머셜,지분 30~50% 검토 결과 제외 — 현대차 연결재무제표상 관계기업(지분법)이며 종속 아님. 금융1-3 비상장 비종속으로 편입 예정(현대차 및 특수관계인 76.69%)
산일파트너스(주),산일전기(주),200.0,신탁·집합투자,,산일파트너스(주),"지분율 200.0% — DART 신고 오류로 보임, 확인 필요"
㈜우진에프텍,(주)우진,100.0,금융 키워드 없음,,㈜우진에프텍,코드 없음·금융 키워드 없음 — 비금융 추정 (검토 파일 확인)
에스비티엠 주식회사,(주)호텔신라,100.0,금융업 아님,75210,에스비티엠 주식회사,표준산업분류 75210 — 금융업 아님
극동산업(주),극동유화(주),100.0,금융업 아님,47712,"극동산업(주)
(*1)",표준산업분류 47712 — 금융업 아님
현대스틸파이프,현대제철(주),100.0,금융업 아님,24132,현대스틸파이프,표준산업분류 24132 — 금융업 아님
현대아이에프씨(*),현대제철(주),100.0,금융 키워드 없음,,현대아이에프씨(*),코드 없음·금융 키워드 없음 — 비금융 추정 (검토 파일 확인)
현대아이티씨,현대제철(주),100.0,금융업 아님,24111,현대아이티씨,표준산업분류 24111 — 금융업 아님
현대아이에스씨,현대제철(주),100.0,금융업 아님,24111,현대아이에스씨,표준산업분류 24111 — 금융업 아님
현대아이엠씨,현대제철(주),100.0,금융업 아님,24111,현대아이엠씨,표준산업분류 24111 — 금융업 아님
현대아이이씨,현대제철(주),100.0,금융업 아님,24111,현대아이이씨,표준산업분류 24111 — 금융업 아님
주식회사 보노아,깨끗한나라(주),100.0,금융업 아님,17902,주식회사 보노아,표준산업분류 17902 — 금융업 아님
㈜안성테크노로지스틱스,한화솔루션(주),100.0,금융업 아님,5210,㈜안성테크노로지스틱스,표준산업분류 5210 — 금융업 아님
(주)에이치테크노로지스틱스,한화솔루션(주),100.0,금융업 아님,5210,(주)에이치테크노로지스틱스,표준산업분류 5210 — 금융업 아님
한화엔엑스엠디 주식회사,한화솔루션(주),100.0,금융업 아님,26429,한화엔엑스엠디 주식회사,표준산업분류 26429 — 금융업 아님
하동햇빛나눔태양광발전 주식회사,한화솔루션(주),100.0,금융업 아님,4759,하동햇빛나눔태양광발전 주식회사,표준산업분류 4759 — 금융업 아님
한화케미칼오버시즈홀딩스 주식회사,한화솔루션(주),100.0,금융업 아님,715,한화케미칼오버시즈홀딩스 주식회사,표준산업분류 715 — 금융업 아님
하이패스태양광,한화솔루션(주),100.0,금융업 아님,3511,하이패스태양광,표준산업분류 3511 — 금융업 아님
인사이트홀딩스 주식회사,한화솔루션(주),100.0,금융업 아님,46595,인사이트홀딩스 주식회사,표준산업분류 46595 — 금융업 아님
기아타이거즈,기아(주),100.0,금융업 아님,91191,기아타이거즈,표준산업분류 91191 — 금융업 아님
(주)에스더블유성거나,(주)신원,100.0,금융업 아님,14,(주)에스더블유성거나,표준산업분류 14 — 금융업 아님
(주)신원에벤에셀,(주)신원,100.0,금융 키워드 없음,,(주)신원에벤에셀,코드 없음·금융 키워드 없음 — 비금융 추정 (검토 파일 확인)
신동,일신방직(주),100.0,금융업 아님,07110,신동,표준산업분류 07110 — 금융업 아님
일신산업개발,일신방직(주),100.0,금융 키워드 없음,,일신산업개발,코드 없음·금융 키워드 없음 — 비금융 추정 (검토 파일 확인)
㈜5민랩,주식회사 크래프톤,100.0,금융업 아님,5821,㈜5민랩,표준산업분류 5821 — 금융업 아님
㈜렐루게임즈,주식회사 크래프톤,100.0,금융업 아님,5821,㈜렐루게임즈,표준산업분류 5821 — 금융업 아님
㈜플라이웨이게임즈,주식회사 크래프톤,100.0,금융업 아님,5821,㈜플라이웨이게임즈,표준산업분류 5821 — 금융업 아님
(주)프리텔레콤,(주)프리티,100.0,금융업 아님,61291,(주)프리텔레콤,표준산업분류 61291 — 금융업 아님
(주)파라다이스호텔 부산,(주)파라다이스,100.0,금융업 아님,55101,(주)파라다이스호텔 부산,표준산업분류 55101 — 금융업 아님
(주)대유플러스 자산관리,(주)디에이치오토넥스,100.0,금융 키워드 없음,,(주)대유플러스 자산관리,코드 없음·금융 키워드 없음 — 비금융 추정 (검토 파일 확인)
(주)한국가스기술공사,한국가스공사(주),100.0,금융업 아님,72121,"(주)한국가스기술공사
(주1)",표준산업분류 72121 — 금융업 아님
한국엘엔지벙커링 주식회사,한국가스공사(주),100.0,금융업 아님,35,"한국엘엔지벙커링
주식회사",표준산업분류 35 — 금융업 아님
코가스서비스 얼라이언스(주),한국가스공사(주),100.0,금융업 아님,74211,"코가스서비스
얼라이언스(주)",표준산업분류 74211 — 금융업 아님
코가스보안관리(주),한국가스공사(주),100.0,금융업 아님,75310,코가스보안관리(주),표준산업분류 75310 — 금융업 아님
삼해상사(주) (*),CJ씨푸드(주),100.0,금융 키워드 없음,,삼해상사(주) (*),코드 없음·금융 키워드 없음 — 비금융 추정 (검토 파일 확인)
고려종합국제운송㈜,(주)케이씨티시,100.0,금융업 아님,5299,고려종합국제운송㈜,표준산업분류 5299 — 금융업 아님
제일산업(주),아세아제지(주),100.0,금융업 아님,23325,제일산업(주),표준산업분류 23325 — 금융업 아님
(주)에이팩,아세아제지(주),100.0,금융업 아님,1721,(주)에이팩,표준산업분류 1721 — 금융업 아님
유진판지(주),아세아제지(주),100.0,금융업 아님,1721,유진판지(주),표준산업분류 1721 — 금융업 아님
AP리싸이클링(주),아세아제지(주),100.0,금융 키워드 없음,,AP리싸이클링(주),코드 없음·금융 키워드 없음 — 비금융 추정 (검토 파일 확인)
(주)씨에이치테크,(주)크라운해태홀딩스,100.0,금융업 아님,4521,(주)씨에이치테크,표준산업분류 4521 — 금융업 아님
(주)영그린,(주)크라운해태홀딩스,100.0,금융 키워드 없음,,(주)영그린,코드 없음·금융 키워드 없음 — 비금융 추정 (검토 파일 확인)
STX리조트㈜,(주)STX,100.0,금융업 아님,55103,STX리조트㈜,표준산업분류 55103 — 금융업 아님
한일산업,한일홀딩스(주),100.0,금융업 아님,2629,한일산업(*1),표준산업분류 2629 — 금융업 아님
한일L&C,한일홀딩스(주),100.0,금융 키워드 없음,,한일L&C(*1),코드 없음·금융 키워드 없음 — 비금융 추정 (검토 파일 확인)
한일인터내셔널㈜,한일홀딩스(주),100.0,금융업 아님,46800,한일인터내셔널㈜(*1),표준산업분류 46800 — 금융업 아님
하늘목장㈜,한일홀딩스(주),100.0,금융업 아님,91210,하늘목장㈜(*1),표준산업분류 91210 — 금융업 아님
한일VC㈜,한일홀딩스(주),100.0,금융 키워드 없음,,한일VC㈜(*1),코드 없음·금융 키워드 없음 — 비금융 추정 (검토 파일 확인)
(주)약진통상,(주)제이에스코퍼레이션,100.0,금융업 아님,1419,(주)약진통상(*2),표준산업분류 1419 — 금융업 아님
(주)씨케이이엠솔루션,조광페인트(주),100.0,금융 키워드 없음,,(주)씨케이이엠솔루션,코드 없음·금융 키워드 없음 — 비금융 추정 (검토 파일 확인)
신원지엘에스(주),(주)신원,100.0,금융업 아님,68,신원지엘에스(주),표준산업분류 68 — 금융업 아님
(주)고잉그린컴퍼니,(주)신원,100.0,금융 키워드 없음,,(주)고잉그린컴퍼니,코드 없음·금융 키워드 없음 — 비금융 추정 (검토 파일 확인)
(주)한빛누리,한국단자공업(주),100.0,금융 키워드 없음,,(주)한빛누리,코드 없음·금융 키워드 없음 — 비금융 추정 (검토 파일 확인)
동원파이프㈜,동원모빌리티(주),100.0,금융업 아님,2413,동원파이프㈜,표준산업분류 2413 — 금융업 아님
㈜바이콤광고,(주)BYC,100.0,금융 키워드 없음,,㈜바이콤광고,코드 없음·금융 키워드 없음 — 비금융 추정 (검토 파일 확인)
주식회사 에이씨씨엑스코리아,(주)MDS스피어,100.0,금융 키워드 없음,,주식회사 에이씨씨엑스코리아,코드 없음·금융 키워드 없음 — 비금융 추정 (검토 파일 확인)
라이징윙스㈜,주식회사 크래프톤,100.0,금융업 아님,58212,라이징윙스㈜,표준산업분류 58212 — 금융업 아님
㈜인조이스튜디오,주식회사 크래프톤,100.0,금융업 아님,5821,㈜인조이스튜디오,표준산업분류 5821 — 금융업 아님
㈜조프소프트,주식회사 크래프톤,100.0,금융 키워드 없음,,㈜조프소프트,코드 없음·금융 키워드 없음 — 비금융 추정 (검토 파일 확인)
㈜나인비게임즈,주식회사 크래프톤,100.0,금융 키워드 없음,,㈜나인비게임즈,코드 없음·금융 키워드 없음 — 비금융 추정 (검토 파일 확인)
㈜룬샷게임즈,주식회사 크래프톤,100.0,금융업 아님,5821,㈜룬샷게임즈,표준산업분류 5821 — 금융업 아님
㈜올리브트리게임즈,주식회사 크래프톤,100.0,금융업 아님,5821,㈜올리브트리게임즈,표준산업분류 5821 — 금융업 아님
㈜블루홀스튜디오,주식회사 크래프톤,100.0,금융업 아님,5822,㈜블루홀스튜디오,표준산업분류 5822 — 금융업 아님
㈜드림모션,주식회사 크래프톤,100.0,금융업 아님,58212,㈜드림모션,표준산업분류 58212 — 금융업 아님
옴니크래프트랩스㈜,주식회사 크래프톤,100.0,금융업 아님,5821,옴니크래프트랩스㈜,표준산업분류 5821 — 금융업 아님
일신로지스틱스(주),일신방직(주),100.0,금융업 아님,50122,일신로지스틱스(주),표준산업분류 50122 — 금융업 아님
(주)샘표아이에스피,샘표(주),100.0,금융업 아님,7212,(주)샘표아이에스피,표준산업분류 7212 — 금융업 아님
경산제지(주),아세아제지(주),100.0,금융업 아님,17105,경산제지(주),표준산업분류 17105 — 금융업 아님
공영산업(주),한국단자공업(주),100.0,금융업 아님,2592,공영산업(주),표준산업분류 2592 — 금융업 아님
경원전자(주),한국단자공업(주),100.0,금융업 아님,26422,경원전자(주),표준산업분류 26422 — 금융업 아님
경원산업(주),한국단자공업(주),100.0,금융업 아님,2612,경원산업(주),표준산업분류 2612 — 금융업 아님
두산밥캣코리아 주식회사,두산밥캣 주식회사,100.0,금융업 아님,29161,"두산밥캣코리아 
주식회사",표준산업분류 29161 — 금융업 아님
두산모트롤 주식회사,두산밥캣 주식회사,100.0,금융업 아님,29120,"두산모트롤 
주식회사",표준산업분류 29120 — 금융업 아님
성신엘엔에스(주),성신양회(주),100.0,금융 키워드 없음,,성신엘엔에스(주),코드 없음·금융 키워드 없음 — 비금융 추정 (검토 파일 확인)
아세아산업개발(주),아세아시멘트(주),100.0,금융업 아님,23993,아세아산업개발(주),표준산업분류 23993 — 금융업 아님
LS엠트론,(주)LS,100.0,금융업 아님,29,LS엠트론,표준산업분류 29 — 금융업 아님
LS글로벌 인코퍼레이티드,(주)LS,100.0,금융업 아님,4610,LS글로벌 인코퍼레이티드,표준산업분류 4610 — 금융업 아님
대상네트웍스(주),대상홀딩스(주),100.0,금융 키워드 없음,,대상네트웍스(주)(*8),코드 없음·금융 키워드 없음 — 비금융 추정 (검토 파일 확인)
대상정보기술(주),대상홀딩스(주),100.0,금융업 아님,58221,대상정보기술(주),표준산업분류 58221 — 금융업 아님
대상커뮤니케이션즈(주),대상홀딩스(주),100.0,금융 키워드 없음,,대상커뮤니케이션즈(주),코드 없음·금융 키워드 없음 — 비금융 추정 (검토 파일 확인)
대상셀진(주),대상홀딩스(주),100.0,금융 키워드 없음,,대상셀진(주)(*2),코드 없음·금융 키워드 없음 — 비금융 추정 (검토 파일 확인)
대상펫라이프(주),대상홀딩스(주),100.0,금융 키워드 없음,,대상펫라이프(주),코드 없음·금융 키워드 없음 — 비금융 추정 (검토 파일 확인)
대상건설(주),대상홀딩스(주),100.0,금융업 아님,41,대상건설(주),표준산업분류 41 — 금융업 아님
케이이티 솔루션(주),한국단자공업(주),100.0,금융업 아님,2629,"케이이티
솔루션(주)",표준산업분류 2629 — 금융업 아님
경주월드㈜,아세아시멘트(주),100.0,금융업 아님,91210,경주월드㈜,표준산업분류 91210 — 금융업 아님
(주)뉴폴라리스,(주)LF,100.0,금융 키워드 없음,,(주)뉴폴라리스,코드 없음·금융 키워드 없음 — 비금융 추정 (검토 파일 확인)
(주)LF스퀘어씨사이드,(주)LF,100.0,금융업 아님,68112,(주)LF스퀘어씨사이드,표준산업분류 68112 — 금융업 아님
(주)글로벌휴먼스,(주)LF,100.0,금융업 아님,75122,(주)글로벌휴먼스,표준산업분류 75122 — 금융업 아님
(주)이에르로르코리아,(주)LF,100.0,금융 키워드 없음,,(주)이에르로르코리아,코드 없음·금융 키워드 없음 — 비금융 추정 (검토 파일 확인)
(주)엘앤씨,(주)LF,100.0,금융 키워드 없음,,(주)엘앤씨,코드 없음·금융 키워드 없음 — 비금융 추정 (검토 파일 확인)
(주)팔영조경,(주)LF,100.0,금융 키워드 없음,,(주)팔영조경,코드 없음·금융 키워드 없음 — 비금융 추정 (검토 파일 확인)
(주)윌비스에듀,(주)윌비스,100.0,금융 키워드 없음,,(주)윌비스에듀,코드 없음·금융 키워드 없음 — 비금융 추정 (검토 파일 확인)
(주)나무경영 아카데미,(주)윌비스,100.0,금융업 아님,85632,"(주)나무경영
아카데미(*3)",표준산업분류 85632 — 금융업 아님
계동청운,미원상사(주),100.0,금융 키워드 없음,,계동청운,코드 없음·금융 키워드 없음 — 비금융 추정 (검토 파일 확인)
진인해운㈜,흥아해운(주),100.0,금융업 아님,529,진인해운㈜,표준산업분류 529 — 금융업 아님
흥아마린㈜,흥아해운(주),100.0,금융업 아님,52929,흥아마린㈜,표준산업분류 52929 — 금융업 아님
케이티 네트워크(주),한국단자공업(주),100.0,금융업 아님,4521,"케이티
네트워크(주)",표준산업분류 4521 — 금융업 아님
(주)콜롬보,(주)SG세계물산,100.0,금융 키워드 없음,,(주)콜롬보,코드 없음·금융 키워드 없음 — 비금융 추정 (검토 파일 확인)
(주)콜롬보코리아(서울),(주)SG세계물산,100.0,금융 키워드 없음,,(주)콜롬보코리아(서울),코드 없음·금융 키워드 없음 — 비금융 추정 (검토 파일 확인)
(주)콜롬보코리아,(주)SG세계물산,100.0,금융업 아님,46416,(주)콜롬보코리아,표준산업분류 46416 — 금융업 아님
㈜경동이앤에스,(주)경동인베스트,100.0,금융업 아님,2811,㈜경동이앤에스,표준산업분류 2811 — 금융업 아님
㈜케이디파워텍,(주)경동인베스트,100.0,금융업 아님,35119,㈜케이디파워텍,표준산업분류 35119 — 금융업 아님
㈜경동탱크터미널,(주)경동인베스트,100.0,금융업 아님,521,㈜경동탱크터미널,표준산업분류 521 — 금융업 아님
(주)하나투어아이티씨,(주)하나투어,100.0,금융업 아님,75210,(주)하나투어아이티씨,표준산업분류 75210 — 금융업 아님
(주)하나투어비즈니스,(주)하나투어,100.0,금융업 아님,75210,(주)하나투어비즈니스,표준산업분류 75210 — 금융업 아님
롯데오토케어㈜,롯데렌탈(주),100.0,금융업 아님,95212,롯데오토케어㈜,표준산업분류 95212 — 금융업 아님
㈜하이원파트너스,(주)강원랜드,100.0,금융업 아님,74100,㈜하이원파트너스,표준산업분류 74100 — 금융업 아님
㈜유진홈센터,(주)동양,100.0,금융업 아님,4669,㈜유진홈센터,표준산업분류 4669 — 금융업 아님
㈜유진한일합섬,(주)동양,100.0,금융업 아님,13103,㈜유진한일합섬,표준산업분류 13103 — 금융업 아님
㈜동양에너지,(주)동양,100.0,금융업 아님,35113,㈜동양에너지,표준산업분류 35113 — 금융업 아님
금왕에프원㈜,(주)동양,100.0,금융업 아님,68122,금왕에프원㈜,표준산업분류 68122 — 금융업 아님
한라시멘트(주),아세아시멘트(주),100.0,금융업 아님,23311,한라시멘트(주),표준산업분류 23311 — 금융업 아님
(주)스튜디오2046,(주)에이엔피,100.0,금융 키워드 없음,,(주)스튜디오2046,코드 없음·금융 키워드 없음 — 비금융 추정 (검토 파일 확인)
금강말레이시아,금강공업(주),100.0,금융 키워드 없음,,금강말레이시아,코드 없음·금융 키워드 없음 — 비금융 추정 (검토 파일 확인)
금강 인도,금강공업(주),100.0,금융 키워드 없음,,금강 인도,코드 없음·금융 키워드 없음 — 비금융 추정 (검토 파일 확인)
금강 케냐,금강공업(주),100.0,금융 키워드 없음,,금강 케냐,코드 없음·금융 키워드 없음 — 비금융 추정 (검토 파일 확인)
동원건설산업㈜,동원산업(주),100.0,금융업 아님,41,동원건설산업㈜,표준산업분류 41 — 금융업 아님
동원부산컨테이너터미널㈜,동원산업(주),100.0,금융업 아님,52942,동원부산컨테이너터미널㈜,표준산업분류 52942 — 금융업 아님
동원로엑스㈜,동원산업(주),100.0,금융업 아님,52,동원로엑스㈜,표준산업분류 52 — 금융업 아님
디와이오토주식회사 (312-86-72094),디와이(주),100.0,금융 키워드 없음,,"디와이오토주식회사
(312-86-72094)",코드 없음·금융 키워드 없음 — 비금융 추정 (검토 파일 확인)
디와이이노베이트주식회사 (510-87-01701),디와이(주),100.0,금융 키워드 없음,,"디와이이노베이트주식회사
(510-87-01701)",코드 없음·금융 키워드 없음 — 비금융 추정 (검토 파일 확인)
㈜데이터솔루션,주식회사 아센디오,100.0,금융 키워드 없음,,㈜데이터솔루션,코드 없음·금융 키워드 없음 — 비금융 추정 (검토 파일 확인)
㈜에이치월드와이드,주식회사 아센디오,100.0,금융 키워드 없음,,㈜에이치월드와이드,코드 없음·금융 키워드 없음 — 비금융 추정 (검토 파일 확인)
㈜풍산 FNS,(주)풍산,100.0,금융 키워드 없음,,㈜풍산 FNS,코드 없음·금융 키워드 없음 — 비금융 추정 (검토 파일 확인)
(주)구곡조경,(주)LF,100.0,금융 키워드 없음,,(주)구곡조경,코드 없음·금융 키워드 없음 — 비금융 추정 (검토 파일 확인)
(주)비알케이컴퍼니,(주)LF,100.0,금융 키워드 없음,,(주)비알케이컴퍼니,코드 없음·금융 키워드 없음 — 비금융 추정 (검토 파일 확인)
(주)엘에프이앤씨,(주)LF,100.0,금융 키워드 없음,,(주)엘에프이앤씨,코드 없음·금융 키워드 없음 — 비금융 추정 (검토 파일 확인)
(주)영우화스너,(주)벽산,100.0,금융업 아님,259,(주)영우화스너,표준산업분류 259 — 금융업 아님
(주)지플랜,(주)벽산,100.0,금융업 아님,68121,(주)지플랜,표준산업분류 68121 — 금융업 아님
(주)벽산 프라퍼티,(주)벽산,100.0,금융 키워드 없음,,(주)벽산 프라퍼티,코드 없음·금융 키워드 없음 — 비금융 추정 (검토 파일 확인)
(주)다솔유알,(주)벽산,100.0,금융 키워드 없음,,(주)다솔유알,코드 없음·금융 키워드 없음 — 비금융 추정 (검토 파일 확인)
㈜디에스리사이클,(주)벽산,100.0,금융 키워드 없음,,㈜디에스리사이클,코드 없음·금융 키워드 없음 — 비금융 추정 (검토 파일 확인)
(주)엠오디머티어리얼즈,한국콜마(주),100.0,금융업 아님,2049,(주)엠오디머티어리얼즈,표준산업분류 2049 — 금융업 아님
(주)연우,한국콜마(주),100.0,금융업 아님,22232,(주)연우,표준산업분류 22232 — 금융업 아님
콜마유엑스(주),한국콜마(주),100.0,금융업 아님,20423,콜마유엑스(주),표준산업분류 20423 — 금융업 아님
(주)LT크루즈홀리데이,롯데관광개발(주),100.0,금융 키워드 없음,,(주)LT크루즈홀리데이,코드 없음·금융 키워드 없음 — 비금융 추정 (검토 파일 확인)
(주)엘티엔터테인먼트,롯데관광개발(주),100.0,금융업 아님,91249,(주)엘티엔터테인먼트,표준산업분류 91249 — 금융업 아님
현대리뉴어블랩주식회사,현대코퍼레이션(주),100.0,금융 키워드 없음,,현대리뉴어블랩주식회사,코드 없음·금융 키워드 없음 — 비금융 추정 (검토 파일 확인)
현대네비스 주식회사,현대코퍼레이션(주),100.0,금융업 아님,52992,현대네비스 주식회사,표준산업분류 52992 — 금융업 아님
울산GPS(주),SK가스(주),100.0,금융 키워드 없음,,"울산GPS(주)(구, 당진에코파워)",코드 없음·금융 키워드 없음 — 비금융 추정 (검토 파일 확인)
에코마린퓨얼솔루션,SK가스(주),100.0,금융 키워드 없음,,에코마린퓨얼솔루션,코드 없음·금융 키워드 없음 — 비금융 추정 (검토 파일 확인)
(주)제인모터스,(주)디아이씨,100.0,금융업 아님,30121,(주)제인모터스,표준산업분류 30121 — 금융업 아님
(주)우진,(주)에이엔피,100.0,금융업 아님,222,(주)우진,표준산업분류 222 — 금융업 아님
조선선재온산(주),CS 홀딩스(주),100.0,금융업 아님,25995,조선선재온산(주),표준산업분류 25995 — 금융업 아님
씨에스로직스(주),CS 홀딩스(주),100.0,금융업 아님,2599,씨에스로직스(주),표준산업분류 2599 — 금융업 아님
(주)밸런스웨이,(주)서흥,100.0,금융 키워드 없음,,(주)밸런스웨이,코드 없음·금융 키워드 없음 — 비금융 추정 (검토 파일 확인)
(주)서흥헬스케어,(주)서흥,100.0,금융업 아님,10897,(주)서흥헬스케어,표준산업분류 10897 — 금융업 아님
남영나이론(주),(주)비비안,100.0,금융 키워드 없음,,남영나이론(주),코드 없음·금융 키워드 없음 — 비금융 추정 (검토 파일 확인)
(주)훼미모드,(주)비비안,100.0,금융업 아님,14120,(주)훼미모드,표준산업분류 14120 — 금융업 아님
청진이삼자산관리㈜,디엘 주식회사,100.0,금융업 아님,68212,청진이삼자산관리㈜,표준산업분류 68212 — 금융업 아님
송도파워㈜,디엘 주식회사,100.0,금융업 아님,35113,송도파워㈜,표준산업분류 35113 — 금융업 아님
나이스신용평가(주),(주)NICE홀딩스,100.0,금융업 아님,6399,나이스신용평가(주),표준산업분류 6399 — 금융업 아님
나이스프라퍼티(주) ),(주)NICE홀딩스,100.0,금융 키워드 없음,,"나이스프라퍼티(주)
(구, 나이스인프라(주))",코드 없음·금융 키워드 없음 — 비금융 추정 (검토 파일 확인)
남광엔케이㈜,남광토건(주),100.0,금융 키워드 없음,,남광엔케이㈜,코드 없음·금융 키워드 없음 — 비금융 추정 (검토 파일 확인)
카본솔루션주식회사,(주)대호에이엘,100.0,금융 키워드 없음,,카본솔루션주식회사,코드 없음·금융 키워드 없음 — 비금융 추정 (검토 파일 확인)
(주)대호이노베이션,(주)대호에이엘,100.0,금융 키워드 없음,,(주)대호이노베이션,코드 없음·금융 키워드 없음 — 비금융 추정 (검토 파일 확인)
(주)진머티리얼즈,(주)대호에이엘,100.0,금융 키워드 없음,,(주)진머티리얼즈,코드 없음·금융 키워드 없음 — 비금융 추정 (검토 파일 확인)
(주)대호글로밴스,(주)대호에이엘,100.0,금융 키워드 없음,,(주)대호글로밴스,코드 없음·금융 키워드 없음 — 비금융 추정 (검토 파일 확인)
㈜동원에프앤비,동원산업(주),100.0,금융 키워드 없음,,㈜동원에프앤비,코드 없음·금융 키워드 없음 — 비금융 추정 (검토 파일 확인)
신송식품㈜,신송홀딩스(주),100.0,금융업 아님,10833,신송식품㈜,표준산업분류 10833 — 금융업 아님
신송산업㈜,신송홀딩스(주),100.0,금융업 아님,10520,신송산업㈜,표준산업분류 10520 — 금융업 아님
성창기업(주),성창기업지주(주),100.0,금융업 아님,16211,성창기업(주),표준산업분류 16211 — 금융업 아님
성창보드(주),성창기업지주(주),100.0,금융업 아님,16212,성창보드(주),표준산업분류 16212 — 금융업 아님
지씨테크(주),성창기업지주(주),100.0,금융업 아님,25114,지씨테크(주),표준산업분류 25114 — 금융업 아님
지씨글로벌(주),성창기업지주(주),100.0,금융업 아님,46611,지씨글로벌(주),표준산업분류 46611 — 금융업 아님
성창디벨로퍼스(주),성창기업지주(주),100.0,금융 키워드 없음,,성창디벨로퍼스(주),코드 없음·금융 키워드 없음 — 비금융 추정 (검토 파일 확인)
봉림금속(주),대창단조(주),100.0,금융업 아님,3020,봉림금속(주),표준산업분류 3020 — 금융업 아님
일광이앤씨(주),한국내화(주),100.0,금융업 아님,41121,일광이앤씨(주),표준산업분류 41121 — 금융업 아님
(주)코리아에어텍,대한유화(주),100.0,금융업 아님,20122,(주)코리아에어텍,표준산업분류 20122 — 금융업 아님
(주)유한화학,(주)유한양행,100.0,금융업 아님,21100,(주)유한화학,표준산업분류 21100 — 금융업 아님
한섬파리,(주)한섬,100.0,금융 키워드 없음,,한섬파리,코드 없음·금융 키워드 없음 — 비금융 추정 (검토 파일 확인)
금호폴리켐(주),금호석유화학(주),100.0,금융업 아님,20201,금호폴리켐(주),표준산업분류 20201 — 금융업 아님
케이앤에이치특수가스㈜,금호석유화학(주),100.0,금융업 아님,20122,케이앤에이치특수가스㈜,표준산업분류 20122 — 금융업 아님
금호피앤비화학(주),금호석유화학(주),100.0,금융업 아님,20119,금호피앤비화학(주),표준산업분류 20119 — 금융업 아님
금호티앤엘㈜,금호석유화학(주),100.0,금융업 아님,52942,금호티앤엘㈜,표준산업분류 52942 — 금융업 아님
지타워플러스㈜,넷마블(주),100.0,금융업 아님,46464,지타워플러스㈜,표준산업분류 46464 — 금융업 아님
마브렉스㈜,넷마블(주),100.0,금융업 아님,62,마브렉스㈜,표준산업분류 62 — 금융업 아님
(주)유한메디카,(주)유한양행,100.0,금융업 아님,46329,(주)유한메디카,표준산업분류 46329 — 금융업 아님
(주)우신세이프티시스템,(주)우신시스템,100.0,금융업 아님,30,(주)우신세이프티시스템,표준산업분류 30 — 금융업 아님
(주)에이에프에프씨,(주)우신시스템,100.0,금융업 아님,30,(주)에이에프에프씨,표준산업분류 30 — 금융업 아님
인도우신엔지니어링,(주)우신시스템,100.0,금융 키워드 없음,,인도우신엔지니어링,코드 없음·금융 키워드 없음 — 비금융 추정 (검토 파일 확인)
㈜디아이머티리얼즈,(주)디아이,100.0,금융업 아님,2629,㈜디아이머티리얼즈,표준산업분류 2629 — 금융업 아님
GS에너지,(주)GS,100.0,지주회사,64992,GS에너지,지주회사(64992) — 사업 자회사를 묶는 중간지주·기금
가산,광동제약(주),100.0,금융 키워드 없음,,가산,코드 없음·금융 키워드 없음 — 비금융 추정 (검토 파일 확인)
케이아이비수소에너지,디케이엠이(주),100.0,금융 키워드 없음,,케이아이비수소에너지,코드 없음·금융 키워드 없음 — 비금융 추정 (검토 파일 확인)
케이아이비울산수소발전,디케이엠이(주),100.0,금융 키워드 없음,,케이아이비울산수소발전,코드 없음·금융 키워드 없음 — 비금융 추정 (검토 파일 확인)
케이아이비목포수소발전,디케이엠이(주),100.0,금융 키워드 없음,,케이아이비목포수소발전,코드 없음·금융 키워드 없음 — 비금융 추정 (검토 파일 확인)
글래드호텔앤리조트㈜,디엘 주식회사,100.0,금융업 아님,55101,글래드호텔앤리조트㈜,표준산업분류 55101 — 금융업 아님
DL모터스㈜,디엘 주식회사,100.0,금융업 아님,30331,DL모터스㈜,표준산업분류 30331 — 금융업 아님
GS스포츠,(주)GS,100.0,금융업 아님,91191,GS스포츠,표준산업분류 91191 — 금융업 아님
동아출판(주),한세예스24홀딩스(주),100.0,금융업 아님,58,동아출판(주),표준산업분류 58 — 금융업 아님
(주)모두락,(주)제주항공,100.0,금융업 아님,7599,(주)모두락,표준산업분류 7599 — 금융업 아님
(주)제이에이에스,(주)제주항공,100.0,금융업 아님,52939,(주)제이에이에스,표준산업분류 52939 — 금융업 아님
에이케이아이에스(주),(주)제주항공,100.0,금융업 아님,6202,에이케이아이에스(주),표준산업분류 6202 — 금융업 아님
(주)디앤오,(주)LG,100.0,금융업 아님,68112,(주)디앤오,표준산업분류 68112 — 금융업 아님
(주)엘지경영개발원,(주)LG,100.0,금융업 아님,70201,(주)엘지경영개발원,표준산업분류 70201 — 금융업 아님
(주)엘지스포츠,(주)LG,100.0,금융업 아님,91191,(주)엘지스포츠,표준산업분류 91191 — 금융업 아님
에코이앤오㈜,(주)한화,100.0,금융업 아님,37011,에코이앤오㈜,표준산업분류 37011 — 금융업 아님
㈜에이치씨앤디,(주)한화,100.0,금융업 아님,68121,㈜에이치씨앤디,표준산업분류 68121 — 금융업 아님
한화모멘텀 주식회사,(주)한화,100.0,금융업 아님,29299,한화모멘텀 주식회사,표준산업분류 29299 — 금융업 아님
㈜행복마루,(주)엘지씨엔에스,100.0,금융업 아님,74211,㈜행복마루,표준산업분류 74211 — 금융업 아님
아이지에스㈜,넷마블(주),100.0,금융업 아님,5821,아이지에스㈜,표준산업분류 5821 — 금융업 아님
엔탑자산관리㈜,넷마블(주),100.0,금융업 아님,74100,엔탑자산관리㈜,표준산업분류 74100 — 금융업 아님
엠엔비㈜,넷마블(주),100.0,금융업 아님,71310,엠엔비㈜,표준산업분류 71310 — 금융업 아님
㈜심팩글로벌 창원,(주)SIMPAC,100.0,금융 키워드 없음,,㈜심팩글로벌 창원,코드 없음·금융 키워드 없음 — 비금융 추정 (검토 파일 확인)
㈜화성에코,(주)SIMPAC,100.0,금융 키워드 없음,,㈜화성에코,코드 없음·금융 키워드 없음 — 비금융 추정 (검토 파일 확인)
(주)심팩프로퍼티스,(주)SIMPAC,100.0,금융 키워드 없음,,(주)심팩프로퍼티스,코드 없음·금융 키워드 없음 — 비금융 추정 (검토 파일 확인)
(주)유엘개발,(주)SIMPAC,100.0,금융업 아님,68122,(주)유엘개발,표준산업분류 68122 — 금융업 아님
㈜두루가온누리,(주)SIMPAC,100.0,금융 키워드 없음,,㈜두루가온누리,코드 없음·금융 키워드 없음 — 비금융 추정 (검토 파일 확인)
㈜심팩글로벌,(주)SIMPAC,100.0,금융업 아님,46791,㈜심팩글로벌,표준산업분류 46791 — 금융업 아님
㈜베데야,(주)SIMPAC,100.0,금융 키워드 없음,,㈜베데야,코드 없음·금융 키워드 없음 — 비금융 추정 (검토 파일 확인)
㈜엔에스파트너스,디엘이앤씨 주식회사,100.0,금융업 아님,68122,㈜엔에스파트너스,표준산업분류 68122 — 금융업 아님
하이드로텍(주),(주)대동,100.0,금융업 아님,29120,하이드로텍(주),표준산업분류 29120 — 금융업 아님
(주)제주대동,(주)대동,100.0,금융업 아님,68129,(주)제주대동,표준산업분류 68129 — 금융업 아님
(주)에스피앤씨,에스피삼화(주),100.0,금융업 아님,20421,(주)에스피앤씨,표준산업분류 20421 — 금융업 아님
삼화리얼티(주),에스피삼화(주),100.0,금융 키워드 없음,,삼화리얼티(주),코드 없음·금융 키워드 없음 — 비금융 추정 (검토 파일 확인)
(주)에스엠투네트웍스,에스피삼화(주),100.0,금융 키워드 없음,,(주)에스엠투네트웍스,코드 없음·금융 키워드 없음 — 비금융 추정 (검토 파일 확인)
(주)삼화로지텍,에스피삼화(주),100.0,금융 키워드 없음,,(주)삼화로지텍,코드 없음·금융 키워드 없음 — 비금융 추정 (검토 파일 확인)
홈앤톤즈(주),에스피삼화(주),100.0,금융 키워드 없음,,홈앤톤즈(주),코드 없음·금융 키워드 없음 — 비금융 추정 (검토 파일 확인)
(주)큐브테크,(주)다이나믹디자인,100.0,금융 키워드 없음,,(주)큐브테크,코드 없음·금융 키워드 없음 — 비금융 추정 (검토 파일 확인)
현대엘리베이터설치㈜,현대엘리베이터(주),100.0,금융 키워드 없음,,현대엘리베이터설치㈜,코드 없음·금융 키워드 없음 — 비금융 추정 (검토 파일 확인)
블룸비스타호텔앤컨퍼런스㈜,현대엘리베이터(주),100.0,금융업 아님,68129,블룸비스타호텔앤컨퍼런스㈜,표준산업분류 68129 — 금융업 아님
현대엘앤알,현대엘리베이터(주),100.0,금융업 아님,6822,현대엘앤알,표준산업분류 6822 — 금융업 아님
(주)루미오토텍,(주)금호에이치티,100.0,금융 키워드 없음,,(주)루미오토텍,코드 없음·금융 키워드 없음 — 비금융 추정 (검토 파일 확인)
(주)한수팩,한국수출포장공업(주),100.0,금융 키워드 없음,,(주)한수팩,코드 없음·금융 키워드 없음 — 비금융 추정 (검토 파일 확인)
㈜사조C&C,(주)사조대림,100.0,금융 키워드 없음,,㈜사조C&C,코드 없음·금융 키워드 없음 — 비금융 추정 (검토 파일 확인)
㈜삼아벤처,(주)사조대림,100.0,금융업 아님,10832,㈜삼아벤처,표준산업분류 10832 — 금융업 아님
코웨이엔텍(주),코웨이(주),100.0,금융업 아님,41224,코웨이엔텍(주),표준산업분류 41224 — 금융업 아님
비렉스테크(주),코웨이(주),100.0,금융업 아님,32011,비렉스테크(주),표준산업분류 32011 — 금융업 아님
힐러비㈜,코웨이(주),100.0,금융업 아님,46443,힐러비㈜(구.힐러비리엔케이㈜),표준산업분류 46443 — 금융업 아님
코웨이라이프솔루션㈜,코웨이(주),100.0,금융업 아님,4610,코웨이라이프솔루션㈜,표준산업분류 4610 — 금융업 아님
코웨이갤러리(주),코웨이(주),100.0,금융업 아님,47320,코웨이갤러리(주) (주6),표준산업분류 47320 — 금융업 아님
포천맑은물(주),코웨이(주),100.0,금융업 아님,36020,포천맑은물(주) (주2),표준산업분류 36020 — 금융업 아님
미추홀맑은물(주),코웨이(주),100.0,금융업 아님,36,미추홀맑은물(주) (주2),표준산업분류 36 — 금융업 아님
심팩인더스트리,(주)SIMPAC,100.0,금융업 아님,29230,심팩인더스트리,표준산업분류 29230 — 금융업 아님
㈜심팩아뜰리에,(주)SIMPAC,100.0,금융 키워드 없음,,㈜심팩아뜰리에,코드 없음·금융 키워드 없음 — 비금융 추정 (검토 파일 확인)
군포희망에너지(주),다스코(주),100.0,금융 키워드 없음,,군포희망에너지(주),코드 없음·금융 키워드 없음 — 비금융 추정 (검토 파일 확인)
동아에스지(주),다스코(주),100.0,금융 키워드 없음,,동아에스지(주),코드 없음·금융 키워드 없음 — 비금융 추정 (검토 파일 확인)
(유)퍼플신안태양광,다스코(주),100.0,금융 키워드 없음,,(유)퍼플신안태양광,코드 없음·금융 키워드 없음 — 비금융 추정 (검토 파일 확인)
디에스파트너스(주),다스코(주),100.0,금융업 아님,68122,디에스파트너스(주),표준산업분류 68122 — 금융업 아님
(주)영암나눔태양광,다스코(주),100.0,금융 키워드 없음,,(주)영암나눔태양광,코드 없음·금융 키워드 없음 — 비금융 추정 (검토 파일 확인)
엔에이치엔위투㈜,엔에이치엔(주),100.0,금융업 아님,4791,엔에이치엔위투㈜,표준산업분류 4791 — 금융업 아님
㈜엔에이치엔데이터,엔에이치엔(주),100.0,금융 키워드 없음,,㈜엔에이치엔데이터,코드 없음·금융 키워드 없음 — 비금융 추정 (검토 파일 확인)
엔에이치엔두레이㈜,엔에이치엔(주),100.0,금융업 아님,63120,엔에이치엔두레이㈜,표준산업분류 63120 — 금융업 아님
엔에이치엔아카데미㈜,엔에이치엔(주),100.0,금융 키워드 없음,,엔에이치엔아카데미㈜,코드 없음·금융 키워드 없음 — 비금융 추정 (검토 파일 확인)
㈜엔에이치엔에이스,엔에이치엔(주),100.0,금융 키워드 없음,,㈜엔에이치엔에이스,코드 없음·금융 키워드 없음 — 비금융 추정 (검토 파일 확인)
엔에이치엔서비스㈜,엔에이치엔(주),100.0,금융업 아님,63120,엔에이치엔서비스㈜,표준산업분류 63120 — 금융업 아님
㈜황진이,차AI헬스케어(주),100.0,금융 키워드 없음,,㈜황진이,코드 없음·금융 키워드 없음 — 비금융 추정 (검토 파일 확인)
DL건설㈜,디엘이앤씨 주식회사,100.0,금융 키워드 없음,,DL건설㈜,코드 없음·금융 키워드 없음 — 비금융 추정 (검토 파일 확인)
현대엘리베이터서비스㈜,현대엘리베이터(주),100.0,금융업 아님,42202,현대엘리베이터서비스㈜,표준산업분류 42202 — 금융업 아님
엔에이치엔링크㈜,엔에이치엔(주),100.0,금융업 아님,63120,엔에이치엔링크㈜,표준산업분류 63120 — 금융업 아님
다스코개발㈜,다스코(주),100.0,금융 키워드 없음,,다스코개발㈜,코드 없음·금융 키워드 없음 — 비금융 추정 (검토 파일 확인)
에코솔라에너지㈜,다스코(주),100.0,금융 키워드 없음,,에코솔라에너지㈜,코드 없음·금융 키워드 없음 — 비금융 추정 (검토 파일 확인)
디에스솔라㈜,다스코(주),100.0,금융 키워드 없음,,디에스솔라㈜,코드 없음·금융 키워드 없음 — 비금융 추정 (검토 파일 확인)
다스코산업㈜,다스코(주),100.0,금융 키워드 없음,,다스코산업㈜,코드 없음·금융 키워드 없음 — 비금융 추정 (검토 파일 확인)
동아쏠라(유),다스코(주),100.0,금융 키워드 없음,,동아쏠라(유),코드 없음·금융 키워드 없음 — 비금융 추정 (검토 파일 확인)
㈜디에스피씨알,주식회사 디에스단석,100.0,금융업 아님,20131,㈜디에스피씨알,표준산업분류 20131 — 금융업 아님
단석말레이시아,주식회사 디에스단석,100.0,금융 키워드 없음,,단석말레이시아,코드 없음·금융 키워드 없음 — 비금융 추정 (검토 파일 확인)
하이브 주식회사,주식회사 디에스단석,100.0,금융업 아님,592,하이브 주식회사,표준산업분류 592 — 금융업 아님
*오토메탈글로벌,한국무브넥스(주),100.0,금융 키워드 없음,,*오토메탈글로벌,코드 없음·금융 키워드 없음 — 비금융 추정 (검토 파일 확인)
(유)사조씨피케이,(주)사조대림,100.0,금융업 아님,10520,(유)사조씨피케이,표준산업분류 10520 — 금융업 아님
C.V.T (해외 비상장),(주)SG글로벌,100.0,금융 키워드 없음,,"C.V.T
(해외 비상장)",코드 없음·금융 키워드 없음 — 비금융 추정 (검토 파일 확인)
SGEV(해외 비상장),(주)SG글로벌,100.0,금융 키워드 없음,,SGEV(해외 비상장),코드 없음·금융 키워드 없음 — 비금융 추정 (검토 파일 확인)
KPX개발㈜,KPX홀딩스(주),100.0,금융업 아님,68112,KPX개발㈜,표준산업분류 68112 — 금융업 아님
케이피엑스글로벌㈜,KPX홀딩스(주),100.0,금융업 아님,521,케이피엑스글로벌㈜,표준산업분류 521 — 금융업 아님
㈜대영섬유,주식회사 화승엔터프라이즈,100.0,금융업 아님,15220,㈜대영섬유,표준산업분류 15220 — 금융업 아님
이수건설(주),(주)이수화학                             ,100.0,금융업 아님,41112,이수건설(주),표준산업분류 41112 — 금융업 아님
(주)지엠티홀딩스,(주)디엔오토모티브,100.0,지주회사,64992,(주)지엠티홀딩스(*3),지주회사(64992) — 사업 자회사를 묶는 중간지주·기금
디앤디인베스트먼트㈜,SK디앤디(주),100.0,금융업 아님,68,디앤디인베스트먼트㈜,표준산업분류 68 — 금융업 아님
(주)코어테크놀로지,(주)아모레퍼시픽,100.0,금융업 아님,2919,(주)코어테크놀로지,표준산업분류 2919 — 금융업 아님
(주)코스비전,(주)아모레퍼시픽,100.0,금융업 아님,20423,(주)코스비전,표준산업분류 20423 — 금융업 아님
(주)위드림,(주)아모레퍼시픽,100.0,금융업 아님,7599,(주)위드림,표준산업분류 7599 — 금융업 아님
롯데에코월㈜,롯데에너지머티리얼즈(주),100.0,금융업 아님,4242,롯데에코월㈜,표준산업분류 4242 — 금융업 아님
롯데테크㈜,롯데에너지머티리얼즈(주),100.0,금융업 아님,41,롯데테크㈜,표준산업분류 41 — 금융업 아님
롯데이엠글로벌㈜,롯데에너지머티리얼즈(주),100.0,금융업 아님,71600,롯데이엠글로벌㈜,표준산업분류 71600 — 금융업 아님
㈜더블유제이라이프홀딩스,(주)웅진,100.0,금융업 아님,7599,"㈜더블유제이라이프홀딩스
 (주4)",표준산업분류 7599 — 금융업 아님
(주)씨티알에코포징,(주)씨티알모빌리티,100.0,금융업 아님,30399,(주)씨티알에코포징,표준산업분류 30399 — 금융업 아님
㈜성림쓰리에이통상,주식회사 더본코리아,100.0,금융업 아님,101,㈜성림쓰리에이통상,표준산업분류 101 — 금융업 아님
㈜쿡솔루션,주식회사 더본코리아,100.0,금융 키워드 없음,,㈜쿡솔루션,코드 없음·금융 키워드 없음 — 비금융 추정 (검토 파일 확인)
㈜디에스아이시스템,주식회사 더본코리아,100.0,금융 키워드 없음,,㈜디에스아이시스템,코드 없음·금융 키워드 없음 — 비금융 추정 (검토 파일 확인)
㈜티엠씨엔터,주식회사 더본코리아,100.0,금융 키워드 없음,,㈜티엠씨엔터,코드 없음·금융 키워드 없음 — 비금융 추정 (검토 파일 확인)
㈜ 아름누리,(주)엘지에너지솔루션,100.0,금융업 아님,7421,㈜ 아름누리,표준산업분류 7421 — 금융업 아님
대성쎌틱에너시스(주),대성산업(주),100.0,금융업 아님,25121,대성쎌틱에너시스(주),표준산업분류 25121 — 금융업 아님
대성히트에너시스(주),대성산업(주),100.0,금융업 아님,46621,대성히트에너시스(주),표준산업분류 46621 — 금융업 아님
대성물류건설(주),대성산업(주),100.0,금융업 아님,7512,대성물류건설(주),표준산업분류 7512 — 금융업 아님
(주)대성아트센터,대성산업(주),100.0,금융업 아님,71310,(주)대성아트센터,표준산업분류 71310 — 금융업 아님
대성계전(주),대성산업(주),100.0,금융업 아님,62021,대성계전(주),표준산업분류 62021 — 금융업 아님
(주)가하이엠씨,대성산업(주),100.0,금융업 아님,28520,(주)가하이엠씨,표준산업분류 28520 — 금융업 아님
문경새재관광(주),대성산업(주),100.0,금융업 아님,02040,문경새재관광(주),표준산업분류 02040 — 금융업 아님
삼양로지스틱스(주),삼양식품(주),100.0,금융업 아님,49301,삼양로지스틱스(주),표준산업분류 49301 — 금융업 아님
삼양라운드어스(주),삼양식품(주),100.0,금융 키워드 없음,,삼양라운드어스(주),코드 없음·금융 키워드 없음 — 비금융 추정 (검토 파일 확인)
삼양제분(주),삼양식품(주),100.0,금융업 아님,10512,삼양제분(주),표준산업분류 10512 — 금융업 아님
SNT AMT(주),SNT다이내믹스(주),100.0,금융업 아님,30,SNT AMT(주),표준산업분류 30 — 금융업 아님
㈜칼리버스,롯데이노베이트(주),100.0,금융업 아님,582,㈜칼리버스,표준산업분류 582 — 금융업 아님
(주)성안 당진머티리얼스,(주)우성머티리얼스,100.0,금융 키워드 없음,,(주)성안 당진머티리얼스,코드 없음·금융 키워드 없음 — 비금융 추정 (검토 파일 확인)
㈜대한위드엔젤스,대한조선 주식회사,100.0,금융 키워드 없음,,㈜대한위드엔젤스,코드 없음·금융 키워드 없음 — 비금융 추정 (검토 파일 확인)
㈜해남화원산업단지개발,대한조선 주식회사,100.0,금융 키워드 없음,,㈜해남화원산업단지개발,코드 없음·금융 키워드 없음 — 비금융 추정 (검토 파일 확인)
㈜한국컴피티션,한국앤컴퍼니(주),100.0,금융업 아님,91199,㈜한국컴피티션,표준산업분류 91199 — 금융업 아님
한국카앤라이프㈜,한국앤컴퍼니(주),100.0,금융업 아님,4521,한국카앤라이프㈜,표준산업분류 4521 — 금융업 아님
한국앤컴퍼니벤처스㈜,한국앤컴퍼니(주),100.0,금융업 아님,71531,한국앤컴퍼니벤처스㈜,표준산업분류 71531 — 금융업 아님
(주)포스에스엠,팬오션(주),100.0,금융업 아님,50,(주)포스에스엠,표준산업분류 50 — 금융업 아님
에이치엠엠오션서비스㈜,에이치엠엠(주) ,100.0,금융업 아님,5292,에이치엠엠오션서비스㈜,표준산업분류 5292 — 금융업 아님
우진에너지일호(주),(주)도화엔지니어링,100.0,금융 키워드 없음,,우진에너지일호(주),코드 없음·금융 키워드 없음 — 비금융 추정 (검토 파일 확인)
우진에너지삼호(주),(주)도화엔지니어링,100.0,금융 키워드 없음,,우진에너지삼호(주),코드 없음·금융 키워드 없음 — 비금융 추정 (검토 파일 확인)
진양에너지 유틸리티,(주)진양홀딩스,100.0,금융업 아님,30320,"진양에너지
유틸리티",표준산업분류 30320 — 금융업 아님
진양AMC,(주)진양홀딩스,100.0,금융업 아님,68112,진양AMC,표준산업분류 68112 — 금융업 아님
진양물산,(주)진양홀딩스,100.0,금융업 아님,68112,진양물산,표준산업분류 68112 — 금융업 아님
엠씨넥스VINA,(주)엠씨넥스,100.0,금융 키워드 없음,,엠씨넥스VINA,코드 없음·금융 키워드 없음 — 비금융 추정 (검토 파일 확인)
㈜아이알엠,롯데에너지머티리얼즈(주),100.0,금융업 아님,259,㈜아이알엠,표준산업분류 259 — 금융업 아님
충주보라매,금호건설(주),100.0,금융업 아님,68111,충주보라매,표준산업분류 68111 — 금융업 아님
금호에이엠씨,금호건설(주),100.0,금융업 아님,68211,금호에이엠씨,표준산업분류 68211 — 금융업 아님
대성씨앤에스(주),대성산업(주),100.0,금융업 아님,2049,대성씨앤에스(주),표준산업분류 2049 — 금융업 아님
디큐브냉열,대성산업(주),100.0,금융 키워드 없음,,디큐브냉열,코드 없음·금융 키워드 없음 — 비금융 추정 (검토 파일 확인)
㈜두산베어스,(주)두산,100.0,금융업 아님,91191,㈜두산베어스,표준산업분류 91191 — 금융업 아님
두산경영연구원㈜,(주)두산,100.0,금융업 아님,85709,두산경영연구원㈜,표준산업분류 85709 — 금융업 아님
엠씨넥스에프앤비,(주)엠씨넥스,100.0,금융 키워드 없음,,엠씨넥스에프앤비,코드 없음·금융 키워드 없음 — 비금융 추정 (검토 파일 확인)
KC안전기술㈜,케이씨그린홀딩스(주),100.0,금융 키워드 없음,,KC안전기술㈜,코드 없음·금융 키워드 없음 — 비금융 추정 (검토 파일 확인)
디앤엘코퍼레이션㈜,케이씨그린홀딩스(주),100.0,금융 키워드 없음,,디앤엘코퍼레이션㈜,코드 없음·금융 키워드 없음 — 비금융 추정 (검토 파일 확인)
KC환경개발㈜,케이씨그린홀딩스(주),100.0,금융 키워드 없음,,KC환경개발㈜,코드 없음·금융 키워드 없음 — 비금융 추정 (검토 파일 확인)
KC바이오칩㈜,케이씨그린홀딩스(주),100.0,금융 키워드 없음,,KC바이오칩㈜,코드 없음·금융 키워드 없음 — 비금융 추정 (검토 파일 확인)
KC그린에너지㈜,케이씨그린홀딩스(주),100.0,금융 키워드 없음,,KC그린에너지㈜,코드 없음·금융 키워드 없음 — 비금융 추정 (검토 파일 확인)
KC건설㈜,케이씨그린홀딩스(주),100.0,금융 키워드 없음,,KC건설㈜,코드 없음·금융 키워드 없음 — 비금융 추정 (검토 파일 확인)
KC솔라앤에너지㈜,케이씨그린홀딩스(주),100.0,금융 키워드 없음,,KC솔라앤에너지㈜,코드 없음·금융 키워드 없음 — 비금융 추정 (검토 파일 확인)
삼성다이나에이치백,삼성공조(주),100.0,금융업 아님,29172,삼성다이나에이치백,표준산업분류 29172 — 금융업 아님
두산로지스틱스솔루션㈜,(주)두산,100.0,금융업 아님,62021,두산로지스틱스솔루션㈜,표준산업분류 62021 — 금융업 아님
두산포트폴리오홀딩스㈜,(주)두산,100.0,금융업 아님,7151,두산포트폴리오홀딩스㈜,표준산업분류 7151 — 금융업 아님
케이알 트레이딩,KR모터스(주),100.0,금융 키워드 없음,,"케이알
트레이딩",코드 없음·금융 키워드 없음 — 비금융 추정 (검토 파일 확인)
네이버웹툰컴퍼니 주식회사,네이버(주),100.0,금융업 아님,63,네이버웹툰컴퍼니 주식회사,표준산업분류 63 — 금융업 아님
네이버랩스 주식회사,네이버(주),100.0,금융업 아님,63,네이버랩스 주식회사,표준산업분류 63 — 금융업 아님
네이버아이앤에스 주식회사,네이버(주),100.0,금융업 아님,7599,네이버아이앤에스 주식회사,표준산업분류 7599 — 금융업 아님
(주)한샘서비스,(주)한샘,100.0,금융업 아님,72111,(주)한샘서비스,표준산업분류 72111 — 금융업 아님
(주)한샘넥서스,(주)한샘,100.0,금융업 아님,32021,(주)한샘넥서스,표준산업분류 32021 — 금융업 아님
(주)에이커스,(주)에스제이엠홀딩스,100.0,금융업 아님,30,(주)에이커스,표준산업분류 30 — 금융업 아님
유노비아(주),일동제약(주),100.0,금융업 아님,73909,유노비아(주),표준산업분류 73909 — 금융업 아님
㈜메타에스앤씨,(주)메타랩스,100.0,금융업 아님,71531,㈜메타에스앤씨,표준산업분류 71531 — 금융업 아님
(주)현대드림투어,(주)현대지에프홀딩스,100.0,금융업 아님,75210,(주)현대드림투어,표준산업분류 75210 — 금융업 아님
(주)씨엔에스 푸드시스템,(주)현대지에프홀딩스,100.0,금융업 아님,10211,"(주)씨엔에스
푸드시스템",표준산업분류 10211 — 금융업 아님
㈜한화갤러리아타임월드,한화갤러리아(주),100.0,금융업 아님,47111,㈜한화갤러리아타임월드,표준산업분류 47111 — 금융업 아님
㈜에프지코리아,한화갤러리아(주),100.0,금융업 아님,56161,㈜에프지코리아,표준산업분류 56161 — 금융업 아님
㈜비노갤러리아,한화갤러리아(주),100.0,금융업 아님,46331,㈜비노갤러리아,표준산업분류 46331 — 금융업 아님
퓨어플러스㈜,한화갤러리아(주),100.0,금융업 아님,11209,퓨어플러스㈜,표준산업분류 11209 — 금융업 아님
㈜베러스쿱크리머리,한화갤러리아(주),100.0,금융업 아님,10422,㈜베러스쿱크리머리,표준산업분류 10422 — 금융업 아님
(주)진로소주,하이트진로홀딩스(주),100.0,금융업 아님,11122,(주)진로소주,표준산업분류 11122 — 금융업 아님
(주)티엔엔,(주)에스제이엠홀딩스,100.0,금융업 아님,46800,(주)티엔엔,표준산업분류 46800 — 금융업 아님
후성글로벌(주),(주)후성,100.0,금융업 아님,71531,후성글로벌(주),표준산업분류 71531 — 금융업 아님
제주햇빛 발전소,주식회사 신성이엔지,100.0,금융 키워드 없음,,제주햇빛 발전소,코드 없음·금융 키워드 없음 — 비금융 추정 (검토 파일 확인)
소주신성 초정화계통,주식회사 신성이엔지,100.0,금융 키워드 없음,,소주신성 초정화계통,코드 없음·금융 키워드 없음 — 비금융 추정 (검토 파일 확인)
신성이엔지헝가리,주식회사 신성이엔지,100.0,금융 키워드 없음,,신성이엔지헝가리,코드 없음·금융 키워드 없음 — 비금융 추정 (검토 파일 확인)
신성이엔지 말레이시아,주식회사 신성이엔지,100.0,금융 키워드 없음,,신성이엔지 말레이시아,코드 없음·금융 키워드 없음 — 비금융 추정 (검토 파일 확인)
신성이엔지 스페인,주식회사 신성이엔지,100.0,금융 키워드 없음,,신성이엔지 스페인,코드 없음·금융 키워드 없음 — 비금융 추정 (검토 파일 확인)
(유)문경가온 태양광발전,가온전선(주),100.0,금융업 아님,35114,"(유)문경가온
태양광발전",표준산업분류 35114 — 금융업 아님
㈜지앤피,가온전선(주),100.0,금융업 아님,28301,㈜지앤피,표준산업분류 28301 — 금융업 아님
㈜모보,가온전선(주),100.0,금융업 아님,28302,㈜모보,표준산업분류 28302 — 금융업 아님
이지전선㈜,가온전선(주),100.0,금융업 아님,28302,이지전선㈜,표준산업분류 28302 — 금융업 아님
(주)이송,삼성공조(주),100.0,금융업 아님,30,(주)이송,표준산업분류 30 — 금융업 아님
주식회사 오디언소리,네이버(주),100.0,금융업 아님,58,주식회사 오디언소리,표준산업분류 58 — 금융업 아님
네이버클라우드 주식회사,네이버(주),100.0,금융업 아님,6312,네이버클라우드 주식회사,표준산업분류 6312 — 금융업 아님
주식회사 엔비전스,네이버(주),100.0,금융업 아님,90,주식회사 엔비전스,표준산업분류 90 — 금융업 아님
(유)전주가온 태양광발전,가온전선(주),100.0,금융업 아님,35114,"(유)전주가온
태양광발전",표준산업분류 35114 — 금융업 아님
(주)현대디에프,(주)현대백화점,100.0,금융업 아님,4713,(주)현대디에프,표준산업분류 4713 — 금융업 아님
(주)더현대광주,(주)현대백화점,100.0,금융업 아님,47111,(주)더현대광주,표준산업분류 47111 — 금융업 아님
동화청과(주),신라교역(주),100.0,금융업 아님,4631,동화청과(주),표준산업분류 4631 — 금융업 아님
(주)넌럭셔리어스컴퍼니,신라교역(주),100.0,금융업 아님,56123,(주)넌럭셔리어스컴퍼니,표준산업분류 56123 — 금융업 아님
㈜리치골드디벨롭먼트,(주)비에이치,100.0,금융 키워드 없음,,㈜리치골드디벨롭먼트,코드 없음·금융 키워드 없음 — 비금융 추정 (검토 파일 확인)
대성청정에너지(주),대성홀딩스(주),100.0,금융업 아님,35200,대성청정에너지(주),표준산업분류 35200 — 금융업 아님
대성글로벌네트웍(주),대성홀딩스(주),100.0,금융업 아님,75991,대성글로벌네트웍(주),표준산업분류 75991 — 금융업 아님
대성이앤씨(주),대성홀딩스(주),100.0,금융업 아님,41225,대성이앤씨(주),표준산업분류 41225 — 금융업 아님
HDC스포츠,에이치디씨(주),100.0,금융 키워드 없음,,HDC스포츠,코드 없음·금융 키워드 없음 — 비금융 추정 (검토 파일 확인)
(주)어뮤즈코리아,(주)신세계인터내셔날,100.0,금융업 아님,2042,(주)어뮤즈코리아,표준산업분류 2042 — 금융업 아님
엔알랩㈜,(주)대덕,100.0,금융업 아님,2629,엔알랩㈜,표준산업분류 2629 — 금융업 아님
삼양이노켐,(주)삼양홀딩스,100.0,금융업 아님,20119,삼양이노켐,표준산업분류 20119 — 금융업 아님
삼양데이타시스템,(주)삼양홀딩스,100.0,금융업 아님,62021,삼양데이타시스템,표준산업분류 62021 — 금융업 아님
삼양에프앤비,(주)삼양홀딩스,100.0,금융업 아님,56123,삼양에프앤비,표준산업분류 56123 — 금융업 아님
한일E&C㈜,한일시멘트(주),100.0,금융 키워드 없음,,한일E&C㈜(비상장)(*2),코드 없음·금융 키워드 없음 — 비금융 추정 (검토 파일 확인)
목포신항만운영㈜,에이치엘디앤아이한라(주),100.0,금융업 아님,5011,목포신항만운영㈜,표준산업분류 5011 — 금융업 아님
에이치엘로지스앤코㈜,에이치엘디앤아이한라(주),100.0,금융업 아님,68129,에이치엘로지스앤코㈜,표준산업분류 68129 — 금융업 아님
에이치엘에코텍㈜,에이치엘디앤아이한라(주),100.0,금융업 아님,74100,에이치엘에코텍㈜,표준산업분류 74100 — 금융업 아님
배곧신도시지역특성화타운㈜,에이치엘디앤아이한라(주),100.0,금융업 아님,68,배곧신도시지역특성화타운㈜,표준산업분류 68 — 금융업 아님
태영동부환경 주식회사,(주)태영건설,100.0,금융업 아님,41224,태영동부환경 주식회사,표준산업분류 41224 — 금융업 아님
SK텔링크㈜,SK텔레콤(주),100.0,금융업 아님,61210,SK텔링크㈜,표준산업분류 61210 — 금융업 아님
행복한울,SK텔레콤(주),100.0,금융업 아님,75991,행복한울,표준산업분류 75991 — 금융업 아님
에스케이스토아,SK텔레콤(주),100.0,금융업 아님,47919,에스케이스토아,표준산업분류 47919 — 금융업 아님
피에스앤마케팅㈜,SK텔레콤(주),100.0,금융업 아님,47,피에스앤마케팅㈜,표준산업분류 47 — 금융업 아님
서비스에이스㈜,SK텔레콤(주),100.0,금융업 아님,75991,서비스에이스㈜,표준산업분류 75991 — 금융업 아님
서비스탑㈜,SK텔레콤(주),100.0,금융업 아님,75991,서비스탑㈜,표준산업분류 75991 — 금융업 아님
SK오앤에스㈜,SK텔레콤(주),100.0,금융업 아님,74100,SK오앤에스㈜,표준산업분류 74100 — 금융업 아님
(주)서연씨엔에프,(주)서연,100.0,금융업 아님,2225,(주)서연씨엔에프(*1),표준산업분류 2225 — 금융업 아님
(주)나우종합건설,(주)서연,100.0,금융업 아님,41112,(주)나우종합건설,표준산업분류 41112 — 금융업 아님
㈜디케이씨,가온전선(주),100.0,금융업 아님,28302,㈜디케이씨,표준산업분류 28302 — 금융업 아님
㈜지앤피우드,가온전선(주),100.0,금융업 아님,1623,㈜지앤피우드,표준산업분류 1623 — 금융업 아님
㈜에이피알커뮤니케이션즈,(주)에이피알,100.0,금융 키워드 없음,,㈜에이피알커뮤니케이션즈,코드 없음·금융 키워드 없음 — 비금융 추정 (검토 파일 확인)
태경에코(주),태경산업(주),100.0,금융업 아님,21100,태경에코(주),표준산업분류 21100 — 금융업 아님
현대알루미늄(주),(주)알루코,100.0,금융업 아님,29293,현대알루미늄(주),표준산업분류 29293 — 금융업 아님
진도산월태양광발전㈜,SK이터닉스(주),100.0,금융업 아님,3511,진도산월태양광발전㈜,표준산업분류 3511 — 금융업 아님
에스케이하이이엔지㈜,에스케이하이닉스(주),100.0,금융업 아님,72129,에스케이하이이엔지㈜,표준산업분류 72129 — 금융업 아님
에스케이하이스텍㈜,에스케이하이닉스(주),100.0,금융업 아님,74,에스케이하이스텍㈜,표준산업분류 74 — 금융업 아님
행복모아㈜,에스케이하이닉스(주),100.0,금융업 아님,14199,행복모아㈜,표준산업분류 14199 — 금융업 아님
행복나래㈜,에스케이하이닉스(주),100.0,금융업 아님,4791,행복나래㈜,표준산업분류 4791 — 금융업 아님
에스케이키파운드리㈜,에스케이하이닉스(주),100.0,금융업 아님,26112,에스케이키파운드리㈜,표준산업분류 26112 — 금융업 아님
에스케이하이닉스시스템아이씨㈜,에스케이하이닉스(주),100.0,금융업 아님,7390,에스케이하이닉스시스템아이씨㈜,표준산업분류 7390 — 금융업 아님
(주)현대캐터링시스템,주식회사 현대그린푸드,100.0,금융업 아님,7512,(주)현대캐터링시스템,표준산업분류 7512 — 금융업 아님
(주)비노에이치,주식회사 현대그린푸드,100.0,금융업 아님,47231,(주)비노에이치,표준산업분류 47231 — 금융업 아님
(주)세아베스틸,(주)세아베스틸지주,100.0,금융업 아님,24119,(주)세아베스틸,표준산업분류 24119 — 금융업 아님
(주)세아창원특수강,(주)세아베스틸지주,100.0,금융업 아님,24123,(주)세아창원특수강,표준산업분류 24123 — 금융업 아님
(주)세아항공방산소재,(주)세아베스틸지주,100.0,금융업 아님,24212,(주)세아항공방산소재,표준산업분류 24212 — 금융업 아님
주식회사 심원테크,명신산업(주),100.0,금융업 아님,30320,주식회사 심원테크,표준산업분류 30320 — 금융업 아님
(주)신한알파강남위탁관리부동산투지회사,(주)신한알파위탁관리부동산투자회사,100.0,금융 키워드 없음,,(주)신한알파강남위탁관리부동산투지회사,코드 없음·금융 키워드 없음 — 비금융 추정 (검토 파일 확인)
㈜시알아이,주식회사 시알홀딩스,100.0,금융 키워드 없음,,㈜시알아이,코드 없음·금융 키워드 없음 — 비금융 추정 (검토 파일 확인)
(주)오설록,(주)아모레퍼시픽홀딩스,100.0,금융업 아님,4721,(주)오설록,표준산업분류 4721 — 금융업 아님
(주)퍼시픽테크,(주)아모레퍼시픽홀딩스,100.0,금융업 아님,28519,(주)퍼시픽테크,표준산업분류 28519 — 금융업 아님
(주)디씨알이,오씨아이홀딩스 주식회사,100.0,금융업 아님,68121,(주)디씨알이,표준산업분류 68121 — 금융업 아님
OCI 스페셜티(주),오씨아이홀딩스 주식회사,100.0,금융업 아님,28111,OCI 스페셜티(주)(*3),표준산업분류 28111 — 금융업 아님
OCI정보통신(주),오씨아이홀딩스 주식회사,100.0,금융업 아님,62090,OCI정보통신(주),표준산업분류 62090 — 금융업 아님
OCI SE(주),오씨아이홀딩스 주식회사,100.0,금융업 아님,351,OCI SE(주),표준산업분류 351 — 금융업 아님
OCI 파워(주),오씨아이홀딩스 주식회사,100.0,금융 키워드 없음,,OCI 파워(주),코드 없음·금융 키워드 없음 — 비금융 추정 (검토 파일 확인)
㈜태영디앤아이,(주)태영건설,100.0,금융업 아님,68121,㈜태영디앤아이,표준산업분류 68121 — 금융업 아님
천안에코파크㈜,(주)태영건설,100.0,금융업 아님,3900,천안에코파크㈜,표준산업분류 3900 — 금융업 아님
주식회사 인제스피디움,(주)태영건설,100.0,금융업 아님,91113,주식회사 인제스피디움,표준산업분류 91113 — 금융업 아님
대동산업단지 주식회사,(주)태영건설,100.0,금융업 아님,68212,대동산업단지 주식회사,표준산업분류 68212 — 금융업 아님
대구남부에이엠씨(주),(주)태영건설,100.0,금융업 아님,74100,대구남부에이엠씨(주),표준산업분류 74100 — 금융업 아님
㈜태영유니시티,(주)태영건설,100.0,금융업 아님,68129,㈜태영유니시티,표준산업분류 68129 — 금융업 아님
(주)에이피알팩토리,(주)에이피알,100.0,금융업 아님,28519,(주)에이피알팩토리,표준산업분류 28519 — 금융업 아님
㈜조선내화이엔지,주식회사 시알홀딩스,100.0,금융업 아님,42,㈜조선내화이엔지,표준산업분류 42 — 금융업 아님
삼한산업㈜,삼영무역(주),100.0,금융 키워드 없음,,삼한산업㈜,코드 없음·금융 키워드 없음 — 비금융 추정 (검토 파일 확인)
㈜에스와이티에탄올,삼영무역(주),100.0,금융 키워드 없음,,㈜에스와이티에탄올,코드 없음·금융 키워드 없음 — 비금융 추정 (검토 파일 확인)
㈜삼명정밀,삼영무역(주),100.0,금융업 아님,2612,㈜삼명정밀,표준산업분류 2612 — 금융업 아님
㈜칼호텔네트워크,(주)한진칼,100.0,금융 키워드 없음,,㈜칼호텔네트워크,코드 없음·금융 키워드 없음 — 비금융 추정 (검토 파일 확인)
㈜한진관광,(주)한진칼,100.0,금융업 아님,75210,㈜한진관광,표준산업분류 75210 — 금융업 아님
프레스티지바이오파마 아이디씨 주식회사,프레스티지바이오파마,100.0,금융업 아님,70113,"프레스티지바이오파마
아이디씨 주식회사",표준산업분류 70113 — 금융업 아님
(주)신우,삼화왕관(주),100.0,금융업 아님,30399,(주)신우,표준산업분류 30399 — 금융업 아님
빅히트뮤직,(주)하이브,100.0,금융업 아님,73901,빅히트뮤직,표준산업분류 73901 — 금융업 아님
한솔PNS,한솔홀딩스(주),100.0,금융 키워드 없음,,한솔PNS,코드 없음·금융 키워드 없음 — 비금융 추정 (검토 파일 확인)
한솔페이퍼텍,한솔홀딩스(주),100.0,금융업 아님,17105,한솔페이퍼텍,표준산업분류 17105 — 금융업 아님
㈜휘찬,SK(주),100.0,금융업 아님,55103,㈜휘찬,표준산업분류 55103 — 금융업 아님
SK임업㈜,SK(주),100.0,금융업 아님,02011,SK임업㈜,표준산업분류 02011 — 금융업 아님
JW메디칼,JW홀딩스(주),100.0,금융 키워드 없음,,"JW메디칼
(비상장)",코드 없음·금융 키워드 없음 — 비금융 추정 (검토 파일 확인)
JW생활건강,JW홀딩스(주),100.0,금융 키워드 없음,,"JW생활건강
(비상장)",코드 없음·금융 키워드 없음 — 비금융 추정 (검토 파일 확인)
행복두드리미(주),효성아이티엑스(주),100.0,금융업 아님,75,행복두드리미(주),표준산업분류 75 — 금융업 아님
대용무역㈜,호전실업 주식회사,100.0,금융업 아님,46742,대용무역㈜,표준산업분류 46742 — 금융업 아님
에이치그린파워,현대모비스(주),100.0,금융업 아님,28202,에이치그린파워,표준산업분류 28202 — 금융업 아님
모트라스,현대모비스(주),100.0,금융업 아님,3032,모트라스,표준산업분류 3032 — 금융업 아님
유니투스,현대모비스(주),100.0,금융업 아님,30310,유니투스,표준산업분류 30310 — 금융업 아님
모아빛,현대모비스(주),100.0,금융업 아님,95213,모아빛,표준산업분류 95213 — 금융업 아님
㈜포스코모빌리티솔루션,(주)포스코인터내셔널,100.0,금융업 아님,30331,㈜포스코모빌리티솔루션,표준산업분류 30331 — 금융업 아님
㈜탄천이앤이,(주)포스코인터내셔널,100.0,금융업 아님,741,㈜탄천이앤이,표준산업분류 741 — 금융업 아님
한국퓨얼셀㈜,(주)포스코인터내셔널,100.0,금융업 아님,28111,한국퓨얼셀㈜,표준산업분류 28111 — 금융업 아님
루미나마스크㈜,SKC(주),100.0,금융업 아님,2629,루미나마스크㈜ (*3),표준산업분류 2629 — 금융업 아님
㈜유니기획,일동홀딩스(주),100.0,금융업 아님,71310,㈜유니기획,표준산업분류 71310 — 금융업 아님
상신금속,세방전지(주),100.0,금융업 아님,24229,상신금속,표준산업분류 24229 — 금융업 아님
신풍USA,신풍제약(주),100.0,금융 키워드 없음,,신풍USA,코드 없음·금융 키워드 없음 — 비금융 추정 (검토 파일 확인)
(주)에뛰드,(주)아모레퍼시픽홀딩스,100.0,금융업 아님,46443,(주)에뛰드,표준산업분류 46443 — 금융업 아님
(주)아모스프로페셔널,(주)아모레퍼시픽홀딩스,100.0,금융업 아님,46443,(주)아모스프로페셔널,표준산업분류 46443 — 금융업 아님
(주)에스쁘아,(주)아모레퍼시픽홀딩스,100.0,금융업 아님,46443,(주)에스쁘아,표준산업분류 46443 — 금융업 아님
화인로㈜,주식회사 시알홀딩스,100.0,금융 키워드 없음,,화인로㈜,코드 없음·금융 키워드 없음 — 비금융 추정 (검토 파일 확인)
아시아나에어포트㈜,아시아나항공(주),100.0,금융업 아님,52939,아시아나에어포트㈜,표준산업분류 52939 — 금융업 아님
에어서울㈜,아시아나항공(주),100.0,금융업 아님,51,에어서울㈜,표준산업분류 51 — 금융업 아님
명문바이오(주),명문제약(주),100.0,금융업 아님,21100,명문바이오(주),표준산업분류 21100 — 금융업 아님
한국수력원자력(주),한국전력공사(주),100.0,금융업 아님,3511,한국수력원자력(주),표준산업분류 3511 — 금융업 아님
한전KDN(주),한국전력공사(주),100.0,금융업 아님,42,한전KDN(주),표준산업분류 42 — 금융업 아님
한국남동발전(주),한국전력공사(주),100.0,금융업 아님,3511,한국남동발전(주),표준산업분류 3511 — 금융업 아님
㈜항공종합서비스,(주)대한항공,100.0,금융업 아님,7512,㈜항공종합서비스,표준산업분류 7512 — 금융업 아님
아이에이티㈜,(주)대한항공,100.0,금융업 아님,31321,아이에이티㈜,표준산업분류 31321 — 금융업 아님
㈜왕산레저개발,(주)대한항공,100.0,금융업 아님,91,㈜왕산레저개발,표준산업분류 91 — 금융업 아님
(주)한국알미늄,(주)까뮤이앤씨,100.0,금융업 아님,24222,(주)한국알미늄,표준산업분류 24222 — 금융업 아님
(주)모두락 애경산업,애경산업(주),100.0,금융업 아님,56229,(주)모두락 애경산업,표준산업분류 56229 — 금융업 아님
(주)에이제이피,애경산업(주),100.0,금융업 아님,759,(주)에이제이피,표준산업분류 759 — 금융업 아님
(주)원씽,애경산업(주),100.0,금융업 아님,2042,(주)원씽(주1),표준산업분류 2042 — 금융업 아님
(주)에이텍세종,애경산업(주),100.0,금융업 아님,22232,(주)에이텍세종(주2),표준산업분류 22232 — 금융업 아님
에스케이넥실리스㈜,SKC(주),100.0,금융업 아님,2629,에스케이넥실리스㈜,표준산업분류 2629 — 금융업 아님
㈜빌리프랩,(주)하이브,100.0,금융업 아님,59201,㈜빌리프랩,표준산업분류 59201 — 금융업 아님
케이웨이프라퍼티 주식회사,(주)대한항공,100.0,금융업 아님,74100,케이웨이프라퍼티 주식회사,표준산업분류 74100 — 금융업 아님
한국중부발전(주),한국전력공사(주),100.0,금융업 아님,3511,한국중부발전(주),표준산업분류 3511 — 금융업 아님
한전MCS(주),한국전력공사(주),100.0,금융 키워드 없음,,한전MCS(주),코드 없음·금융 키워드 없음 — 비금융 추정 (검토 파일 확인)
한전FMS(주),한국전력공사(주),100.0,금융 키워드 없음,,한전FMS(주),코드 없음·금융 키워드 없음 — 비금융 추정 (검토 파일 확인)
한전CSC(주),한국전력공사(주),100.0,금융 키워드 없음,,한전CSC(주),코드 없음·금융 키워드 없음 — 비금융 추정 (검토 파일 확인)
한국서부발전(주),한국전력공사(주),100.0,금융업 아님,3511,한국서부발전(주),표준산업분류 3511 — 금융업 아님
한국남부발전(주),한국전력공사(주),100.0,금융업 아님,3511,한국남부발전(주),표준산업분류 3511 — 금융업 아님
한국동서발전(주),한국전력공사(주),100.0,금융업 아님,3511,한국동서발전(주),표준산업분류 3511 — 금융업 아님
(주)세아씨엠,(주)세아제강지주,100.0,금융업 아님,24191,(주)세아씨엠,표준산업분류 24191 — 금융업 아님
(주)세아스틸인터내셔날,(주)세아제강지주,100.0,지주회사,64992,(주)세아스틸인터내셔날,지주회사(64992) — 사업 자회사를 묶는 중간지주·기금
(주)라젤로,(주)형지엘리트,100.0,금융 키워드 없음,,(주)라젤로,코드 없음·금융 키워드 없음 — 비금융 추정 (검토 파일 확인)
JW케미타운,제이더블유생명과학(주),100.0,금융 키워드 없음,,JW케미타운,코드 없음·금융 키워드 없음 — 비금융 추정 (검토 파일 확인)
JW바이오사이언스,제이더블유생명과학(주),100.0,금융 키워드 없음,,JW바이오사이언스,코드 없음·금융 키워드 없음 — 비금융 추정 (검토 파일 확인)
지케이엘위드(주),그랜드코리아레저(주),100.0,금융업 아님,75122,지케이엘위드(주),표준산업분류 75122 — 금융업 아님
신도에이스,(주)신도리코,100.0,금융업 아님,46591,신도에이스,표준산업분류 46591 — 금융업 아님
신도디엑스,(주)신도리코,100.0,금융업 아님,46591,신도디엑스,표준산업분류 46591 — 금융업 아님
K-RICHEVILE(케이리슈빌),계룡건설산업(주),100.0,금융 키워드 없음,,K-RICHEVILE(케이리슈빌),코드 없음·금융 키워드 없음 — 비금융 추정 (검토 파일 확인)
SGC디벨롭먼트(주),SGC에너지(주),100.0,금융 키워드 없음,,SGC디벨롭먼트(주),코드 없음·금융 키워드 없음 — 비금융 추정 (검토 파일 확인)
SGC솔루션(주),SGC에너지(주),100.0,금융업 아님,23192,SGC솔루션(주),표준산업분류 23192 — 금융업 아님
제이와이중공업 주식회사,씨에스윈드(주),100.0,금융업 아님,31114,제이와이중공업 주식회사,표준산업분류 31114 — 금융업 아님
(주)바운스,아이에스동서(주),100.0,금융업 아님,91299,(주)바운스,표준산업분류 91299 — 금융업 아님
환경에너지솔루션(주),아이에스동서(주),100.0,금융업 아님,38210,환경에너지솔루션(주),표준산업분류 38210 — 금융업 아님
㈜TCC개발,(주)TCC스틸,100.0,금융 키워드 없음,,㈜TCC개발,코드 없음·금융 키워드 없음 — 비금융 추정 (검토 파일 확인)
㈜TCC강판,(주)TCC스틸,100.0,금융 키워드 없음,,㈜TCC강판,코드 없음·금융 키워드 없음 — 비금융 추정 (검토 파일 확인)
(주)동일씨앤이,디아이동일(주),100.0,금융업 아님,29175,(주)동일씨앤이,표준산업분류 29175 — 금융업 아님
(주)디아이비즈,디아이동일(주),100.0,금융업 아님,47,(주)디아이비즈,표준산업분류 47 — 금융업 아님
디아이시스템(주),디아이동일(주),100.0,금융업 아님,29172,디아이시스템(주),표준산업분류 29172 — 금융업 아님
DIB-이집트,디아이동일(주),100.0,금융 키워드 없음,,DIB-이집트,코드 없음·금융 키워드 없음 — 비금융 추정 (검토 파일 확인)
동일알루미늄-인디아,디아이동일(주),100.0,금융 키워드 없음,,동일알루미늄-인디아,코드 없음·금융 키워드 없음 — 비금융 추정 (검토 파일 확인)
㈜싸이버스카이,(주)대한항공,100.0,금융업 아님,47911,㈜싸이버스카이,표준산업분류 47911 — 금융업 아님
케이에비에이션 주식회사,(주)대한항공,100.0,금융업 아님,51100,케이에비에이션 주식회사,표준산업분류 51100 — 금융업 아님
에이씨앤티시스템,엘에스일렉트릭 주식회사,100.0,금융업 아님,26410,에이씨앤티시스템,표준산업분류 26410 — 금융업 아님
칼라앤터치주식회사,한세실업(주),100.0,금융업 아님,13211,칼라앤터치주식회사,표준산업분류 13211 — 금융업 아님
㈜엠비케이코퍼레이션,(주)LS네트웍스,100.0,금융업 아님,46413,"㈜엠비케이코퍼레이션
 (비상장)",표준산업분류 46413 — 금융업 아님
㈜베스트토요타,(주)LS네트웍스,100.0,금융업 아님,45110,"㈜베스트토요타
 (비상장)",표준산업분류 45110 — 금융업 아님
(주)케이제이모터라드,(주)LS네트웍스,100.0,금융업 아님,45,"(주)케이제이모터라드
 (비상장)",표준산업분류 45 — 금융업 아님
㈜흥업,(주)LS네트웍스,100.0,금융업 아님,74100,"㈜흥업
 (비상장)",표준산업분류 74100 — 금융업 아님
(주)아이엔스틸인더스트리,(주)대창,100.0,금융업 아님,24122,(주)아이엔스틸인더스트리,표준산업분류 24122 — 금융업 아님
아이에스해운(주),아이에스동서(주),100.0,금융업 아님,501,아이에스해운(주),표준산업분류 501 — 금융업 아님
아이에스에코솔루션(주),아이에스동서(주),100.0,금융업 아님,20129,아이에스에코솔루션(주),표준산업분류 20129 — 금융업 아님
욕지도해상풍력(주),아이에스동서(주),100.0,금융업 아님,35119,욕지도해상풍력(주),표준산업분류 35119 — 금융업 아님
중앙레미콘(주),아이에스동서(주),100.0,금융업 아님,23322,중앙레미콘(주),표준산업분류 23322 — 금융업 아님
(주)삼정이알케이,아이에스동서(주),100.0,금융업 아님,72122,(주)삼정이알케이,표준산업분류 72122 — 금융업 아님
(주)부산블루코스트,아이에스동서(주),100.0,금융업 아님,52999,(주)부산블루코스트,표준산업분류 52999 — 금융업 아님
(주)서현관리,아이에스동서(주),100.0,금융업 아님,68212,(주)서현관리,표준산업분류 68212 — 금융업 아님
TEH*FASON(째흐파손),계룡건설산업(주),100.0,금융 키워드 없음,,TEH*FASON(째흐파손),코드 없음·금융 키워드 없음 — 비금융 추정 (검토 파일 확인)
케이알스포츠㈜,계룡건설산업(주),100.0,금융업 아님,91121,케이알스포츠㈜,표준산업분류 91121 — 금융업 아님
(주)충북소주,롯데칠성음료(주),100.0,금융업 아님,11,(주)충북소주,표준산업분류 11 — 금융업 아님
산청음료(주),롯데칠성음료(주),100.0,금융업 아님,11202,산청음료(주)(주3),표준산업분류 11202 — 금융업 아님
㈜씨에스리더,(주)LG유플러스,100.0,금융업 아님,75991,㈜씨에스리더,표준산업분류 75991 — 금융업 아님
㈜위드유,(주)LG유플러스,100.0,금융업 아님,75999,㈜위드유,표준산업분류 75999 — 금융업 아님
㈜아인텔레서비스,(주)LG유플러스,100.0,금융업 아님,75991,㈜아인텔레서비스,표준산업분류 75991 — 금융업 아님
㈜유플러스홈서비스,(주)LG유플러스,100.0,금융업 아님,4232,㈜유플러스홈서비스,표준산업분류 4232 — 금융업 아님
㈜씨에스원파트너,(주)LG유플러스,100.0,금융업 아님,75991,㈜씨에스원파트너,표준산업분류 75991 — 금융업 아님
보스포러스인베스트먼트㈜,씨제이씨지브이(주),100.0,금융업 아님,59141,보스포러스인베스트먼트㈜,표준산업분류 59141 — 금융업 아님
씨에스에너지 주식회사,씨에스윈드(주),100.0,금융업 아님,35119,씨에스에너지 주식회사,표준산업분류 35119 — 금융업 아님
(주)알피티코리아,(주)주성코퍼레이션,100.0,금융 키워드 없음,,(주)알피티코리아,코드 없음·금융 키워드 없음 — 비금융 추정 (검토 파일 확인)
(주)컨버즈네트웍스,(주)주성코퍼레이션,100.0,금융 키워드 없음,,(주)컨버즈네트웍스,코드 없음·금융 키워드 없음 — 비금융 추정 (검토 파일 확인)
LS메탈㈜,엘에스일렉트릭 주식회사,100.0,금융업 아님,259,LS메탈㈜(*5),표준산업분류 259 — 금융업 아님
엘에스이모빌리티솔루션㈜,엘에스일렉트릭 주식회사,100.0,금융업 아님,28121,엘에스이모빌리티솔루션㈜(*5),표준산업분류 28121 — 금융업 아님
엘에스영종스카이솔라㈜,엘에스일렉트릭 주식회사,100.0,금융업 아님,35114,엘에스영종스카이솔라㈜,표준산업분류 35114 — 금융업 아님
LS메카피온㈜,엘에스일렉트릭 주식회사,100.0,금융업 아님,28111,LS메카피온㈜(*5),표준산업분류 28111 — 금융업 아님
(주)제스코이지,엘에스일렉트릭 주식회사,100.0,금융업 아님,38321,(주)제스코이지(*10),표준산업분류 38321 — 금융업 아님
이앤씨인프라(주),씨제이대한통운(주),100.0,금융업 아님,68119,이앤씨인프라(주),표준산업분류 68119 — 금융업 아님
(주)대우에스티,(주)대우건설,100.0,금융업 아님,42131,(주)대우에스티,표준산업분류 42131 — 금융업 아님
(주)세중이엔씨,(주)대우건설,100.0,금융업 아님,68129,(주)세중이엔씨,표준산업분류 68129 — 금융업 아님
지더블유아이시(주),(주)대우건설,100.0,금융업 아님,6812,지더블유아이시(주),표준산업분류 6812 — 금융업 아님
대우송도호텔(주),(주)대우건설,100.0,금융업 아님,55101,대우송도호텔(주),표준산업분류 55101 — 금융업 아님
안산그린파워(주),(주)대우건설,100.0,금융업 아님,35119,안산그린파워(주),표준산업분류 35119 — 금융업 아님
케이잼㈜,고려아연(주),100.0,금융업 아님,24221,케이잼㈜,표준산업분류 24221 — 금융업 아님
케이지엑스,고려아연(주),100.0,금융업 아님,42600,케이지엑스,표준산업분류 42600 — 금융업 아님
케이지그린텍,고려아연(주),100.0,금융업 아님,35,케이지그린텍,표준산업분류 35 — 금융업 아님
스틸싸이클,고려아연(주),100.0,금융업 아님,24213,스틸싸이클,표준산업분류 24213 — 금융업 아님
㈜화승디지털,화승인더스트리(주),100.0,금융 키워드 없음,,㈜화승디지털,코드 없음·금융 키워드 없음 — 비금융 추정 (검토 파일 확인)
㈜화승케미칼,화승인더스트리(주),100.0,금융업 아님,22212,㈜화승케미칼,표준산업분류 22212 — 금융업 아님
에이치에스소싱 주식회사,한세실업(주),100.0,금융업 아님,14192,에이치에스소싱 주식회사,표준산업분류 14192 — 금융업 아님
그린위드(주),롯데칠성음료(주),100.0,금융업 아님,74100,그린위드(주),표준산업분류 74100 — 금융업 아님
씨에이치음료(주),롯데칠성음료(주),100.0,금융업 아님,11202,씨에이치음료(주),표준산업분류 11202 — 금융업 아님
HD하이드로젠㈜,에이치디한국조선해양(주),100.0,금융업 아님,28111,HD하이드로젠㈜,표준산업분류 28111 — 금융업 아님
(주)노루케미칼,(주)노루홀딩스,100.0,금융업 아님,20411,(주)노루케미칼,표준산업분류 20411 — 금융업 아님
(주)기반테크,(주)노루홀딩스,100.0,금융업 아님,73909,(주)기반테크(주1),표준산업분류 73909 — 금융업 아님
(주)노루로지넷,(주)노루홀딩스,100.0,금융업 아님,52992,(주)노루로지넷,표준산업분류 52992 — 금융업 아님
(주)푸르웰,(주)대우건설,100.0,금융업 아님,56,(주)푸르웰,표준산업분류 56 — 금융업 아님
(주)스튜디오푸르지오,(주)대우건설,100.0,금융업 아님,59111,(주)스튜디오푸르지오,표준산업분류 59111 — 금융업 아님
태안솔라팜,효성중공업(주),100.0,금융업 아님,3511,태안솔라팜,표준산업분류 3511 — 금융업 아님
대웅바이오,(주)대웅,100.0,금융업 아님,21100,대웅바이오,표준산업분류 21100 — 금융업 아님
국도화인켐(주),국도화학(주),100.0,금융업 아님,20119,국도화인켐(주),표준산업분류 20119 — 금융업 아님
서교흥업(주),국도화학(주),100.0,금융업 아님,68112,서교흥업(주),표준산업분류 68112 — 금융업 아님
정도이앤피(주),국도화학(주),100.0,금융업 아님,20202,정도이앤피(주),표준산업분류 20202 — 금융업 아님
(주)국도인터내셔널,국도화학(주),100.0,금융 키워드 없음,,(주)국도인터내셔널,코드 없음·금융 키워드 없음 — 비금융 추정 (검토 파일 확인)
㈜화인테크,조선내화 주식회사,100.0,금융업 아님,21309,㈜화인테크,표준산업분류 21309 — 금융업 아님
한국복합물류(주),씨제이대한통운(주),100.0,금융업 아님,52913,한국복합물류(주),표준산업분류 52913 — 금융업 아님
(주)모나미코스메틱,(주)모나미,100.0,금융 키워드 없음,,"(주)모나미코스메틱
(비상장)",코드 없음·금융 키워드 없음 — 비금융 추정 (검토 파일 확인)
㈜와이에이치오토,(주)영흥,100.0,금융업 아님,25943,㈜와이에이치오토,표준산업분류 25943 — 금융업 아님
양산에덴밸리풍력발전㈜,코오롱글로벌(주),100.0,금융업 아님,35119,양산에덴밸리풍력발전㈜(*4),표준산업분류 35119 — 금융업 아님
경주운곡풍력발전㈜,코오롱글로벌(주),100.0,금융업 아님,35115,경주운곡풍력발전㈜(*5),표준산업분류 35115 — 금융업 아님
테크비전㈜,코오롱글로벌(주),100.0,금융 키워드 없음,,테크비전㈜,코드 없음·금융 키워드 없음 — 비금융 추정 (검토 파일 확인)
코오롱하우스비전㈜,코오롱글로벌(주),100.0,금융업 아님,6812,코오롱하우스비전㈜(*2),표준산업분류 6812 — 금융업 아님
삼척오두풍력발전㈜,코오롱글로벌(주),100.0,금융업 아님,3511,삼척오두풍력발전㈜,표준산업분류 3511 — 금융업 아님
대웅개발,(주)대웅,100.0,금융업 아님,681,대웅개발,표준산업분류 681 — 금융업 아님
한전기술서비스 주식회사,한국전력기술(주),100.0,금융업 아님,74100,"한전기술서비스
주식회사",표준산업분류 74100 — 금융업 아님
평화기공(주),평화홀딩스(주),100.0,금융업 아님,2922,평화기공(주),표준산업분류 2922 — 금융업 아님
㈜케이앤웍스,(주)카카오,100.0,금융업 아님,63120,㈜케이앤웍스,표준산업분류 63120 — 금융업 아님
㈜에이엑스지,(주)카카오,100.0,금융 키워드 없음,,㈜에이엑스지 (주4),코드 없음·금융 키워드 없음 — 비금융 추정 (검토 파일 확인)
리베토 코리아㈜,코오롱글로벌(주),100.0,금융업 아님,68111,리베토 코리아㈜,표준산업분류 68111 — 금융업 아님
하사미㈜,코오롱글로벌(주),100.0,금융업 아님,7212,하사미㈜(*3),표준산업분류 7212 — 금융업 아님
㈜HD현대스포츠,에이치디한국조선해양(주),100.0,금융업 아님,91191,㈜HD현대스포츠,표준산업분류 91191 — 금융업 아님
씨마크서비스㈜,에이치디한국조선해양(주),100.0,금융업 아님,75122,씨마크서비스㈜,표준산업분류 75122 — 금융업 아님
DRB유니온벨티노(주),동일고무벨트(주),100.0,금융 키워드 없음,,DRB유니온벨티노(주),코드 없음·금융 키워드 없음 — 비금융 추정 (검토 파일 확인)
(주)비에이치앤바이오,교촌에프앤비(주),100.0,금융업 아님,10832,(주)비에이치앤바이오,표준산업분류 10832 — 금융업 아님
(주)계림물산,교촌에프앤비(주),100.0,금융업 아님,1012,(주)계림물산,표준산업분류 1012 — 금융업 아님
(주)케이앤피푸드,교촌에프앤비(주),100.0,금융업 아님,10302,(주)케이앤피푸드,표준산업분류 10302 — 금융업 아님
나투라페이퍼(주),페이퍼코리아(주),100.0,금융업 아님,17102,나투라페이퍼(주),표준산업분류 17102 — 금융업 아님
(주)디오션시티퍼스트,페이퍼코리아(주),100.0,금융업 아님,68121,(주)디오션시티퍼스트,표준산업분류 68121 — 금융업 아님
(주)디오션시티투,페이퍼코리아(주),100.0,금융업 아님,68121,(주)디오션시티투,표준산업분류 68121 — 금융업 아님
(주)디오션시티쓰리,페이퍼코리아(주),100.0,금융업 아님,68121,(주)디오션시티쓰리,표준산업분류 68121 — 금융업 아님
(주)디오션시티포,페이퍼코리아(주),100.0,금융업 아님,68,(주)디오션시티포,표준산업분류 68 — 금융업 아님
(주)디오션시티식스,페이퍼코리아(주),100.0,금융 키워드 없음,,(주)디오션시티식스,코드 없음·금융 키워드 없음 — 비금융 추정 (검토 파일 확인)
(주)노루코일코팅 (비상장사),(주)노루페인트,100.0,금융 키워드 없음,,(주)노루코일코팅 (비상장사),코드 없음·금융 키워드 없음 — 비금융 추정 (검토 파일 확인)
롯데용인씨케이 주식회사,롯데웰푸드(주),100.0,금융업 아님,10,롯데용인씨케이 주식회사,표준산업분류 10 — 금융업 아님
롯데평택씨케이 주식회사,롯데웰푸드(주),100.0,금융업 아님,10,롯데평택씨케이 주식회사,표준산업분류 10 — 금융업 아님
롯데부산씨케이 주식회사,롯데웰푸드(주),100.0,금융업 아님,1070,롯데부산씨케이 주식회사,표준산업분류 1070 — 금융업 아님
롯데광주씨케이 주식회사,롯데웰푸드(주),100.0,금융업 아님,10701,롯데광주씨케이 주식회사,표준산업분류 10701 — 금융업 아님
스위트위드㈜,롯데웰푸드(주),100.0,금융업 아님,10603,스위트위드㈜,표준산업분류 10603 — 금융업 아님
지역난방플러스(주),한국지역난방공사,100.0,금융업 아님,74100,지역난방플러스(주),표준산업분류 74100 — 금융업 아님
지역난방안전(주),한국지역난방공사,100.0,금융업 아님,75999,지역난방안전(주),표준산업분류 75999 — 금융업 아님
㈜파인랩,주식회사 에이플러스에셋어드바이저,100.0,금융 키워드 없음,,㈜파인랩,코드 없음·금융 키워드 없음 — 비금융 추정 (검토 파일 확인)
㈜신세계야구단,(주)이마트,100.0,금융업 아님,91191,㈜신세계야구단,표준산업분류 91191 — 금융업 아님
신세계건설㈜,(주)이마트,100.0,금융업 아님,4112,신세계건설㈜,표준산업분류 4112 — 금융업 아님
㈜신세계엘앤비,(주)이마트,100.0,금융업 아님,46331,㈜신세계엘앤비,표준산업분류 46331 — 금융업 아님
㈜신세계프라퍼티,(주)이마트,100.0,금융업 아님,6812,㈜신세계프라퍼티,표준산업분류 6812 — 금융업 아님
㈜이마트24,(주)이마트,100.0,금융업 아님,47122,㈜이마트24,표준산업분류 47122 — 금융업 아님
㈜디케이테크인,(주)카카오,100.0,금융업 아님,582,㈜디케이테크인,표준산업분류 582 — 금융업 아님
㈜카카오인베스트먼트,(주)카카오,100.0,금융업 아님,71531,㈜카카오인베스트먼트,표준산업분류 71531 — 금융업 아님
한세드림재팬(주),한세엠케이(주),100.0,금융 키워드 없음,,한세드림재팬(주),코드 없음·금융 키워드 없음 — 비금융 추정 (검토 파일 확인)
(주)다나아데이터,(주)대웅제약,100.0,금융 키워드 없음,,(주)다나아데이터,코드 없음·금융 키워드 없음 — 비금융 추정 (검토 파일 확인)
(주)대웅이엔지,(주)대웅제약,100.0,금융업 아님,74100,(주)대웅이엔지,표준산업분류 74100 — 금융업 아님
㈜파이넥스,롯데정밀화학(주),100.0,금융업 아님,2011,㈜파이넥스,표준산업분류 2011 — 금융업 아님
(주)에프앤에프로지스틱스,주식회사 에프앤에프홀딩스,100.0,금융업 아님,52101,(주)에프앤에프로지스틱스,표준산업분류 52101 — 금융업 아님
(주)이세아시아,주식회사 에프앤에프홀딩스,100.0,금융 키워드 없음,,(주)이세아시아,코드 없음·금융 키워드 없음 — 비금융 추정 (검토 파일 확인)
㈜플그림,(주)신세계아이앤씨,100.0,금융업 아님,58221,㈜플그림,표준산업분류 58221 — 금융업 아님
에프앤에프차이나,주식회사 에프앤에프,100.0,금융 키워드 없음,,에프앤에프차이나,코드 없음·금융 키워드 없음 — 비금융 추정 (검토 파일 확인)
㈜에프앤에프엔터테인먼트,주식회사 에프앤에프,100.0,금융 키워드 없음,,㈜에프앤에프엔터테인먼트,코드 없음·금융 키워드 없음 — 비금융 추정 (검토 파일 확인)
무림파워텍,무림페이퍼(주),100.0,금융업 아님,35113,무림파워텍,표준산업분류 35113 — 금융업 아님
무림USA,무림페이퍼(주),100.0,금융 키워드 없음,,무림USA,코드 없음·금융 키워드 없음 — 비금융 추정 (검토 파일 확인)
무림EUROPE,무림페이퍼(주),100.0,금융 키워드 없음,,무림EUROPE,코드 없음·금융 키워드 없음 — 비금융 추정 (검토 파일 확인)
엔피씨몰텍(주),엔피씨(주),100.0,금융업 아님,29293,"엔피씨몰텍(주)
(비상장)(*1)",표준산업분류 29293 — 금융업 아님
주식회사 디퍼플 (DPL),(주)이노션,100.0,금융 키워드 없음,,주식회사 디퍼플 (DPL),코드 없음·금융 키워드 없음 — 비금융 추정 (검토 파일 확인)
㈜이노션에스 (INNS),(주)이노션,100.0,금융 키워드 없음,,㈜이노션에스 (INNS),코드 없음·금융 키워드 없음 — 비금융 추정 (검토 파일 확인)
㈜풍산메탈서비스,(주)풍산홀딩스,100.0,금융 키워드 없음,,㈜풍산메탈서비스,코드 없음·금융 키워드 없음 — 비금융 추정 (검토 파일 확인)
㈜풍산화동양행,(주)풍산홀딩스,100.0,금융업 아님,47842,㈜풍산화동양행,표준산업분류 47842 — 금융업 아님
인지개성㈜,인지컨트롤스(주),100.0,금융 키워드 없음,,인지개성㈜,코드 없음·금융 키워드 없음 — 비금융 추정 (검토 파일 확인)
㈜풀무원아카데미,(주)풀무원,100.0,금융 키워드 없음,,㈜풀무원아카데미,코드 없음·금융 키워드 없음 — 비금융 추정 (검토 파일 확인)
풀무원건강생활㈜,(주)풀무원,100.0,금융업 아님,10897,풀무원건강생활㈜,표준산업분류 10897 — 금융업 아님
넥서스가스(주),(주)화인베스틸,100.0,금융 키워드 없음,,넥서스가스(주),코드 없음·금융 키워드 없음 — 비금융 추정 (검토 파일 확인)
AJ토탈㈜,AJ네트웍스 주식회사,100.0,금융 키워드 없음,,AJ토탈㈜,코드 없음·금융 키워드 없음 — 비금융 추정 (검토 파일 확인)
AJ리테일㈜,AJ네트웍스 주식회사,100.0,금융 키워드 없음,,AJ리테일㈜,코드 없음·금융 키워드 없음 — 비금융 추정 (검토 파일 확인)
AJ에너지㈜,AJ네트웍스 주식회사,100.0,금융 키워드 없음,,AJ에너지㈜,코드 없음·금융 키워드 없음 — 비금융 추정 (검토 파일 확인)
에이제이트랜스밸류㈜,AJ네트웍스 주식회사,100.0,금융업 아님,52992,에이제이트랜스밸류㈜,표준산업분류 52992 — 금융업 아님
AJ솔루션테크㈜,AJ네트웍스 주식회사,100.0,금융 키워드 없음,,AJ솔루션테크㈜,코드 없음·금융 키워드 없음 — 비금융 추정 (검토 파일 확인)
㈜AJ전국스카이,AJ네트웍스 주식회사,100.0,금융 키워드 없음,,㈜AJ전국스카이,코드 없음·금융 키워드 없음 — 비금융 추정 (검토 파일 확인)
AJ스포츠㈜,AJ네트웍스 주식회사,100.0,금융 키워드 없음,,AJ스포츠㈜,코드 없음·금융 키워드 없음 — 비금융 추정 (검토 파일 확인)
유니온툴텍공구(유),유니온머티리얼(주),100.0,금융 키워드 없음,,유니온툴텍공구(유),코드 없음·금융 키워드 없음 — 비금융 추정 (검토 파일 확인)
농심태경(주),(주)농심홀딩스,100.0,금융업 아님,1030,농심태경(주),표준산업분류 1030 — 금융업 아님
(주)세우,(주)농심홀딩스,100.0,금융업 아님,10831,(주)세우,표준산업분류 10831 — 금융업 아님
농심엔지니어링(주),(주)농심홀딩스,100.0,금융업 아님,72129,농심엔지니어링(주),표준산업분류 72129 — 금융업 아님
농심개발(주),(주)농심홀딩스,100.0,금융업 아님,91121,농심개발(주),표준산업분류 91121 — 금융업 아님
주식회사 에이치엘클레무브,에이치엘만도(주),100.0,금융업 아님,30399,주식회사 에이치엘클레무브,표준산업분류 30399 — 금융업 아님
엔젤위더스(주),넥센타이어(주),100.0,금융 키워드 없음,,엔젤위더스(주),코드 없음·금융 키워드 없음 — 비금융 추정 (검토 파일 확인)
(주)명애드컴,명인제약(주),100.0,금융 키워드 없음,,(주)명애드컴,코드 없음·금융 키워드 없음 — 비금융 추정 (검토 파일 확인)
에이치엘로보틱스 주식회사,에이치엘홀딩스(주),100.0,금융업 아님,29280,에이치엘로보틱스 주식회사,표준산업분류 29280 — 금융업 아님
㈜제이제이한라,에이치엘홀딩스(주),100.0,금융업 아님,68212,㈜제이제이한라,표준산업분류 68212 — 금융업 아님
에이치엘위코 주식회사,에이치엘홀딩스(주),100.0,금융업 아님,30391,에이치엘위코 주식회사,표준산업분류 30391 — 금융업 아님
동국시스템즈(주),동국홀딩스(주),100.0,금융업 아님,58221,동국시스템즈(주),표준산업분류 58221 — 금융업 아님
오픈핸즈(주),삼성에스디에스(주),100.0,금융업 아님,620,오픈핸즈(주),표준산업분류 620 — 금융업 아님
이노베이스,(주)코오롱,100.0,금융업 아님,7153,이노베이스,표준산업분류 7153 — 금융업 아님
엔피씨로지스(주),엔피씨(주),100.0,금융 키워드 없음,,"엔피씨로지스(주)
(비상장)",코드 없음·금융 키워드 없음 — 비금융 추정 (검토 파일 확인)
엔피씨시스템(주),엔피씨(주),100.0,금융 키워드 없음,,"엔피씨시스템(주)
(비상장)",코드 없음·금융 키워드 없음 — 비금융 추정 (검토 파일 확인)
(주)엔피씨케미칼,엔피씨(주),100.0,금융업 아님,20203,"(주)엔피씨케미칼
(비상장)",표준산업분류 20203 — 금융업 아님
엔디케이(주),엔피씨(주),100.0,금융업 아님,22232,"엔디케이(주)
(비상장)",표준산업분류 22232 — 금융업 아님
엔에스씨(주),엔피씨(주),100.0,금융업 아님,22232,"엔에스씨(주)
(비상장)",표준산업분류 22232 — 금융업 아님
㈜풀무원식품,(주)풀무원,100.0,금융업 아님,46,㈜풀무원식품,표준산업분류 46 — 금융업 아님
㈜풀무원푸드앤컬처,(주)풀무원,100.0,금융업 아님,56130,㈜풀무원푸드앤컬처,표준산업분류 56130 — 금융업 아님
HD현대이엔티㈜,에이치디현대중공업(주),100.0,금융업 아님,72129,HD현대이엔티㈜(주4),표준산업분류 72129 — 금융업 아님
㈜윤국식품,동원수산(주),100.0,금융 키워드 없음,,㈜윤국식품,코드 없음·금융 키워드 없음 — 비금융 추정 (검토 파일 확인)
(주)유왕식품,동원수산(주),100.0,금융 키워드 없음,,(주)유왕식품,코드 없음·금융 키워드 없음 — 비금융 추정 (검토 파일 확인)
나산실업(주),(주)인디에프,100.0,금융업 아님,74,나산실업(주),표준산업분류 74 — 금융업 아님
에픽프라퍼티 인베스트먼트컴퍼니㈜,(주)코오롱,100.0,금융업 아님,68122,"에픽프라퍼티
인베스트먼트컴퍼니㈜",표준산업분류 68122 — 금융업 아님
코오롱베니트,(주)코오롱,100.0,금융업 아님,58221,코오롱베니트(주1),표준산업분류 58221 — 금융업 아님
MH바이오텍,(주)MH에탄올,100.0,금융 키워드 없음,,"MH바이오텍
(비상장)",코드 없음·금융 키워드 없음 — 비금융 추정 (검토 파일 확인)
(주)GS텔레서비스,(주)지에스리테일,100.0,금융업 아님,75991,(주)GS텔레서비스,표준산업분류 75991 — 금융업 아님
(주)퍼스프,(주)지에스리테일,100.0,금융업 아님,10309,(주)퍼스프  주37),표준산업분류 10309 — 금융업 아님
(주)후레쉬서브,(주)지에스리테일,100.0,금융업 아님,1070,(주)후레쉬서브,표준산업분류 1070 — 금융업 아님
(주)지에스넷비전,(주)지에스리테일,100.0,금융업 아님,713,(주)지에스넷비전,표준산업분류 713 — 금융업 아님
(주)퓨처그라프,(주)포스코퓨처엠,100.0,금융업 아님,23993,(주)퓨처그라프,표준산업분류 23993 — 금융업 아님
삼성전자판매㈜,삼성전자(주),100.0,금융업 아님,47320,삼성전자판매㈜,표준산업분류 47320 — 금융업 아님
삼성전자로지텍㈜,삼성전자(주),100.0,금융업 아님,52999,삼성전자로지텍㈜,표준산업분류 52999 — 금융업 아님
㈜희망별숲,삼성전자(주),100.0,금융업 아님,10603,㈜희망별숲,표준산업분류 10603 — 금융업 아님
디오토모티브㈜,동일산업(주),100.0,금융업 아님,30331,디오토모티브㈜,표준산업분류 30331 — 금융업 아님
(주)티에스 개발,대한제당(주),100.0,금융업 아님,91121,"(주)티에스
개발",표준산업분류 91121 — 금융업 아님
(주)티에스 신용투자대부,대한제당(주),100.0,기타 여신금융,64919,"(주)티에스
신용투자대부","대부업 — 계열사 자금 운용 목적, 제조업 여신 포트폴리오 없음"
티에스 유업(주),대한제당(주),100.0,금융 키워드 없음,,"티에스
유업(주)",코드 없음·금융 키워드 없음 — 비금융 추정 (검토 파일 확인)
대한에프 에쓰에쓰(주),대한제당(주),100.0,금융 키워드 없음,,"대한에프
에쓰에쓰(주)",코드 없음·금융 키워드 없음 — 비금융 추정 (검토 파일 확인)
델리치 푸드(주),대한제당(주),100.0,금융업 아님,71201,"델리치
푸드(주)",표준산업분류 71201 — 금융업 아님
(주)대상다이브스 구)(주)대상에프앤비,대상(주),100.0,금융 키워드 없음,,"(주)대상다이브스
 구)(주)대상에프앤비",코드 없음·금융 키워드 없음 — 비금융 추정 (검토 파일 확인)
수양물류(주),하이트진로(주),100.0,금융업 아님,49301,수양물류(주),표준산업분류 49301 — 금융업 아님
㈜지아이테크,(주)세진중공업,100.0,금융업 아님,31114,㈜지아이테크,표준산업분류 31114 — 금융업 아님
삼강에스앤씨(주),에스케이오션플랜트(주),100.0,금융업 아님,31114,삼강에스앤씨(주),표준산업분류 31114 — 금융업 아님
슈퍼트레인㈜,코오롱인더스트리(주),100.0,금융업 아님,4741,슈퍼트레인㈜,표준산업분류 4741 — 금융업 아님
㈜케이오에이,코오롱인더스트리(주),100.0,금융업 아님,4674,㈜케이오에이,표준산업분류 4674 — 금융업 아님
코오롱머티리얼㈜,코오롱인더스트리(주),100.0,금융업 아님,2050,코오롱머티리얼㈜,표준산업분류 2050 — 금융업 아님
(주)메가코스,(주)토니모리,100.0,금융업 아님,20423,(주)메가코스,표준산업분류 20423 — 금융업 아님
㈜아비커스,에이치디현대(주),100.0,금융업 아님,58222,㈜아비커스,표준산업분류 58222 — 금융업 아님
HD현대사이트솔루션㈜,에이치디현대(주),100.0,금융업 아님,29,HD현대사이트솔루션㈜,표준산업분류 29 — 금융업 아님
HD현대엠엔에스㈜,에이치디현대중공업(주),100.0,금융업 아님,31114,HD현대엠엔에스㈜(주3),표준산업분류 31114 — 금융업 아님
대상마리비온㈜,대상(주),100.0,금융 키워드 없음,,대상마리비온㈜ (*10),코드 없음·금융 키워드 없음 — 비금융 추정 (검토 파일 확인)
(주)우성사료,(주)우성,100.0,금융업 아님,10902,(주)우성사료,표준산업분류 10902 — 금융업 아님
에어코리아,한국공항(주),100.0,금융업 아님,51,에어코리아,표준산업분류 51 — 금융업 아님
(주)앤로보틱스,(주)씨아이테크,100.0,금융업 아님,29280,"(주)앤로보틱스
(구 나이콤)",표준산업분류 29280 — 금융업 아님
(주)로드와이즈,(주)씨아이테크,100.0,금융 키워드 없음,,(주)로드와이즈,코드 없음·금융 키워드 없음 — 비금융 추정 (검토 파일 확인)
(주)케빅,(주)씨아이테크,100.0,금융업 아님,26529,(주)케빅,표준산업분류 26529 — 금융업 아님
(주)조흥지에프,(주)조흥,100.0,금융업 아님,10421,(주)조흥지에프,표준산업분류 10421 — 금융업 아님
(주)빨라쪼,해태제과식품주식회사,100.0,금융 키워드 없음,,(주)빨라쪼,코드 없음·금융 키워드 없음 — 비금융 추정 (검토 파일 확인)
에듀베이션㈜,(주)대교,100.0,금융 키워드 없음,,에듀베이션㈜,코드 없음·금융 키워드 없음 — 비금융 추정 (검토 파일 확인)
㈜키즈스콜레,(주)대교,100.0,금융 키워드 없음,,㈜키즈스콜레,코드 없음·금융 키워드 없음 — 비금융 추정 (검토 파일 확인)
(주)아이언그레이,(주)세아홀딩스,100.0,금융업 아님,68,(주)아이언그레이,표준산업분류 68 — 금융업 아님
(주)세아네트웍스,(주)세아홀딩스,100.0,금융업 아님,42,(주)세아네트웍스,표준산업분류 42 — 금융업 아님
(주)세아엘앤에스,(주)세아홀딩스,100.0,금융업 아님,49301,(주)세아엘앤에스,표준산업분류 49301 — 금융업 아님
티에스 사료(주),대한제당(주),100.0,금융업 아님,10902,"티에스
사료(주)",표준산업분류 10902 — 금융업 아님
(주)티에스 우인,대한제당(주),100.0,금융업 아님,74100,"(주)티에스
우인",표준산업분류 74100 — 금융업 아님
동아제약,동아쏘시오홀딩스(주),100.0,금융업 아님,21212,동아제약,표준산업분류 21212 — 금융업 아님
용마로지스,동아쏘시오홀딩스(주),100.0,금융업 아님,49301,용마로지스,표준산업분류 49301 — 금융업 아님
동아에코팩,동아쏘시오홀딩스(주),100.0,금융업 아님,23192,동아에코팩,표준산업분류 23192 — 금융업 아님
디에이인포메이션,동아쏘시오홀딩스(주),100.0,금융 키워드 없음,,디에이인포메이션,코드 없음·금융 키워드 없음 — 비금융 추정 (검토 파일 확인)
아벤종합건설,동아쏘시오홀딩스(주),100.0,금융업 아님,4112,아벤종합건설,표준산업분류 4112 — 금융업 아님
(주) 행복누리,(주)LG화학,100.0,금융업 아님,74211,(주) 행복누리,표준산업분류 74211 — 금융업 아님
(주)팜한농,(주)LG화학,100.0,금융업 아님,2032,(주)팜한농,표준산업분류 2032 — 금융업 아님
부산청과㈜,고려산업(주),100.0,금융업 아님,4631,부산청과㈜,표준산업분류 4631 — 금융업 아님
코리아로지스(주),고려산업(주),100.0,금융 키워드 없음,,코리아로지스(주),코드 없음·금융 키워드 없음 — 비금융 추정 (검토 파일 확인)
코리아캐피탈대부㈜,고려산업(주),100.0,카드·할부금융,,코리아캐피탈대부㈜,"대부업 — 계열사 자금 운용 목적, 제조업 여신 포트폴리오 없음"
(주)유수로지스틱스,(주)유수홀딩스,100.0,금융업 아님,5299,(주)유수로지스틱스,표준산업분류 5299 — 금융업 아님
하이트진로산업(주),하이트진로(주),100.0,금융업 아님,23192,하이트진로산업(주),표준산업분류 23192 — 금융업 아님
하이트진로음료(주),하이트진로(주),100.0,금융업 아님,11202,하이트진로음료(주),표준산업분류 11202 — 금융업 아님
대상델리하임㈜,대상(주),100.0,금융업 아님,10129,대상델리하임㈜,표준산업분류 10129 — 금융업 아님
대상푸드플러스㈜,대상(주),100.0,금융업 아님,10832,대상푸드플러스㈜,표준산업분류 10832 — 금융업 아님
대상참푸드(주) 구)대상참푸드(주),대상(주),100.0,금융 키워드 없음,,"대상참푸드(주) (*3)
 구)대상참푸드(주)",코드 없음·금융 키워드 없음 — 비금융 추정 (검토 파일 확인)
㈜선진햄,(주)선진,100.0,금융업 아님,1012,㈜선진햄,표준산업분류 1012 — 금융업 아님
(주)경동에버런,(주)경동나비엔,100.0,금융업 아님,28520,(주)경동에버런(*1),표준산업분류 28520 — 금융업 아님
(주)경동티에스,(주)경동나비엔,100.0,금융업 아님,95399,(주)경동티에스(*1),표준산업분류 95399 — 금융업 아님
(주)경동폴리움,(주)경동나비엔,100.0,금융업 아님,22,(주)경동폴리움(*1),표준산업분류 22 — 금융업 아님
(주)경동씨앤에스,(주)경동나비엔,100.0,금융 키워드 없음,,(주)경동씨앤에스(*1),코드 없음·금융 키워드 없음 — 비금융 추정 (검토 파일 확인)
(주)에스엘솔라,에스엘(주),100.0,금융 키워드 없음,,(주)에스엘솔라,코드 없음·금융 키워드 없음 — 비금융 추정 (검토 파일 확인)
넥스트커넥트피에프브이㈜,(주)케이티,100.0,금융업 아님,68,넥스트커넥트피에프브이㈜,표준산업분류 68 — 금융업 아님
㈜케이티넷코어,(주)케이티,100.0,금융업 아님,741,㈜케이티넷코어,표준산업분류 741 — 금융업 아님
㈜케이티피앤엠,(주)케이티,100.0,금융업 아님,42322,㈜케이티피앤엠,표준산업분류 42322 — 금융업 아님
㈜케이티엠앤에스,(주)케이티,100.0,금융업 아님,46522,㈜케이티엠앤에스,표준산업분류 46522 — 금융업 아님
㈜케이티엠오에스북부,(주)케이티,100.0,금융업 아님,61220,㈜케이티엠오에스북부,표준산업분류 61220 — 금융업 아님
㈜케이티알티미디어,(주)케이티,100.0,금융업 아님,582,㈜케이티알티미디어,표준산업분류 582 — 금융업 아님
㈜대교뉴이프,(주)대교,100.0,금융업 아님,87293,㈜대교뉴이프,표준산업분류 87293 — 금융업 아님
대교말레이지아,(주)대교,100.0,금융 키워드 없음,,대교말레이지아,코드 없음·금융 키워드 없음 — 비금융 추정 (검토 파일 확인)
피노라인(유),동아쏘시오홀딩스(주),100.0,금융 키워드 없음,,피노라인(유),코드 없음·금융 키워드 없음 — 비금융 추정 (검토 파일 확인)
㈜한컴헬스케어,주식회사 한컴라이프케어,100.0,금융업 아님,13229,㈜한컴헬스케어,표준산업분류 13229 — 금융업 아님
유유메디컬스,(주)유유제약,100.0,금융 키워드 없음,,유유메디컬스,코드 없음·금융 키워드 없음 — 비금융 추정 (검토 파일 확인)
㈜한독헬스케어,(주)한독,100.0,금융업 아님,4722,㈜한독헬스케어(*7),표준산업분류 4722 — 금융업 아님
넥센디앤에스,(주)넥센,100.0,금융업 아님,68112,"넥센디앤에스
(비상장)",표준산업분류 68112 — 금융업 아님
㈜평택싸이로,(주)티와이홀딩스,100.0,금융업 아님,52103,㈜평택싸이로,표준산업분류 52103 — 금융업 아님
㈜에스비에스디앤피,(주)티와이홀딩스,100.0,금융업 아님,71399,㈜에스비에스디앤피,표준산업분류 71399 — 금융업 아님
(주)남성 에이엠디,(주)남성,100.0,금융업 아님,26,"(주)남성
에이엠디",표준산업분류 26 — 금융업 아님
대명전선(주),대원전선(주),100.0,금융업 아님,28302,대명전선(주),표준산업분류 28302 — 금융업 아님
㈜케이티에스테이트,(주)케이티,100.0,금융업 아님,68,㈜케이티에스테이트,표준산업분류 68 — 금융업 아님
케이티지디에이치㈜,(주)케이티,100.0,금융업 아님,62,케이티지디에이치㈜,표준산업분류 62 — 금융업 아님
㈜케이티샛,(주)케이티,100.0,금융업 아님,61220,㈜케이티샛,표준산업분류 61220 — 금융업 아님
㈜케이티엠모바일,(주)케이티,100.0,금융업 아님,61291,㈜케이티엠모바일,표준산업분류 61291 — 금융업 아님
㈜세티,(주)선진,100.0,금융업 아님,72122,㈜세티,표준산업분류 72122 — 금융업 아님
(주)하림푸드,(주)선진,100.0,금융업 아님,10709,(주)하림푸드,표준산업분류 10709 — 금융업 아님
㈜선진FS,(주)선진,100.0,금융 키워드 없음,,㈜선진FS,코드 없음·금융 키워드 없음 — 비금융 추정 (검토 파일 확인)
롯데엔지니어링플라스틱㈜,롯데케미칼(주),100.0,금융업 아님,20202,롯데엔지니어링플라스틱㈜,표준산업분류 20202 — 금융업 아님
에이프로젠파마㈜,(주)에이프로젠바이오로직스,100.0,금융업 아님,4644,에이프로젠파마㈜,표준산업분류 4644 — 금융업 아님
한진울산신항운영㈜,(주)한진,100.0,금융업 아님,52101,한진울산신항운영㈜,표준산업분류 52101 — 금융업 아님
한진인천컨테이너터미널,(주)한진,100.0,금융업 아님,75999,한진인천컨테이너터미널,표준산업분류 75999 — 금융업 아님
(주)에스디케어,에스디바이오센서(주),100.0,금융 키워드 없음,,(주)에스디케어,코드 없음·금융 키워드 없음 — 비금융 추정 (검토 파일 확인)
앰브로비앤피(주),환인제약(주),100.0,금융 키워드 없음,,앰브로비앤피(주),코드 없음·금융 키워드 없음 — 비금융 추정 (검토 파일 확인)
애즈유(주),환인제약(주),100.0,금융 키워드 없음,,애즈유(주),코드 없음·금융 키워드 없음 — 비금융 추정 (검토 파일 확인)
한국동그라미파트너스(주),한국타이어앤테크놀로지(주),100.0,금융업 아님,75919,한국동그라미파트너스(주),표준산업분류 75919 — 금융업 아님
티엔에이 주식회사,한국타이어앤테크놀로지(주),100.0,금융 키워드 없음,,티엔에이 주식회사,코드 없음·금융 키워드 없음 — 비금융 추정 (검토 파일 확인)
아이앤비코퍼레이션,한국타이어앤테크놀로지(주),100.0,금융업 아님,71531,아이앤비코퍼레이션,표준산업분류 71531 — 금융업 아님
(주)아첼라,(주)종근당,100.0,금융 키워드 없음,,(주)아첼라,코드 없음·금융 키워드 없음 — 비금융 추정 (검토 파일 확인)
기신메가텍(주),기신정기(주),100.0,금융업 아님,29293,기신메가텍(주),표준산업분류 29293 — 금융업 아님
(주)원진정공,기신정기(주),100.0,금융업 아님,29293,(주)원진정공,표준산업분류 29293 — 금융업 아님
㈜백산아트앤네트워크,(주)백산,100.0,금융 키워드 없음,,㈜백산아트앤네트워크,코드 없음·금융 키워드 없음 — 비금융 추정 (검토 파일 확인)
한솔티씨에스 주식회사,한솔로지스틱스(주),100.0,금융업 아님,52992,한솔티씨에스 주식회사,표준산업분류 52992 — 금융업 아님
한솔로지스유 주식회사,한솔로지스틱스(주),100.0,금융업 아님,52101,한솔로지스유 주식회사,표준산업분류 52101 — 금융업 아님
㈜허심청브로이,(주)농심,100.0,금융업 아님,11112,㈜허심청브로이,표준산업분류 11112 — 금융업 아님
롯데김해개발,롯데쇼핑(주),100.0,금융업 아님,741,롯데김해개발(비상장),표준산업분류 741 — 금융업 아님
코스맥스라보라토리(주),코스맥스(주),100.0,금융 키워드 없음,,코스맥스라보라토리(주),코드 없음·금융 키워드 없음 — 비금융 추정 (검토 파일 확인)
하이엑시움모터스㈜,두산퓨얼셀 주식회사,100.0,금융업 아님,30121,하이엑시움모터스㈜,표준산업분류 30121 — 금융업 아님
(유)와이피씨,(주)영풍,100.0,지주회사,64992,(유)와이피씨,지주회사(64992) — 사업 자회사를 묶는 중간지주·기금
(유)엠와이지,(주)영풍,100.0,지주회사,64992,(유)엠와이지,지주회사(64992) — 사업 자회사를 묶는 중간지주·기금
㈜영풍이앤이,(주)영풍,100.0,금융업 아님,68212,㈜영풍이앤이,표준산업분류 68212 — 금융업 아님
㈜영풍JAPAN,(주)영풍,100.0,금융 키워드 없음,,㈜영풍JAPAN,코드 없음·금융 키워드 없음 — 비금융 추정 (검토 파일 확인)
영풍전자㈜,(주)영풍,100.0,금융업 아님,2622,영풍전자㈜,표준산업분류 2622 — 금융업 아님
케이피한석유화㈜,한국석유공업(주),100.0,금융업 아님,46733,"케이피한석유화㈜
(주1)",표준산업분류 46733 — 금융업 아님
케이피한석화학㈜,한국석유공업(주),100.0,금융업 아님,46739,"케이피한석화학㈜
(주1)",표준산업분류 46739 — 금융업 아님
효원산업㈜,한국석유공업(주),100.0,금융 키워드 없음,,"효원산업㈜
(주1)",코드 없음·금융 키워드 없음 — 비금융 추정 (검토 파일 확인)
㈜서울레이크사이드,삼성물산(주),100.0,금융업 아님,91121,㈜서울레이크사이드,표준산업분류 91121 — 금융업 아님
㈜삼우종합건축사사무소,삼성물산(주),100.0,금융업 아님,72111,㈜삼우종합건축사사무소,표준산업분류 72111 — 금융업 아님
제일패션리테일㈜,삼성물산(주),100.0,금융업 아님,47,제일패션리테일㈜,표준산업분류 47 — 금융업 아님
삼성웰스토리㈜,삼성물산(주),100.0,금융업 아님,56130,삼성웰스토리㈜,표준산업분류 56130 — 금융업 아님
㈜한국글로벌솔루션,(주)한국카본,100.0,금융업 아님,31114,"㈜한국글로벌솔루션
(비상장)",표준산업분류 31114 — 금융업 아님
(주)립스,(주)한국카본,100.0,금융업 아님,23121,"(주)립스
(비상장)",표준산업분류 23121 — 금융업 아님
㈜에이치씨네트웍스,(주)한국카본,100.0,금융업 아님,4610,"㈜에이치씨네트웍스
(비상장)",표준산업분류 4610 — 금융업 아님
동부엔지니어링㈜,동부건설(주),100.0,금융업 아님,72121,동부엔지니어링㈜,표준산업분류 72121 — 금융업 아님
케이피인베스트앤대부㈜,한국석유공업(주),100.0,신탁·집합투자,,"케이피인베스트앤대부㈜
(주1)","대부업 — 계열사 자금 운용 목적, 제조업 여신 포트폴리오 없음"
신성산업㈜,한국석유공업(주),100.0,금융업 아님,25923,"신성산업㈜
(주1)",표준산업분류 25923 — 금융업 아님
에이치엘엘중앙(주),(주)콘텐트리중앙,100.0,금융업 아님,59114,에이치엘엘중앙(주),표준산업분류 59114 — 금융업 아님
(주)삼아소이전자,삼아알미늄(주),100.0,금융업 아님,46510,(주)삼아소이전자,표준산업분류 46510 — 금융업 아님
이노위드 주식회사,엘지이노텍(주),100.0,금융업 아님,74,이노위드 주식회사,표준산업분류 74 — 금융업 아님
마인드마크,(주)신세계,100.0,금융업 아님,5912,마인드마크,표준산업분류 5912 — 금융업 아님
신세계디에프,(주)신세계,100.0,금융업 아님,47,신세계디에프,표준산업분류 47 — 금융업 아님
㈜더파크,동부건설(주),100.0,금융업 아님,6811,㈜더파크,표준산업분류 6811 — 금융업 아님
와이제이글로벌개발 주식회사,동부건설(주),100.0,금융업 아님,68121,"와이제이글로벌개발 
주식회사",표준산업분류 68121 — 금융업 아님
동부당진솔라㈜,동부건설(주),100.0,금융업 아님,3511,동부당진솔라㈜,표준산업분류 3511 — 금융업 아님
동부자산관리㈜,동부건설(주),100.0,금융업 아님,76190,동부자산관리㈜,표준산업분류 76190 — 금융업 아님
효성굿스프링스㈜,(주)효성,100.0,금융업 아님,29131,효성굿스프링스㈜,표준산업분류 29131 — 금융업 아님
㈜에프엠케이,(주)효성,100.0,금융업 아님,45110,㈜에프엠케이,표준산업분류 45110 — 금융업 아님
에이스스틸,한국주철관공업(주),100.0,금융업 아님,46721,에이스스틸,표준산업분류 46721 — 금융업 아님
진방스틸,한국주철관공업(주),100.0,금융업 아님,2413,진방스틸,표준산업분류 2413 — 금융업 아님
진방스틸재팬,한국주철관공업(주),100.0,금융 키워드 없음,,진방스틸재팬,코드 없음·금융 키워드 없음 — 비금융 추정 (검토 파일 확인)
한국강재,한국주철관공업(주),100.0,금융업 아님,2413,한국강재,표준산업분류 2413 — 금융업 아님
DRB인터내셔널(주),(주)디알비동일,100.0,금융 키워드 없음,,DRB인터내셔널(주),코드 없음·금융 키워드 없음 — 비금융 추정 (검토 파일 확인)
DRB오토메이션(주),(주)디알비동일,100.0,금융 키워드 없음,,DRB오토메이션(주),코드 없음·금융 키워드 없음 — 비금융 추정 (검토 파일 확인)
DRB오토모티브(주),(주)디알비동일,100.0,금융 키워드 없음,,DRB오토모티브(주),코드 없음·금융 키워드 없음 — 비금융 추정 (검토 파일 확인)
주식회사 에코앤로지스부산,(주)LX인터내셔널,100.0,금융업 아님,5210,주식회사 에코앤로지스부산,표준산업분류 5210 — 금융업 아님
포승그린파워㈜,(주)LX인터내셔널,100.0,금융업 아님,35300,포승그린파워㈜,표준산업분류 35300 — 금융업 아님
주식회사 엘엑스글라스,(주)LX인터내셔널,100.0,금융업 아님,23111,주식회사 엘엑스글라스,표준산업분류 23111 — 금융업 아님
당진탱크터미널(주),(주)LX인터내셔널,100.0,금융업 아님,52921,당진탱크터미널(주),표준산업분류 52921 — 금융업 아님
한국복합소재㈜,(주)한국카본,100.0,금융업 아님,31322,"한국복합소재㈜
(비상장)",표준산업분류 31322 — 금융업 아님
한국항공기술 케이에이티㈜,(주)한국카본,100.0,금융 키워드 없음,,"한국항공기술
케이에이티㈜
(비상장)",코드 없음·금융 키워드 없음 — 비금융 추정 (검토 파일 확인)
일조국제물류㈜,(주)동방,100.0,금융 키워드 없음,,일조국제물류㈜(*1),코드 없음·금융 키워드 없음 — 비금융 추정 (검토 파일 확인)
포항영일만항운영㈜,(주)동방,100.0,금융업 아님,50201,포항영일만항운영㈜,표준산업분류 50201 — 금융업 아님
동방에스앤디(주),(주)동방,100.0,금융업 아님,58221,동방에스앤디(주),표준산업분류 58221 — 금융업 아님
상신제동계통(무석)(유),상신브레이크(주),100.0,금융 키워드 없음,,상신제동계통(무석)(유),코드 없음·금융 키워드 없음 — 비금융 추정 (검토 파일 확인)
사천상신제동계통(유),상신브레이크(주),100.0,금융 키워드 없음,,사천상신제동계통(유),코드 없음·금융 키워드 없음 — 비금융 추정 (검토 파일 확인)
㈜에스피오디오,(주)신풍,100.0,금융 키워드 없음,,㈜에스피오디오,코드 없음·금융 키워드 없음 — 비금융 추정 (검토 파일 확인)
㈜꿈의실현1331,(주)신풍,100.0,금융 키워드 없음,,㈜꿈의실현1331,코드 없음·금융 키워드 없음 — 비금융 추정 (검토 파일 확인)
㈜다웅,(주)신풍,100.0,금융 키워드 없음,,㈜다웅,코드 없음·금융 키워드 없음 — 비금융 추정 (검토 파일 확인)
서현이엔지,서울도시가스(주),100.0,금융업 아님,74100,서현이엔지,표준산업분류 74100 — 금융업 아님
은평도시가스이엔지,서울도시가스(주),100.0,금융업 아님,35,은평도시가스이엔지,표준산업분류 35 — 금융업 아님
용산도시가스이엔지,서울도시가스(주),100.0,금융업 아님,74100,용산도시가스이엔지,표준산업분류 74100 — 금융업 아님
대전신세계,(주)신세계,100.0,금융업 아님,47,대전신세계,표준산업분류 47 — 금융업 아님
1. 서울청과(주),고려제강(주),100.0,금융 키워드 없음,,1. 서울청과(주)(비상장),코드 없음·금융 키워드 없음 — 비금융 추정 (검토 파일 확인)
2. 케이.에이.티.(주),고려제강(주),100.0,금융 키워드 없음,,2. 케이.에이.티.(주)(비상장),코드 없음·금융 키워드 없음 — 비금융 추정 (검토 파일 확인)
3. 홍덕섬유(주),고려제강(주),100.0,금융 키워드 없음,,3. 홍덕섬유(주)(비상장),코드 없음·금융 키워드 없음 — 비금융 추정 (검토 파일 확인)
수광티티아이(주),자화전자(주),100.0,금융업 아님,22291,수광티티아이(주),표준산업분류 22291 — 금융업 아님
롯데미래전략연구소,롯데지주(주),100.0,금융업 아님,71531,롯데미래전략연구소,표준산업분류 71531 — 금융업 아님
롯데에이엠씨,롯데지주(주),100.0,금융업 아님,68,롯데에이엠씨,표준산업분류 68 — 금융업 아님
엘앤에프플러스,(주)엘앤에프,100.0,금융업 아님,28209,엘앤에프플러스,표준산업분류 28209 — 금융업 아님
경기도시가스,서울도시가스(주),100.0,금융업 아님,74100,경기도시가스,표준산업분류 74100 — 금융업 아님
지알엠,서울도시가스(주),100.0,금융업 아님,68112,지알엠,표준산업분류 68112 — 금융업 아님
지알이에스,서울도시가스(주),100.0,금융업 아님,75999,지알이에스,표준산업분류 75999 — 금융업 아님
서울씨엔지,서울도시가스(주),100.0,금융업 아님,46713,서울씨엔지,표준산업분류 46713 — 금융업 아님
(주)비지에프로지스,(주)비지에프리테일,100.0,금융업 아님,52101,(주)비지에프로지스,표준산업분류 52101 — 금융업 아님
(주)비지에프푸드,(주)비지에프리테일,100.0,금융업 아님,1070,(주)비지에프푸드,표준산업분류 1070 — 금융업 아님
대한사료(주),대한제분(주),100.0,금융업 아님,1090,대한사료(주),표준산업분류 1090 — 금융업 아님
우리와(주),대한제분(주),100.0,금융업 아님,10901,우리와(주),표준산업분류 10901 — 금융업 아님
(주)보나비,대한제분(주),100.0,금융업 아님,56150,(주)보나비,표준산업분류 56150 — 금융업 아님
(주)쉐프스푸드,대한제분(주),100.0,금융업 아님,46321,(주)쉐프스푸드,표준산업분류 46321 — 금융업 아님
대한싸이로(주),대한제분(주),100.0,금융업 아님,52942,대한싸이로(주),표준산업분류 52942 — 금융업 아님
DH바이탈피드(주),대한제분(주),100.0,금융업 아님,1090,DH바이탈피드(주),표준산업분류 1090 — 금융업 아님
(주)엔케이 에더먼트,(주)엔케이,100.0,금융업 아님,25929,(주)엔케이 에더먼트,표준산업분류 25929 — 금융업 아님
SK에너지(주),SK이노베이션(주),100.0,금융업 아님,19210,SK에너지(주) (주1),표준산업분류 19210 — 금융업 아님
행복키움(주),SK이노베이션(주),100.0,금융업 아님,75122,행복키움(주),표준산업분류 75122 — 금융업 아님
엘아이지정밀기술(주),엘아이지디펜스앤에어로스페이스(주),100.0,금융업 아님,26410,엘아이지정밀기술(주),표준산업분류 26410 — 금융업 아님
블랑제리길(주),엘아이지디펜스앤에어로스페이스(주),100.0,금융 키워드 없음,,블랑제리길(주),코드 없음·금융 키워드 없음 — 비금융 추정 (검토 파일 확인)
해태아이스크림㈜,(주)빙그레,100.0,금융업 아님,46324,해태아이스크림㈜,표준산업분류 46324 — 금융업 아님
SK인텔릭스(주),SK네트웍스(주),100.0,금융업 아님,28519,SK인텔릭스(주),표준산업분류 28519 — 금융업 아님
민팃(주),SK네트웍스(주),100.0,금융업 아님,46,민팃(주) 주1),표준산업분류 46 — 금융업 아님
카티니(주),SK네트웍스(주),100.0,금융업 아님,47912,카티니(주),표준산업분류 47912 — 금융업 아님
SK네트웍스서비스(주),SK네트웍스(주),100.0,금융업 아님,95120,SK네트웍스서비스(주),표준산업분류 95120 — 금융업 아님
에스케이스피드메이트(주),SK네트웍스(주),100.0,금융업 아님,45212,에스케이스피드메이트(주),표준산업분류 45212 — 금융업 아님
글로와이드(주),SK네트웍스(주),100.0,금융업 아님,467,글로와이드(주),표준산업분류 467 — 금융업 아님
한산기전(주),한전산업개발(주),100.0,금융 키워드 없음,,"한산기전(주)
(비상장)",코드 없음·금융 키워드 없음 — 비금융 추정 (검토 파일 확인)
HSI(주),한전산업개발(주),100.0,금융 키워드 없음,,"HSI(주)
(비상장)",코드 없음·금융 키워드 없음 — 비금융 추정 (검토 파일 확인)
주식회사 하암태양광발전소,한전산업개발(주),100.0,금융 키워드 없음,,"주식회사 하암태양광발전소
(비상장)",코드 없음·금융 키워드 없음 — 비금융 추정 (검토 파일 확인)
알디에스(주),(주)오뚜기,100.0,금융업 아님,62021,알디에스(주),표준산업분류 62021 — 금융업 아님
인터지스중앙부두(주),인터지스(주),100.0,금융업 아님,52942,인터지스중앙부두(주),표준산업분류 52942 — 금융업 아님
에스케이지오센트릭(주),SK이노베이션(주),100.0,금융업 아님,20111,에스케이지오센트릭(주) (주1),표준산업분류 20111 — 금융업 아님
해쌀태양광㈜,SK이노베이션(주),100.0,금융업 아님,71600,해쌀태양광㈜,표준산업분류 71600 — 금융업 아님
SK인천석유화학(주),SK이노베이션(주),100.0,금융업 아님,19210,SK인천석유화학(주) (주1),표준산업분류 19210 — 금융업 아님
아리울 행복솔라㈜,SK이노베이션(주),100.0,금융업 아님,3511,아리울 행복솔라㈜,표준산업분류 3511 — 금융업 아님
아이지이㈜,SK이노베이션(주),100.0,금융업 아님,3520,아이지이㈜,표준산업분류 3520 — 금융업 아님
엔솔브㈜,SK이노베이션(주),100.0,금융업 아님,3511,엔솔브㈜,표준산업분류 3511 — 금융업 아님
(주)비지에프휴먼넷,(주)비지에프리테일,100.0,금융업 아님,47122,(주)비지에프휴먼넷,표준산업분류 47122 — 금융업 아님
(주)비지에프네트웍스,(주)비지에프리테일,100.0,금융업 아님,52992,(주)비지에프네트웍스,표준산업분류 52992 — 금융업 아님
온라인팜(주),한미사이언스(주),100.0,금융업 아님,46441,온라인팜(주),표준산업분류 46441 — 금융업 아님
(주)새한리싸이클,OCI(주),100.0,금융업 아님,20499,(주)새한리싸이클 (*8)(*9),표준산업분류 20499 — 금융업 아님
오씨아이드림(주),OCI(주),100.0,금융업 아님,75122,오씨아이드림(주) (*2),표준산업분류 75122 — 금융업 아님
모비언트㈜,현대위아(주),100.0,금융업 아님,30392,모비언트㈜,표준산업분류 30392 — 금융업 아님
테크젠㈜,현대위아(주),100.0,금융업 아님,3031,테크젠㈜,표준산업분류 3031 — 금융업 아님
(주)참좋은,(주)엔케이,100.0,금융업 아님,6812,(주)참좋은,표준산업분류 6812 — 금융업 아님
삼부 네팔,삼부토건(주),100.0,금융 키워드 없음,,삼부 네팔[비상장],코드 없음·금융 키워드 없음 — 비금융 추정 (검토 파일 확인)
삼부 파키스탄,삼부토건(주),100.0,금융 키워드 없음,,삼부 파키스탄[비상장],코드 없음·금융 키워드 없음 — 비금융 추정 (검토 파일 확인)
셀론텍㈜,에쓰씨엔지니어링(주),100.0,금융업 아님,21212,셀론텍㈜,표준산업분류 21212 — 금융업 아님
두산지오솔루션㈜,두산에너빌리티(주),100.0,금융업 아님,71531,두산지오솔루션㈜,표준산업분류 71531 — 금융업 아님
(주)애드리치,(주)오뚜기,100.0,금융업 아님,71310,(주)애드리치,표준산업분류 71310 — 금융업 아님
강소 부도옹식품,(주)오뚜기,100.0,금융 키워드 없음,,"강소
부도옹식품",코드 없음·금융 키워드 없음 — 비금융 추정 (검토 파일 확인)
강소태동식품,(주)오뚜기,100.0,금융 키워드 없음,,강소태동식품,코드 없음·금융 키워드 없음 — 비금융 추정 (검토 파일 확인)
(주)오뚜기 프렌즈,(주)오뚜기,100.0,금융업 아님,75999,"(주)오뚜기
프렌즈",표준산업분류 75999 — 금융업 아님
오뚜기라면 (주),(주)오뚜기,100.0,금융업 아님,10,"오뚜기라면
(주)",표준산업분류 10 — 금융업 아님
오뚜기제유(주),(주)오뚜기,100.0,금융업 아님,10412,오뚜기제유(주),표준산업분류 10412 — 금융업 아님
오뚜기물류 서비스(주),(주)오뚜기,100.0,금융업 아님,52992,"오뚜기물류
서비스(주)",표준산업분류 52992 — 금융업 아님
오뚜기 냉동식품(주),(주)오뚜기,100.0,금융업 아님,10602,"오뚜기
냉동식품(주)",표준산업분류 10602 — 금융업 아님
오뚜기에스에프 (주),(주)오뚜기,100.0,금융업 아님,10211,"오뚜기에스에프
(주)",표준산업분류 10211 — 금융업 아님
(주)풍림피앤피,(주)오뚜기,100.0,금융업 아님,18119,(주)풍림피앤피,표준산업분류 18119 — 금융업 아님
상미식품(주),(주)오뚜기,100.0,금융업 아님,10832,상미식품(주),표준산업분류 10832 — 금융업 아님
상원농산㈜,(주)선앤엘,100.0,금융 키워드 없음,,상원농산㈜,코드 없음·금융 키워드 없음 — 비금융 추정 (검토 파일 확인)
두산큐벡스㈜,두산에너빌리티(주),100.0,금융업 아님,74100,두산큐벡스㈜,표준산업분류 74100 — 금융업 아님
두산리사이클솔루션㈜,두산에너빌리티(주),100.0,금융업 아님,2421,두산리사이클솔루션㈜,표준산업분류 2421 — 금융업 아님
현대케피코,현대자동차(주),100.0,금융업 아님,30,현대케피코,표준산업분류 30 — 금융업 아님
전북현대모터스에프씨,현대자동차(주),100.0,금융업 아님,91191,전북현대모터스에프씨,표준산업분류 91191 — 금융업 아님
호텔에이치디씨㈜,아이파크현대산업개발(주),100.0,금융 키워드 없음,,호텔에이치디씨㈜,코드 없음·금융 키워드 없음 — 비금융 추정 (검토 파일 확인)
에이치디씨현대피씨이㈜,아이파크현대산업개발(주),100.0,금융업 아님,23325,에이치디씨현대피씨이㈜,표준산업분류 23325 — 금융업 아님
서창김포고속도로(주),아이파크현대산업개발(주),100.0,금융업 아님,52914,서창김포고속도로(주),표준산업분류 52914 — 금융업 아님
인천신항배후단지㈜,아이파크현대산업개발(주),100.0,금융업 아님,68129,인천신항배후단지㈜,표준산업분류 68129 — 금융업 아님
에스케이어스온(주),SK이노베이션(주),100.0,금융업 아님,05200,에스케이어스온(주) (주1),표준산업분류 05200 — 금융업 아님
보령블루하이㈜,SK이노베이션(주),100.0,금융업 아님,20122,보령블루하이㈜,표준산업분류 20122 — 금융업 아님
이엔에스시티가스㈜,SK이노베이션(주),100.0,지주회사,64992,이엔에스시티가스㈜,지주회사(64992) — 사업 자회사를 묶는 중간지주·기금
이엔에스시티가스부산㈜,SK이노베이션(주),100.0,지주회사,64992,이엔에스시티가스부산㈜,지주회사(64992) — 사업 자회사를 묶는 중간지주·기금
삼부르네상스(주),삼부토건(주),100.0,금융업 아님,68121,삼부르네상스(주)[비상장],표준산업분류 68121 — 금융업 아님
삼부르네상스더힐(주),삼부토건(주),100.0,금융업 아님,68121,삼부르네상스더힐(주)[비상장],표준산업분류 68121 — 금융업 아님
에스알엔(주),삼부토건(주),100.0,금융 키워드 없음,,에스알엔(주),코드 없음·금융 키워드 없음 — 비금융 추정 (검토 파일 확인)
(주)루치펠로코리아,(주)LG생활건강,100.0,금융업 아님,20422,(주)루치펠로코리아,표준산업분류 20422 — 금융업 아님
(주)에프엠지,(주)LG생활건강,100.0,금융업 아님,20423,(주)에프엠지,표준산업분류 20423 — 금융업 아님
(주)밝은누리,(주)LG생활건강,100.0,금융업 아님,90191,(주)밝은누리,표준산업분류 90191 — 금융업 아님
한화세미텍㈜ (舊한화정밀기계㈜),한화비전(주),100.0,금융 키워드 없음,,"한화세미텍㈜
(舊한화정밀기계㈜)",코드 없음·금융 키워드 없음 — 비금융 추정 (검토 파일 확인)
(주)케이티에이치씨엔,(주)케이티스카이라이프,100.0,금융업 아님,60222,(주)케이티에이치씨엔,표준산업분류 60222 — 금융업 아님
금양흥업 주식회사,남양유업(주),100.0,금융업 아님,68112,금양흥업 주식회사(비상장),표준산업분류 68112 — 금융업 아님
건강한사람들 주식회사,남양유업(주),100.0,금융업 아님,11209,건강한사람들 주식회사(비상장),표준산업분류 11209 — 금융업 아님
백미방아이앤씨 주식회사,남양유업(주),100.0,금융 키워드 없음,,백미방아이앤씨 주식회사(비상장),코드 없음·금융 키워드 없음 — 비금융 추정 (검토 파일 확인)
(주)나눔누리,엘지디스플레이(주),100.0,금융업 아님,74211,(주)나눔누리,표준산업분류 74211 — 금융업 아님
블루팩키지 주식회사,블루산업개발 주식회사,100.0,금융업 아님,17211,"블루팩키지
주식회사",표준산업분류 17211 — 금융업 아님
와이피리싸이클링 주식회사,블루산업개발 주식회사,100.0,금융 키워드 없음,,"와이피리싸이클링 
주식회사",코드 없음·금융 키워드 없음 — 비금융 추정 (검토 파일 확인)
에스티엠주식회사,삼성SDI(주),100.0,금융업 아님,28,에스티엠주식회사,표준산업분류 28 — 금융업 아님
(주)무학위드,(주)무학,100.0,금융 키워드 없음,,(주)무학위드,코드 없음·금융 키워드 없음 — 비금융 추정 (검토 파일 확인)
(주)좋은데이디엔에프,(주)무학,100.0,금융 키워드 없음,,(주)좋은데이디엔에프,코드 없음·금융 키워드 없음 — 비금융 추정 (검토 파일 확인)
(주)무학월드,(주)무학,100.0,금융 키워드 없음,,(주)무학월드,코드 없음·금융 키워드 없음 — 비금융 추정 (검토 파일 확인)
㈜선앤엘인테리어,(주)선앤엘,100.0,금융업 아님,42,㈜선앤엘인테리어,표준산업분류 42 — 금융업 아님
신대양제지반월(주),신대양제지(주),100.0,금융업 아님,17105,신대양제지반월(주),표준산업분류 17105 — 금융업 아님
삼성바이오에피스(주),삼성에피스홀딩스(주),100.0,금융업 아님,70113,삼성바이오에피스(주),표준산업분류 70113 — 금융업 아님
에피스넥스랩(주),삼성에피스홀딩스(주),100.0,금융업 아님,70113,에피스넥스랩(주),표준산업분류 70113 — 금융업 아님
㈜아론테크,미래산업(주),100.0,금융 키워드 없음,,㈜아론테크,코드 없음·금융 키워드 없음 — 비금융 추정 (검토 파일 확인)
일성이엔지㈜,일성건설(주),100.0,금융업 아님,28123,일성이엔지㈜,표준산업분류 28123 — 금융업 아님
㈜미래로디앤시,한신공영(주),100.0,금융업 아님,6812,㈜미래로디앤시,표준산업분류 6812 — 금융업 아님
인본개발㈜,한신공영(주),100.0,금융업 아님,68121,인본개발㈜,표준산업분류 68121 — 금융업 아님
㈜씨앤에스공영,한신공영(주),100.0,금융업 아님,68121,㈜씨앤에스공영,표준산업분류 68121 — 금융업 아님
(유)군산자동차학원,한신공영(주),100.0,금융 키워드 없음,,(유)군산자동차학원,코드 없음·금융 키워드 없음 — 비금융 추정 (검토 파일 확인)
와이제이디투,한신공영(주),100.0,금융업 아님,68121,와이제이디투,표준산업분류 68121 — 금융업 아님
케이지모빌리티커머셜㈜,케이지모빌리티(주),100.0,금융업 아님,30121,케이지모빌리티커머셜㈜,표준산업분류 30121 — 금융업 아님
㈜한국인삼공사,(주)케이티앤지,100.0,금융업 아님,10895,㈜한국인삼공사,표준산업분류 10895 — 금융업 아님
㈜상상스테이,(주)케이티앤지,100.0,금융업 아님,6812,㈜상상스테이,표준산업분류 6812 — 금융업 아님
태아산업㈜,(주)케이티앤지,100.0,금융업 아님,12000,태아산업㈜,표준산업분류 12000 — 금융업 아님
해태에이치티비(주),(주)LG생활건강,100.0,금융업 아님,11209,해태에이치티비(주),표준산업분류 11209 — 금융업 아님
천장산풍력 주식회사,한화오션(주),100.0,금융업 아님,35119,천장산풍력 주식회사,표준산업분류 35119 — 금융업 아님
고군산해상풍력 주식회사,한화오션(주),100.0,금융업 아님,35119,고군산해상풍력 주식회사,표준산업분류 35119 — 금융업 아님
보령녹도풍력 주식회사,한화오션(주),100.0,금융 키워드 없음,,보령녹도풍력 주식회사,코드 없음·금융 키워드 없음 — 비금융 추정 (검토 파일 확인)
에이치엘비생활건강㈜,에이치엘비글로벌(주),100.0,금융 키워드 없음,,에이치엘비생활건강㈜,코드 없음·금융 키워드 없음 — 비금융 추정 (검토 파일 확인)
㈜모던파파스,에이치엘비글로벌(주),100.0,금융 키워드 없음,,㈜모던파파스,코드 없음·금융 키워드 없음 — 비금융 추정 (검토 파일 확인)
㈜퍼플리쉬,에이치엘비글로벌(주),100.0,금융 키워드 없음,,㈜퍼플리쉬,코드 없음·금융 키워드 없음 — 비금융 추정 (검토 파일 확인)
㈜베네큐어,에이치엘비글로벌(주),100.0,금융 키워드 없음,,㈜베네큐어(구.더롬다이어트),코드 없음·금융 키워드 없음 — 비금융 추정 (검토 파일 확인)
㈜엔씨다이노스,(주)엔씨,100.0,금융업 아님,911,㈜엔씨다이노스,표준산업분류 911 — 금융업 아님
케이비아이알로이(주),케이비아이동양철관(주),100.0,금융업 아님,24229,케이비아이알로이(주),표준산업분류 24229 — 금융업 아님
㈜녹십자이엠,(주)녹십자홀딩스,100.0,금융업 아님,42,㈜녹십자이엠,표준산업분류 42 — 금융업 아님
(주)SPC GFS,(주)삼립,100.0,금융 키워드 없음,,(주)SPC GFS,코드 없음·금융 키워드 없음 — 비금융 추정 (검토 파일 확인)
(주)몬즈컴퍼니,(주)삼립,100.0,금융업 아님,46323,(주)몬즈컴퍼니,표준산업분류 46323 — 금융업 아님
한신비엠㈜,한신공영(주),100.0,금융 키워드 없음,,한신비엠㈜,코드 없음·금융 키워드 없음 — 비금융 추정 (검토 파일 확인)
드림파크개발㈜,한신공영(주),100.0,금융업 아님,6812,드림파크개발㈜,표준산업분류 6812 — 금융업 아님
강남제비스코(곤산),강남제비스코(주),100.0,금융 키워드 없음,,강남제비스코(곤산),코드 없음·금융 키워드 없음 — 비금융 추정 (검토 파일 확인)
강남제비스코파우더 코팅스(장가항),강남제비스코(주),100.0,금융 키워드 없음,,강남제비스코파우더 코팅스(장가항),코드 없음·금융 키워드 없음 — 비금융 추정 (검토 파일 확인)
주식회사 엔씨큐에이,(주)엔씨,100.0,금융업 아님,58222,주식회사 엔씨큐에이,표준산업분류 58222 — 금융업 아님
주식회사 엔씨아이디에스,(주)엔씨,100.0,금융업 아님,58222,주식회사 엔씨아이디에스,표준산업분류 58222 — 금융업 아님
주식회사 퍼스트스파크게임즈,(주)엔씨,100.0,금융업 아님,58211,주식회사 퍼스트스파크게임즈,표준산업분류 58211 — 금융업 아님
주식회사 빅파이어게임즈,(주)엔씨,100.0,금융업 아님,5821,주식회사 빅파이어게임즈,표준산업분류 5821 — 금융업 아님
주식회사 엔씨에이아이,(주)엔씨,100.0,금융업 아님,58222,주식회사 엔씨에이아이,표준산업분류 58222 — 금융업 아님
주식회사 루디우스게임즈,(주)엔씨,100.0,금융업 아님,5821,주식회사 루디우스게임즈,표준산업분류 5821 — 금융업 아님
㈜엔씨아이티에스,(주)엔씨,100.0,금융업 아님,58222,㈜엔씨아이티에스,표준산업분류 58222 — 금융업 아님
(주)메타프라임,(주)메타케어,100.0,금융업 아님,68112,(주)메타프라임,표준산업분류 68112 — 금융업 아님
상갈피에프브이㈜(1종종류주),부국증권(주),100.0,금융 키워드 없음,,상갈피에프브이㈜(1종종류주),코드 없음·금융 키워드 없음 — 비금융 추정 (검토 파일 확인)
상갈피에프브이㈜(2종종류주),부국증권(주),100.0,금융 키워드 없음,,상갈피에프브이㈜(2종종류주),코드 없음·금융 키워드 없음 — 비금융 추정 (검토 파일 확인)
솔루스 아이테크 주식회사,솔루스첨단소재 주식회사,100.0,금융업 아님,26212,"솔루스
아이테크
주식회사",표준산업분류 26212 — 금융업 아님
동림로지스틱(주),태림포장(주),100.0,금융업 아님,4930,동림로지스틱(주),표준산업분류 4930 — 금융업 아님
영광칠해해상풍력 주식회사,한화오션(주),100.0,금융업 아님,35119,영광칠해해상풍력 주식회사,표준산업분류 35119 — 금융업 아님
오션이앤아이 주식회사,한화오션(주),100.0,금융업 아님,50122,오션이앤아이 주식회사,표준산업분류 50122 — 금융업 아님
한화오션엔지니어링㈜,한화오션(주),100.0,금융업 아님,72919,한화오션엔지니어링㈜,표준산업분류 72919 — 금융업 아님
케이지스틸에스앤디㈜,KG스틸(주),100.0,금융업 아님,34019,케이지스틸에스앤디㈜,표준산업분류 34019 — 금융업 아님
케이지스틸에스앤아이㈜,KG스틸(주),100.0,금융업 아님,52993,케이지스틸에스앤아이㈜,표준산업분류 52993 — 금융업 아님
케이지에너켐㈜,KG스틸(주),100.0,금융업 아님,20131,케이지에너켐㈜,표준산업분류 20131 — 금융업 아님
KG써닝라이프㈜ 에스엘케이),KG스틸(주),100.0,금융 키워드 없음,,"KG써닝라이프㈜ (구,(주)에스엘케이)(주3)",코드 없음·금융 키워드 없음 — 비금융 추정 (검토 파일 확인)
케이지스틸Japan,KG스틸(주),100.0,금융 키워드 없음,,케이지스틸Japan,코드 없음·금융 키워드 없음 — 비금융 추정 (검토 파일 확인)
케이지스틸USA,KG스틸(주),100.0,금융 키워드 없음,,케이지스틸USA,코드 없음·금융 키워드 없음 — 비금융 추정 (검토 파일 확인)
케이지지엔에스㈜,KG스틸(주),100.0,금융업 아님,52942,케이지지엔에스㈜,표준산업분류 52942 — 금융업 아님
케이지이앤씨㈜,KG스틸(주),100.0,금융 키워드 없음,,케이지이앤씨㈜,코드 없음·금융 키워드 없음 — 비금융 추정 (검토 파일 확인)
자이가이스트㈜,지에스건설(주),100.0,금융업 아님,20,자이가이스트㈜,표준산업분류 20 — 금융업 아님
글로벌워터솔루션㈜,지에스건설(주),100.0,지주회사,64992,글로벌워터솔루션㈜,지주회사(64992) — 사업 자회사를 묶는 중간지주·기금
(주)미팩토리,(주)에이블씨엔씨,100.0,금융업 아님,46443,"(주)미팩토리
 (비상장)",표준산업분류 46443 — 금융업 아님
(주)C&C신약 연구소,JW중외제약(주),100.0,금융 키워드 없음,,"(주)C&C신약
연구소",코드 없음·금융 키워드 없음 — 비금융 추정 (검토 파일 확인)
(주)생명누리,JW중외제약(주),100.0,금융 키워드 없음,,(주)생명누리,코드 없음·금융 키워드 없음 — 비금융 추정 (검토 파일 확인)
(주)LX엠디아이,주식회사 엘엑스홀딩스,100.0,금융 키워드 없음,,(주)LX엠디아이,코드 없음·금융 키워드 없음 — 비금융 추정 (검토 파일 확인)
지베스코㈜,지에스건설(주),100.0,금융업 아님,71600,지베스코㈜,표준산업분류 71600 — 금융업 아님
비에스엠㈜,지에스건설(주),100.0,금융업 아님,24312,비에스엠㈜,표준산업분류 24312 — 금융업 아님
지피씨㈜,지에스건설(주),100.0,금융업 아님,23325,지피씨㈜,표준산업분류 23325 — 금융업 아님
㈜삼천리이엔지,삼천리(주),100.0,금융업 아님,42,㈜삼천리이엔지,표준산업분류 42 — 금융업 아님
㈜삼천리이브이,삼천리(주),100.0,금융업 아님,4511,㈜삼천리이브이,표준산업분류 4511 — 금융업 아님
㈜스튜디오프리즘,(주)SBS,100.0,금융업 아님,59114,㈜스튜디오프리즘,표준산업분류 59114 — 금융업 아님
㈜나인투원,(주)쏘카,100.0,금융업 아님,76210,㈜나인투원,표준산업분류 76210 — 금융업 아님
(주)루트,주식회사 티와이엠,100.0,금융업 아님,52101,(주)루트,표준산업분류 52101 — 금융업 아님
(주)티와이엠아이씨티,주식회사 티와이엠,100.0,금융 키워드 없음,,(주)티와이엠아이씨티,코드 없음·금융 키워드 없음 — 비금융 추정 (검토 파일 확인)
서한물산㈜,태광산업(주),100.0,금융업 아님,1790,서한물산㈜,표준산업분류 1790 — 금융업 아님
태광산업㈜개성,태광산업(주),100.0,금융 키워드 없음,,태광산업㈜개성,코드 없음·금융 키워드 없음 — 비금융 추정 (검토 파일 확인)
티엘케미칼㈜,태광산업(주),100.0,금융업 아님,20111,티엘케미칼㈜,표준산업분류 20111 — 금융업 아님
㈜실,태광산업(주),100.0,금융업 아님,46443,㈜실,표준산업분류 46443 — 금융업 아님
㈜세광패션,태광산업(주),100.0,금융업 아님,75999,㈜세광패션,표준산업분류 75999 — 금융업 아님
(주)서울대부,(주)신흥,100.0,금융 키워드 없음,,(주)서울대부,코드 없음·금융 키워드 없음 — 비금융 추정 (검토 파일 확인)
(주)에스에스아이케이,(주)세아제강,100.0,금융업 아님,46721,(주)에스에스아이케이,표준산업분류 46721 — 금융업 아님
에스제이지세움(주),에스제이지세종(주),100.0,금융업 아님,30,에스제이지세움(주),표준산업분류 30 — 금융업 아님
에스제이지이브이(주),에스제이지세종(주),100.0,금융업 아님,28111,에스제이지이브이(주),표준산업분류 28111 — 금융업 아님
에스제이지중앙연구소(주),에스제이지세종(주),100.0,금융업 아님,72,에스제이지중앙연구소(주),표준산업분류 72 — 금융업 아님
(주)현대리바트엠앤에스,(주)현대리바트,100.0,금융업 아님,42,(주)현대리바트엠앤에스,표준산업분류 42 — 금융업 아님
HD현대크랭크샤프트,에이치디현대마린엔진(주),100.0,금융업 아님,31114,HD현대크랭크샤프트,표준산업분류 31114 — 금융업 아님
주식회사 에스에이치피코퍼레이션,(주)호텔신라,100.0,금융업 아님,91131,주식회사 에스에이치피코퍼레이션,표준산업분류 91131 — 금융업 아님
㈜티웨이에어서비스,(주)트리니티항공,100.0,금융 키워드 없음,,㈜티웨이에어서비스,코드 없음·금융 키워드 없음 — 비금융 추정 (검토 파일 확인)
씨제이엠디원(주),CJ제일제당(주),100.0,금융 키워드 없음,,씨제이엠디원(주),코드 없음·금융 키워드 없음 — 비금융 추정 (검토 파일 확인)
디씨브릿지㈜,지에스건설(주),100.0,금융업 아님,6311,디씨브릿지㈜,표준산업분류 6311 — 금융업 아님
부천영상단지관리㈜,지에스건설(주),100.0,금융업 아님,68212,부천영상단지관리㈜,표준산업분류 68212 — 금융업 아님
하임랩㈜,지에스건설(주),100.0,금융업 아님,4241,하임랩㈜,표준산업분류 4241 — 금융업 아님
인천신항스마트물류단지㈜,지에스건설(주),100.0,금융업 아님,6812,인천신항스마트물류단지㈜,표준산업분류 6812 — 금융업 아님
자이에스텍㈜,지에스건설(주),100.0,금융업 아님,72111,자이에스텍㈜,표준산업분류 72111 — 금융업 아님
㈜지씨에스,지에스건설(주),100.0,금융업 아님,74100,㈜지씨에스,표준산업분류 74100 — 금융업 아님
㈜큐브릿지,(주)아이마켓코리아,100.0,금융업 아님,4761,㈜큐브릿지,표준산업분류 4761 — 금융업 아님
㈜에스비에스아이,(주)SBS,100.0,금융업 아님,63991,㈜에스비에스아이,표준산업분류 63991 — 금융업 아님
㈜스튜디오일육일,(주)SBS,100.0,금융업 아님,63991,㈜스튜디오일육일,표준산업분류 63991 — 금융업 아님
신의도천일염(주),CJ제일제당(주),100.0,금융업 아님,03,신의도천일염(주),표준산업분류 03 — 금융업 아님
(주)원지,CJ제일제당(주),100.0,금융업 아님,1811,(주)원지,표준산업분류 1811 — 금융업 아님
씨제이피드앤케어㈜,CJ제일제당(주),100.0,금융 키워드 없음,,씨제이피드앤케어㈜,코드 없음·금융 키워드 없음 — 비금융 추정 (검토 파일 확인)
씨제이웰케어 주식회사,CJ제일제당(주),100.0,금융업 아님,10895,씨제이웰케어 주식회사,표준산업분류 10895 — 금융업 아님
㈜그린누리,(주)엘엑스하우시스,100.0,금융업 아님,74211,㈜그린누리,표준산업분류 74211 — 금융업 아님
에이치디현대마린솔루션테크(주),에이치디현대마린솔루션(주),100.0,금융업 아님,7212,에이치디현대마린솔루션테크(주),표준산업분류 7212 — 금융업 아님
SK멀티유틸리티(주),에스케이케미칼(주),100.0,금융업 아님,35300,SK멀티유틸리티(주),표준산업분류 35300 — 금융업 아님
청도삼양피혁,에스와이티에스(주),100.0,금융 키워드 없음,,청도삼양피혁,코드 없음·금융 키워드 없음 — 비금융 추정 (검토 파일 확인)
㈜보령컨슈머헬스케어,(주)보령,100.0,금융업 아님,46441,㈜보령컨슈머헬스케어,표준산업분류 46441 — 금융업 아님
㈜휴세스,삼천리(주),100.0,금융업 아님,3530,㈜휴세스,표준산업분류 3530 — 금융업 아님
㈜삼천리이에스,삼천리(주),100.0,금융업 아님,46,㈜삼천리이에스,표준산업분류 46 — 금융업 아님
(주)유니온 자원,(주)유니온,100.0,금융 키워드 없음,,"(주)유니온
자원(*주7)",코드 없음·금융 키워드 없음 — 비금융 추정 (검토 파일 확인)
(주)대광소재,(주)유니온,100.0,금융 키워드 없음,,"(주)대광소재
(*주8)",코드 없음·금융 키워드 없음 — 비금융 추정 (검토 파일 확인)
㈜디비글로벌칩,주식회사 DB하이텍,100.0,금융업 아님,26112,㈜디비글로벌칩,표준산업분류 26112 — 금융업 아님
상하이백광신소재기술(유),피케이씨(주),100.0,금융 키워드 없음,,"상하이백광신소재기술(유)
 (비상장)",코드 없음·금융 키워드 없음 — 비금융 추정 (검토 파일 확인)
티피나디아(주),티피(주),100.0,금융업 아님,14199,티피나디아(주),표준산업분류 14199 — 금융업 아님
이오주식회사,티피(주),100.0,금융업 아님,141,이오주식회사,표준산업분류 141 — 금융업 아님
티피리빙(주),티피(주),100.0,금융업 아님,13221,티피리빙(주),표준산업분류 13221 — 금융업 아님
티피에프앤비(주),티피(주),100.0,금융 키워드 없음,,티피에프앤비(주),코드 없음·금융 키워드 없음 — 비금융 추정 (검토 파일 확인)
현대스틸산업㈜,현대건설(주),100.0,금융업 아님,42,현대스틸산업㈜,표준산업분류 42 — 금융업 아님
메인트란스㈜,현대로템(주),100.0,금융업 아님,52911,메인트란스㈜,표준산업분류 52911 — 금융업 아님
로템에스알에스㈜,현대로템(주),100.0,금융업 아님,49211,로템에스알에스㈜,표준산업분류 49211 — 금융업 아님
에스트랜스㈜,현대로템(주),100.0,금융업 아님,4921,에스트랜스㈜,표준산업분류 4921 — 금융업 아님
김포골드라인에스알에스㈜,현대로템(주),100.0,금융업 아님,49211,김포골드라인에스알에스㈜,표준산업분류 49211 — 금융업 아님
㈜밸류포인트,(주)아이마켓코리아,100.0,금융업 아님,33910,㈜밸류포인트,표준산업분류 33910 — 금융업 아님
비투엘물류㈜,(주)아이마켓코리아,100.0,금융업 아님,52992,비투엘물류㈜,표준산업분류 52992 — 금융업 아님
㈜아이로지스틱스,(주)아이마켓코리아,100.0,금융업 아님,75994,㈜아이로지스틱스,표준산업분류 75994 — 금융업 아님
지티엑스씨㈜,현대건설(주),100.0,금융업 아님,49101,지티엑스씨㈜,표준산업분류 49101 — 금융업 아님
PAPUA(파푸아뉴기니),현대건설(주),100.0,금융 키워드 없음,,PAPUA(파푸아뉴기니),코드 없음·금융 키워드 없음 — 비금융 추정 (검토 파일 확인)
MEEDCO(사우디),현대건설(주),100.0,금융 키워드 없음,,MEEDCO(사우디),코드 없음·금융 키워드 없음 — 비금융 추정 (검토 파일 확인)
DOBR(브라질),현대건설(주),100.0,금융 키워드 없음,,DOBR(브라질),코드 없음·금융 키워드 없음 — 비금융 추정 (검토 파일 확인)
㈜하누리,LG전자(주),100.0,금융업 아님,74211,㈜하누리,표준산업분류 74211 — 금융업 아님
㈜하이텔레서비스,LG전자(주),100.0,금융업 아님,75991,㈜하이텔레서비스,표준산업분류 75991 — 금융업 아님
㈜하이프라자,LG전자(주),100.0,금융업 아님,47320,㈜하이프라자,표준산업분류 47320 — 금융업 아님
하이엠솔루텍㈜,LG전자(주),100.0,금융업 아님,3402,하이엠솔루텍㈜,표준산업분류 3402 — 금융업 아님
(주)E1물류,(주)E1,100.0,금융업 아님,49301,(주)E1물류,표준산업분류 49301 — 금융업 아님
㈜E1쏠라,(주)E1,100.0,금융 키워드 없음,,㈜E1쏠라,코드 없음·금융 키워드 없음 — 비금융 추정 (검토 파일 확인)
(주)운해연구원,(주)SNT홀딩스,100.0,금융 키워드 없음,,(주)운해연구원,코드 없음·금융 키워드 없음 — 비금융 추정 (검토 파일 확인)
(주)SNT로보틱스,(주)SNT홀딩스,100.0,금융 키워드 없음,,(주)SNT로보틱스,코드 없음·금융 키워드 없음 — 비금융 추정 (검토 파일 확인)
(주)수산이앤에스,(주)수산인더스트리,100.0,금융업 아님,72129,(주)수산이앤에스,표준산업분류 72129 — 금융업 아님
대한오션웍스(주),대한전선(주),100.0,금융업 아님,4231,대한오션웍스(주),표준산업분류 4231 — 금융업 아님
대한씨앤에스(주),대한전선(주),100.0,금융업 아님,4231,대한씨앤에스(주),표준산업분류 4231 — 금융업 아님
(주)비체팰리스,모나용평(주),100.0,금융 키워드 없음,,(주)비체팰리스,코드 없음·금융 키워드 없음 — 비금융 추정 (검토 파일 확인)
모나파크(주),모나용평(주),100.0,금융 키워드 없음,,모나파크(주),코드 없음·금융 키워드 없음 — 비금융 추정 (검토 파일 확인)
(주)비상캠퍼스,(주)비상교육,100.0,금융 키워드 없음,,(주)비상캠퍼스,코드 없음·금융 키워드 없음 — 비금융 추정 (검토 파일 확인)
(주)비상교과서,(주)비상교육,100.0,금융 키워드 없음,,(주)비상교과서,코드 없음·금융 키워드 없음 — 비금융 추정 (검토 파일 확인)
(주)휴먼티에스에스,(주)에스원,100.0,금융업 아님,75310,(주)휴먼티에스에스,표준산업분류 75310 — 금융업 아님
에스원씨알엠(주),(주)에스원,100.0,금융업 아님,75991,에스원씨알엠(주),표준산업분류 75991 — 금융업 아님
"UJC(해외,종속회사)",(주)유니드,100.0,금융 키워드 없음,,"UJC(해외,종속회사)",코드 없음·금융 키워드 없음 — 비금융 추정 (검토 파일 확인)
"OJC(해외,종속회사)",(주)유니드,100.0,금융 키워드 없음,,"OJC(해외,종속회사)",코드 없음·금융 키워드 없음 — 비금융 추정 (검토 파일 확인)
셀트리온바이오솔루션스,(주)셀트리온,100.0,금융업 아님,70113,셀트리온바이오솔루션스,표준산업분류 70113 — 금융업 아님
(주)에이치알티로보틱스,(주)와이투솔루션,100.0,금융 키워드 없음,,(주)에이치알티로보틱스,코드 없음·금융 키워드 없음 — 비금융 추정 (검토 파일 확인)
콜마글로벌(주),콜마홀딩스(주),100.0,금융업 아님,70113,콜마글로벌(주),표준산업분류 70113 — 금융업 아님
(주)플래닛147,콜마홀딩스(주),100.0,금융업 아님,46443,(주)플래닛147,표준산업분류 46443 — 금융업 아님
여수그린에너지,(주)E1,100.0,금융업 아님,3511,여수그린에너지,표준산업분류 3511 — 금융업 아님
인천클린에너지허브㈜,(주)E1,100.0,금융업 아님,3520,인천클린에너지허브㈜,표준산업분류 3520 — 금융업 아님
(주)E1컨테이너터미널,(주)E1,100.0,금융업 아님,52921,(주)E1컨테이너터미널,표준산업분류 52921 — 금융업 아님
현대도시개발㈜,현대건설(주),100.0,금융업 아님,68129,현대도시개발㈜,표준산업분류 68129 — 금융업 아님
㈜알이씨데이터센터,한화솔루션(주),100.0,금융업 아님,68122,㈜알이씨데이터센터,표준산업분류 68122 — 금융업 아님
경포올림픽카운티(주),모나용평(주),100.0,금융업 아님,68122,경포올림픽카운티(주) (주2),표준산업분류 68122 — 금융업 아님
(주)예스코,(주)INVENI,100.0,금융업 아님,3520,(주)예스코,표준산업분류 3520 — 금융업 아님
(주)에비오시스 테크놀러지스,한국항공우주산업(주),100.0,금융업 아님,31322,(주)에비오시스 테크놀러지스,표준산업분류 31322 — 금융업 아님
에스앤케이항공(주),한국항공우주산업(주),100.0,금융업 아님,31322,에스앤케이항공(주),표준산업분류 31322 — 금융업 아님
㈜티에스이엔지,(주)씨케이솔루션,100.0,금융 키워드 없음,,㈜티에스이엔지,코드 없음·금융 키워드 없음 — 비금융 추정 (검토 파일 확인)
(주)한화도시개발,한화솔루션(주),100.0,금융업 아님,68129,(주)한화도시개발,표준산업분류 68129 — 금융업 아님
한화이센셜㈜,한화솔루션(주),100.0,금융업 아님,26299,한화이센셜㈜,표준산업분류 26299 — 금융업 아님
한화컴파운드㈜,한화솔루션(주),100.0,금융업 아님,20202,한화컴파운드㈜,표준산업분류 20202 — 금융업 아님
하이케어솔루션㈜,LG전자(주),100.0,금융업 아님,7599,하이케어솔루션㈜,표준산업분류 7599 — 금융업 아님
에이스냉동공조㈜,LG전자(주),100.0,금융업 아님,29172,에이스냉동공조㈜,표준산업분류 29172 — 금융업 아님
한솔에코패키징(주),한솔제지(주),100.0,금융업 아님,17223,한솔에코패키징(주),표준산업분류 17223 — 금융업 아님
(주)삼양에코테크,주식회사 삼양패키징,100.0,금융업 아님,38,(주)삼양에코테크,표준산업분류 38 — 금융업 아님
효성네오켐홀딩스㈜,효성티앤씨(주),100.0,금융업 아님,7153,효성네오켐홀딩스㈜,표준산업분류 7153 — 금융업 아님
수원삼성축구단㈜,(주)제일기획,100.0,금융업 아님,911,수원삼성축구단㈜,표준산업분류 911 — 금융업 아님
모나용평고창(주),모나용평(주),100.0,금융 키워드 없음,,모나용평고창(주),코드 없음·금융 키워드 없음 — 비금융 추정 (검토 파일 확인)
고려항만㈜,(주)케이씨티시,100.0,금융업 아님,5294,고려항만㈜,표준산업분류 5294 — 금융업 아님
극동케미칼(주),극동유화(주),100.0,금융 키워드 없음,,"극동케미칼(주)
(*1)",코드 없음·금융 키워드 없음 — 비금융 추정 (검토 파일 확인)
일진디앤코(주),일진홀딩스(주),100.0,금융업 아님,681,일진디앤코(주),표준산업분류 681 — 금융업 아님
㈜화승네트웍스,(주)화승코퍼레이션,100.0,금융업 아님,46800,㈜화승네트웍스,표준산업분류 46800 — 금융업 아님
산동삼진전장(유),(주)티에이치엔,100.0,금융 키워드 없음,,산동삼진전장(유),코드 없음·금융 키워드 없음 — 비금융 추정 (검토 파일 확인)
삼동삼신전자(유),(주)티에이치엔,100.0,금융 키워드 없음,,삼동삼신전자(유),코드 없음·금융 키워드 없음 — 비금융 추정 (검토 파일 확인)
위해삼현전자과기(유),(주)티에이치엔,100.0,금융 키워드 없음,,위해삼현전자과기(유),코드 없음·금융 키워드 없음 — 비금융 추정 (검토 파일 확인)
쿠쿠전자주식회사,쿠쿠홀딩스(주),100.0,금융업 아님,28511,쿠쿠전자주식회사,표준산업분류 28511 — 금융업 아님
㈜케이이씨디바이스,(주)한국전자홀딩스,100.0,금융업 아님,68112,㈜케이이씨디바이스,표준산업분류 68112 — 금융업 아님
한국전자판매㈜,(주)한국전자홀딩스,100.0,금융업 아님,46595,한국전자판매㈜,표준산업분류 46595 — 금융업 아님
(주)화승티앤드씨,주식회사 화승알앤에이,100.0,금융 키워드 없음,,(주)화승티앤드씨,코드 없음·금융 키워드 없음 — 비금융 추정 (검토 파일 확인)
지에이엠코리아 주식회사,애경케미칼(주),100.0,금융업 아님,2049,지에이엠코리아 주식회사,표준산업분류 2049 — 금융업 아님
광주투자개발㈜,애경케미칼(주),100.0,금융업 아님,91121,광주투자개발㈜,표준산업분류 91121 — 금융업 아님
애경스페셜티㈜,애경케미칼(주),100.0,금융업 아님,20411,애경스페셜티㈜,표준산업분류 20411 — 금융업 아님
이음 주식회사,기아(주),100.0,금융업 아님,46800,이음 주식회사,표준산업분류 46800 — 금융업 아님
㈜서연오토비전,(주)서연이화,100.0,금융업 아님,30,㈜서연오토비전,표준산업분류 30 — 금융업 아님
고려사일로㈜,(주)케이씨티시,100.0,금융업 아님,52942,고려사일로㈜,표준산업분류 52942 — 금융업 아님
고려강재장,(주)케이씨티시,100.0,금융업 아님,25114,고려강재장,표준산업분류 25114 — 금융업 아님
태경가스기술(주),태경케미컬 주식회사,100.0,금융 키워드 없음,,태경가스기술(주),코드 없음·금융 키워드 없음 — 비금융 추정 (검토 파일 확인)
미스토코리아㈜,(주)미스토홀딩스,100.0,금융업 아님,464,미스토코리아㈜,표준산업분류 464 — 금융업 아님
주식회사 매그너스홀딩스,(주)미스토홀딩스,100.0,지주회사,64992,주식회사 매그너스홀딩스,지주회사(64992) — 사업 자회사를 묶는 중간지주·기금
(주)휴비스글로벌,(주)휴비스,100.0,금융 키워드 없음,,(주)휴비스글로벌,코드 없음·금융 키워드 없음 — 비금융 추정 (검토 파일 확인)
주식회사 솔루엠시스템즈,주식회사 솔루엠,100.0,금융 키워드 없음,,주식회사 솔루엠시스템즈,코드 없음·금융 키워드 없음 — 비금융 추정 (검토 파일 확인)
주식회사 솔루엠씨에스,주식회사 솔루엠,100.0,금융 키워드 없음,,주식회사 솔루엠씨에스,코드 없음·금융 키워드 없음 — 비금융 추정 (검토 파일 확인)
주식회사 와이스타씨엔에스,주식회사 솔루엠,100.0,금융 키워드 없음,,주식회사 와이스타씨엔에스,코드 없음·금융 키워드 없음 — 비금융 추정 (검토 파일 확인)
주식회사 와이스타에셋,주식회사 솔루엠,100.0,금융 키워드 없음,,주식회사 와이스타에셋,코드 없음·금융 키워드 없음 — 비금융 추정 (검토 파일 확인)
주식회사 와이스타이엔씨,주식회사 솔루엠,100.0,금융 키워드 없음,,주식회사 와이스타이엔씨,코드 없음·금융 키워드 없음 — 비금융 추정 (검토 파일 확인)
주식회사 케이앤이,깨끗한나라(주),100.0,금융 키워드 없음,,주식회사 케이앤이,코드 없음·금융 키워드 없음 — 비금융 추정 (검토 파일 확인)
㈜서연인더스트리,(주)서연이화,100.0,금융 키워드 없음,,㈜서연인더스트리,코드 없음·금융 키워드 없음 — 비금융 추정 (검토 파일 확인)
신라에이치엠 주식회사,(주)호텔신라,100.0,금융업 아님,55101,신라에이치엠 주식회사,표준산업분류 55101 — 금융업 아님
돈돈팜(주),CJ제일제당(주),99.99,금융업 아님,01220,돈돈팜(주),표준산업분류 01220 — 금융업 아님
한일레저,(주)한진중공업홀딩스,99.99,금융업 아님,91121,한일레저,표준산업분류 91121 — 금융업 아님
케이지스틸India,KG스틸(주),99.99,금융 키워드 없음,,케이지스틸India,코드 없음·금융 키워드 없음 — 비금융 추정 (검토 파일 확인)
다우재팬㈜,(주)다우기술,99.99,금융 키워드 없음,,다우재팬㈜,코드 없음·금융 키워드 없음 — 비금융 추정 (검토 파일 확인)
엠씨넥스INDIA,(주)엠씨넥스,99.99,금융 키워드 없음,,엠씨넥스INDIA,코드 없음·금융 키워드 없음 — 비금융 추정 (검토 파일 확인)
㈜대교에듀캠프,(주)대교,99.99,금융업 아님,85,㈜대교에듀캠프,표준산업분류 85 — 금융업 아님
롯데지에프알,롯데쇼핑(주),99.99,금융업 아님,14112,롯데지에프알(비상장),표준산업분류 14112 — 금융업 아님
㈜조선호텔앤리조트,(주)이마트,99.96,금융업 아님,55101,㈜조선호텔앤리조트,표준산업분류 55101 — 금융업 아님
(주)파주영농,대성산업(주),99.95,금융 키워드 없음,,(주)파주영농,코드 없음·금융 키워드 없음 — 비금융 추정 (검토 파일 확인)
씨에스유통,롯데쇼핑(주),99.95,금융업 아님,47121,씨에스유통(비상장),표준산업분류 47121 — 금융업 아님
(주)트라이씨클,(주)LF,99.94,금융업 아님,4791,(주)트라이씨클,표준산업분류 4791 — 금융업 아님
나투라미디어(주),페이퍼코리아(주),99.9,금융업 아님,2049,나투라미디어(주),표준산업분류 2049 — 금융업 아님
(주)SBS에이앤티,(주)SBS,99.73,금융 키워드 없음,,(주)SBS에이앤티,코드 없음·금융 키워드 없음 — 비금융 추정 (검토 파일 확인)
㈜하이원추추파크,(주)강원랜드,99.64,금융업 아님,55103,㈜하이원추추파크,표준산업분류 55103 — 금융업 아님
(주)삼영캐스코,(주)삼영,99.63,금융 키워드 없음,,(주)삼영캐스코,코드 없음·금융 키워드 없음 — 비금융 추정 (검토 파일 확인)
㈜미디어로그,(주)LG유플러스,99.6,금융업 아님,61299,㈜미디어로그,표준산업분류 61299 — 금융업 아님
SK플래닛㈜,에스케이스퀘어 주식회사,99.5,금융업 아님,7599,SK플래닛㈜,표준산업분류 7599 — 금융업 아님
넷마블넥서스㈜,넷마블(주),99.49,금융업 아님,5821,넷마블넥서스㈜,표준산업분류 5821 — 금융업 아님
㈜삼송캐스터,(주)삼익악기,99.38,금융업 아님,31999,㈜삼송캐스터,표준산업분류 31999 — 금융업 아님
한진정보통신㈜,(주)대한항공,99.35,금융업 아님,58221,한진정보통신㈜,표준산업분류 58221 — 금융업 아님
송도랜드마크시티(유),현대건설(주),99.3,금융업 아님,6812,송도랜드마크시티(유),표준산업분류 6812 — 금융업 아님
삼성전자서비스㈜,삼성전자(주),99.3,금융업 아님,95310,삼성전자서비스㈜,표준산업분류 95310 — 금융업 아님
스튜디오에스㈜,(주)SBS,99.25,금융업 아님,591,스튜디오에스㈜(구:(㈜SBS콘텐츠허브)(주1),표준산업분류 591 — 금융업 아님
성문디엠주식회사,성문전자(주),99.2,금융 키워드 없음,,성문디엠주식회사,코드 없음·금융 키워드 없음 — 비금융 추정 (검토 파일 확인)
㈜지에스네트웍스,(주)지에스리테일,99.2,금융업 아님,52,㈜지에스네트웍스,표준산업분류 52 — 금융업 아님
㈜아이아이씨컴퍼니,(주)아이마켓코리아,99.2,금융업 아님,4791,㈜아이아이씨컴퍼니,표준산업분류 4791 — 금융업 아님
(주)마포애경타운,AK홀딩스(주),99.11,금융 키워드 없음,,(주)마포애경타운,코드 없음·금융 키워드 없음 — 비금융 추정 (검토 파일 확인)
(주)쏠리스장흥,다스코(주),99.1,금융 키워드 없음,,(주)쏠리스장흥,코드 없음·금융 키워드 없음 — 비금융 추정 (검토 파일 확인)
㈜KBI에이스텍,케이비아이동국실업(주),99.1,금융 키워드 없음,,㈜KBI에이스텍,코드 없음·금융 키워드 없음 — 비금융 추정 (검토 파일 확인)
SK브로드밴드㈜,SK텔레콤(주),99.1,금융업 아님,61210,SK브로드밴드㈜,표준산업분류 61210 — 금융업 아님
칠레 차카오 교량공사 시공법인,현대건설(주),99.0,금융 키워드 없음,,칠레 차카오 교량공사 시공법인,코드 없음·금융 키워드 없음 — 비금융 추정 (검토 파일 확인)
현대아이에이치엘,현대모비스(주),99.0,금융업 아님,30,현대아이에이치엘,표준산업분류 30 — 금융업 아님
(주)태우,(주)대창,99.0,금융업 아님,263,(주)태우,표준산업분류 263 — 금융업 아님
신성이엔지인디아,주식회사 신성이엔지,99.0,금융 키워드 없음,,신성이엔지인디아,코드 없음·금융 키워드 없음 — 비금융 추정 (검토 파일 확인)
태극제약 (주),(주)LG생활건강,99.0,금융업 아님,21212,태극제약 (주),표준산업분류 21212 — 금융업 아님
한화오션에코텍(주),한화오션(주),99.0,금융업 아님,31114,한화오션에코텍(주),표준산업분류 31114 — 금융업 아님
글로벌아그로(주),(주)경농,99.0,금융업 아님,68112,글로벌아그로(주),표준산업분류 68112 — 금융업 아님
㈜엔에이치엔여행박사,엔에이치엔(주),98.83,금융업 아님,75210,㈜엔에이치엔여행박사,표준산업분류 75210 — 금융업 아님
롯데울산개발,롯데쇼핑(주),98.81,금융업 아님,68122,롯데울산개발(비상장)(*3),표준산업분류 68122 — 금융업 아님
문경에스코(주),한솔제지(주),98.79,금융업 아님,382,문경에스코(주),표준산업분류 382 — 금융업 아님
(주)디지털킹덤홀딩스,(주)이엔플러스,98.77,금융업 아님,71531,(주)디지털킹덤홀딩스,표준산업분류 71531 — 금융업 아님
(주)인덜지,(주)LF,98.68,금융업 아님,46331,(주)인덜지,표준산업분류 46331 — 금융업 아님
농업회사법인 (주)오설록농장,(주)아모레퍼시픽홀딩스,98.6,금융업 아님,01132,농업회사법인 (주)오설록농장,표준산업분류 01132 — 금융업 아님
(주)에르무루스,한미사이언스(주),98.6,금융 키워드 없음,,(주)에르무루스,코드 없음·금융 키워드 없음 — 비금융 추정 (검토 파일 확인)
㈜코스모코스,(주)케이티앤지,98.56,금융업 아님,20423,㈜코스모코스,표준산업분류 20423 — 금융업 아님
㈜경동,(주)경동인베스트,98.55,금융업 아님,4112,㈜경동,표준산업분류 4112 — 금융업 아님
에어플러그,현대자동차(주),98.46,금융 키워드 없음,,에어플러그,코드 없음·금융 키워드 없음 — 비금융 추정 (검토 파일 확인)
㈜케이티엠오에스남부,(주)케이티,98.4,금융업 아님,61220,㈜케이티엠오에스남부,표준산업분류 61220 — 금융업 아님
㈜파파모빌리티,(주)코오롱,98.3,금융업 아님,582,㈜파파모빌리티(주8),표준산업분류 582 — 금융업 아님
롯데자이언츠,롯데지주(주),98.1,금융업 아님,91191,롯데자이언츠,표준산업분류 91191 — 금융업 아님
(주)이노빌,(주)화신,98.1,금융업 아님,30320,(주)이노빌,표준산업분류 30320 — 금융업 아님
에스제이지아센텍(주),에스제이지세종(주),98.09,금융업 아님,26294,에스제이지아센텍(주)(*2),표준산업분류 26294 — 금융업 아님
㈜카카오엔터프라이즈,(주)카카오,98.05,금융업 아님,58222,㈜카카오엔터프라이즈,표준산업분류 58222 — 금융업 아님
㈜서울아레나,(주)카카오,98.04,금융업 아님,90191,㈜서울아레나,표준산업분류 90191 — 금융업 아님
(주)동아티브이,(주)LF,97.98,금융업 아님,60210,(주)동아티브이,표준산업분류 60210 — 금융업 아님
신세계까사,(주)신세계,97.9,금융업 아님,47520,신세계까사,표준산업분류 47520 — 금융업 아님
알파플러스 그로쓰밸류,현대엘리베이터(주),97.68,금융 키워드 없음,,알파플러스 그로쓰밸류(구. 아샘포커스전문투자형 사모투자신탁3호),코드 없음·금융 키워드 없음 — 비금융 추정 (검토 파일 확인)
농업회사법인 굿가든,서울도시가스(주),97.47,금융업 아님,0112,농업회사법인 굿가든,표준산업분류 0112 — 금융업 아님
코스맥스이스트(주),코스맥스(주),97.17,금융업 아님,20423,코스맥스이스트(주),표준산업분류 20423 — 금융업 아님
(주)팜스코 바이오인티,(주)팜스코,97.15,금융 키워드 없음,,"(주)팜스코
바이오인티",코드 없음·금융 키워드 없음 — 비금융 추정 (검토 파일 확인)
유농영농조합 법인,(주)유니온,97.11,금융 키워드 없음,,"유농영농조합
법인(*주6)",코드 없음·금융 키워드 없음 — 비금융 추정 (검토 파일 확인)
성신씨엠(주),성신양회(주),97.1,금융업 아님,23993,성신씨엠(주),표준산업분류 23993 — 금융업 아님
KC글라스㈜,케이씨그린홀딩스(주),97.09,금융업 아님,23192,KC글라스㈜,표준산업분류 23192 — 금융업 아님
(주)프라이맥스,태양금속공업(주),96.9,금융업 아님,30,(주)프라이맥스,표준산업분류 30 — 금융업 아님
(주)평화이엔지,평화홀딩스(주),96.79,금융업 아님,29293,(주)평화이엔지,표준산업분류 29293 — 금융업 아님
훼미리식품㈜,해태제과식품주식회사,96.79,금융업 아님,10603,훼미리식품㈜,표준산업분류 10603 — 금융업 아님
HD현대삼호㈜,에이치디한국조선해양(주),96.65,금융업 아님,3111,HD현대삼호㈜,표준산업분류 3111 — 금융업 아님
(주)아트밸리,(주)크라운해태홀딩스,96.5,금융업 아님,6811,(주)아트밸리,표준산업분류 6811 — 금융업 아님
코오롱모빌리티그룹 보통주,(주)코오롱,96.4,금융 키워드 없음,,"코오롱모빌리티그룹
보통주 (주1),(주7)",코드 없음·금융 키워드 없음 — 비금융 추정 (검토 파일 확인)
한전원자력연료(주),한국전력공사(주),96.36,금융업 아님,20129,한전원자력연료(주),표준산업분류 20129 — 금융업 아님
(주)한국코스모,(주)서흥,96.33,금융업 아님,20423,(주)한국코스모,표준산업분류 20423 — 금융업 아님
조치원식품(주),샘표(주),96.3,금융 키워드 없음,,조치원식품(주),코드 없음·금융 키워드 없음 — 비금융 추정 (검토 파일 확인)
㈜오토유레카,(주)우진,96.23,금융 키워드 없음,,㈜오토유레카,코드 없음·금융 키워드 없음 — 비금융 추정 (검토 파일 확인)
코리아에너지발전소(주),금호석유화학(주),96.13,금융업 아님,3511,코리아에너지발전소(주),표준산업분류 3511 — 금융업 아님
KIS정보통신(주),(주)NICE홀딩스,96.1,금융업 아님,61299,KIS정보통신(주),표준산업분류 61299 — 금융업 아님
㈜비즈테크온,(주)엘지씨엔에스,96.09,금융업 아님,7512,㈜비즈테크온,표준산업분류 7512 — 금융업 아님
㈜비즈테크아이,(주)엘지씨엔에스,96.09,금융업 아님,6202,㈜비즈테크아이,표준산업분류 6202 — 금융업 아님
최신물산㈜,(주)백산,96.03,금융업 아님,14300,최신물산㈜,표준산업분류 14300 — 금융업 아님
메가박스중앙(주),(주)콘텐트리중앙,96.0,금융업 아님,59141,메가박스중앙(주),표준산업분류 59141 — 금융업 아님
㈜리얼티어드바이저스코리아,(주)SH에너지화학,96.0,금융업 아님,68212,㈜리얼티어드바이저스코리아,표준산업분류 68212 — 금융업 아님
효성비에이솔라㈜,효성중공업(주),96.0,금융업 아님,71531,효성비에이솔라㈜,표준산업분류 71531 — 금융업 아님
스위트밀㈜,코오롱인더스트리(주),95.92,금융업 아님,1060,스위트밀㈜,표준산업분류 1060 — 금융업 아님
㈜웅진컴퍼스,(주)웅진씽크빅,95.9,금융업 아님,58,㈜웅진컴퍼스,표준산업분류 58 — 금융업 아님
㈜한국케이블텔레콤,태광산업(주),95.82,금융업 아님,61299,㈜한국케이블텔레콤,표준산업분류 61299 — 금융업 아님
(주)엔케이텍,(주)엔케이,95.77,금융업 아님,291,(주)엔케이텍,표준산업분류 291 — 금융업 아님
펄테크(주)),교촌에프앤비(주),95.71,금융 키워드 없음,,"펄테크(주)(구, 케이앤엘팩(주))",코드 없음·금융 키워드 없음 — 비금융 추정 (검토 파일 확인)
(주)신세계톰보이,(주)신세계인터내셔날,95.44,금융업 아님,4741,(주)신세계톰보이,표준산업분류 4741 — 금융업 아님
대상웰라이프㈜,대상홀딩스(주),95.24,금융업 아님,10897,대상웰라이프㈜,표준산업분류 10897 — 금융업 아님
HDC아이앤콘스,에이치디씨(주),95.2,금융 키워드 없음,,HDC아이앤콘스,코드 없음·금융 키워드 없음 — 비금융 추정 (검토 파일 확인)
인천신세계,(주)신세계,95.1,금융업 아님,47,인천신세계,표준산업분류 47 — 금융업 아님
농업회사법인(주)대한에코팜,대한제분(주),95.01,금융업 아님,01220,농업회사법인(주)대한에코팜,표준산업분류 01220 — 금융업 아님
코크렙안양(주),(주)LF,95.0,금융업 아님,68122,코크렙안양(주),표준산업분류 68122 — 금융업 아님
바른인천가좌피에프브이(4종),부국증권(주),95.0,금융 키워드 없음,,바른인천가좌피에프브이(4종),코드 없음·금융 키워드 없음 — 비금융 추정 (검토 파일 확인)
㈜한국글로발로지스틱스시스템,(주)대한항공,95.0,금융업 아님,63112,㈜한국글로발로지스틱스시스템,표준산업분류 63112 — 금융업 아님
풍산특수금속㈜,(주)풍산홀딩스,95.0,금융업 아님,24121,풍산특수금속㈜,표준산업분류 24121 — 금융업 아님
CITRA(인니),현대건설(주),95.0,금융 키워드 없음,,CITRA(인니),코드 없음·금융 키워드 없음 — 비금융 추정 (검토 파일 확인)
LS아이앤디,(주)LS,95.0,금융업 아님,68112,LS아이앤디,표준산업분류 68112 — 금융업 아님
㈜프레시코,에이치엘비글로벌(주),95.0,금융업 아님,10309,㈜프레시코,표준산업분류 10309 — 금융업 아님
동건레미콘,(주)동양,95.0,금융 키워드 없음,,동건레미콘,코드 없음·금융 키워드 없음 — 비금융 추정 (검토 파일 확인)
와플랫㈜,엔에이치엔(주),95.0,금융 키워드 없음,,와플랫㈜,코드 없음·금융 키워드 없음 — 비금융 추정 (검토 파일 확인)
농심이스포츠㈜,(주)농심,95.0,금융업 아님,91191,농심이스포츠㈜,표준산업분류 91191 — 금융업 아님
지타운피에프브이㈜,넷마블(주),95.0,금융업 아님,68112,지타운피에프브이㈜,표준산업분류 68112 — 금융업 아님
㈜한국엔지니어링웍스,한국타이어앤테크놀로지(주),95.0,금융업 아님,292,㈜한국엔지니어링웍스,표준산업분류 292 — 금융업 아님
시흥거모피에프브이㈜,계룡건설산업(주),95.0,금융업 아님,68121,시흥거모피에프브이㈜,표준산업분류 68121 — 금융업 아님
SGC그린파워(주),SGC에너지(주),95.0,금융 키워드 없음,,SGC그린파워(주),코드 없음·금융 키워드 없음 — 비금융 추정 (검토 파일 확인)
씨제이브리딩(주),CJ제일제당(주),94.88,금융업 아님,0111,씨제이브리딩(주),표준산업분류 0111 — 금융업 아님
국제케어주식회사,국제약품(주),94.67,금융 키워드 없음,,국제케어주식회사,코드 없음·금융 키워드 없음 — 비금융 추정 (검토 파일 확인)
㈜글로우원과 종속기업,(주)티엠씨,94.6,금융 키워드 없음,,㈜글로우원과 종속기업,코드 없음·금융 키워드 없음 — 비금융 추정 (검토 파일 확인)
오리온제주용암수,(주)오리온홀딩스,94.56,금융업 아님,11209,오리온제주용암수,표준산업분류 11209 — 금융업 아님
(주)엘에프푸드(*),(주)LF,94.42,금융 키워드 없음,,(주)엘에프푸드(*),코드 없음·금융 키워드 없음 — 비금융 추정 (검토 파일 확인)
토파스여행정보㈜,(주)한진칼,94.35,금융업 아님,63991,토파스여행정보㈜,표준산업분류 63991 — 금융업 아님
HDC영창,에이치디씨(주),94.3,금융 키워드 없음,,HDC영창,코드 없음·금융 키워드 없음 — 비금융 추정 (검토 파일 확인)
(주)레진엔터테인먼트,(주)키다리스튜디오,94.29,금융업 아님,63991,(주)레진엔터테인먼트,표준산업분류 63991 — 금융업 아님
(주)리빙스타,대림통상(주),94.1,금융 키워드 없음,,"(주)리빙스타
(비상장)",코드 없음·금융 키워드 없음 — 비금융 추정 (검토 파일 확인)
엔에이치엔커머스㈜,엔에이치엔(주),94.1,금융업 아님,58221,엔에이치엔커머스㈜,표준산업분류 58221 — 금융업 아님
㈜지씨케어,(주)녹십자홀딩스,94.0,금융 키워드 없음,,㈜지씨케어(*1),코드 없음·금융 키워드 없음 — 비금융 추정 (검토 파일 확인)
(주)아이엔테라퓨틱스,(주)대웅제약,93.91,금융업 아님,70113,(주)아이엔테라퓨틱스,표준산업분류 70113 — 금융업 아님
롯데멤버스,롯데지주(주),93.88,금융업 아님,75999,롯데멤버스,표준산업분류 75999 — 금융업 아님
플라맥스(주),(주)모나미,93.41,금융업 아님,22299,"플라맥스(주)(주4)
(비상장)",표준산업분류 22299 — 금융업 아님
성신레미컨(주),성신양회(주),93.4,금융업 아님,23322,성신레미컨(주),표준산업분류 23322 — 금융업 아님
에스비바이오팜(주),(주)유한양행,93.2,금융업 아님,10902,"에스비바이오팜(주)
(보통주)",표준산업분류 10902 — 금융업 아님
지타워㈜,넷마블(주),93.02,금융업 아님,68122,"지타워㈜(구,지스퀘어피에프브이㈜)",표준산업분류 68122 — 금융업 아님
농업회사법인 (주)더기반,(주)노루홀딩스,93.0,금융 키워드 없음,,"농업회사법인
(주)더기반",코드 없음·금융 키워드 없음 — 비금융 추정 (검토 파일 확인)
LS전선,(주)LS,93.0,금융업 아님,2830,LS전선,표준산업분류 2830 — 금융업 아님
(주)엔코아,SK네트웍스(주),93.0,금융업 아님,6202,(주)엔코아,표준산업분류 6202 — 금융업 아님
메디베이트,(주)녹십자홀딩스,92.9,금융 키워드 없음,,메디베이트(*8),코드 없음·금융 키워드 없음 — 비금융 추정 (검토 파일 확인)
케이티텔레캅㈜,(주)케이티,92.7,금융업 아님,75310,케이티텔레캅㈜,표준산업분류 75310 — 금융업 아님
㈜케이티클라우드,(주)케이티,92.6,금융업 아님,63120,㈜케이티클라우드,표준산업분류 63120 — 금융업 아님
디유푸드㈜,대상(주),92.5,금융 키워드 없음,,디유푸드㈜,코드 없음·금융 키워드 없음 — 비금융 추정 (검토 파일 확인)
코리아세븐,롯데지주(주),92.47,금융업 아님,4610,코리아세븐,표준산업분류 4610 — 금융업 아님
STX에어로서비스㈜,(주)STX,92.31,금융 키워드 없음,,STX에어로서비스㈜,코드 없음·금융 키워드 없음 — 비금융 추정 (검토 파일 확인)
세방리튬배터리,세방전지(주),92.07,금융업 아님,28113,세방리튬배터리,표준산업분류 28113 — 금융업 아님
농업회사법인(주) 사조프레시미트,사조씨푸드(주),92.0,금융업 아님,10129,"농업회사법인(주)
사조프레시미트",표준산업분류 10129 — 금융업 아님
㈜케이티디에스,(주)케이티,91.6,금융업 아님,62021,㈜케이티디에스,표준산업분류 62021 — 금융업 아님
㈜두산모빌리티이노베이션,(주)두산,91.55,금융업 아님,28111,㈜두산모빌리티이노베이션,표준산업분류 28111 — 금융업 아님
세메스㈜,삼성전자(주),91.5,금융업 아님,29271,세메스㈜,표준산업분류 29271 — 금융업 아님
(주)페럼인프라,동국홀딩스(주),91.38,금융업 아님,68,(주)페럼인프라(*2),표준산업분류 68 — 금융업 아님
(주)고강알루미늄,(주)알루코,91.38,금융업 아님,24222,(주)고강알루미늄,표준산업분류 24222 — 금융업 아님
제이에이치 화학공업(주),(주)엘앤에프,91.29,금융업 아님,28202,"제이에이치
화학공업(주)",표준산업분류 28202 — 금융업 아님
대륜E&S,(주)한진중공업홀딩스,91.08,금융업 아님,35200,대륜E&S,표준산업분류 35200 — 금융업 아님
인천북항운영(주),(주)에이치제이중공업,91.05,금융업 아님,52942,인천북항운영(주),표준산업분류 52942 — 금융업 아님
디씨아이티와이 인천피에프브이 주식회사,(주)동양,91.0,금융업 아님,6812,"디씨아이티와이
인천피에프브이 
주식회사",표준산업분류 6812 — 금융업 아님
디씨아이티와이 부천피에프브이 주식회사,(주)동양,91.0,금융업 아님,6812,"디씨아이티와이
부천피에프브이 
주식회사",표준산업분류 6812 — 금융업 아님
아토메탈테크코리아㈜,코오롱인더스트리(주),90.99,금융업 아님,2411,아토메탈테크코리아㈜,표준산업분류 2411 — 금융업 아님
㈜케이티스튜디오지니,(주)케이티,90.9,금융업 아님,59114,㈜케이티스튜디오지니,표준산업분류 59114 — 금융업 아님
여주에너지서비스㈜,SK이노베이션(주),90.8,금융업 아님,35113,여주에너지서비스㈜,표준산업분류 35113 — 금융업 아님
(주)빅썸바이오,롯데칠성음료(주),90.59,금융업 아님,46329,(주)빅썸바이오(주8),표준산업분류 46329 — 금융업 아님
(주)에스에이치파워,(주)수산인더스트리,90.55,금융업 아님,96999,(주)에스에이치파워,표준산업분류 96999 — 금융업 아님
어업회사법인 에코아쿠아팜㈜,지에스건설(주),90.5,금융업 아님,03213,어업회사법인 에코아쿠아팜㈜,표준산업분류 03213 — 금융업 아님
(주)이니스프리,(주)아모레퍼시픽홀딩스,90.4,금융업 아님,46443,(주)이니스프리,표준산업분류 46443 — 금융업 아님
케이지스틸Thailand,KG스틸(주),90.35,금융 키워드 없음,,케이지스틸Thailand,코드 없음·금융 키워드 없음 — 비금융 추정 (검토 파일 확인)
"에스케이온(주) (주1,2)",SK이노베이션(주),90.3,금융 키워드 없음,,"에스케이온(주) (주1,2)",코드 없음·금융 키워드 없음 — 비금융 추정 (검토 파일 확인)
(주)코스알엑스,(주)아모레퍼시픽,90.3,금융업 아님,20423,(주)코스알엑스,표준산업분류 20423 — 금융업 아님
벽산페인트(주),(주)벽산,90.26,금융업 아님,20411,벽산페인트(주),표준산업분류 20411 — 금융업 아님
(주)에스엠면세점,(주)하나투어,90.13,금융업 아님,471,(주)에스엠면세점(*3),표준산업분류 471 — 금융업 아님
에이치엘리츠운용 주식회사,에이치엘홀딩스(주),90.1,금융업 아님,68212,에이치엘리츠운용 주식회사,표준산업분류 68212 — 금융업 아님
나래에너지서비스㈜,SK이노베이션(주),90.1,금융업 아님,35300,나래에너지서비스㈜,표준산업분류 35300 — 금융업 아님
(주)에이치에스머티리얼즈,(주)한솔케미칼,90.01,금융업 아님,20499,(주)에이치에스머티리얼즈,표준산업분류 20499 — 금융업 아님
발왕산1458(주),모나용평(주),90.0,금융 키워드 없음,,발왕산1458(주),코드 없음·금융 키워드 없음 — 비금융 추정 (검토 파일 확인)
안산그린에너지(주),(주)대우건설,90.0,금융업 아님,35119,안산그린에너지(주),표준산업분류 35119 — 금융업 아님
케이엔로지스틱스㈜,(주)케이씨티시,90.0,금융업 아님,52101,케이엔로지스틱스㈜,표준산업분류 52101 — 금융업 아님
디에스우일바이오,주식회사 디에스단석,90.0,금융업 아님,10411,디에스우일바이오,표준산업분류 10411 — 금융업 아님
농업회사법인 에스피팜랜드(유),(주)영풍,90.0,금융업 아님,011,"농업회사법인
에스피팜랜드(유)",표준산업분류 011 — 금융업 아님
씨제이올리브네트웍스㈜,씨제이씨지브이(주),90.0,금융업 아님,6202,씨제이올리브네트웍스㈜,표준산업분류 6202 — 금융업 아님
농업회사법인 코스맥스향약원㈜,코스맥스(주),90.0,금융 키워드 없음,,농업회사법인 코스맥스향약원㈜,코드 없음·금융 키워드 없음 — 비금융 추정 (검토 파일 확인)
농업회사법인 인백팜㈜,(주)녹십자,90.0,금융업 아님,01231,농업회사법인 인백팜㈜,표준산업분류 01231 — 금융업 아님
동양고속미디어,(주)동양고속,90.0,금융 키워드 없음,,동양고속미디어,코드 없음·금융 키워드 없음 — 비금융 추정 (검토 파일 확인)
㈜플레디스엔터테인먼트,(주)하이브,90.0,금융업 아님,73901,㈜플레디스엔터테인먼트(주1),표준산업분류 73901 — 금융업 아님
농업회사법인 (주)팜엔코,(주)팜스코,90.0,금융업 아님,2031,"농업회사법인
(주)팜엔코",표준산업분류 2031 — 금융업 아님
㈜피엘에스,(주)지에스글로벌,90.0,금융업 아님,52101,㈜피엘에스,표준산업분류 52101 — 금융업 아님
에스비위드크롭스(주),에스비성보(주),90.0,금융 키워드 없음,,에스비위드크롭스(주),코드 없음·금융 키워드 없음 — 비금융 추정 (검토 파일 확인)
(주)막스코,(주)LF,90.0,금융업 아님,4641,(주)막스코,표준산업분류 4641 — 금융업 아님
농업회사법인일성주식회사,일성건설(주),90.0,금융업 아님,01123,농업회사법인일성주식회사,표준산업분류 01123 — 금융업 아님
코카콜라음료(주),(주)LG생활건강,90.0,금융업 아님,11209,코카콜라음료(주),표준산업분류 11209 — 금융업 아님
고북주민태양광발전 주식회사,한화솔루션(주),90.0,금융업 아님,42311,고북주민태양광발전 주식회사,표준산업분류 42311 — 금융업 아님
주식회사 문라이트이엔티,(주)MDS스피어,90.0,금융 키워드 없음,,주식회사 문라이트이엔티,코드 없음·금융 키워드 없음 — 비금융 추정 (검토 파일 확인)
(주)엘펨스,엘에스일렉트릭 주식회사,90.0,금융업 아님,76390,(주)엘펨스(*8),표준산업분류 76390 — 금융업 아님
LS사우타㈜,엘에스일렉트릭 주식회사,90.0,금융업 아님,423,LS사우타㈜,표준산업분류 423 — 금융업 아님
씨제이포디플렉스㈜,씨제이씨지브이(주),90.0,금융업 아님,59,씨제이포디플렉스㈜,표준산업분류 59 — 금융업 아님
엘티솔라㈜,엘에스일렉트릭 주식회사,90.0,금융업 아님,35114,엘티솔라㈜(*6),표준산업분류 35114 — 금융업 아님
㈜장수건강,한신공영(주),90.0,금융 키워드 없음,,㈜장수건강,코드 없음·금융 키워드 없음 — 비금융 추정 (검토 파일 확인)
서광씨에스,(주)동양고속,90.0,금융 키워드 없음,,서광씨에스,코드 없음·금융 키워드 없음 — 비금융 추정 (검토 파일 확인)
농업회사법인(주)에프앤아이,(주)LG생활건강,90.0,금융업 아님,01123,농업회사법인(주)에프앤아이,표준산업분류 01123 — 금융업 아님
신안천일염㈜,대상(주),90.0,금융 키워드 없음,,신안천일염㈜,코드 없음·금융 키워드 없음 — 비금융 추정 (검토 파일 확인)
인터지스웅동센터(주),인터지스(주),90.0,금융업 아님,5210,인터지스웅동센터(주),표준산업분류 5210 — 금융업 아님
농업회사법인 에스비위드아그로(주),에스비성보(주),90.0,금융 키워드 없음,,"농업회사법인
 에스비위드아그로(주)",코드 없음·금융 키워드 없음 — 비금융 추정 (검토 파일 확인)
농업회사법인 (주)알앤에프,대한제당(주),90.0,금융업 아님,01220,"농업회사법인
(주)알앤에프",표준산업분류 01220 — 금융업 아님
스노우 주식회사,네이버(주),90.0,금융업 아님,58222,스노우 주식회사,표준산업분류 58222 — 금융업 아님
용인기흥PFV(주),동아쏘시오홀딩스(주),90.0,금융 키워드 없음,,용인기흥PFV(주),코드 없음·금융 키워드 없음 — 비금융 추정 (검토 파일 확인)
만도브로제 주식회사,에이치엘만도(주),90.0,금융업 아님,30,만도브로제 주식회사,표준산업분류 30 — 금융업 아님
사조농산,(주)사조대림,90.0,금융 키워드 없음,,사조농산,코드 없음·금융 키워드 없음 — 비금융 추정 (검토 파일 확인)
농업회사법인여물㈜,고려산업(주),90.0,금융업 아님,012,농업회사법인여물㈜,표준산업분류 012 — 금융업 아님
㈜엣지코어피에프브이,(주)한화,90.0,금융업 아님,68,㈜엣지코어피에프브이,표준산업분류 68 — 금융업 아님
㈜동방광양물류센터,(주)동방,90.0,금융 키워드 없음,,㈜동방광양물류센터,코드 없음·금융 키워드 없음 — 비금융 추정 (검토 파일 확인)
㈜애그리로보텍,(주)선진,90.0,금융업 아님,46,㈜애그리로보텍,표준산업분류 46 — 금융업 아님
(주)가하컨설팅,대성산업(주),90.0,금융업 아님,71532,(주)가하컨설팅,표준산업분류 71532 — 금융업 아님
농업회사법인㈜선진한마을,(주)선진,89.42,금융업 아님,01220,농업회사법인㈜선진한마을,표준산업분류 01220 — 금융업 아님
롯데자산개발,롯데지주(주),89.38,금융업 아님,68112,롯데자산개발,표준산업분류 68112 — 금융업 아님
씨제이대한통운비엔디(주),CJ제일제당(주),89.36,금융업 아님,52101,씨제이대한통운비엔디(주),표준산업분류 52101 — 금융업 아님
코오롱스페이스웍스㈜,(주)코오롱,89.0,금융업 아님,31322,코오롱스페이스웍스㈜(주4),표준산업분류 31322 — 금융업 아님
DL케미칼㈜,디엘 주식회사,88.9,금융업 아님,2020,DL케미칼㈜ (주1),표준산업분류 2020 — 금융업 아님
대흥산업(주),KISCO홀딩스(주),88.7,금융업 아님,681,대흥산업(주),표준산업분류 681 — 금융업 아님
평택에너지앤파워㈜,(주)E1,88.67,금융업 아님,351,평택에너지앤파워㈜,표준산업분류 351 — 금융업 아님
인지컨트롤스 헝가리,인지컨트롤스(주),88.46,금융 키워드 없음,,인지컨트롤스 헝가리,코드 없음·금융 키워드 없음 — 비금융 추정 (검토 파일 확인)
에이플러스리얼티㈜,주식회사 에이플러스에셋어드바이저,88.11,금융업 아님,682,에이플러스리얼티㈜,표준산업분류 682 — 금융업 아님
(주)브이엔티지,(주)세아홀딩스,88.03,금융업 아님,58221,(주)브이엔티지,표준산업분류 58221 — 금융업 아님
고려기공㈜,(주)케이씨티시,88.0,금융업 아님,5299,고려기공㈜,표준산업분류 5299 — 금융업 아님
농업법인 아농(주),아세아시멘트(주),88.0,금융 키워드 없음,,농업법인 아농(주),코드 없음·금융 키워드 없음 — 비금융 추정 (검토 파일 확인)
GS이앤알,(주)GS,87.91,금융업 아님,35300,GS이앤알,표준산업분류 35300 — 금융업 아님
㈜블루원,(주)티와이홀딩스,87.7,금융업 아님,55103,㈜블루원,표준산업분류 55103 — 금융업 아님
디지털데일리,(주)종근당홀딩스,87.7,금융 키워드 없음,,디지털데일리,코드 없음·금융 키워드 없음 — 비금융 추정 (검토 파일 확인)
양포식품(주),샘표(주),87.5,금융 키워드 없음,,양포식품(주),코드 없음·금융 키워드 없음 — 비금융 추정 (검토 파일 확인)
아이파크마리나(주),아이파크현대산업개발(주),87.5,금융업 아님,91,아이파크마리나(주),표준산업분류 91 — 금융업 아님
HDC아이파크몰,에이치디씨(주),87.1,금융 키워드 없음,,HDC아이파크몰,코드 없음·금융 키워드 없음 — 비금융 추정 (검토 파일 확인)
영덕동대산풍력발전(주),(주)도화엔지니어링,87.0,금융 키워드 없음,,영덕동대산풍력발전(주),코드 없음·금융 키워드 없음 — 비금융 추정 (검토 파일 확인)
㈜동방물류센터,(주)동방,87.0,금융업 아님,52101,㈜동방물류센터,표준산업분류 52101 — 금융업 아님
(주)울릉샘물,(주)LG생활건강,87.0,금융업 아님,11202,(주)울릉샘물,표준산업분류 11202 — 금융업 아님
넷마블엔투㈜,넷마블(주),86.78,금융업 아님,5821,넷마블엔투㈜,표준산업분류 5821 — 금융업 아님
한세모빌리티(주),한세예스24홀딩스(주),86.63,금융업 아님,30,"한세모빌리티(주)
(*1)(*2)(*3)",표준산업분류 30 — 금융업 아님
㈜신흥MST,(주)신흥,86.53,금융 키워드 없음,,㈜신흥MST,코드 없음·금융 키워드 없음 — 비금융 추정 (검토 파일 확인)
롯데컬처웍스,롯데쇼핑(주),86.37,금융업 아님,5914,롯데컬처웍스(비상장)(*3),표준산업분류 5914 — 금융업 아님
㈜커브컴퍼니,(주)녹십자홀딩스,86.3,금융 키워드 없음,,㈜커브컴퍼니(*11),코드 없음·금융 키워드 없음 — 비금융 추정 (검토 파일 확인)
청도남남(유),(주)비비안,86.2,금융 키워드 없음,,청도남남(유),코드 없음·금융 키워드 없음 — 비금융 추정 (검토 파일 확인)
(주)백학음료,롯데칠성음료(주),86.06,금융업 아님,11202,(주)백학음료,표준산업분류 11202 — 금융업 아님
케이이티 엔지니어링(주),한국단자공업(주),86.0,금융 키워드 없음,,"케이이티
엔지니어링(주)",코드 없음·금융 키워드 없음 — 비금융 추정 (검토 파일 확인)
(주)이큐포올,(주)디엔오토모티브,86.0,금융업 아님,5822,(주)이큐포올,표준산업분류 5822 — 금융업 아님
에이비테크(주),상신브레이크(주),86.0,금융업 아님,30,에이비테크(주),표준산업분류 30 — 금융업 아님
현대GBFMS㈜,현대엘리베이터(주),85.57,금융 키워드 없음,,현대GBFMS㈜,코드 없음·금융 키워드 없음 — 비금융 추정 (검토 파일 확인)
㈜하울팟,(주)대교,85.56,금융 키워드 없음,,㈜하울팟,코드 없음·금융 키워드 없음 — 비금융 추정 (검토 파일 확인)
일신창업투자(주),일신방직(주),85.53,기금 운영업,64991,일신창업투자(주),기금 운영업(64991) — 사업 자회사를 묶는 중간지주·기금
산도브레이크(주),상신브레이크(주),85.0,금융업 아님,30392,산도브레이크(주),표준산업분류 30392 — 금융업 아님
엔에이치엔클라우드㈜,엔에이치엔(주),85.0,금융업 아님,620,엔에이치엔클라우드㈜,표준산업분류 620 — 금융업 아님
동원로엑스냉장투㈜,동원산업(주),85.0,금융업 아님,52102,동원로엑스냉장투㈜,표준산업분류 52102 — 금융업 아님
동원로엑스냉장㈜,동원산업(주),85.0,금융업 아님,46102,동원로엑스냉장㈜,표준산업분류 46102 — 금융업 아님
(주)흥아로지스틱스,흥아해운(주),85.0,금융업 아님,5299,(주)흥아로지스틱스,표준산업분류 5299 — 금융업 아님
평택석정화성파크드림㈜,에이치에스화성(주),85.0,금융 키워드 없음,,평택석정화성파크드림㈜,코드 없음·금융 키워드 없음 — 비금융 추정 (검토 파일 확인)
경동양산고객 서비스(주),(주)경동도시가스,85.0,금융 키워드 없음,,"경동양산고객
서비스(주)",코드 없음·금융 키워드 없음 — 비금융 추정 (검토 파일 확인)
디앤디프라퍼티솔루션㈜,SK디앤디(주),85.0,금융업 아님,46431,디앤디프라퍼티솔루션㈜,표준산업분류 46431 — 금융업 아님
경동강북고객 서비스(주),(주)경동도시가스,85.0,금융 키워드 없음,,"경동강북고객
서비스(주)",코드 없음·금융 키워드 없음 — 비금융 추정 (검토 파일 확인)
삼성디스플레이㈜,삼성전자(주),84.8,금융업 아님,2621,삼성디스플레이㈜,표준산업분류 2621 — 금융업 아님
㈜그린카,롯데렌탈(주),84.71,금융업 아님,76110,㈜그린카,표준산업분류 76110 — 금융업 아님
씨제이푸드빌(주),CJ(주),84.7,금융업 아님,56123,씨제이푸드빌(주),표준산업분류 56123 — 금융업 아님
㈜현대서산농장,현대건설(주),84.7,금융 키워드 없음,,㈜현대서산농장,코드 없음·금융 키워드 없음 — 비금융 추정 (검토 파일 확인)
아이디에스앤트러스트,(주)대웅,84.65,금융업 아님,58221,아이디에스앤트러스트,표준산업분류 58221 — 금융업 아님
아이엠테크놀로지㈜,(주)아이마켓코리아,84.4,금융 키워드 없음,,아이엠테크놀로지㈜,코드 없음·금융 키워드 없음 — 비금융 추정 (검토 파일 확인)
엔에이치엔에듀㈜,엔에이치엔(주),84.4,금융업 아님,63999,엔에이치엔에듀㈜,표준산업분류 63999 — 금융업 아님
AMC 사이언스㈜,에이치디한국조선해양(주),84.38,금융 키워드 없음,,AMC 사이언스㈜,코드 없음·금융 키워드 없음 — 비금융 추정 (검토 파일 확인)
비에이치에스피에프브이(주),한신공영(주),84.0,금융업 아님,6812,비에이치에스피에프브이(주),표준산업분류 6812 — 금융업 아님
㈜케이티서비스남부,(주)케이티,84.0,금융업 아님,42,㈜케이티서비스남부,표준산업분류 42 — 금융업 아님
(주)서연인테크,(주)서연,84.0,금융업 아님,30203,(주)서연인테크,표준산업분류 30203 — 금융업 아님
(주)세아엠앤에스,(주)세아홀딩스,83.92,금융업 아님,24219,(주)세아엠앤에스,표준산업분류 24219 — 금융업 아님
(주)인터컨스텍,(주)황금에스티,83.74,금융업 아님,4122,(주)인터컨스텍,표준산업분류 4122 — 금융업 아님
(주)미라콤아이앤씨,삼성에스디에스(주),83.62,금융업 아님,62021,(주)미라콤아이앤씨,표준산업분류 62021 — 금융업 아님
환영철강공업(주),KISCO홀딩스(주),83.5,금융업 아님,24121,환영철강공업(주),표준산업분류 24121 — 금융업 아님
(주)이노그린팜,(주)황금에스티,83.33,금융 키워드 없음,,(주)이노그린팜,코드 없음·금융 키워드 없음 — 비금융 추정 (검토 파일 확인)
현대아산㈜,현대엘리베이터(주),83.04,금융업 아님,75210,현대아산㈜,표준산업분류 75210 — 금융업 아님
KC코트렐㈜,케이씨그린홀딩스(주),83.03,금융업 아님,291,KC코트렐㈜,표준산업분류 291 — 금융업 아님
누리네트웍스,(주)넥센,82.85,금융업 아님,52101,"누리네트웍스
(비상장)",표준산업분류 52101 — 금융업 아님
강남화성(주),강남제비스코(주),82.59,금융업 아님,20501,강남화성(주),표준산업분류 20501 — 금융업 아님
매드스퀘어㈜,코스맥스(주),82.5,금융 키워드 없음,,매드스퀘어㈜,코드 없음·금융 키워드 없음 — 비금융 추정 (검토 파일 확인)
SK리비오,SKC(주),82.42,금융업 아님,2020,SK리비오,표준산업분류 2020 — 금융업 아님
앨리브랜즈(주),에이치엘비글로벌(주),82.0,금융 키워드 없음,,앨리브랜즈(주),코드 없음·금융 키워드 없음 — 비금융 추정 (검토 파일 확인)
(주)일우파이낸스대부,사조씨푸드(주),82.0,기타 여신금융,64919,(주)일우파이낸스대부,"대부업 — 계열사 자금 운용 목적, 제조업 여신 포트폴리오 없음"
HD현대로보틱스㈜,에이치디현대(주),81.82,금융업 아님,2928,HD현대로보틱스㈜,표준산업분류 2928 — 금융업 아님
디에스파워(주),대성산업(주),81.8,금융업 아님,701,디에스파워(주),표준산업분류 701 — 금융업 아님
㈜LS네트웍스,(주)E1,81.79,금융업 아님,46800,㈜LS네트웍스,표준산업분류 46800 — 금융업 아님
에스코어(주),삼성에스디에스(주),81.77,금융업 아님,62021,에스코어(주),표준산업분류 62021 — 금융업 아님
동화농산(주),사조산업(주),81.76,금융업 아님,012,동화농산(주),표준산업분류 012 — 금융업 아님
동아참메드,동아에스티(주),81.49,금융업 아님,27199,동아참메드,표준산업분류 27199 — 금융업 아님
㈜키움이앤에스,(주)다우기술,81.37,금융업 아님,68129,㈜키움이앤에스,표준산업분류 68129 — 금융업 아님
(주)명문투자개발,명문제약(주),81.2,금융업 아님,91121,(주)명문투자개발,표준산업분류 91121 — 금융업 아님
㈜시알이노테크,주식회사 시알홀딩스,81.0,금융업 아님,23211,㈜시알이노테크,표준산업분류 23211 — 금융업 아님
케이티커머스㈜,(주)케이티씨에스,81.0,금융업 아님,4791,케이티커머스㈜,표준산업분류 4791 — 금융업 아님
현대에코에너지㈜,현대건설(주),81.0,금융업 아님,35114,현대에코에너지㈜,표준산업분류 35114 — 금융업 아님
코오롱글로텍㈜,코오롱인더스트리(주),80.69,금융업 아님,22299,코오롱글로텍㈜,표준산업분류 22299 — 금융업 아님
에스티젠바이오,동아쏘시오홀딩스(주),80.4,금융 키워드 없음,,에스티젠바이오,코드 없음·금융 키워드 없음 — 비금융 추정 (검토 파일 확인)
(주)웅진플레이도시,(주)웅진,80.26,금융업 아님,912,(주)웅진플레이도시,표준산업분류 912 — 금융업 아님
칸테크,일양약품(주),80.2,금융 키워드 없음,,칸테크,코드 없음·금융 키워드 없음 — 비금융 추정 (검토 파일 확인)
서한오토USA,한국무브넥스(주),80.0,금융 키워드 없음,,서한오토USA,코드 없음·금융 키워드 없음 — 비금융 추정 (검토 파일 확인)
유광에너지,서울도시가스(주),80.0,금융업 아님,74100,유광에너지,표준산업분류 74100 — 금융업 아님
한일해운(주) (국내 비상장법인/종속회사),한일철강(주),80.0,금융 키워드 없음,,"한일해운(주)
(국내 비상장법인/종속회사)",코드 없음·금융 키워드 없음 — 비금융 추정 (검토 파일 확인)
서부도시가스서비스,서울도시가스(주),80.0,금융업 아님,74100,서부도시가스서비스,표준산업분류 74100 — 금융업 아님
클린인더스트리얼 위탁관리부동산 투자회사㈜,에스케이위탁관리부동산투자회사 주식회사,80.0,금융업 아님,68,"클린인더스트리얼
위탁관리부동산
투자회사㈜",표준산업분류 68 — 금융업 아님
엘에스이엔엠㈜,엘에스일렉트릭 주식회사,80.0,금융업 아님,29163,엘에스이엔엠㈜(*9),표준산업분류 29163 — 금융업 아님
㈜김해테크노밸리,한화솔루션(주),80.0,금융업 아님,6812,㈜김해테크노밸리,표준산업분류 6812 — 금융업 아님
㈜넥스포에너지,(주)E1,80.0,금융업 아님,35114,㈜넥스포에너지,표준산업분류 35114 — 금융업 아님
㈜넥스포쏠라,(주)E1,80.0,금융업 아님,35114,㈜넥스포쏠라,표준산업분류 35114 — 금융업 아님
아시아나세이버㈜,아시아나항공(주),80.0,금융 키워드 없음,,아시아나세이버㈜,코드 없음·금융 키워드 없음 — 비금융 추정 (검토 파일 확인)
주식회사 디에스에스에너셀,디와이덕양(주),80.0,금융 키워드 없음,,주식회사 디에스에스에너셀,코드 없음·금융 키워드 없음 — 비금융 추정 (검토 파일 확인)
남부도시가스이엔지,서울도시가스(주),80.0,금융업 아님,74100,남부도시가스이엔지,표준산업분류 74100 — 금융업 아님
㈜에이치테크노밸리,한화솔루션(주),80.0,금융업 아님,681,㈜에이치테크노밸리,표준산업분류 681 — 금융업 아님
㈜쏘스뮤직,(주)하이브,80.0,금융업 아님,73901,㈜쏘스뮤직,표준산업분류 73901 — 금융업 아님
이건에너지(주),이건산업(주),80.0,금융업 아님,35300,이건에너지(주),표준산업분류 35300 — 금융업 아님
티피스퀘어(주),티피(주),80.0,금융 키워드 없음,,티피스퀘어(주),코드 없음·금융 키워드 없음 — 비금융 추정 (검토 파일 확인)
인터지스신항센터(주),인터지스(주),80.0,금융업 아님,52,인터지스신항센터(주),표준산업분류 52 — 금융업 아님
"ICT FZCO (아랍에미리트, 비상장)",(주)덴티움,80.0,금융 키워드 없음,,"ICT FZCO
 (아랍에미리트, 비상장)",코드 없음·금융 키워드 없음 — 비금융 추정 (검토 파일 확인)
하북산업개발 주식회사,블루산업개발 주식회사,80.0,금융 키워드 없음,,"하북산업개발
주식회사",코드 없음·금융 키워드 없음 — 비금융 추정 (검토 파일 확인)
(주)씨티닷츠,(주)LF,80.0,금융업 아님,46413,(주)씨티닷츠,표준산업분류 46413 — 금융업 아님
에이치디씨폴리올(주),에이치디씨현대이피(주),80.0,금융업 아님,2020,에이치디씨폴리올(주),표준산업분류 2020 — 금융업 아님
진천테크노폴리스개발,(주)태영건설,80.0,금융업 아님,68129,진천테크노폴리스개발,표준산업분류 68129 — 금융업 아님
KBI산업개발㈜,케이비아이동국실업(주),80.0,금융 키워드 없음,,KBI산업개발㈜,코드 없음·금융 키워드 없음 — 비금융 추정 (검토 파일 확인)
주식회사 에코시티개발,(주)태영건설,80.0,금융업 아님,41112,주식회사 에코시티개발,표준산업분류 41112 — 금융업 아님
주식회사 어도어,(주)하이브,80.0,금융업 아님,73901,주식회사 어도어,표준산업분류 73901 — 금융업 아님
애경바이오팜㈜,애경케미칼(주),80.0,금융업 아님,10413,애경바이오팜㈜,표준산업분류 10413 — 금융업 아님
일양바이오팜,일양약품(주),80.0,금융업 아님,21212,일양바이오팜,표준산업분류 21212 — 금융업 아님
현대더블에이치,한신공영(주),80.0,금융 키워드 없음,,현대더블에이치,코드 없음·금융 키워드 없음 — 비금융 추정 (검토 파일 확인)
엔프라니,한국주철관공업(주),79.7,금융업 아님,20423,엔프라니,표준산업분류 20423 — 금융업 아님
코스맥스파마 주식회사,코스맥스비티아이(주),79.64,금융업 아님,212,"코스맥스파마 
주식회사",표준산업분류 212 — 금융업 아님
(주)캐슬렉스서울,사조산업(주),79.5,금융업 아님,91121,(주)캐슬렉스서울,표준산업분류 91121 — 금융업 아님
넷마블에프앤씨㈜,넷마블(주),79.49,금융업 아님,5821,넷마블에프앤씨㈜,표준산업분류 5821 — 금융업 아님
평화씨엠비(주),평화홀딩스(주),79.38,금융업 아님,2219,평화씨엠비(주),표준산업분류 2219 — 금융업 아님
(주)제이엠씨,(주)경인양행,79.25,금융업 아님,71531,(주)제이엠씨,표준산업분류 71531 — 금융업 아님
엔에이치엔애드㈜,엔에이치엔(주),79.1,금융업 아님,71310,엔에이치엔애드㈜,표준산업분류 71310 — 금융업 아님
주식회사 LG에너지솔루션,(주)LG화학,79.0,금융업 아님,28202,주식회사 LG에너지솔루션,표준산업분류 28202 — 금융업 아님
망포역세권개발피에프브이(주),(주)대우건설,79.0,금융업 아님,6812,망포역세권개발피에프브이(주),표준산업분류 6812 — 금융업 아님
㈜케이티서비스북부,(주)케이티,78.9,금융업 아님,42,㈜케이티서비스북부,표준산업분류 42 — 금융업 아님
(주)힐리언스,(주)대웅제약,78.73,금융업 아님,551,(주)힐리언스,표준산업분류 551 — 금융업 아님
이든더파인센트럴서초㈜,(주)케이티앤지,78.65,금융업 아님,6812,이든더파인센트럴서초㈜,표준산업분류 6812 — 금융업 아님
넷마블네오㈜,넷마블(주),78.5,금융업 아님,5821,넷마블네오㈜,표준산업분류 5821 — 금융업 아님
㈜디플랜 360 (D360),(주)이노션,78.22,금융 키워드 없음,,㈜디플랜 360 (D360),코드 없음·금융 키워드 없음 — 비금융 추정 (검토 파일 확인)
산도테크(주),상신브레이크(주),78.0,금융업 아님,30,산도테크(주),표준산업분류 30 — 금융업 아님
(주)유한건강생활,(주)유한양행,77.7,금융업 아님,47222,(주)유한건강생활,표준산업분류 47222 — 금융업 아님
루치노바 주식회사,현대코퍼레이션(주),77.6,금융업 아님,30,루치노바 주식회사,표준산업분류 30 — 금융업 아님
에너지머티리얼즈㈜,지에스건설(주),77.6,금융업 아님,2421,에너지머티리얼즈㈜,표준산업분류 2421 — 금융업 아님
(주)하나투어제주,(주)하나투어,77.35,금융 키워드 없음,,(주)하나투어제주,코드 없음·금융 키워드 없음 — 비금융 추정 (검토 파일 확인)
의정부에코피아㈜,디엘이앤씨 주식회사,77.0,금융업 아님,37011,의정부에코피아㈜,표준산업분류 37011 — 금융업 아님
웹투어(주),(주)하나투어,76.99,금융업 아님,75210,웹투어(주),표준산업분류 75210 — 금융업 아님
시흥서울연결도로(주),아이파크현대산업개발(주),76.9,금융업 아님,74100,시흥서울연결도로(주),표준산업분류 74100 — 금융업 아님
대웅생명과학,(주)대웅,76.78,금융업 아님,10893,대웅생명과학,표준산업분류 10893 — 금융업 아님
(주)백산린텍스,(주)백산,76.47,금융업 아님,13992,(주)백산린텍스,표준산업분류 13992 — 금융업 아님
아시아나아이디티㈜,아시아나항공(주),76.22,금융 키워드 없음,,아시아나아이디티㈜,코드 없음·금융 키워드 없음 — 비금융 추정 (검토 파일 확인)
신세계라이브쇼핑,(주)신세계,76.1,금융업 아님,47919,신세계라이브쇼핑,표준산업분류 47919 — 금융업 아님
한국후지필름,롯데지주(주),76.09,금융업 아님,4673,한국후지필름,표준산업분류 4673 — 금융업 아님
(주)LX판토스,(주)LX인터내셔널,75.9,금융 키워드 없음,,(주)LX판토스,코드 없음·금융 키워드 없음 — 비금융 추정 (검토 파일 확인)
넷마블몬스터㈜,넷마블(주),75.67,금융업 아님,5821,넷마블몬스터㈜,표준산업분류 5821 — 금융업 아님
(주)웅진에버스카이 (주1 참조),(주)웅진,75.63,금융 키워드 없음,,"(주)웅진에버스카이
 (주1 참조)",코드 없음·금융 키워드 없음 — 비금융 추정 (검토 파일 확인)
㈜경기용인테크노밸리,한화솔루션(주),75.0,금융업 아님,68129,㈜경기용인테크노밸리,표준산업분류 68129 — 금융업 아님
덕송내각고속화도로㈜,디엘이앤씨 주식회사,75.0,금융업 아님,4122,덕송내각고속화도로㈜,표준산업분류 4122 — 금융업 아님
㈜대교에듀스퀘어,(주)대교,75.0,금융 키워드 없음,,㈜대교에듀스퀘어,코드 없음·금융 키워드 없음 — 비금융 추정 (검토 파일 확인)
농업회사법인고려㈜,고려산업(주),75.0,금융 키워드 없음,,농업회사법인고려㈜,코드 없음·금융 키워드 없음 — 비금융 추정 (검토 파일 확인)
㈜필우산업개발,동부건설(주),75.0,금융업 아님,68121,㈜필우산업개발,표준산업분류 68121 — 금융업 아님
㈜케이오지엔터테인먼트,(주)하이브,75.0,금융업 아님,73901,㈜케이오지엔터테인먼트,표준산업분류 73901 — 금융업 아님
㈜비바웨이브,(주)LG생활건강,75.0,금융업 아님,47813,㈜비바웨이브,표준산업분류 47813 — 금융업 아님
주식회사 제삼용인테크노밸리,한화솔루션(주),75.0,금융업 아님,68,주식회사 제삼용인테크노밸리,표준산업분류 68 — 금융업 아님
주식회사 케이엘에스,(주)코아스,75.0,금융업 아님,41112,주식회사 케이엘에스,표준산업분류 41112 — 금융업 아님
에이치에스홀딩스㈜,한신공영(주),75.0,금융업 아님,52915,에이치에스홀딩스㈜,표준산업분류 52915 — 금융업 아님
주식회사 미켈란,(주)코아스,75.0,금융업 아님,68112,주식회사 미켈란,표준산업분류 68112 — 금융업 아님
㈜안성테크노밸리,한화솔루션(주),75.0,금융업 아님,6812,㈜안성테크노밸리,표준산업분류 6812 — 금융업 아님
LS엠앤엠,(주)LS,75.0,금융업 아님,24211,LS엠앤엠,표준산업분류 24211 — 금융업 아님
(주)에버티스 임플란트,(주)신흥,75.0,금융 키워드 없음,,"(주)에버티스
임플란트",코드 없음·금융 키워드 없음 — 비금융 추정 (검토 파일 확인)
지디케이화장품 주식회사,주식회사 솔루엠,74.9,금융업 아님,20423,지디케이화장품 주식회사,표준산업분류 20423 — 금융업 아님
(주)원광전자,광전자(주),74.5,금융업 아님,26,(주)원광전자,표준산업분류 26 — 금융업 아님
대원에프엠아이(주),대원전선(주),74.44,금융 키워드 없음,,대원에프엠아이(주),코드 없음·금융 키워드 없음 — 비금융 추정 (검토 파일 확인)
서울미라마(유),(주)제이에스코퍼레이션,74.17,금융업 아님,55101,서울미라마(유)(*2),표준산업분류 55101 — 금융업 아님
(주)실버프리,(주)방림,74.04,금융 키워드 없음,,(주)실버프리,코드 없음·금융 키워드 없음 — 비금융 추정 (검토 파일 확인)
아이노리조트개발(주),모나용평(주),74.0,금융 키워드 없음,,아이노리조트개발(주) (주3),코드 없음·금융 키워드 없음 — 비금융 추정 (검토 파일 확인)
HD현대플라스포㈜,에이치디현대일렉트릭(주),73.99,금융업 아님,2811,HD현대플라스포㈜,표준산업분류 2811 — 금융업 아님
(주)DB월드,주식회사 DB하이텍,73.89,금융업 아님,91121,(주)DB월드,표준산업분류 91121 — 금융업 아님
HD현대오일뱅크㈜,에이치디현대(주),73.85,금융업 아님,19210,HD현대오일뱅크㈜,표준산업분류 19210 — 금융업 아님
㈜엔씨소프트서비스,(주)엔씨,73.8,금융 키워드 없음,,㈜엔씨소프트서비스,코드 없음·금융 키워드 없음 — 비금융 추정 (검토 파일 확인)
나이스비즈니스플랫폼(주),(주)NICE홀딩스,73.7,금융업 아님,58222,나이스비즈니스플랫폼(주),표준산업분류 58222 — 금융업 아님
㈜지에스엔텍,(주)지에스글로벌,73.67,금융업 아님,25114,㈜지에스엔텍,표준산업분류 25114 — 금융업 아님
㈜이루팩,(주)선앤엘,73.6,금융업 아님,22232,㈜이루팩,표준산업분류 22232 — 금융업 아님
단석파키스탄,주식회사 디에스단석,73.5,금융 키워드 없음,,단석파키스탄,코드 없음·금융 키워드 없음 — 비금융 추정 (검토 파일 확인)
삼미금속,금강공업(주),73.45,금융업 아님,25912,삼미금속,표준산업분류 25912 — 금융업 아님
켐코 주식회사,고려아연(주),73.44,금융업 아님,28202,켐코 주식회사,표준산업분류 28202 — 금융업 아님
모션,현대자동차(주),73.28,금융업 아님,58222,모션,표준산업분류 58222 — 금융업 아님
앱티스(주),동아에스티(주),73.09,금융 키워드 없음,,앱티스(주),코드 없음·금융 키워드 없음 — 비금융 추정 (검토 파일 확인)
㈜오픈소스컨설팅,(주)엘지씨엔에스,73.06,금융업 아님,62021,㈜오픈소스컨설팅,표준산업분류 62021 — 금융업 아님
㈜케이알산업,계룡건설산업(주),73.0,금융업 아님,41,㈜케이알산업,표준산업분류 41 — 금융업 아님
㈜서오창테크노밸리,한화솔루션(주),73.0,금융업 아님,68,㈜서오창테크노밸리,표준산업분류 68 — 금융업 아님
공덕경우개발㈜,(주)효성,73.0,금융업 아님,6811,공덕경우개발㈜,표준산업분류 6811 — 금융업 아님
㈜웅진북센,(주)웅진씽크빅,73.0,금융업 아님,5299,㈜웅진북센,표준산업분류 5299 — 금융업 아님
(주)이노큐브,(주)한독,72.97,금융 키워드 없음,,(주)이노큐브,코드 없음·금융 키워드 없음 — 비금융 추정 (검토 파일 확인)
(주)현대경제연구원,현대엘리베이터(주),72.78,금융업 아님,71531,(주)현대경제연구원,표준산업분류 71531 — 금융업 아님
삼양패키징,(주)삼양사,72.72,금융업 아님,22232,삼양패키징,표준산업분류 22232 — 금융업 아님
(주)금호에이엠티,금호전기(주),72.45,금융업 아님,2612,(주)금호에이엠티,표준산업분류 2612 — 금융업 아님
(주)솔머티리얼즈,(주)한솔케미칼,72.41,금융업 아님,20122,(주)솔머티리얼즈,표준산업분류 20122 — 금융업 아님
SK가스㈜,에스케이디스커버리(주),72.08,금융업 아님,46713,SK가스㈜,표준산업분류 46713 — 금융업 아님
(주)앱토크롬 (舊. (주)에이피헬스케어,(주)에이프로젠,71.7,금융 키워드 없음,,"(주)앱토크롬
(舊. (주)에이피헬스케어",코드 없음·금융 키워드 없음 — 비금융 추정 (검토 파일 확인)
코오롱글로벌 보통주,(주)코오롱,71.6,금융 키워드 없음,,"코오롱글로벌
보통주 (주1)",코드 없음·금융 키워드 없음 — 비금융 추정 (검토 파일 확인)
코리아이플랫폼,광동제약(주),71.3,금융업 아님,47912,코리아이플랫폼,표준산업분류 47912 — 금융업 아님
에이케이플라자(주),AK홀딩스(주),71.12,금융업 아님,68112,에이케이플라자(주)(보통주),표준산업분류 68112 — 금융업 아님
㈜경동건설,(주)경동인베스트,71.07,금융업 아님,41229,㈜경동건설,표준산업분류 41229 — 금융업 아님
동원시스템즈㈜,동원산업(주),71.04,금융업 아님,222,동원시스템즈㈜,표준산업분류 222 — 금융업 아님
대성에너지(주),대성홀딩스(주),71.0,금융업 아님,35200,대성에너지(주),표준산업분류 35200 — 금융업 아님
대성환경에너지(주),대성홀딩스(주),71.0,금융업 아님,3832,대성환경에너지(주),표준산업분류 3832 — 금융업 아님
(주)포스코인터내셔널,포스코홀딩스(주),70.7,금융업 아님,461,(주)포스코인터내셔널,표준산업분류 461 — 금융업 아님
㈜케이티알파,(주)케이티,70.5,금융업 아님,461,㈜케이티알파,표준산업분류 461 — 금융업 아님
용산역세권개발(주),롯데관광개발(주),70.1,금융업 아님,71531,용산역세권개발(주),표준산업분류 71531 — 금융업 아님
㈜클레스트라하우저만,케이씨그린홀딩스(주),70.0,금융업 아님,25119,㈜클레스트라하우저만,표준산업분류 25119 — 금융업 아님
대교싱가폴,(주)대교,70.0,금융 키워드 없음,,대교싱가폴,코드 없음·금융 키워드 없음 — 비금융 추정 (검토 파일 확인)
㈜대교CSA,(주)대교,70.0,금융 키워드 없음,,㈜대교CSA,코드 없음·금융 키워드 없음 — 비금융 추정 (검토 파일 확인)
아산배방개발 주식회사,(주)한화,70.0,금융업 아님,6812,아산배방개발 주식회사,표준산업분류 6812 — 금융업 아님
상신이엔지(주),상신브레이크(주),70.0,금융업 아님,29280,상신이엔지(주),표준산업분류 29280 — 금융업 아님
(주)비에스지파트너스,(주)LX인터내셔널,70.0,금융업 아님,58221,(주)비에스지파트너스 (주2),표준산업분류 58221 — 금융업 아님
GS이피에스,(주)GS,70.0,금융업 아님,35113,GS이피에스,표준산업분류 35113 — 금융업 아님
㈜화승크라운,주식회사 화승엔터프라이즈,70.0,금융업 아님,14491,㈜화승크라운,표준산업분류 14491 — 금융업 아님
(주)에스아이머트리얼즈,한솔테크닉스(주),70.0,금융업 아님,27220,(주)에스아이머트리얼즈,표준산업분류 27220 — 금융업 아님
경동강동고객 서비스(주),(주)경동도시가스,70.0,금융 키워드 없음,,"경동강동고객
서비스(주)",코드 없음·금융 키워드 없음 — 비금융 추정 (검토 파일 확인)
주식회사 큐브릭스튜디오,(주)MDS스피어,70.0,금융 키워드 없음,,주식회사 큐브릭스튜디오,코드 없음·금융 키워드 없음 — 비금융 추정 (검토 파일 확인)
㈜제이용인테크노밸리,한화솔루션(주),70.0,금융업 아님,6812,㈜제이용인테크노밸리,표준산업분류 6812 — 금융업 아님
부산양곡터미널㈜,(주)케이씨티시,70.0,금융업 아님,52942,부산양곡터미널㈜,표준산업분류 52942 — 금융업 아님
(주)에이치엠티메가라인,(주)케이씨티시,70.0,금융업 아님,50112,(주)에이치엠티메가라인,표준산업분류 50112 — 금융업 아님
(주)아이오컨스텍,(주)황금에스티,70.0,금융 키워드 없음,,(주)아이오컨스텍,코드 없음·금융 키워드 없음 — 비금융 추정 (검토 파일 확인)
강북도시가스서비스,서울도시가스(주),70.0,금융업 아님,74100,강북도시가스서비스,표준산업분류 74100 — 금융업 아님
에이치엘비라이프케어(주),에이치엘비글로벌(주),70.0,금융 키워드 없음,,에이치엘비라이프케어(주),코드 없음·금융 키워드 없음 — 비금융 추정 (검토 파일 확인)
㈜케이맥스(*),(주)케이탑자기관리부동산투자회사,70.0,금융 키워드 없음,,㈜케이맥스(*),코드 없음·금융 키워드 없음 — 비금융 추정 (검토 파일 확인)
발안남양도로 주식회사,에이치엘디앤아이한라(주),70.0,금융업 아님,41221,발안남양도로 주식회사,표준산업분류 41221 — 금융업 아님
스테코㈜,삼성전자(주),70.0,금융업 아님,2612,스테코㈜,표준산업분류 2612 — 금융업 아님
부사호행복나눔솔라㈜,SK이노베이션(주),70.0,금융업 아님,3511,부사호행복나눔솔라㈜,표준산업분류 3511 — 금융업 아님
당진고대부두운영(주),인터지스(주),70.0,금융업 아님,50,당진고대부두운영(주)(*2),표준산업분류 50 — 금융업 아님
NES머티리얼즈,남해화학(주),70.0,금융 키워드 없음,,NES머티리얼즈,코드 없음·금융 키워드 없음 — 비금융 추정 (검토 파일 확인)
태일테크,삼성공조(주),70.0,금융업 아님,30,태일테크,표준산업분류 30 — 금융업 아님
DL에너지㈜,디엘 주식회사,70.0,금융업 아님,71531,DL에너지㈜,표준산업분류 71531 — 금융업 아님
(주)비지에프에코머티리얼,(주)비지에프,70.0,금융 키워드 없음,,(주)비지에프에코머티리얼 주2),코드 없음·금융 키워드 없음 — 비금융 추정 (검토 파일 확인)
에스아이내포산업단지개발㈜,삼부토건(주),70.0,금융 키워드 없음,,에스아이내포산업단지개발㈜[비상장],코드 없음·금융 키워드 없음 — 비금융 추정 (검토 파일 확인)
(주)투어마케팅코리아,(주)하나투어,70.0,금융 키워드 없음,,(주)투어마케팅코리아,코드 없음·금융 키워드 없음 — 비금융 추정 (검토 파일 확인)
대한통운에스비(주),CJ제일제당(주),70.0,금융업 아님,5210,대한통운에스비(주),표준산업분류 5210 — 금융업 아님
SNT솔루션(주),(주)SNT홀딩스,70.0,금융 키워드 없음,,SNT솔루션(주),코드 없음·금융 키워드 없음 — 비금융 추정 (검토 파일 확인)
(주)혜성프로비젼,대상홀딩스(주),70.0,금융업 아님,46313,(주)혜성프로비젼,표준산업분류 46313 — 금융업 아님
㈜케이티희망지음,(주)케이티,69.9,금융업 아님,95213,㈜케이티희망지음,표준산업분류 95213 — 금융업 아님
(주)세아특수강,(주)세아홀딩스,69.86,금융업 아님,24122,(주)세아특수강,표준산업분류 24122 — 금융업 아님
㈜도플소프트,엔에이치엔(주),69.44,금융 키워드 없음,,㈜도플소프트,코드 없음·금융 키워드 없음 — 비금융 추정 (검토 파일 확인)
인워터솔루션(주),(주)도화엔지니어링,69.38,금융 키워드 없음,,인워터솔루션(주)(*3),코드 없음·금융 키워드 없음 — 비금융 추정 (검토 파일 확인)
풀무원다논㈜,(주)풀무원,69.33,금융업 아님,10421,풀무원다논㈜,표준산업분류 10421 — 금융업 아님
이화물산(주),이화산업(주),69.29,금융업 아님,68112,이화물산(주),표준산업분류 68112 — 금융업 아님
풀무원샘물㈜,(주)풀무원,69.24,금융업 아님,11202,풀무원샘물㈜,표준산업분류 11202 — 금융업 아님
HD현대중공업㈜,에이치디한국조선해양(주),69.23,금융업 아님,31113,HD현대중공업㈜,표준산업분류 31113 — 금융업 아님
한세엠케이(주),한세예스24홀딩스(주),69.15,금융업 아님,4741,"한세엠케이(주)
(*1)(*2)",표준산업분류 4741 — 금융업 아님
(주)대유금형,(주)디와이에이,69.0,금융업 아님,29293,(주)대유금형,표준산업분류 29293 — 금융업 아님
네오시티 주식회사,(주)태영건설,69.0,금융업 아님,25113,네오시티 주식회사,표준산업분류 25113 — 금융업 아님
㈜미디어웹,넷마블(주),68.84,금융업 아님,58222,㈜미디어웹,표준산업분류 58222 — 금융업 아님
엣지포인트가산피에프브이㈜,지에스건설(주),68.8,금융업 아님,68,엣지포인트가산피에프브이㈜,표준산업분류 68 — 금융업 아님
대홍기획,롯데지주(주),68.7,금융업 아님,71310,대홍기획,표준산업분류 71310 — 금융업 아님
삼성메디슨㈜,삼성전자(주),68.5,금융업 아님,27199,삼성메디슨㈜,표준산업분류 27199 — 금융업 아님
㈜화승엔터프라이즈,화승인더스트리(주),68.37,금융업 아님,15219,㈜화승엔터프라이즈,표준산업분류 15219 — 금융업 아님
코스맥스바이오 주식회사,코스맥스비티아이(주),68.37,금융업 아님,10897,"코스맥스바이오
주식회사",표준산업분류 10897 — 금융업 아님
(주)메디플러스솔루션,에이치디현대(주),68.35,금융 키워드 없음,,(주)메디플러스솔루션,코드 없음·금융 키워드 없음 — 비금융 추정 (검토 파일 확인)
현대엔지비,현대자동차(주),68.29,금융업 아님,72129,현대엔지비,표준산업분류 72129 — 금융업 아님
서한오토멕시코,한국무브넥스(주),68.24,금융 키워드 없음,,서한오토멕시코,코드 없음·금융 키워드 없음 — 비금융 추정 (검토 파일 확인)
진양화학,(주)진양홀딩스,68.2,금융업 아님,22214,진양화학,표준산업분류 22214 — 금융업 아님
두산로보틱스㈜,(주)두산,68.11,금융업 아님,2928,두산로보틱스㈜(주1)(주2)(주3),표준산업분류 2928 — 금융업 아님
㈜삼성라이온즈,(주)제일기획,68.0,금융업 아님,91191,㈜삼성라이온즈,표준산업분류 91191 — 금융업 아님
한진평택컨테이너터미널㈜,(주)한진,68.0,금융업 아님,52942,한진평택컨테이너터미널㈜,표준산업분류 52942 — 금융업 아님
한화로보틱스 주식회사,(주)한화,67.97,금융업 아님,29299,한화로보틱스 주식회사,표준산업분류 29299 — 금융업 아님
파르나스호텔(주),(주)지에스피앤엘,67.56,금융업 아님,55101,파르나스호텔(주),표준산업분류 55101 — 금융업 아님
㈜에스씨케이컴퍼니,(주)이마트,67.5,금융업 아님,5622,㈜에스씨케이컴퍼니,표준산업분류 5622 — 금융업 아님
㈜진양홀딩스,KPX홀딩스(주),67.12,금융업 아님,222,㈜진양홀딩스,표준산업분류 222 — 금융업 아님
(주)오션,(주)토니모리,67.03,금융업 아님,10903,(주)오션,표준산업분류 10903 — 금융업 아님
(주)미라벨컴퍼니,(주)LF,67.01,금융 키워드 없음,,(주)미라벨컴퍼니,코드 없음·금융 키워드 없음 — 비금융 추정 (검토 파일 확인)
㈜더블다운인터액티브,(주)더블유게임즈,67.0,금융업 아님,58211,㈜더블다운인터액티브,표준산업분류 58211 — 금융업 아님
무림P&P,무림페이퍼(주),66.97,금융업 아님,171,무림P&P,표준산업분류 171 — 금융업 아님
대웅펫,(주)대웅,66.93,금융 키워드 없음,,대웅펫,코드 없음·금융 키워드 없음 — 비금융 추정 (검토 파일 확인)
(주)대동애그테크,(주)대동,66.79,금융업 아님,62021,(주)대동애그테크,표준산업분류 62021 — 금융업 아님
(주)인포인,(주)화인베스틸,66.77,금융업 아님,58222,(주)인포인,표준산업분류 58222 — 금융업 아님
금호리조트㈜,금호석유화학(주),66.72,금융업 아님,55103,금호리조트㈜,표준산업분류 55103 — 금융업 아님
에스케이시그넷㈜,SK(주),66.71,금융업 아님,2811,에스케이시그넷㈜,표준산업분류 2811 — 금융업 아님
㈜디아이씨,(주)디아이,66.7,금융업 아님,26211,㈜디아이씨,표준산업분류 26211 — 금융업 아님
코오롱이앤피㈜,코오롱인더스트리(주),66.68,금융업 아님,20202,코오롱이앤피㈜,표준산업분류 20202 — 금융업 아님
(주)렉스필드컨트리클럽 (주1 참조),(주)웅진,66.67,금융 키워드 없음,,"(주)렉스필드컨트리클럽
 (주1 참조)",코드 없음·금융 키워드 없음 — 비금융 추정 (검토 파일 확인)
서한오토조지아,한국무브넥스(주),66.67,금융 키워드 없음,,서한오토조지아,코드 없음·금융 키워드 없음 — 비금융 추정 (검토 파일 확인)
청라메디폴리스개발 주식회사,(주)케이티앤지,66.67,금융업 아님,68212,청라메디폴리스개발 주식회사,표준산업분류 68212 — 금융업 아님
㈜에스제이디,(주)세진중공업,66.67,금융업 아님,46522,㈜에스제이디,표준산업분류 46522 — 금융업 아님
SK에코플랜트㈜,SK(주),66.66,금융업 아님,41229,SK에코플랜트㈜,표준산업분류 41229 — 금융업 아님
프롭티어㈜,에스케이디스커버리(주),66.46,금융업 아님,58221,프롭티어㈜,표준산업분류 58221 — 금융업 아님
한국항공서비스(주),한국항공우주산업(주),66.41,금융업 아님,34019,한국항공서비스(주),표준산업분류 34019 — 금융업 아님
케이스퀘어데이터센터피에프브이(주),(주)LF,66.41,금융업 아님,68122,케이스퀘어데이터센터피에프브이(주),표준산업분류 68122 — 금융업 아님
진양오토모티브,(주)진양홀딩스,66.4,금융업 아님,30399,진양오토모티브,표준산업분류 30399 — 금융업 아님
SK 바이오사이언스(주),에스케이케미칼(주),66.37,금융업 아님,211,SK 바이오사이언스(주),표준산업분류 211 — 금융업 아님
(주)한텍 (국내 - 상장),(주)후성,66.3,금융 키워드 없음,,"(주)한텍
(국내 - 상장)",코드 없음·금융 키워드 없음 — 비금융 추정 (검토 파일 확인)
롯데이노베이트,롯데지주(주),66.1,금융업 아님,62021,"롯데이노베이트(구, 롯데정보통신)",표준산업분류 62021 — 금융업 아님
씨제이올리브영(주),CJ(주),66.1,금융업 아님,47813,씨제이올리브영(주),표준산업분류 47813 — 금융업 아님
㈜카카오엔터테인먼트,(주)카카오,66.06,금융업 아님,63120,㈜카카오엔터테인먼트,표준산업분류 63120 — 금융업 아님
DRB헬스케어(주),동일고무벨트(주),66.05,금융 키워드 없음,,DRB헬스케어(주),코드 없음·금융 키워드 없음 — 비금융 추정 (검토 파일 확인)
(주)유에스티,(주)황금에스티,66.01,금융업 아님,241,(주)유에스티,표준산업분류 241 — 금융업 아님
평택동방아이포트㈜,(주)동방,66.0,금융업 아님,52942,평택동방아이포트㈜,표준산업분류 52942 — 금융업 아님
당진에코파워(주),SK가스(주),66.0,금융업 아님,35114,당진에코파워(주),표준산업분류 35114 — 금융업 아님
북항아이브리지,에이치디씨(주),66.0,금융업 아님,75999,북항아이브리지,표준산업분류 75999 — 금융업 아님
효제피에프브이㈜,디엘이앤씨 주식회사,66.0,금융업 아님,6812,효제피에프브이㈜,표준산업분류 6812 — 금융업 아님
동서음료(주),(주)동서,66.0,금융 키워드 없음,,동서음료(주),코드 없음·금융 키워드 없음 — 비금융 추정 (검토 파일 확인)
삼양라운드힐(주),삼양식품(주),65.9,금융 키워드 없음,,삼양라운드힐(주),코드 없음·금융 키워드 없음 — 비금융 추정 (검토 파일 확인)
애드파마(주),(주)유한양행,65.9,금융업 아님,70113,애드파마(주),표준산업분류 70113 — 금융업 아님
(주)이뮨온시아,(주)유한양행,65.9,금융업 아님,70113,(주)이뮨온시아,표준산업분류 70113 — 금융업 아님
해태제과식품(주),(주)크라운해태홀딩스,65.8,금융업 아님,108,해태제과식품(주),표준산업분류 108 — 금융업 아님
주식회사 드림에이지,(주)하이브,65.77,금융업 아님,58212,주식회사 드림에이지(주3),표준산업분류 58212 — 금융업 아님
서울랜드,한일홀딩스(주),65.75,금융업 아님,91210,서울랜드(*1)(*3),표준산업분류 91210 — 금융업 아님
광동헬스바이오,광동제약(주),65.6,금융업 아님,108,광동헬스바이오,표준산업분류 108 — 금융업 아님
(주)포스코디엑스,포스코홀딩스(주),65.5,금융 키워드 없음,,(주)포스코디엑스,코드 없음·금융 키워드 없음 — 비금융 추정 (검토 파일 확인)
한진부산컨테이너터미널㈜,(주)한진,65.32,금융업 아님,52921,한진부산컨테이너터미널㈜,표준산업분류 52921 — 금융업 아님
롯데하이마트,롯데쇼핑(주),65.25,금융업 아님,47320,롯데하이마트(상장),표준산업분류 47320 — 금융업 아님
㈜디지털프론티어,(주)디아이,65.2,금융업 아님,2612,㈜디지털프론티어,표준산업분류 2612 — 금융업 아님
태경에스비씨(주),태경산업(주),65.1,금융업 아님,20131,태경에스비씨(주),표준산업분류 20131 — 금융업 아님
(주)동방 그린팜,(주)동방아그로,65.07,금융 키워드 없음,,"(주)동방
그린팜
(비상장)",코드 없음·금융 키워드 없음 — 비금융 추정 (검토 파일 확인)
㈜퍼플아이오,코오롱인더스트리(주),65.0,금융업 아님,62010,㈜퍼플아이오,표준산업분류 62010 — 금융업 아님
업성개발피에프브이㈜,계룡건설산업(주),65.0,금융업 아님,68121,업성개발피에프브이㈜,표준산업분류 68121 — 금융업 아님
(유)제이에스 산업개발,유니퀘스트(주),65.0,금융업 아님,68,"(유)제이에스
산업개발",표준산업분류 68 — 금융업 아님
인팩일렉스(주),(주)인팩,65.0,금융업 아님,3033,인팩일렉스(주),표준산업분류 3033 — 금융업 아님
대원메디테크㈜,대원제약(주),64.42,금융 키워드 없음,,대원메디테크㈜,코드 없음·금융 키워드 없음 — 비금융 추정 (검토 파일 확인)
미래비아이,에이치디씨(주),64.4,금융업 아님,681,미래비아이,표준산업분류 681 — 금융업 아님
가온에스티(주),동국홀딩스(주),64.25,금융업 아님,25929,가온에스티(주)(*4),표준산업분류 25929 — 금융업 아님
SK바이오팜㈜,SK(주),64.02,금융업 아님,7011,SK바이오팜㈜,표준산업분류 7011 — 금융업 아님
"울산항6,7부두㈜",(주)동방,64.0,금융 키워드 없음,,"울산항6,7부두㈜",코드 없음·금융 키워드 없음 — 비금융 추정 (검토 파일 확인)
주식회사 스튜디오레논 (LEN),(주)이노션,63.93,금융 키워드 없음,,주식회사 스튜디오레논 (LEN),코드 없음·금융 키워드 없음 — 비금융 추정 (검토 파일 확인)
아시아나항공㈜,(주)대한항공,63.88,금융업 아님,511,아시아나항공㈜,표준산업분류 511 — 금융업 아님
㈜TCC아이엔에스,(주)TCC스틸,63.51,금융 키워드 없음,,㈜TCC아이엔에스,코드 없음·금융 키워드 없음 — 비금융 추정 (검토 파일 확인)
(주)엠파파,호전실업 주식회사,63.26,금융 키워드 없음,,(주)엠파파,코드 없음·금융 키워드 없음 — 비금융 추정 (검토 파일 확인)
티맵모빌리티㈜,에스케이스퀘어 주식회사,63.2,금융업 아님,63991,티맵모빌리티㈜,표준산업분류 63991 — 금융업 아님
㈜엑시아머티리얼스,코오롱글로벌(주),63.16,금융업 아님,20202,㈜엑시아머티리얼스,표준산업분류 20202 — 금융업 아님
주식회사 솔루엠센서,주식회사 솔루엠,63.12,금융 키워드 없음,,주식회사 솔루엠센서,코드 없음·금융 키워드 없음 — 비금융 추정 (검토 파일 확인)
아도바이오(주),대림바스 주식회사,63.1,금융 키워드 없음,,아도바이오(주),코드 없음·금융 키워드 없음 — 비금융 추정 (검토 파일 확인)
한미정밀화학,한미약품(주),63.0,금융업 아님,212,한미정밀화학,표준산업분류 212 — 금융업 아님
헬스포트(*),광동제약(주),63.0,금융 키워드 없음,,헬스포트(*),코드 없음·금융 키워드 없음 — 비금융 추정 (검토 파일 확인)
모델솔루션(주),한국타이어앤테크놀로지(주),62.9,금융업 아님,292,모델솔루션(주),표준산업분류 292 — 금융업 아님
나이스인베스트먼트(주),(주)NICE홀딩스,62.9,금융업 아님,71531,나이스인베스트먼트(주),표준산업분류 71531 — 금융업 아님
광주신세계,(주)신세계,62.8,금융업 아님,47111,광주신세계,표준산업분류 47111 — 금융업 아님
(주)케이티이엔에이,(주)케이티스카이라이프,62.69,금융업 아님,60221,(주)케이티이엔에이,표준산업분류 60221 — 금융업 아님
(주)에이투젠,(주)유한양행,62.6,금융업 아님,71511,(주)에이투젠,표준산업분류 71511 — 금융업 아님
동서물산(주),(주)동서,62.5,금융업 아님,10891,동서물산(주),표준산업분류 10891 — 금융업 아님
케이에스첨단소재(주),강남제비스코(주),62.5,금융 키워드 없음,,케이에스첨단소재(주),코드 없음·금융 키워드 없음 — 비금융 추정 (검토 파일 확인)
(주)주은테크,(주)황금에스티,62.5,금융업 아님,29293,(주)주은테크,표준산업분류 29293 — 금융업 아님
(주)멀티캠퍼스,삼성에스디에스(주),62.4,금융업 아님,85650,(주)멀티캠퍼스,표준산업분류 85650 — 금융업 아님
주식회사 메디쎄이,동화약품(주),62.0,금융업 아님,27199,주식회사 메디쎄이,표준산업분류 27199 — 금융업 아님
㈜쏠리스,SK이노베이션(주),62.0,금융업 아님,35114,㈜쏠리스,표준산업분류 35114 — 금융업 아님
㈜세빛섬,효성티앤씨(주),62.0,금융업 아님,682,㈜세빛섬,표준산업분류 682 — 금융업 아님
㈜그린벳,(주)녹십자홀딩스,62.0,금융업 아님,73100,㈜그린벳,표준산업분류 73100 — 금융업 아님
씨제이바이오사이언스(주),CJ제일제당(주),61.95,금융업 아님,701,씨제이바이오사이언스(주),표준산업분류 701 — 금융업 아님
㈜라이트브레인,(주)엘지씨엔에스,61.91,금융업 아님,62010,㈜라이트브레인,표준산업분류 62010 — 금융업 아님
삼양사,(주)삼양홀딩스,61.83,금융업 아님,108,삼양사,표준산업분류 108 — 금융업 아님
대호기계공업(주),(주)디아이씨,61.77,금융업 아님,303,대호기계공업(주),표준산업분류 303 — 금융업 아님
(주)세아베스틸지주,(주)세아홀딩스,61.72,금융업 아님,2411,(주)세아베스틸지주,표준산업분류 2411 — 금융업 아님
사조씨푸드(주),사조산업(주),61.56,금융업 아님,102,사조씨푸드(주),표준산업분류 102 — 금융업 아님
강남케이피아이(주),강남제비스코(주),61.38,금융업 아님,46731,강남케이피아이(주),표준산업분류 46731 — 금융업 아님
신세계동대구복합환승센터,(주)신세계,61.0,금융업 아님,47111,신세계동대구복합환승센터,표준산업분류 47111 — 금융업 아님
세방산업,세방전지(주),60.9,금융업 아님,28202,세방산업,표준산업분류 28202 — 금융업 아님
㈜오리콤,(주)두산,60.89,금융업 아님,71310,㈜오리콤,표준산업분류 71310 — 금융업 아님
㈜사조오양,(주)사조대림,60.84,금융업 아님,102,㈜사조오양,표준산업분류 102 — 금융업 아님
㈜신안증도태양광,SK이노베이션(주),60.8,금융업 아님,35114,㈜신안증도태양광,표준산업분류 35114 — 금융업 아님
애경케미칼(주),AK홀딩스(주),60.77,금융업 아님,201,애경케미칼(주),표준산업분류 201 — 금융업 아님
롯데바이오로직스,롯데지주(주),60.74,금융업 아님,211,롯데바이오로직스(*7),표준산업분류 211 — 금융업 아님
도화코데코홀딩스(주),(주)도화엔지니어링,60.71,금융 키워드 없음,,도화코데코홀딩스(주),코드 없음·금융 키워드 없음 — 비금융 추정 (검토 파일 확인)
㈜케이씨이노베이션,(주)케이씨,60.59,금융업 아님,29175,㈜케이씨이노베이션,표준산업분류 29175 — 금융업 아님
통영에코파워,에이치디씨(주),60.5,금융업 아님,35113,통영에코파워,표준산업분류 35113 — 금융업 아님
정석기업㈜,(주)한진칼,60.49,금융업 아님,68112,정석기업㈜,표준산업분류 68112 — 금융업 아님
한국철강(주),KISCO홀딩스(주),60.34,금융업 아님,2411,한국철강(주),표준산업분류 2411 — 금융업 아님
대양제지공업(주),신대양제지(주),60.2,금융업 아님,1710,대양제지공업(주),표준산업분류 1710 — 금융업 아님
㈜케이씨파츠텍,(주)케이씨,60.13,금융업 아님,29271,㈜케이씨파츠텍,표준산업분류 29271 — 금융업 아님
동원페이퍼(주),태림포장(주),60.1,금융업 아님,1721,동원페이퍼(주),표준산업분류 1721 — 금융업 아님
(주)포스코엠씨머티리얼즈,(주)포스코퓨처엠,60.0,금융업 아님,20119,(주)포스코엠씨머티리얼즈,표준산업분류 20119 — 금융업 아님
㈜스캇노스아시아,(주)영원무역홀딩스,60.0,금융업 아님,46465,㈜스캇노스아시아,표준산업분류 46465 — 금융업 아님
옥산오창고속도로㈜,지에스건설(주),60.0,금융업 아님,41221,옥산오창고속도로㈜,표준산업분류 41221 — 금융업 아님
에프에스케이엘앤에스㈜,에스케이스퀘어 주식회사,60.0,금융업 아님,52,에프에스케이엘앤에스㈜,표준산업분류 52 — 금융업 아님
지엠비에이지테크(주),지엠비코리아(주),60.0,금융업 아님,30,지엠비에이지테크(주),표준산업분류 30 — 금융업 아님
단양레이크파크㈜,동부건설(주),60.0,금융 키워드 없음,,단양레이크파크㈜,코드 없음·금융 키워드 없음 — 비금융 추정 (검토 파일 확인)
영종이피(주),삼부토건(주),60.0,금융업 아님,35300,영종이피(주)[비상장],표준산업분류 35300 — 금융업 아님
신세계센트럴,(주)신세계,60.0,금융업 아님,52912,신세계센트럴,표준산업분류 52912 — 금융업 아님
㈜컴퍼니잇,(주)비비안,60.0,금융 키워드 없음,,주2) ㈜컴퍼니잇,코드 없음·금융 키워드 없음 — 비금융 추정 (검토 파일 확인)
㈜브이텐시스템,(주)디아이,60.0,금융업 아님,28123,㈜브이텐시스템,표준산업분류 28123 — 금융업 아님
강서도시가스,서울도시가스(주),60.0,금융업 아님,74100,강서도시가스,표준산업분류 74100 — 금융업 아님
지엠비엘피스(주),지엠비코리아(주),60.0,금융업 아님,30310,지엠비엘피스(주),표준산업분류 30310 — 금융업 아님
자이씨앤에이㈜,자이에스앤디(주),60.0,금융업 아님,41129,자이씨앤에이㈜,표준산업분류 41129 — 금융업 아님
마포도시가스이엔지,서울도시가스(주),60.0,금융업 아님,74100,마포도시가스이엔지,표준산업분류 74100 — 금융업 아님
일산도시가스이앤지,서울도시가스(주),60.0,금융업 아님,352,일산도시가스이앤지,표준산업분류 352 — 금융업 아님
(주)케이디에코허브,(주)경동도시가스,60.0,금융업 아님,76390,(주)케이디에코허브,표준산업분류 76390 — 금융업 아님
포항코스타밸리모나용평(주),모나용평(주),60.0,금융 키워드 없음,,포항코스타밸리모나용평(주),코드 없음·금융 키워드 없음 — 비금융 추정 (검토 파일 확인)
HRCC(사우디),현대건설(주),60.0,금융 키워드 없음,,HRCC(사우디),코드 없음·금융 키워드 없음 — 비금융 추정 (검토 파일 확인)
관악도시가스서비스,서울도시가스(주),60.0,금융업 아님,42,관악도시가스서비스,표준산업분류 42 — 금융업 아님
덕양도시가스서비스,서울도시가스(주),60.0,금융업 아님,352,덕양도시가스서비스,표준산업분류 352 — 금융업 아님
㈜피엔티,(주)풍산,60.0,금융업 아님,292,㈜피엔티,표준산업분류 292 — 금융업 아님
케이엔케이코팅스(주),강남제비스코(주),60.0,금융업 아님,20411,케이엔케이코팅스(주),표준산업분류 20411 — 금융업 아님
티더블유바이오매스에너지 주식회사,(주)LG화학,60.0,금융업 아님,35119,티더블유바이오매스에너지 주식회사,표준산업분류 35119 — 금융업 아님
㈜고삼하이파크,계룡건설산업(주),60.0,금융업 아님,561,㈜고삼하이파크,표준산업분류 561 — 금융업 아님
LIG풍산프로테크(주),엘아이지디펜스앤에어로스페이스(주),60.0,금융 키워드 없음,,LIG풍산프로테크(주),코드 없음·금융 키워드 없음 — 비금융 추정 (검토 파일 확인)
효성지에스솔라㈜,효성중공업(주),60.0,금융업 아님,71531,효성지에스솔라㈜,표준산업분류 71531 — 금융업 아님
효성지제이솔라㈜,효성중공업(주),60.0,금융업 아님,71531,효성지제이솔라㈜,표준산업분류 71531 — 금융업 아님
현대씨스퀘어(주),현대코퍼레이션홀딩스(주),60.0,금융 키워드 없음,,현대씨스퀘어(주),코드 없음·금융 키워드 없음 — 비금융 추정 (검토 파일 확인)
HS효성토요타㈜,(주)에이치에스효성,60.0,금융 키워드 없음,,HS효성토요타㈜,코드 없음·금융 키워드 없음 — 비금융 추정 (검토 파일 확인)
심양인파극 기차부건(유),(주)인팩,60.0,금융 키워드 없음,,"심양인파극
기차부건(유)",코드 없음·금융 키워드 없음 — 비금융 추정 (검토 파일 확인)
현대종합특수강,현대제철(주),60.0,금융업 아님,24123,현대종합특수강,표준산업분류 24123 — 금융업 아님
(주)광명문화관광복합단지자산관리,아이파크현대산업개발(주),60.0,금융 키워드 없음,,(주)광명문화관광복합단지자산관리,코드 없음·금융 키워드 없음 — 비금융 추정 (검토 파일 확인)
신안우이해상풍력 주식회사,한화오션(주),60.0,금융업 아님,35119,신안우이해상풍력 주식회사,표준산업분류 35119 — 금융업 아님
오리온바이오로직스,(주)오리온홀딩스,60.0,금융업 아님,70113,오리온바이오로직스,표준산업분류 70113 — 금융업 아님
삼양엔씨켐,(주)삼양홀딩스,59.97,금융업 아님,20499,삼양엔씨켐,표준산업분류 20499 — 금융업 아님
(주)광신판지,신대양제지(주),59.9,금융업 아님,1721,(주)광신판지,표준산업분류 1721 — 금융업 아님
한일시멘트,한일홀딩스(주),59.84,금융업 아님,23311,한일시멘트(*1),표준산업분류 23311 — 금융업 아님
㈜케이티엔지니어링,(주)케이티,59.8,금융업 아님,4232,㈜케이티엔지니어링,표준산업분류 4232 — 금융업 아님
일진하이솔루스㈜,일진다이아몬드(주),59.6,금융업 아님,319,일진하이솔루스㈜,표준산업분류 319 — 금융업 아님
한국공항㈜,(주)대한항공,59.54,금융업 아님,52939,한국공항㈜,표준산업분류 52939 — 금융업 아님
케이피엑스일렉트로켐㈜,KPX홀딩스(주),59.52,금융업 아님,26299,케이피엑스일렉트로켐㈜,표준산업분류 26299 — 금융업 아님
대원정밀공업(주),대원강업(주),59.38,금융업 아님,30,대원정밀공업(주),표준산업분류 30 — 금융업 아님
㈜영원아웃도어,(주)영원무역홀딩스,59.3,금융업 아님,141,㈜영원아웃도어,표준산업분류 141 — 금융업 아님
㈜디엠씨미디어,(주)티와이홀딩스,59.1,금융업 아님,71399,㈜디엠씨미디어,표준산업분류 71399 — 금융업 아님
조선내화㈜,주식회사 시알홀딩스,59.0,금융업 아님,2321,조선내화㈜,표준산업분류 2321 — 금융업 아님
피닉스스포츠㈜,(주)콘텐트리중앙,59.0,금융업 아님,76400,피닉스스포츠㈜,표준산업분류 76400 — 금융업 아님
한국인프라관리(주),(주)대우건설,59.0,금융업 아님,52914,한국인프라관리(주),표준산업분류 52914 — 금융업 아님
효성투자개발㈜,(주)효성,59.0,금융업 아님,68119,효성투자개발㈜,표준산업분류 68119 — 금융업 아님
㈜제주메이리조트,(주)TCC스틸,58.82,금융 키워드 없음,,㈜제주메이리조트,코드 없음·금융 키워드 없음 — 비금융 추정 (검토 파일 확인)
(주)웅진씽크빅 (주1 참조),(주)웅진,58.78,금융 키워드 없음,,"(주)웅진씽크빅
 (주1 참조)",코드 없음·금융 키워드 없음 — 비금융 추정 (검토 파일 확인)
GS피앤엘,(주)GS,58.62,지주회사,64992,GS피앤엘,지주회사(64992) — 사업 자회사를 묶는 중간지주·기금
GS리테일,(주)GS,58.62,금융업 아님,47122,GS리테일,표준산업분류 47122 — 금융업 아님
㈜엘지헬로비전,(주)LG유플러스,58.6,금융업 아님,60222,㈜엘지헬로비전,표준산업분류 60222 — 금융업 아님
마이데일리(주),롯데관광개발(주),58.53,금융 키워드 없음,,마이데일리(주),코드 없음·금융 키워드 없음 — 비금융 추정 (검토 파일 확인)
(주)와이즈켐,(주)경인양행,58.5,금융업 아님,20132,(주)와이즈켐,표준산업분류 20132 — 금융업 아님
아주스틸(주),동국씨엠 주식회사,58.29,금융업 아님,2419,아주스틸(주)(*3),표준산업분류 2419 — 금융업 아님
브릭메이트(주),금호전기(주),58.26,금융 키워드 없음,,브릭메이트(주),코드 없음·금융 키워드 없음 — 비금융 추정 (검토 파일 확인)
㈜태영건설,(주)티와이홀딩스,58.2,금융업 아님,41221,㈜태영건설,표준산업분류 41221 — 금융업 아님
(주)포스코퓨처엠,포스코홀딩스(주),58.2,금융업 아님,282,(주)포스코퓨처엠,표준산업분류 282 — 금융업 아님
스틸코㈜,다스코(주),58.0,금융업 아님,46721,스틸코㈜,표준산업분류 46721 — 금융업 아님
걸포도시개발자산관리 주식회사,(주)태영건설,58.0,금융업 아님,6812,걸포도시개발자산관리 주식회사,표준산업분류 6812 — 금융업 아님
(주)태경코엠,태경산업(주),57.9,금융업 아님,20422,(주)태경코엠,표준산업분류 20422 — 금융업 아님
㈜애임스바이오사이언스,일동홀딩스(주),57.8,금융 키워드 없음,,㈜애임스바이오사이언스,코드 없음·금융 키워드 없음 — 비금융 추정 (검토 파일 확인)
이브이시스㈜,롯데이노베이트(주),57.68,금융업 아님,28119,이브이시스㈜,표준산업분류 28119 — 금융업 아님
종근당산업,(주)종근당홀딩스,57.6,금융업 아님,68119,종근당산업,표준산업분류 68119 — 금융업 아님
쇼박스,(주)오리온홀딩스,57.47,금융업 아님,59130,쇼박스,표준산업분류 59130 — 금융업 아님
(주)현대홈쇼핑,(주)현대지에프홀딩스,57.4,금융업 아님,47919,(주)현대홈쇼핑(*5),표준산업분류 47919 — 금융업 아님
(주)한컴유비마이크로,주식회사 한컴라이프케어,57.38,금융 키워드 없음,,(주)한컴유비마이크로,코드 없음·금융 키워드 없음 — 비금융 추정 (검토 파일 확인)
(주)이엔케이,(주)엔케이,57.26,금융업 아님,25123,(주)이엔케이,표준산업분류 25123 — 금융업 아님
㈜케이씨이앤씨,(주)케이씨,57.24,금융업 아님,42,㈜케이씨이앤씨,표준산업분류 42 — 금융업 아님
㈜카카오모빌리티,(주)카카오,57.2,금융업 아님,63999,㈜카카오모빌리티,표준산업분류 63999 — 금융업 아님
에이엠플러스자산개발(주),AK홀딩스(주),57.14,금융업 아님,68121,에이엠플러스자산개발(주),표준산업분류 68121 — 금융업 아님
㈜프로텍코퍼레이션,(주)디아이,57.1,금융 키워드 없음,,㈜프로텍코퍼레이션,코드 없음·금융 키워드 없음 — 비금융 추정 (검토 파일 확인)
잼팟㈜,넷마블(주),57.0,금융업 아님,58212,잼팟㈜,표준산업분류 58212 — 금융업 아님
SGC이앤씨(주),SGC에너지(주),57.0,금융 키워드 없음,,SGC이앤씨(주),코드 없음·금융 키워드 없음 — 비금융 추정 (검토 파일 확인)
아세아시멘트(주),아세아(주),56.91,금융업 아님,23311,아세아시멘트(주),표준산업분류 23311 — 금융업 아님
투데이홀딩스(주),(주)원림,56.9,금융업 아님,582,투데이홀딩스(주),표준산업분류 582 — 금융업 아님
주식회사 에이프로젠바이오로직스,(주)에이프로젠,56.9,금융업 아님,212,주식회사 에이프로젠바이오로직스,표준산업분류 212 — 금융업 아님
㈜수퍼톤,(주)하이브,56.56,금융업 아님,58221,㈜수퍼톤,표준산업분류 58221 — 금융업 아님
(주)테라닉스,(주)코리아써키트,56.52,금융업 아님,2622,(주)테라닉스,표준산업분류 2622 — 금융업 아님
(주)시큐아이,삼성에스디에스(주),56.52,금융업 아님,58221,(주)시큐아이,표준산업분류 58221 — 금융업 아님
서부산도시고속도로㈜,현대건설(주),56.3,금융업 아님,4122,서부산도시고속도로㈜,표준산업분류 4122 — 금융업 아님
한무쇼핑(주),(주)현대백화점,56.05,금융업 아님,47111,한무쇼핑(주),표준산업분류 47111 — 금융업 아님
현대파텍스,현대자동차(주),56.0,금융업 아님,30,현대파텍스,표준산업분류 30 — 금융업 아님
한국표면처리(주),한국항공우주산업(주),55.77,금융 키워드 없음,,한국표면처리(주)(*3),코드 없음·금융 키워드 없음 — 비금융 추정 (검토 파일 확인)
㈜신세계푸드,(주)이마트,55.47,금융업 아님,561,㈜신세계푸드,표준산업분류 561 — 금융업 아님
에스케이텔레콤씨에스티원㈜,에스케이스퀘어 주식회사,55.4,금융업 아님,91191,에스케이텔레콤씨에스티원㈜,표준산업분류 91191 — 금융업 아님
HD현대마린솔루션㈜,에이치디현대(주),55.32,금융업 아님,7212,HD현대마린솔루션㈜,표준산업분류 7212 — 금융업 아님
(주)남영전구,태경산업(주),55.3,금융업 아님,28410,(주)남영전구,표준산업분류 28410 — 금융업 아님
㈜위버스컴퍼니,(주)하이브,55.24,금융업 아님,47912,㈜위버스컴퍼니,표준산업분류 47912 — 금융업 아님
은평새길㈜,지에스건설(주),55.1,금융업 아님,412,은평새길㈜,표준산업분류 412 — 금융업 아님
㈜이채널,태광산업(주),55.09,금융업 아님,60221,㈜이채널,표준산업분류 60221 — 금융업 아님
(주)지티이노비젼,(주)엘지씨엔에스,55.05,금융 키워드 없음,,(주)지티이노비젼,코드 없음·금융 키워드 없음 — 비금융 추정 (검토 파일 확인)
㈜케이씨인더스트리얼,(주)케이씨,55.0,금융업 아님,46595,㈜케이씨인더스트리얼,표준산업분류 46595 — 금융업 아님
경동강남고객 서비스(주),(주)경동도시가스,55.0,금융 키워드 없음,,"경동강남고객
서비스(주)",코드 없음·금융 키워드 없음 — 비금융 추정 (검토 파일 확인)
엘에스엘앤에프배터리솔루션㈜,(주)LS,55.0,금융업 아님,2012,엘에스엘앤에프배터리솔루션㈜(*1),표준산업분류 2012 — 금융업 아님
해피그린서비스,서울도시가스(주),55.0,금융업 아님,74100,해피그린서비스,표준산업분류 74100 — 금융업 아님
서경에너지서비스,서울도시가스(주),55.0,금융업 아님,74100,서경에너지서비스,표준산업분류 74100 — 금융업 아님
농업회사법인 (주)에스앤마니커,(주)마니커,55.0,금융 키워드 없음,,"농업회사법인
(주)에스앤마니커",코드 없음·금융 키워드 없음 — 비금융 추정 (검토 파일 확인)
(주)파라다이스세가사미,(주)파라다이스,55.0,금융업 아님,55101,(주)파라다이스세가사미,표준산업분류 55101 — 금융업 아님
골든에코(주),아이에스동서(주),55.0,금융업 아님,38220,골든에코(주),표준산업분류 38220 — 금융업 아님
대성나찌유압공업(주),대성산업(주),55.0,금융업 아님,29133,대성나찌유압공업(주),표준산업분류 29133 — 금융업 아님
(주)조비,(주)경농,55.0,금융업 아님,20312,(주)조비,표준산업분류 20312 — 금융업 아님
전남2해상풍력㈜,SK이노베이션(주),55.0,금융업 아님,35119,전남2해상풍력㈜,표준산업분류 35119 — 금융업 아님
(주)삼원강재,대원강업(주),55.0,금융업 아님,303,(주)삼원강재,표준산업분류 303 — 금융업 아님
전남3해상풍력㈜,SK이노베이션(주),55.0,금융업 아님,35119,전남3해상풍력㈜,표준산업분류 35119 — 금융업 아님
청진이삼프로젝트㈜,디엘 주식회사,54.97,금융업 아님,6811,청진이삼프로젝트㈜,표준산업분류 6811 — 금융업 아님
㈜진에어,(주)대한항공,54.91,금융업 아님,511,㈜진에어,표준산업분류 511 — 금융업 아님
셀트리온제약,(주)셀트리온,54.8,금융업 아님,212,셀트리온제약,표준산업분류 212 — 금융업 아님
프리시젼바이오,광동제약(주),54.7,금융업 아님,27199,프리시젼바이오,표준산업분류 27199 — 금융업 아님
(주)아피셀테라퓨틱스,(주)대웅제약,54.64,금융 키워드 없음,,(주)아피셀테라퓨틱스(주2),코드 없음·금융 키워드 없음 — 비금융 추정 (검토 파일 확인)
아이디언스㈜,일동홀딩스(주),54.6,금융업 아님,70113,아이디언스㈜(*3),표준산업분류 70113 — 금융업 아님
㈜신안그린에너지,(주)포스코인터내셔널,54.53,금융업 아님,3511,㈜신안그린에너지,표준산업분류 3511 — 금융업 아님
㈜일승,(주)세진중공업,54.51,금융업 아님,311,㈜일승,표준산업분류 311 — 금융업 아님
롯데지알에스,롯데지주(주),54.44,금융업 아님,4610,롯데지알에스,표준산업분류 4610 — 금융업 아님
SNT에너지(주),(주)SNT홀딩스,54.36,금융업 아님,29176,SNT에너지(주),표준산업분류 29176 — 금융업 아님
에스엘엘중앙(주),(주)콘텐트리중앙,54.0,금융업 아님,59130,에스엘엘중앙(주),표준산업분류 59130 — 금융업 아님
효성티앤에스㈜,(주)효성,54.0,금융업 아님,62021,효성티앤에스㈜,표준산업분류 62021 — 금융업 아님
SK플라즈마㈜,에스케이디스커버리(주),53.79,금융업 아님,21212,SK플라즈마㈜,표준산업분류 21212 — 금융업 아님
㈜루텍,일동홀딩스(주),53.7,금융업 아님,62021,㈜루텍,표준산업분류 62021 — 금융업 아님
씨에스베어링 주식회사,씨에스윈드(주),53.69,금융업 아님,29141,씨에스베어링 주식회사,표준산업분류 29141 — 금융업 아님
HD현대에너지솔루션㈜,에이치디한국조선해양(주),53.57,금융업 아님,2612,HD현대에너지솔루션㈜,표준산업분류 2612 — 금융업 아님
우리홈쇼핑,롯데쇼핑(주),53.49,금융업 아님,47919,우리홈쇼핑(비상장),표준산업분류 47919 — 금융업 아님
삼화왕관(주),(주)금비,53.43,금융업 아님,25991,삼화왕관(주),표준산업분류 25991 — 금융업 아님
SK아이이테크놀로지(주),SK이노베이션(주),53.4,금융업 아님,282,SK아이이테크놀로지(주) (주1),표준산업분류 282 — 금융업 아님
㈜휴데이터스,(주)한진,53.21,금융업 아님,63991,㈜휴데이터스,표준산업분류 63991 — 금융업 아님
HR그룹,(주)대웅,53.2,금융 키워드 없음,,HR그룹,코드 없음·금융 키워드 없음 — 비금융 추정 (검토 파일 확인)
(주)싸이버로지텍,(주)유수홀딩스,53.16,금융업 아님,58221,(주)싸이버로지텍(*1),표준산업분류 58221 — 금융업 아님
(주)비케이메디케어,일동제약(주),53.0,금융업 아님,21309,(주)비케이메디케어(*2),표준산업분류 21309 — 금융업 아님
반포센트럴피에프브이(주),(주)대우건설,53.0,금융업 아님,68121,반포센트럴피에프브이(주),표준산업분류 68121 — 금융업 아님
한화첨단소재 주식회사,한화솔루션(주),53.0,금융업 아님,20202,한화첨단소재 주식회사,표준산업분류 20202 — 금융업 아님
㈜인천스마트에너지,현대건설(주),52.9,금융업 아님,76390,㈜인천스마트에너지,표준산업분류 76390 — 금융업 아님
대동금속(주),(주)대동,52.78,금융업 아님,24312,대동금속(주),표준산업분류 24312 — 금융업 아님
대웅제약,(주)대웅,52.65,금융업 아님,212,대웅제약,표준산업분류 212 — 금융업 아님
㈜케이티스포츠,(주)케이티,52.6,금융업 아님,91191,㈜케이티스포츠,표준산업분류 91191 — 금융업 아님
엠티알 주식회사,전진건설로봇(주),52.59,금융업 아님,30201,엠티알 주식회사,표준산업분류 30201 — 금융업 아님
(주) SJM ECS,(주)에스제이엠,52.5,금융 키워드 없음,,"(주) SJM ECS
((구. 엠에이치기술
 개발주식회사(*3))",코드 없음·금융 키워드 없음 — 비금융 추정 (검토 파일 확인)
주식회사 와이웍스엔터테인먼트,(주)MDS스피어,52.48,금융업 아님,59120,주식회사 와이웍스엔터테인먼트,표준산업분류 59120 — 금융업 아님
영진약품㈜,(주)케이티앤지,52.45,금융업 아님,212,영진약품㈜,표준산업분류 212 — 금융업 아님
KPX케미칼㈜,KPX홀딩스(주),52.28,금융업 아님,20119,KPX케미칼㈜,표준산업분류 20119 — 금융업 아님
㈜에이플러스라이프,주식회사 에이플러스에셋어드바이저,52.23,금융업 아님,96921,㈜에이플러스라이프,표준산업분류 96921 — 금융업 아님
아세아제지(주),아세아(주),52.2,금융업 아님,172,아세아제지(주),표준산업분류 172 — 금융업 아님
대구남부순환도로(주),(주)태영건설,51.8,금융업 아님,74100,대구남부순환도로(주),표준산업분류 74100 — 금융업 아님
SK이노베이션㈜,SK(주),51.7,금융업 아님,192,SK이노베이션㈜,표준산업분류 192 — 금융업 아님
울산항만운영(주),CJ제일제당(주),51.54,금융업 아님,52942,울산항만운영(주),표준산업분류 52942 — 금융업 아님
마그나피에프브이㈜,지에스건설(주),51.4,금융업 아님,68,마그나피에프브이㈜,표준산업분류 68 — 금융업 아님
케이디탱크터미널(주),극동유화(주),51.3,금융업 아님,52104,"케이디탱크터미널(주)
(*1)",표준산업분류 52104 — 금융업 아님
진양산업,(주)진양홀딩스,51.2,금융업 아님,2225,진양산업,표준산업분류 2225 — 금융업 아님
태경에프앤지(주),태경산업(주),51.1,금융업 아님,56199,태경에프앤지(주),표준산업분류 56199 — 금융업 아님
한온시스템㈜,한국타이어앤테크놀로지(주),51.1,금융업 아님,29172,한온시스템㈜,표준산업분류 29172 — 금융업 아님
원주그린㈜,(주)한화,51.09,금융업 아님,382,원주그린㈜,표준산업분류 382 — 금융업 아님
코오롱이앤씨㈜,코오롱글로벌(주),51.06,금융업 아님,4111,코오롱이앤씨㈜,표준산업분류 4111 — 금융업 아님
청라메디폴리스피에프브이㈜,(주)케이티앤지,51.01,금융업 아님,6812,청라메디폴리스피에프브이㈜,표준산업분류 6812 — 금융업 아님
풍무역세권개발자산관리(주),(주)대우건설,51.0,금융업 아님,6812,풍무역세권개발자산관리(주),표준산업분류 6812 — 금융업 아님
코스맥스에이비㈜,코스맥스(주),51.0,금융 키워드 없음,,코스맥스에이비㈜,코드 없음·금융 키워드 없음 — 비금융 추정 (검토 파일 확인)
씨엠테크㈜,코스맥스(주),51.0,금융업 아님,20423,씨엠테크㈜,표준산업분류 20423 — 금융업 아님
(주)한가람포닉스,(주)이수화학                             ,51.0,금융 키워드 없음,,(주)한가람포닉스,코드 없음·금융 키워드 없음 — 비금융 추정 (검토 파일 확인)
에이치엔엘트랜스 주식회사,에이치엠엠(주) ,51.0,금융업 아님,5299,에이치엔엘트랜스 주식회사,표준산업분류 5299 — 금융업 아님
LS파워솔루션㈜,엘에스일렉트릭 주식회사,51.0,금융업 아님,2812,LS파워솔루션㈜(구.KOC전기㈜)(*7),표준산업분류 2812 — 금융업 아님
디에스케이피에프브이(주),(주)대우건설,51.0,금융업 아님,41112,디에스케이피에프브이(주),표준산업분류 41112 — 금융업 아님
㈜데이콤크로싱,(주)LG유플러스,51.0,금융업 아님,61210,㈜데이콤크로싱,표준산업분류 61210 — 금융업 아님
인천글로벌물류센터㈜,(주)한진,51.0,금융업 아님,5210,인천글로벌물류센터㈜,표준산업분류 5210 — 금융업 아님
코스맥스네오㈜,코스맥스(주),51.0,금융업 아님,20423,코스맥스네오㈜,표준산업분류 20423 — 금융업 아님
페코시티,(주)한국종합기술,51.0,금융 키워드 없음,,페코시티,코드 없음·금융 키워드 없음 — 비금융 추정 (검토 파일 확인)
부산글로벌물류센터㈜,(주)한진,51.0,금융업 아님,52101,부산글로벌물류센터㈜,표준산업분류 52101 — 금융업 아님
카페스(주),한국전력공사(주),51.0,금융업 아님,72129,카페스(주),표준산업분류 72129 — 금융업 아님
한전KPS(주),한국전력공사(주),51.0,금융업 아님,42311,한전KPS(주),표준산업분류 42311 — 금융업 아님
씨엑스솔루션 주식회사,엘에스일렉트릭 주식회사,51.0,금융업 아님,28123,씨엑스솔루션 주식회사(*7),표준산업분류 28123 — 금융업 아님
한국전력기술(주),한국전력공사(주),51.0,금융 키워드 없음,,한국전력기술(주),코드 없음·금융 키워드 없음 — 비금융 추정 (검토 파일 확인)
전남해상풍력㈜,SK이노베이션(주),51.0,금융업 아님,35119,전남해상풍력㈜,표준산업분류 35119 — 금융업 아님
덕평랜드㈜,코오롱글로벌(주),51.0,금융업 아님,68112,덕평랜드㈜,표준산업분류 68112 — 금융업 아님
SK실트론(주),SK(주),51.0,금융업 아님,2612,SK실트론(주),표준산업분류 2612 — 금융업 아님
에스케이플러그하이버스㈜,SK이노베이션(주),51.0,금융 키워드 없음,,에스케이플러그하이버스㈜,코드 없음·금융 키워드 없음 — 비금융 추정 (검토 파일 확인)
파주에너지서비스㈜,SK이노베이션(주),51.0,금융업 아님,35113,파주에너지서비스㈜,표준산업분류 35113 — 금융업 아님
(주)에스엘미러텍,에스엘(주),51.0,금융업 아님,2311,(주)에스엘미러텍,표준산업분류 2311 — 금융업 아님
케이스마트양식(주),동원산업(주),51.0,금융업 아님,0321,케이스마트양식(주),표준산업분류 0321 — 금융업 아님
웨스트사이드로지스틱스(주),SGC에너지(주),51.0,금융업 아님,52102,웨스트사이드로지스틱스(주),표준산업분류 52102 — 금융업 아님
㈜마이크로알지에스크어스,대상홀딩스(주),51.0,금융 키워드 없음,,㈜마이크로알지에스크어스(*4),코드 없음·금융 키워드 없음 — 비금융 추정 (검토 파일 확인)
㈜에이치밸리,한화솔루션(주),51.0,금융업 아님,68,㈜에이치밸리,표준산업분류 68 — 금융업 아님
㈜안연케어,(주)아이마켓코리아,51.0,금융업 아님,46441,㈜안연케어,표준산업분류 46441 — 금융업 아님
헤텍스,(주)에넥스,51.0,금융 키워드 없음,,헤텍스,코드 없음·금융 키워드 없음 — 비금융 추정 (검토 파일 확인)
(주)후레쉬미트,(주)지에스피앤엘,51.0,금융업 아님,47212,(주)후레쉬미트,표준산업분류 47212 — 금융업 아님
대산항만운영㈜,(주)동방,51.0,금융업 아님,52942,대산항만운영㈜,표준산업분류 52942 — 금융업 아님
주식회사 채화,(주)잇츠한불,51.0,금융 키워드 없음,,주식회사 채화,코드 없음·금융 키워드 없음 — 비금융 추정 (검토 파일 확인)
안휘국제경전기계(유),주식회사 티와이엠,51.0,금융 키워드 없음,,안휘국제경전기계(유),코드 없음·금융 키워드 없음 — 비금융 추정 (검토 파일 확인)
에이치앤지케미칼 주식회사,한화솔루션(주),51.0,금융업 아님,20202,에이치앤지케미칼 주식회사,표준산업분류 20202 — 금융업 아님
그린에어,현대제철(주),51.0,금융업 아님,35200,그린에어,표준산업분류 35200 — 금융업 아님
㈜에스파워,삼천리(주),51.0,금융업 아님,35113,㈜에스파워,표준산업분류 35113 — 금융업 아님
창원복합행정타운개발 주식회사,(주)태영건설,51.0,금융업 아님,71600,창원복합행정타운개발 주식회사,표준산업분류 71600 — 금융업 아님
효성하이드로젠(주),효성중공업(주),51.0,금융업 아님,47712,효성하이드로젠(주),표준산업분류 47712 — 금융업 아님
엘지마그나 이파워트레인㈜,LG전자(주),51.0,금융업 아님,28111,엘지마그나 이파워트레인㈜,표준산업분류 28111 — 금융업 아님
한로해운㈜,흥아해운(주),51.0,금융업 아님,52992,한로해운㈜,표준산업분류 52992 — 금융업 아님
종근당건강,(주)종근당홀딩스,51.0,금융업 아님,10895,종근당건강,표준산업분류 10895 — 금융업 아님
벨커뮤니케이션즈,(주)종근당홀딩스,51.0,금융업 아님,7131,벨커뮤니케이션즈,표준산업분류 7131 — 금융업 아님
한국나가노㈜,(주)우진,51.0,금융 키워드 없음,,한국나가노㈜,코드 없음·금융 키워드 없음 — 비금융 추정 (검토 파일 확인)
㈜브랙스스페이스,(주)보령,51.0,금융 키워드 없음,,㈜브랙스스페이스,코드 없음·금융 키워드 없음 — 비금융 추정 (검토 파일 확인)
씨제이에이치디씨비오솔(주),에이치디씨현대이피(주),51.0,금융업 아님,20202,씨제이에이치디씨비오솔(주) (*2),표준산업분류 20202 — 금융업 아님
용원개발(주),(주)MH에탄올,51.0,금융업 아님,91121,"용원개발(주)
(비상장)",표준산업분류 91121 — 금융업 아님
㈜과천상상피에프브이,(주)케이티앤지,51.0,금융업 아님,68122,㈜과천상상피에프브이,표준산업분류 68122 — 금융업 아님
에스엔에이전자 주식회사,삼영전자공업(주),51.0,금융 키워드 없음,,에스엔에이전자 주식회사,코드 없음·금융 키워드 없음 — 비금융 추정 (검토 파일 확인)
(주)바이옥스,(주)한솔케미칼,51.0,금융업 아님,2049,(주)바이옥스,표준산업분류 2049 — 금융업 아님
영광백수풍력발전(주),금호석유화학(주),51.0,금융업 아님,3511,영광백수풍력발전(주),표준산업분류 3511 — 금융업 아님
에코윈,동아에스티(주),51.0,금융업 아님,2032,에코윈,표준산업분류 2032 — 금융업 아님
(주)에프씨스페셜티,(주)후성,51.0,금융 키워드 없음,,(주)에프씨스페셜티,코드 없음·금융 키워드 없음 — 비금융 추정 (검토 파일 확인)
대한소결금속㈜,주식회사 시알홀딩스,51.0,금융업 아님,25911,대한소결금속㈜,표준산업분류 25911 — 금융업 아님
주식회사 엘지에니바이오리파이닝,(주)LG화학,51.0,금융업 아님,20495,주식회사 엘지에니바이오리파이닝,표준산업분류 20495 — 금융업 아님
디피니션㈜,(주)대교,51.0,금융 키워드 없음,,디피니션㈜,코드 없음·금융 키워드 없음 — 비금융 추정 (검토 파일 확인)
세종에이엠씨(주),극동유화(주),51.0,금융업 아님,4112,세종에이엠씨(주)(*1),표준산업분류 4112 — 금융업 아님
새로엠에스㈜,일동홀딩스(주),51.0,금융 키워드 없음,,새로엠에스㈜(*6),코드 없음·금융 키워드 없음 — 비금융 추정 (검토 파일 확인)
㈜인더모션,(주)서연이화,51.0,금융 키워드 없음,,㈜인더모션(*1),코드 없음·금융 키워드 없음 — 비금융 추정 (검토 파일 확인)
주식회사 디엔씨배터리솔루션,디와이덕양(주),51.0,금융 키워드 없음,,주식회사 디엔씨배터리솔루션,코드 없음·금융 키워드 없음 — 비금융 추정 (검토 파일 확인)
주식회사 엘지에이치와이비씨엠,(주)LG화학,51.0,금융업 아님,20129,주식회사 엘지에이치와이비씨엠,표준산업분류 20129 — 금융업 아님
성서그린에너지,주식회사 신성이엔지,51.0,금융 키워드 없음,,성서그린에너지,코드 없음·금융 키워드 없음 — 비금융 추정 (검토 파일 확인)
에스케이피아이씨글로벌(주),SKC(주),51.0,금융업 아님,201,에스케이피아이씨글로벌(주),표준산업분류 201 — 금융업 아님
(주)하이앤드,(주)유니켐,51.0,금융업 아님,41210,(주)하이앤드,표준산업분류 41210 — 금융업 아님
씨제이씨지브이(주),CJ(주),50.9,금융 키워드 없음,,씨제이씨지브이(주),코드 없음·금융 키워드 없음 — 비금융 추정 (검토 파일 확인)
하이트진로(주),하이트진로홀딩스(주),50.86,금융업 아님,11122,하이트진로(주),표준산업분류 11122 — 금융업 아님
㈜웅진휴캄,(주)웅진,50.82,금융업 아님,46443,㈜웅진휴캄,표준산업분류 46443 — 금융업 아님
네이버핸즈 주식회사,네이버(주),50.8,금융업 아님,759,네이버핸즈 주식회사,표준산업분류 759 — 금융업 아님
GS글로벌,(주)GS,50.7,금융업 아님,468,GS글로벌,표준산업분류 468 — 금융업 아님
대성축산 영농조합법인,(주)팜스코,50.69,금융 키워드 없음,,"대성축산
영농조합법인",코드 없음·금융 키워드 없음 — 비금융 추정 (검토 파일 확인)
대웅테라퓨틱스,(주)대웅,50.69,금융 키워드 없음,,대웅테라퓨틱스,코드 없음·금융 키워드 없음 — 비금융 추정 (검토 파일 확인)
㈜카카오스타일,(주)카카오,50.58,금융업 아님,58222,㈜카카오스타일,표준산업분류 58222 — 금융업 아님
㈜영원무역,(주)영원무역홀딩스,50.52,금융업 아님,46800,㈜영원무역,표준산업분류 46800 — 금융업 아님
㈜링키지랩,(주)카카오,50.51,금융업 아님,63120,㈜링키지랩,표준산업분류 63120 — 금융업 아님
진양폴리우레탄,(주)진양홀딩스,50.5,금융업 아님,22259,진양폴리우레탄,표준산업분류 22259 — 금융업 아님
(주)노루오토코팅,(주)노루홀딩스,50.5,금융업 아님,20411,(주)노루오토코팅,표준산업분류 20411 — 금융업 아님
㈜케이티스카이라이프,(주)케이티,50.5,금융업 아님,60229,㈜케이티스카이라이프,표준산업분류 60229 — 금융업 아님
(주)노루페인트,(주)노루홀딩스,50.5,금융업 아님,20411,(주)노루페인트,표준산업분류 20411 — 금융업 아님
㈜청운농업회사법인,(주)선진,50.5,금융업 아님,01220,㈜청운농업회사법인,표준산업분류 01220 — 금융업 아님
한세실업(주),한세예스24홀딩스(주),50.49,금융업 아님,14199,"한세실업(주)
(*1)",표준산업분류 14199 — 금융업 아님
(주)제주항공,AK홀딩스(주),50.41,금융업 아님,511,(주)제주항공,표준산업분류 511 — 금융업 아님
(주)모모랩스,(주)메타케어,50.4,금융 키워드 없음,,(주)모모랩스,코드 없음·금융 키워드 없음 — 비금융 추정 (검토 파일 확인)
(주)엠제이비전테크,평화홀딩스(주),50.24,금융 키워드 없음,,(주)엠제이비전테크,코드 없음·금융 키워드 없음 — 비금융 추정 (검토 파일 확인)
(주)제네웰,(주)동성케미컬,50.21,금융업 아님,21309,(주)제네웰,표준산업분류 21309 — 금융업 아님
케이씨엘엔지테크 주식회사,한국가스공사(주),50.2,금융업 아님,72129,"케이씨엘엔지테크 
주식회사",표준산업분류 72129 — 금융업 아님
케이에스피,금강공업(주),50.16,금융업 아님,29271,케이에스피,표준산업분류 29271 — 금융업 아님
(주)한주,대한유화(주),50.13,금융업 아님,29175,(주)한주,표준산업분류 29175 — 금융업 아님
(주)세아제강,(주)세아제강지주,50.11,금융업 아님,2413,(주)세아제강,표준산업분류 2413 — 금융업 아님
㈜한국프리시전웍스,한국타이어앤테크놀로지(주),50.1,금융업 아님,29293,㈜한국프리시전웍스,표준산업분류 29293 — 금융업 아님
(주)한솔오리온텍,한솔테크닉스(주),50.1,금융업 아님,31114,(주)한솔오리온텍,표준산업분류 31114 — 금융업 아님
일진다이아몬드(주),일진홀딩스(주),50.1,금융 키워드 없음,,일진다이아몬드(주),코드 없음·금융 키워드 없음 — 비금융 추정 (검토 파일 확인)
현대리어스 주식회사,현대코퍼레이션(주),50.1,금융 키워드 없음,,현대리어스 주식회사,코드 없음·금융 키워드 없음 — 비금융 추정 (검토 파일 확인)
㈜녹십자,(주)녹십자홀딩스,50.1,금융업 아님,212,㈜녹십자,표준산업분류 212 — 금융업 아님
희망빛발전(주),한국전력공사(주),50.04,금융업 아님,3511,희망빛발전(주),표준산업분류 3511 — 금융업 아님
주식회사 안컴퍼니,(주)MDS스피어,50.03,금융 키워드 없음,,주식회사 안컴퍼니,코드 없음·금융 키워드 없음 — 비금융 추정 (검토 파일 확인)
삼양케이씨아이,(주)삼양사,50.02,금융업 아님,20421,삼양케이씨아이,표준산업분류 20421 — 금융업 아님
예스이십사(주),한세예스24홀딩스(주),50.01,금융 키워드 없음,,"예스이십사(주)
(*1)",코드 없음·금융 키워드 없음 — 비금융 추정 (검토 파일 확인)
㈜미래넷,(주)윌비스,50.01,금융업 아님,68112,㈜미래넷,표준산업분류 68112 — 금융업 아님
