name,role,report_nm,link,section,keyword,priority,snippet
와이케이스틸 주식회사,판정 대상,감사보고서 (2025.12),https://dart.fss.or.kr/dsaf001/main.do?rcpNo=20260319000419,주석,EUR,2,"하는 것입니다. 금융자산 및 부채 중 외환위험에 노출된 주요 통화별 구성내역은 다음과 같습니다. (단위 : USD, JPY, EUR) 구 분 2025년 12월 31일 2024년 12월 31일 외화예금 USD 5,621 - JPY 50,000,000 22,486,836 EUR 1,786 - 미지급금 USD - 200,000 EU"
와이케이스틸 주식회사,판정 대상,감사보고서 (2025.12),https://dart.fss.or.kr/dsaf001/main.do?rcpNo=20260319000419,주석,EUR,2," USD 5,621 - JPY 50,000,000 22,486,836 EUR 1,786 - 미지급금 USD - 200,000 EUR 1,138,072 1,138,072 차입금 EUR 214,483 214,483 2) 민감도 분석 보고기간종료일 현재 다른 모든 변수가 일정하고 각 외화에 대한 기능통화의 환율이 10% 변동시 환율"
와이케이스틸 주식회사,판정 대상,감사보고서 (2025.12),https://dart.fss.or.kr/dsaf001/main.do?rcpNo=20260319000419,주석,EUR,2,"하락시 USD 807 (807) (29,400) 29,400 JPY 45,882 (45,882) 21,058 (21,058) EUR (227,702) 227,702 (206,769) 206,769 (2) 가격위험회사는 당기말 현재 중요한 지분증권에 투자하지 않고 있으므로, 가격변동이 세전이익 및 자본에 미치는 영향은 중요하지 "
와이케이스틸 주식회사,판정 대상,감사보고서 (2025.12),https://dart.fss.or.kr/dsaf001/main.do?rcpNo=20260319000419,주석,EUR,0,"산의 취득약정2025년 12월 31일 현재 회사가 체결하고 있는 주요 유형자산 취득약정은 아래와 같습니다. (단위 : 천원, EUR) 구 분 총지급예상액 건설중인자산 계상금액 신규 공장 송전선로 구축 3,700,000 3,401,000 신규 공장 설비 취득 EUR 58,100,000 EUR 19,289,632 (7) 회사는 당"
와이케이스틸 주식회사,판정 대상,감사보고서 (2025.12),https://dart.fss.or.kr/dsaf001/main.do?rcpNo=20260319000419,주석,EUR,0,"인자산 계상금액 신규 공장 송전선로 구축 3,700,000 3,401,000 신규 공장 설비 취득 EUR 58,100,000 EUR 19,289,632 (7) 회사는 당기초 공장이전 예상시기를 고려하여 이전 불가 유형자산의 기대내용연수에 대한 추정을 변경하였으며, 실제 내용연수는 당진공장 전력공사 등 진행상황에 따라 짧거나 길"
와이케이스틸 주식회사,판정 대상,감사보고서 (2025.12),https://dart.fss.or.kr/dsaf001/main.do?rcpNo=20260319000419,주석,EUR,5,"금 - 313,102 14,785 - 327,887 31. 우발상황 및 약정사항 (1) 차입약정사항 (단위: 천원, USD, EUR) 금융기관 내역 한도금액 실행금액 KDB산업은행 차입한도약정 30,000,000 - 수출입은행 외화대출약정 20,000,000 - 국민은행 외화대출약정 USD 5,000,000 USD 251,97"
와이케이스틸 주식회사,판정 대상,감사보고서 (2025.12),https://dart.fss.or.kr/dsaf001/main.do?rcpNo=20260319000419,주석,EUR,2,"50,000 - 국민은행 포괄외화지급보증약정 USD 10,000,000 USD 2,797,719.20 국민은행 수입신용장약정 EUR 35,272,300 EUR 31,099,367 (2) 전자지급결제약정 (단위 : 천원) 구 분 한도금액 사용금액 하나은행 70,000,000 23,779,261 신한은행 35,000,000 8,6"
대한시멘트 주식회사,판정 대상,감사보고서 (2025.12),https://dart.fss.or.kr/dsaf001/main.do?rcpNo=20260330001518,주석,유로,0,자의 유의적인 재무적 어려움 - 채무불이행이나 연체와 같은 계약 위반 - 차입자의 재무적 어려움에 관련된 경제적이나 계약상 이유로 당초 차입조건의 불가피한 완화 - 차입자의 파산가능성이 높아지거나 그 밖의 재무구조조정 가능성이 높아짐 - 재무적 어려움으로 인해 해당 금융자산에 대한 활성시장 소멸 4) 재무상태표 상 신용손실충
한라시멘트(주),판정 대상,감사보고서 (2025.12),https://dart.fss.or.kr/dsaf001/main.do?rcpNo=20260331001063,주석,유로,-2, 차입자의 유의적인 재무적 어려움② 채무불이행이나 연체 같은 계약위반③ 차입자의 재무적 어려움에 관련된 경제적 또는 계약상 이유로 인한 차입조건의불가피한 완화④ 차입자의 파산 가능성이 높아지거나 그 밖의 재무구조조정 가능성이 높아짐⑤ 재무적 어려움으로 해당 금융자산에 대한 활성시장의 소멸 3-3) 제각정책차입자가 청산하거나 
한라시멘트(주),판정 대상,감사보고서 (2025.12),https://dart.fss.or.kr/dsaf001/main.do?rcpNo=20260331001063,주석,EUR,2,"당기말 현재 기능통화 이외의 외화로 표시된 화폐성자산 및 화폐성부채의 장부금액은 다음과 같습니다. (단위 : 천 USD, 천 EUR, 천 JPY, 천 CNY) 통 화 화폐성자산 화폐성부채 USD 1,330 4,248 EUR - 656 당사는 내부적으로 환율변동에 따른 환위험을 정기적으로 측정하고 있습니다. 당기말 현재 주요 외"
한라시멘트(주),판정 대상,감사보고서 (2025.12),https://dart.fss.or.kr/dsaf001/main.do?rcpNo=20260331001063,주석,EUR,2," 미치는 영향은 다음과같습니다. (단위 : 천원) 통 화 10% 상승시 10% 하락시 USD (322,023) 322,023 EUR (85,048) 85,048 2) 이자율위험 당기말 및 전기말 현재 이자율위험에 노출된 차입금의 장부금액은 다음과 같습니다. (단위 : 천원) 구 분 당기말 전기말 차입금 433,503,240 1"
쌍용씨앤이주식회사,판정 대상,사업보고서 (2025.12),https://dart.fss.or.kr/dsaf001/main.do?rcpNo=20260331004655,주석,유로,0,자의 유의적인 재무적 어려움 - 채무불이행이나 연체와 같은 계약 위반 - 차입자의 재무적 어려움에 관련된 경제적이나 계약상 이유로 당초 차입조건의 불가피한 완화 - 차입자의 파산가능성이 높아지거나 그 밖의 재무구조조정 가능성이 높아짐 - 재무적 어려움으로 인해 해당 금융자산에 대한 활성시장 소멸 ④ 연결재무상태표 상 신용손실
쌍용씨앤이주식회사,판정 대상,사업보고서 (2025.12),https://dart.fss.or.kr/dsaf001/main.do?rcpNo=20260331004655,주석,유로,2,"는 본건 주식매수선택권을 행사할 수 없음(단, 피부여자가 부여일로부터 2년 내에 사망하거나 그 밖에 본인의 귀책사유가 아닌 사유로 퇴임한 경우를 제외함) 쌍용씨앤이 및 계열회사 간의 이동도 소속회사에 재직한 것으로 간주함. (*1) 최초 부여 주식 수는 2,475,000주이며, 주식매수선택권 취소 물량(120,000주)을 차"
쌍용씨앤이주식회사,판정 대상,사업보고서 (2025.12),https://dart.fss.or.kr/dsaf001/main.do?rcpNo=20260331004655,주석,EUR,2,"말, 전기말 및 전기초 현재 외화로 표시된 주요 화폐성자산 및 부채의 외화금액은 다음과 같습니다. (외화단위: USD,JPY,EUR,AUD) 구 분 외화 화폐성 자산 외화 화폐성 부채(*1) 당기말 전기말 전기초 당기말 전기말 전기초 USD 18,151,096 15,463,696 30,351,359 19,522,768 34,4"
쌍용씨앤이주식회사,판정 대상,사업보고서 (2025.12),https://dart.fss.or.kr/dsaf001/main.do?rcpNo=20260331004655,주석,EUR,2," 34,482,804 49,264,771 JPY - - 150,351,720 568,215 268,292 21,881,649 EUR - - - 6,644,553 12,857,534 1,964,961 AUD - - - - 28,438 - (*1) 연결실체는 외화사채 및 차입금과 관련하여 환율변동위험을 회피할 목적으로 파생상품을 "
쌍용씨앤이주식회사,판정 대상,사업보고서 (2025.12),https://dart.fss.or.kr/dsaf001/main.do?rcpNo=20260331004655,주석,EUR,2," 약정사항 당기말 현재 연결실체가 체결하고 있는 자금조달약정의 내역은 다음과 같습니다. (원화단위: 천원, 외화단위: USD,EUR) 구 분 금융기관 한도금액 사용금액 당좌차월 신한은행 외 39,500,000 4,663,609 무역금융 한국산업은행 외 USD 70,000,000 USD 13,157,244 EUR 6,644,55"
쌍용씨앤이주식회사,판정 대상,사업보고서 (2025.12),https://dart.fss.or.kr/dsaf001/main.do?rcpNo=20260331004655,주석,EUR,2,"은행 외 39,500,000 4,663,609 무역금융 한국산업은행 외 USD 70,000,000 USD 13,157,244 EUR 6,644,553 일반대출 한국산업은행 외 704,105,098 704,105,098 회전대출 하나은행 외 315,800,000 85,976,444 상업어음할인 IBK캐피탈 외 39,350,000"
쌍용씨앤이주식회사,판정 대상,사업보고서 (2025.12),https://dart.fss.or.kr/dsaf001/main.do?rcpNo=20260331004655,주석,유로,2,"자는 본건 주식매수선택권을 행사할 수 없음(단, 피부여자가 부여일로부터 2년 내에 사망하거나 그 밖에본인의 귀책사유가 아닌 사유로 퇴임한 경우를제외함) 쌍용씨앤이 및 계열회사 간의 이동도 소속회사에 재직한 것으로 간주함. (*1) 최초 부여 주식 수는 2,475,000주이며, 주식매수선택권 취소 물량(120,000주)을 차감"
쌍용씨앤이주식회사,판정 대상,사업보고서 (2025.12),https://dart.fss.or.kr/dsaf001/main.do?rcpNo=20260331004655,주석,EUR,2,"말, 전기말 및 전기초 현재 외화로 표시된 주요 화폐성자산 및 부채의 외화금액은 다음과 같습니다. (외화단위: USD,JPY,EUR) 구 분 외화 화폐성 자산 외화 화폐성 부채(*1) 당기말 전기말 전기초 당기말 전기말 전기초 USD 18,151,096 317 317 19,522,768 - - JPY - - - 568,215 "
쌍용씨앤이주식회사,판정 대상,사업보고서 (2025.12),https://dart.fss.or.kr/dsaf001/main.do?rcpNo=20260331004655,주석,EUR,2,"말 전기말 전기초 USD 18,151,096 317 317 19,522,768 - - JPY - - - 568,215 - - EUR - - - 6,644,553 - - (*1) 당사는 외화사채 및 차입금과 관련하여 환율변동위험을 회피할 목적으로 파생상품을 체결하고 있으며, 해당 파생상품으로 환율변동위험이 전부 회피된 외화부채는"
쌍용씨앤이주식회사,판정 대상,사업보고서 (2025.12),https://dart.fss.or.kr/dsaf001/main.do?rcpNo=20260331004655,주석,EUR,2,"과의 약정사항 당기말 현재 당사가 체결하고 있는 자금조달약정의 내역은 다음과 같습니다. (원화단위: 천원, 외화단위: USD,EUR) 구 분 금융기관 한도금액 사용금액 당좌차월 신한은행 34,000,000 3,613,609 무역금융 한국산업은행 외 USD 70,000,000 USD 13,157,244 EUR 6,644,553 "
쌍용씨앤이주식회사,판정 대상,사업보고서 (2025.12),https://dart.fss.or.kr/dsaf001/main.do?rcpNo=20260331004655,주석,EUR,2,"신한은행 34,000,000 3,613,609 무역금융 한국산업은행 외 USD 70,000,000 USD 13,157,244 EUR 6,644,553 일반대출 한국산업은행 외 475,048,140 475,048,140 회전대출 하나은행 외 232,000,000 70,000,000 상업어음할인 IBK캐피탈 외 32,000,000"
쌍용씨앤이주식회사,판정 대상,사업보고서 (2025.12),https://dart.fss.or.kr/dsaf001/main.do?rcpNo=20260331004655,6. 주요계약 및 연구개발활동,EUR,2,"('25.12.31) 현재 연결실체가 체결하고 있는 자금조달약정의 내역은 다음과 같습니다. (원화단위:천원, 외화단위:USD,EUR) 구 분 금융기관 한도금액 사용금액 당좌차월 신한은행 외 39,500,000 4,663,609 무역금융 한국산업은행 외 USD 70,000,000 USD 13,157,244 EUR 6,644,55"
쌍용씨앤이주식회사,판정 대상,사업보고서 (2025.12),https://dart.fss.or.kr/dsaf001/main.do?rcpNo=20260331004655,7. 기타 참고사항,독일,0,용업과 중간·최종·종합처분업으로 구분되고 있습니다. 2) 산업의 성장성 : 국내 환경산업은 이미 성숙단계에 들어선 미국·일본·독일 등과 달리 성장단계에서 발전단계로 이동 중에 있어 향후 성장 가능성이 높은 유망 사업 분야입니다. 특히 소득수준 향상에 따른 소비증가 영향으로 생활계 폐합성수지 발생량의 점진적 증가로 관련 분야의
쌍용씨앤이주식회사,판정 대상,사업보고서 (2025.12),https://dart.fss.or.kr/dsaf001/main.do?rcpNo=20260331004655,4. 유동성 및 자금조달과 지출,유로,-2,"유지하는 정책을 지속하고 있습니다. 또한, 유동성 리스크에 대비하고자 충분한 한도성 차입금을 상시 확보하고 있으며 유동자금 보유로 불확실성에 대비하고 지속적인 투자에 대응하려 노력하고 있습니다. 대규모 시설투자의 경우에는 내부 유보자금 활용이나 시설대 등 장기차입을 통해 유동성 위험을 최소화하고 있습니다. (단위 : 백만원)"
쌍용씨앤이주식회사,판정 대상,사업보고서 (2025.12),https://dart.fss.or.kr/dsaf001/main.do?rcpNo=20260331004655,3. 제재 등과 관련된 사항,유로,-2,"장 #4Kiln 예열실 1단(동) 싸이클론 내부에서 협력업체(쌍용DHS(주)) 소속 근로자(최명환, 71세, 남)가 불상의 이유로 사망한 채 발견 조치 및 전망 - 재발방지대책 수립 및 실시 ① 점검 중 작업요건 발생시 2인 1조 작업 및 생명수칙 10계명 반드시 준수 ② 코팅부착 최소화 및 인력제거 지양 ③ CCTV 설치 "
한국제강주식회사,판정 대상,감사보고서 (2025.12),https://dart.fss.or.kr/dsaf001/main.do?rcpNo=20260401002508,주석,유로,0," 양도자산에 대한 권리를 행사할 수 없고, 양도후에 효율적인 통제권을 행사할 수 없으며, 양수인은 양수한 금융자산을 처분할 자유로운 권리를 갖고 있는 경우에 한하여 회사가 금융자산에 대한 통제권을 이전한 것으로 보아 금융자산을 제거하며, 이외의 경우에는 금융자산을 담보로 한 차입거래로 회계처리하고 있습니다. 회수가 불확실한 "
홍덕산업(주),판정 대상,감사보고서 (2025.12),https://dart.fss.or.kr/dsaf001/main.do?rcpNo=20260407002627,주석,EUR,5,"산액 현금및현금성자산 USD 184,837 1,434.90 265,223 USD 531,835 1,470.00 781,798 EUR - - - EUR 63,277 1,528.70 96,734 HKD - - - HKD 112,442 189.30 21,285 YEN - - - YEN 26,987 9.37 253 매출채권 USD 9"
홍덕산업(주),판정 대상,감사보고서 (2025.12),https://dart.fss.or.kr/dsaf001/main.do?rcpNo=20260407002627,주석,EUR,2," USD 9,005,208 1,434.90 12,921,574 USD 13,918,631 1,470.00 20,464,897 EUR 1,428,362 1,685.72 2,407,819 EUR 1,755,647 1,528.70 2,683,911 YEN 517,572,812 9.18 4,749,403 YEN 837,968,567 "
홍덕산업(주),판정 대상,감사보고서 (2025.12),https://dart.fss.or.kr/dsaf001/main.do?rcpNo=20260407002627,주석,EUR,2,"018,895 미수금 USD 12,655 1,434.90 18,159 USD 713,759 1,470.00 1,049,226 EUR 76,000 1,685.72 128,115 EUR 24,000 1,528.70 36,690 외화자산 합계 31,247,577 외화자산 합계 44,569,395 매입채무 USD 353,989 1,4"
홍덕산업(주),판정 대상,감사보고서 (2025.12),https://dart.fss.or.kr/dsaf001/main.do?rcpNo=20260407002627,주석,EUR,2,"95 매입채무 USD 353,989 1,434.90 507,939 USD 2,259,221 1,470.00 3,321,054 EUR 44,775 1,685.72 75,479 EUR 47,364 1,528.70 72,407 YEN 1,544,400 9.18 14,172 YEN 1,152,000 9.37 10,788 CNY 105"
홍덕산업(주),판정 대상,감사보고서 (2025.12),https://dart.fss.or.kr/dsaf001/main.do?rcpNo=20260407002627,주석,EUR,2," - - 미지급금 USD 368,974 1,434.90 529,441 USD 752,019 1,470.00 1,105,467 EUR 57,941 1,685.72 97,672 EUR 65,102 1,528.70 99,523 YEN 2,235,959 9.18 20,518 YEN 6,516,841 9.37 61,029 CNY 574"
홍덕산업(주),판정 대상,감사보고서 (2025.12),https://dart.fss.or.kr/dsaf001/main.do?rcpNo=20260407002627,주석,EUR,2,"43,029 900,000 (5) 당기말 현재 회사가 특수관계자를 위하여 제공한 지급보증내역은 다음과 같습니다. (외화 : 천EUR 원화: 천원) 제공받는자 지급보증처 지급보증액 김** 신한은행 11,000,000 KISWIRE CORD CZECH S.R.O CITIBANK EUROPE PLC-CZECH BRANCH EUR 1"
홍덕산업(주),판정 대상,감사보고서 (2025.12),https://dart.fss.or.kr/dsaf001/main.do?rcpNo=20260407002627,주석,EUR,2," 11,000,000 KISWIRE CORD CZECH S.R.O CITIBANK EUROPE PLC-CZECH BRANCH EUR 10,200 (외화 : 천EUR 원화: 천원) 제공받는자 지급보증처 지급보증액 지산리조트(주) 우리은행 3,157,000 KISWIRE CORD CZECH S.R.O CITIBANK EUROPE "
홍덕산업(주),판정 대상,감사보고서 (2025.12),https://dart.fss.or.kr/dsaf001/main.do?rcpNo=20260407002627,주석,EUR,5,"행 3,157,000 KISWIRE CORD CZECH S.R.O CITIBANK EUROPE PLC-CZECH BRANCH EUR 10,200 22. 약정사항 1) 당기말 현재 회사가 금융기관과 맺은 주요 약정사항은 다음과 같습니다. (외화: 천USD, 원화: 천원) 거래처 내 역 한도액 실행액 신한은행 매입외환 USD 20"
환영철강공업(주),판정 대상,[기재정정]사업보고서 (2025.12),https://dart.fss.or.kr/dsaf001/main.do?rcpNo=20260716000688,3. 연결재무제표 주석,유로,2,"000,000원 40,000,000,000원 나. 연결회사는 2009년까지 주주의 매수청구 및 감자시 발생한 단주처리 등의 사유로 보통주식 334,929주(취득가액 3,770,200천원)를 취득하여 보유하였으나, 2010년2월 8일자 이사회 결의에 따라 자기주식 334,929주를 이익소각의 방법에 의해 소각함에 따라 보통주 "
환영철강공업(주),판정 대상,[기재정정]사업보고서 (2025.12),https://dart.fss.or.kr/dsaf001/main.do?rcpNo=20260716000688,5. 재무제표 주석,유로,2,"0,000,000원 40,000,000,000원 나. 회사는 2009년까지 주주의 매수청구 및 감자시 발생한 단주처리 등의 사유로 보통주식 334,929주(취득가액 3,770,200천원)를 취득하여 보유하였으나, 2010년 2월 8일자 이사회 결의에 따라 자기주식 334,929주를 이익소각의 방법에 의해 소각함에 따라 보통주"
환영철강공업(주),판정 대상,[기재정정]사업보고서 (2025.12),https://dart.fss.or.kr/dsaf001/main.do?rcpNo=20260716000688,1. 임원 및 직원 등의 현황,유로,0,장세현 부사장은 당사 최대주주(KISCO홀딩스(주))의 최대주주(장세홍 사장)와 형제관계입니다.※사내이사 김성봉은 일산상의 사유로 2026년 2월 28일 중도퇴임 하였습니다.※대표이사 정철기는 일신상의 사유로 2026년 3월 27일 중도퇴임 하였습니다.※제49기 정기주주총회(2026년 3월 27일)에서 사내이사 김병소가 선임
디케이동신주식회사,판정 대상,감사보고서 (2025.12),https://dart.fss.or.kr/dsaf001/main.do?rcpNo=20260316000184,주석,EUR,5,"28. 우발부채와 약정사항 (1) 당기말 현재 타인으로부터 제공받은 지급보증 내역은 다음과 같습니다. (단위: 천원, USD,EUR) 금융기관 보증금액 비 고 서울보증보험 15,476,000 매출채권신용보험(보상비율:85%, 총보상한도액:납입보험료의 3,000%) 서울보증보험 70,813 지급보증 한국무역보험공사 USD 7,5"
디케이동신주식회사,판정 대상,감사보고서 (2025.12),https://dart.fss.or.kr/dsaf001/main.do?rcpNo=20260316000184,주석,EUR,5," 3,000%) 서울보증보험 70,813 지급보증 한국무역보험공사 USD 7,571,176.66 단기수출보험 한국무역보험공사 EUR 2,825,880.25 단기수출보험 한국무역보험공사 USD 5,000,000.00 수출신용보증서 한국무역보험공사 4,950,000 수출신용보증서 (2) 타인에게 제공한 지급보증 및 이행 보증 내역"
디케이동신주식회사,판정 대상,감사보고서 (2025.12),https://dart.fss.or.kr/dsaf001/main.do?rcpNo=20260316000184,주석,유럽,3,"사는 원재료 수입 및 제품 수출 등과 관련하여 환율변동위험에 노출되어 있습니다.당사가 노출되어 있는 주요 통화는 미국 달러, 유럽 유로가 있습니다.당기말 현재 당사의 기능통화 이외의 외화로 표시된 화폐성 자산 및 부채의 금액은 아래와 같습니다. (원화단위: 천원) 계정과목 외화종류 당 기 전 기 외 화 원 화 외 화 원 화 "
디케이동신주식회사,판정 대상,감사보고서 (2025.12),https://dart.fss.or.kr/dsaf001/main.do?rcpNo=20260316000184,주석,EUR,5," 당 기 전 기 외 화 원 화 외 화 원 화 현금및현금성자산 USD 471,202 676,128 203,314 298,871 EUR 1 2 - - 단기금융상품 USD 11,000 15,784 11,000 16,170 매출채권 USD 10,515,558 15,088,774 10,447,248 15,357,455 EUR 1,291"
디케이동신주식회사,판정 대상,감사보고서 (2025.12),https://dart.fss.or.kr/dsaf001/main.do?rcpNo=20260316000184,주석,EUR,5,"84 11,000 16,170 매출채권 USD 10,515,558 15,088,774 10,447,248 15,357,455 EUR 1,291,919 2,177,813 2,037,464 3,114,732 외화자산 계 USD 10,997,759 15,780,686 10,661,562 15,672,496 EUR 1,291,920 "
디케이동신주식회사,판정 대상,감사보고서 (2025.12),https://dart.fss.or.kr/dsaf001/main.do?rcpNo=20260316000184,주석,EUR,2,",464 3,114,732 외화자산 계 USD 10,997,759 15,780,686 10,661,562 15,672,496 EUR 1,291,920 2,177,815 2,037,464 3,114,732 단기차입금 USD 4,176,604 5,993,009 5,117,666 7,522,970 매입채무 USD 2,729,463 "
디케이동신주식회사,판정 대상,감사보고서 (2025.12),https://dart.fss.or.kr/dsaf001/main.do?rcpNo=20260316000184,주석,EUR,2,",916,506 1,490,943 2,191,686 미지급금 USD 394,738 566,410 613,814 902,307 EUR 15,685 26,440 9,523 14,557 외화부채 계 USD 7,300,805 10,475,925 7,222,423 10,616,963 EUR 15,685 26,440 9,523 14,55"
디케이동신주식회사,판정 대상,감사보고서 (2025.12),https://dart.fss.or.kr/dsaf001/main.do?rcpNo=20260316000184,주석,EUR,2,"440 9,523 14,557 외화부채 계 USD 7,300,805 10,475,925 7,222,423 10,616,963 EUR 15,685 26,440 9,523 14,557 당기말 현재에 적용된 환율은 다음과 같습니다. 구 분 당 기 전 기 USD 1,434.90 1,470.00 EUR 1,685.72 1,528.73 "
디케이동신주식회사,판정 대상,감사보고서 (2025.12),https://dart.fss.or.kr/dsaf001/main.do?rcpNo=20260316000184,주석,EUR,2,"23 14,557 당기말 현재에 적용된 환율은 다음과 같습니다. 구 분 당 기 전 기 USD 1,434.90 1,470.00 EUR 1,685.72 1,528.73 보고기간종료일 현재 다른 모든 변수가 일정하고 각 외화에 대한 원화의 환율 10% 변동시 환율변동이 법인세비용차감전순이익에 미치는 영향은 다음과 같습니다. (단위:"
디케이동신주식회사,판정 대상,감사보고서 (2025.12),https://dart.fss.or.kr/dsaf001/main.do?rcpNo=20260316000184,주석,EUR,2,"% 상승시 10% 하락시 10% 상승시 10% 하락시 USD 530,476 (530,476) 505,553 (505,553) EUR 215,138 (215,138) 310,017 (310,017) 합 계 745,614 (745,614) 815,570 (815,570) 상기 민감도 분석은 보고기간종료일 현재 당사의 기능통화인 원"
일진제강(주),판정 대상,감사보고서 (2025.12),https://dart.fss.or.kr/dsaf001/main.do?rcpNo=20260413001676,주석,EUR,2," 외화자산 현금및현금성자산 USD 10,630,659 15,253,932 2,782,728 4,090,610 현금및현금성자산 EUR 542,072 913,782 196,598 300,545 현금및현금성자산 CAD 3,389 3,551 - - 현금및현금성자산 JPY 242,224 2,223 - - 현금및현금성자산 CNY - - "
일진제강(주),판정 대상,감사보고서 (2025.12),https://dart.fss.or.kr/dsaf001/main.do?rcpNo=20260413001676,주석,EUR,5," - - 819 165 매출채권 USD 15,620,060 22,413,225 9,265,274 11,863,479 매출채권 EUR 623,178 1,050,504 1,035,860 1,539,183 매출채권 CAD 8,426,537 8,828,651 6,030,746 6,012,123 매출채권 JPY - - 6,212,254"
일진제강(주),판정 대상,감사보고서 (2025.12),https://dart.fss.or.kr/dsaf001/main.do?rcpNo=20260413001676,주석,EUR,2,"NY - - - - 기타유동금융자산 USD 7,799,764 11,191,882 531,006 780,580 기타유동금융자산 EUR - - - - 외화자산 합계 59,657,750 24,645,234 외화부채 외화차입금 USD 6,095,991 8,747,137 2,749,378 4,041,586 매입채무및기타채무 USD 1,"
일진제강(주),판정 대상,감사보고서 (2025.12),https://dart.fss.or.kr/dsaf001/main.do?rcpNo=20260413001676,주석,EUR,2,"041,586 매입채무및기타채무 USD 1,197,234 1,717,911 879,654 1,293,092 매입채무및기타채무 EUR - - - - 외화부채 합계 10,465,048 5,334,678 회사는 내부적으로 원화 환율 변동에 대한 외환위험을 정기적으로 측정하고 있습니다. 보고기간 말 현재 각 외화에 대한 기능통화의 환"
일진제강(주),판정 대상,감사보고서 (2025.12),https://dart.fss.or.kr/dsaf001/main.do?rcpNo=20260413001676,주석,EUR,2,"% 상승 10% 하락 10% 상승 10% 하락 USD 2,658,378 (2,658,378) 886,089 (886,089) EUR 142,367 (142,367) 142,997 (142,997) CAD 658,509 (658,509) 467,306 (467,306) CNY - - 13 (13) JPY 177 (177) 4,5"
일진제강(주),판정 대상,감사보고서 (2025.12),https://dart.fss.or.kr/dsaf001/main.do?rcpNo=20260413001676,주석,EUR,5," 여신이 약정되어 있습니다.(9) 당기말 현재 회사의 여신한도 및 실행금액은 다음과 같습니다. (단위: 천원 및 천USD, 천EUR, 천JPY, 천CNY) 금융기관명 통화 신한은행 하나은행 우리은행 기업은행 국민은행 수출입은행 산업은행 합계 무역금융대출 여신한도 KRW 20,800,000 3,000,000 3,000,000 -"
하이호경금속주식회사,판정 대상,감사보고서 (2025.12),https://dart.fss.or.kr/dsaf001/main.do?rcpNo=20260402000938,주석,EUR,5,"험(주)에 예치하고 있습니다. 13. 외화자산과 외화부채 당사의 외화자산과 외화부채는 다음과 같습니다.(단위:천원, USD, EUR) 구 분 과 목 당 기 전 기 외 화 원화환산액 외 화 원화환산액 자 산 현금및현금성자산 USD 2.47 4 USD 92.14 135 매출채권 USD 27,145,184.63 38,950,625 "
하이호경금속주식회사,판정 대상,감사보고서 (2025.12),https://dart.fss.or.kr/dsaf001/main.do?rcpNo=20260402000938,주석,EUR,5,"2.14 135 매출채권 USD 27,145,184.63 38,950,625 USD 6,797,129.35 9,991,780 EUR 316,935.25 534,264 - - 합 계 USD 27,145,187.10 38,950,629 USD 6,797,221.49 9,991,915 EUR 316,935.25 534,264 - -"
하이호경금속주식회사,판정 대상,감사보고서 (2025.12),https://dart.fss.or.kr/dsaf001/main.do?rcpNo=20260402000938,주석,EUR,2,"4,264 - - 합 계 USD 27,145,187.10 38,950,629 USD 6,797,221.49 9,991,915 EUR 316,935.25 534,264 - - 부 채 매입채무 USD 3,547,214.81 5,089,898 - - 단기차입금 USD 11,685,837.80 16,768,009 USD 1,000,0"
하이호경금속주식회사,판정 대상,감사보고서 (2025.12),https://dart.fss.or.kr/dsaf001/main.do?rcpNo=20260402000938,주석,EUR,2,"고 있는 파생상품의 내역은 다음과 같습니다. 구분 거래목적 파생상품종류 금액 약정환율 약정만기일자 매매목적 매매차익 통화선도 EUR 399,307 1433.24/EUR 2026-09-18 EUR 399,307 1433.27/EUR 2026-09-23 USD 65,163.27 1476.50/USD 2026-01-16 USD 3,"
하이호경금속주식회사,판정 대상,감사보고서 (2025.12),https://dart.fss.or.kr/dsaf001/main.do?rcpNo=20260402000938,주석,EUR,2,"70.63 1468.50/USD 2026-06-12 USD 433,857.19 1435.00/USD 2026-01-02 합계 EUR 798,614 USD 40,193,737.99 구분 거래목적 파생상품종류 금액 약정환율 약정만기일자 매매목적 매매차익 통화선도 EUR 399,307 1,433.27/EUR 2026-09-18 EU"
하이호경금속주식회사,판정 대상,감사보고서 (2025.12),https://dart.fss.or.kr/dsaf001/main.do?rcpNo=20260402000938,주석,EUR,2,".99 구분 거래목적 파생상품종류 금액 약정환율 약정만기일자 매매목적 매매차익 통화선도 EUR 399,307 1,433.27/EUR 2026-09-18 EUR 399,307 1,433.24/EUR 2026-09-23 USD 1,000,000 1,317.90/USD 2025-01-31 USD 1,000,000 1,316.10/U"
하이호경금속주식회사,판정 대상,감사보고서 (2025.12),https://dart.fss.or.kr/dsaf001/main.do?rcpNo=20260402000938,주석,EUR,2,",000 1,299.90/USD 2025-12-31 USD 119,450.3 1,413.00/USD 2025-01-06 합계 EUR 798,614 USD 12,119,450.3 통화선도거래와 관련하여 재무제표일 현재의 공정환율과 약정환율의 차이에에 의하여 발생한 파생상품관련손익은 다음과 같습니다.(단위:천원) 내역 평가이익 거"
한일제관(주),판정 대상,감사보고서 (2025.12),https://dart.fss.or.kr/dsaf001/main.do?rcpNo=20260330000576,주석,EUR,2," :당기말과 전기말 현재 화폐성 외화자산 및 부채의 환산내역은 다음과 같습니다(원화단위: 천원, 외화단위: USD, JPY, EUR, GBP, CNY). 구분 당기말 전기말 외화금액 원화환산액 외화금액 원화환산액 현금및현금성자산 USD 394,170 565,594 USD 414,582 609,436 JPY 6,624 62 EU"
한일제관(주),판정 대상,감사보고서 (2025.12),https://dart.fss.or.kr/dsaf001/main.do?rcpNo=20260330000576,주석,EUR,5,"액 원화환산액 현금및현금성자산 USD 394,170 565,594 USD 414,582 609,436 JPY 6,624 62 EUR 94 143 GBP 779 1,436 매출채권 USD 2,051,198 2,943,264 USD 1,840,406 2,705,397 미수금 USD 355,896 510,675 USD 150,197"
현대아이에프씨 주식회사,판정 대상,감사보고서 (2025.12),https://dart.fss.or.kr/dsaf001/main.do?rcpNo=20260320000515,주석,유로,0,이 높아짐- 재무적 어려움으로 인해 해당 금융자산에 대한 활성시장 소멸- 차입자의 재무적 어려움에 관련된 경제적이나 계약상 이유로 당초 차입조건의 불 가피한 완화③ 재무상태표 상 신용손실충당금의 표시상각후원가로 측정하는 금융자산에 대한 손실충당금은 해당 자산의 장부금액에서 차감합니다. ④ 제각금융자산의 계약상 현금흐름 전체 
남해화학(주),판정 대상,사업보고서 (2025.12),https://dart.fss.or.kr/dsaf001/main.do?rcpNo=20260319000635,25. 부문별 사업정보 (연결),유럽,6,",396,996 지역에 대한 공시 당기 (단위 : 원) 지역 지역 합계 본사 소재지 국가 외국 아시아 오세아니아 기타(미국, 유럽) 수익(매출액) 1,239,834,125,922 320,992,560,841 26,693,096,412 16,901,101,028 1,604,420,884,203 전기 (단위 : 원) 지역 지역 "
남해화학(주),판정 대상,사업보고서 (2025.12),https://dart.fss.or.kr/dsaf001/main.do?rcpNo=20260319000635,25. 부문별 사업정보 (연결),유럽,6," 1,604,420,884,203 전기 (단위 : 원) 지역 지역 합계 본사 소재지 국가 외국 아시아 오세아니아 기타(미국, 유럽) 수익(매출액) 1,209,894,925,814 248,727,829,957 35,179,819,591 25,306,536,525 1,519,109,111,887 주요 고객에 대한 공시 당기 (단"
남해화학(주),판정 대상,사업보고서 (2025.12),https://dart.fss.or.kr/dsaf001/main.do?rcpNo=20260319000635,27. 부문별 사업정보,유럽,6,",698,327 지역에 대한 공시 당기 (단위 : 원) 지역 지역 합계 본사 소재지 국가 외국 아시아 오세아니아 기타(미국, 유럽 등) 수익(매출액) 1,235,662,069,403 320,992,560,841 26,693,096,412 16,901,101,028 1,600,248,827,684 전기 (단위 : 원) 지역 지"
남해화학(주),판정 대상,사업보고서 (2025.12),https://dart.fss.or.kr/dsaf001/main.do?rcpNo=20260319000635,27. 부문별 사업정보,유럽,6," 1,600,248,827,684 전기 (단위 : 원) 지역 지역 합계 본사 소재지 국가 외국 아시아 오세아니아 기타(미국, 유럽 등) 수익(매출액) 1,212,564,863,364 248,727,829,957 35,179,819,591 25,306,536,525 1,521,779,049,437 주요 고객에 대한 공시 당기 "
남해화학(주),판정 대상,사업보고서 (2025.12),https://dart.fss.or.kr/dsaf001/main.do?rcpNo=20260319000635,주석,유럽,5,"92,560,841 248,727,829,957 오세아니아 26,693,096,412 35,179,819,591 기타(미국, 유럽) 16,901,101,028 25,306,536,525 합 계 1,604,420,884,203 1,519,109,111,887 25-4. 당기 및 전기 중 개별 고객사별로 연결회사 매출액의 10%"
남해화학(주),판정 대상,사업보고서 (2025.12),https://dart.fss.or.kr/dsaf001/main.do?rcpNo=20260319000635,주석,유럽,5,"92,560,841 248,727,829,957 오세아니아 26,693,096,412 35,179,819,591 기타(미국, 유럽) 16,901,101,028 25,306,536,525 합 계 1,600,248,827,684 1,521,779,049,437 27-4. 당기 및 전기 중 개별 고객사별로 당사 매출액의 10% 이"
포스코스틸리온(주),판정 대상,사업보고서 (2025.12),https://dart.fss.or.kr/dsaf001/main.do?rcpNo=20260317000684,5. 정관에 관한 사항,유로,0, 집행상 지장 이 없는 때에는 보결선임을 보류 또는 차회 정기주주총회까지 연기할 수 있다. ② 사외이사의 사임. 사망 등의 사유로 인하여 사외이사의 수가 이사 총수의 4분의 1에 미달 하게 된 때에는 그 사유가 발생한 후 최초로 소집되는 주주총회에서 4분의 1 이상이 되도 록 하여야 한다. 제32조 (이사의 보선) ① (좌 
포스코스틸리온(주),판정 대상,사업보고서 (2025.12),https://dart.fss.or.kr/dsaf001/main.do?rcpNo=20260317000684,5. 정관에 관한 사항,유로,0,총회에서 4분의 1 이상이 되도 록 하여야 한다. 제32조 (이사의 보선) ① (좌 동) ② 독립이사 의 사임. 사망 등의 사유로 인하여 독립이사 의 수가 이사 총수의 4분의 1에 미달 하게 된 때에는 그 사유가 발생한 후 최초로 소집되는 주주총회에서 4분의 1 이상이 되도록 하여야 한다. 제33조 (이사의 보수와 퇴직금) 
포스코스틸리온(주),판정 대상,사업보고서 (2025.12),https://dart.fss.or.kr/dsaf001/main.do?rcpNo=20260317000684,4. 매출 및 수주상황,유럽,4,"확대 - 내수시장 점유율 우위 유지 - 수익성 및 고객가치를 우선한 지역별 판매 전략 2) 주력시장 마케팅 강화 - 주력시장(유럽, 중국, 동/서남아 등) 판매 안정화 - 주요고객사 동반성장 기반 유지 - 고객사 관리강화를 위한 해외현지 판매능력 보강 3) 경쟁력 있는 소재 확보 - 고품질의 포스코 원소재의 안정적 확보로 품"
포스코스틸리온(주),판정 대상,사업보고서 (2025.12),https://dart.fss.or.kr/dsaf001/main.do?rcpNo=20260317000684,7. 기타 참고사항,EU,-2,"이해관계자에게 투명하게 공개하고 있습니다. 또한 제품별 전과정 평가(LCA)를 통해 환경성적표지(EPD)인증을 완료하였으며, EU탄소국경조정 제도(CBAM) 도입에도 적극적으로 대응하고 있습 니다. ( 환경관리) ○ 사업장 굴뚝으로 배출되는 미세먼지(먼지, 황산화물, 질소산화물)의 배출 총량 을 제한하는 「권역별 대기환경개선"
포스코스틸리온(주),판정 대상,사업보고서 (2025.12),https://dart.fss.or.kr/dsaf001/main.do?rcpNo=20260317000684,4.중요한 회계정책 (연결),유로,0,적 어려움- 이자지급이나 원금상환의 불이행이나 지연과 같은 계약 위반- 차입자의 재무적 어려움에 관련된 경제적 또는 법률적 이유로 인한 당초 차입조건의 불가피한 완화- 차입자의 파산가능성이 높아지거나 그 밖의 재무구조조정 가능성이 높아짐- 재무적 어려움으로 인해 해당 금융자산에 대한 활성시장 소멸3) 금융자산의 제각연결기업은
포스코스틸리온(주),판정 대상,사업보고서 (2025.12),https://dart.fss.or.kr/dsaf001/main.do?rcpNo=20260317000684,28.수익 (연결),유럽,6,"생기는 수익의 구분에 대한 공시 - 지역 당기 (단위 : 천원) 고객과의 계약에서 생기는 수익 지역 중국 36,013,310 유럽 244,770,656 일본 11,871,577 한국 573,350,019 서남아 63,757,709 미국 51,513,158 동남아시아, 태평양 72,571,040 기타 국가 71,593,031 "
포스코스틸리온(주),판정 대상,사업보고서 (2025.12),https://dart.fss.or.kr/dsaf001/main.do?rcpNo=20260317000684,28.수익 (연결),유럽,6,"31 지역 합계 1,125,440,500 전기 (단위 : 천원) 고객과의 계약에서 생기는 수익 지역 중국 40,628,114 유럽 250,463,123 일본 10,159,183 한국 633,202,804 서남아 57,641,693 미국 55,323,617 동남아시아, 태평양 73,407,662 기타 국가 89,038,700 "
포스코스틸리온(주),판정 대상,사업보고서 (2025.12),https://dart.fss.or.kr/dsaf001/main.do?rcpNo=20260317000684,4.중요한 회계정책 - 별도,유로,0,적 어려움- 이자지급이나 원금상환의 불이행이나 지연과 같은 계약 위반- 차입자의 재무적 어려움에 관련된 경제적 또는 법률적 이유로 인한 당초 차입조건 의 불가피한 완화- 차입자의 파산가능성이 높아지거나 그 밖의 재무구조조정 가능성이 높아짐- 재무적 어려움으로 인해 해당 금융자산에 대한 활성시장 소멸3) 금융자산의 제각당사는 
포스코스틸리온(주),판정 대상,사업보고서 (2025.12),https://dart.fss.or.kr/dsaf001/main.do?rcpNo=20260317000684,27-1.수익 - 별도,유럽,6,"생기는 수익의 구분에 대한 공시 - 지역 당기 (단위 : 천원) 고객과의 계약에서 생기는 수익 지역 중국 36,013,309 유럽 244,770,656 일본 11,871,577 한국 573,350,019 서남아 63,757,709 미국 51,513,158 동남아시아, 태평양 41,119,540 기타 국가 71,593,031 "
포스코스틸리온(주),판정 대상,사업보고서 (2025.12),https://dart.fss.or.kr/dsaf001/main.do?rcpNo=20260317000684,27-1.수익 - 별도,유럽,6,"31 지역 합계 1,093,988,999 전기 (단위 : 천원) 고객과의 계약에서 생기는 수익 지역 중국 40,628,114 유럽 250,463,123 일본 10,159,183 한국 633,202,804 서남아 57,641,693 미국 55,323,617 동남아시아, 태평양 39,311,383 기타 국가 89,038,700 "
포스코스틸리온(주),판정 대상,사업보고서 (2025.12),https://dart.fss.or.kr/dsaf001/main.do?rcpNo=20260317000684,3. 주주총회 등에 관한 사항,유로,0,회사 홈페이지 게재 (http://www.poscosteeleon.com) ※ 공고게재 : 전산장애 또는 그 밖의 부득이한 사유로 홈페이지 공고를 할 수 없을 때에는 서울신문과 매일신문에 게재한다. ※ 붙 임제 9 조 (주식 및 신주인수권증서에 표시되어야 할 권리의 전자등록 ) ①본 회사는 주권 및 신주인수권 증서를 발행하는
포스코스틸리온(주),판정 대상,사업보고서 (2025.12),https://dart.fss.or.kr/dsaf001/main.do?rcpNo=20260317000684,주석,유럽,3," 계 1,125,440,500 1,209,864,896 [주요 지리적 시장] 중국지역 36,013,310 40,628,114 유럽지역 244,770,656 250,463,123 일본지역 11,871,577 10,159,183 한국지역 573,350,019 633,202,804 서남아지역 63,757,709 57,641,693"
포스코스틸리온(주),판정 대상,사업보고서 (2025.12),https://dart.fss.or.kr/dsaf001/main.do?rcpNo=20260317000684,주석,유럽,3," 계 1,093,988,999 1,175,768,617 [주요 지리적 시장] 중국지역 36,013,309 40,628,114 유럽지역 244,770,656 250,463,123 일본지역 11,871,577 10,159,183 한국지역 573,350,019 633,202,804 서남아지역 63,757,709 57,641,693"
(주)포스코엠텍,판정 대상,사업보고서 (2025.12),https://dart.fss.or.kr/dsaf001/main.do?rcpNo=20260318000807,5. 정관에 관한 사항,유로,0," 정한자격을 갖춘 자로 한다. 상법 개정에 따른사외이사 명칭 변경 제31조 [이사의 보선] ② 사외이사의 사임, 사망 등의 사유로 인하여 사외이사 수가법률이 요구하는 수를 미달하게 될 때에는 그 사유가 발생한 후최초로 소집되는 주주총회에서 선임하여야 한다. 제31조 [이사의 보선] ② 독립이사 의 사임, 사망 등의 사유로 인"
(주)포스코엠텍,판정 대상,사업보고서 (2025.12),https://dart.fss.or.kr/dsaf001/main.do?rcpNo=20260318000807,5. 정관에 관한 사항,유로,0," 사유가 발생한 후최초로 소집되는 주주총회에서 선임하여야 한다. 제31조 [이사의 보선] ② 독립이사 의 사임, 사망 등의 사유로 인하여 사외이사 수가 법률이요구하는 수를 미달하게 될 때에는 그 사유가 발생한 후 최초로 소집되는주주총회에서 선임하여야 한다. 제35조 [이사의 보수] ③ 사외이사에게는 업무수행에 필요한 경비를 "
(주)포스코엠텍,판정 대상,사업보고서 (2025.12),https://dart.fss.or.kr/dsaf001/main.do?rcpNo=20260318000807,8. 기타 재무에 관한 사항,유로,0,분배액이 확정된 경우 분배액을 초과하는 채권액 전액 잔여재산분배액이 확정되지 않은 경우 100% 강제집행 50% 소송 외의 사유로 법적청구권이 소멸한 채권 100% 채권회수에 대한 분쟁이 3년이상 지속된 경우 100% 회수에 따른 비용이 채권 금액을 초과하는 경우 100% 채무자가 사망한 경우 50% 7) 대손설정 집합적 검
(주)포스코엠텍,판정 대상,사업보고서 (2025.12),https://dart.fss.or.kr/dsaf001/main.do?rcpNo=20260318000807,3. 주주총회 등에 관한 사항,유로,0,"은행 증권대행부 (☎ 02-368-5800) 주주의 특전 없음 공고 방법 회사 홈페이지 * 전산장애 또는 그 밖의 부득이한 사유로 공고할 수 없는 때에는 서울특별시내에서 발행하는 일간신문에 게재함 바. 주주총회 의사록 요약 회사는 공시대상기간(최근 3사업연도) 동안 정기주주총회 3회, 임시주주총회 1회를 개최하였으며, 각 주"
현대비앤지스틸(주),판정 대상,사업보고서 (2025.12),https://dart.fss.or.kr/dsaf001/main.do?rcpNo=20260316001374,주석,유로,1," 수출을 통한 외화유입보다 수입을 통한 외화지출이 많으며, 주요 거래통화는 미국달러화(USD)이고, 수출거래로 일부 유입되는 유로화(EUR) 및 일본엔화(JPY)는 대부분 미국달러화(USD)로 환전하여 수입대금의 결제용으로 사용하고 있으므로 환율변동위험에 노출된 주요통화는 미국달러화(USD)입니다. 연결회사의 위험관리정책은 "
현대비앤지스틸(주),판정 대상,사업보고서 (2025.12),https://dart.fss.or.kr/dsaf001/main.do?rcpNo=20260316001374,주석,유로,0," 안정성 실현을 목표로 리스크 관리에 만전을 기하고 있습니다. 보고기간말 현재 외환위험에 노출된 외화는 미국달러화(USD), 유로화(EUR) 등이 있습니다. 모든 다른 변수가 일정하고 각 외화에 대한 원화의 환율이 5% 변동 시 세전손익에 미치는 영향은 다음과 같습니다. (단위: 천원) 구 분 당 기 말 전 기 말 외화금융자"
현대비앤지스틸(주),판정 대상,사업보고서 (2025.12),https://dart.fss.or.kr/dsaf001/main.do?rcpNo=20260316001374,주석,EUR,0,"해 사용가능한 차입금 한도 177,000백만원, USD 90,000천 (전기말: 147,000백만원, USD 90,000천, EUR 26,000천)을 확보하고 있습니다. 경영진은 예상현금흐름에 기초하여 추정되는 현금 및 현금성자산과 차입금 한도 약정을 모니터링하고 있습니다. 이러한 추정은 연결회사가 설정한 관행과 한도에 따라 "
현대비앤지스틸(주),판정 대상,사업보고서 (2025.12),https://dart.fss.or.kr/dsaf001/main.do?rcpNo=20260316001374,4. 주식의 총수 등,유로,0,주식임. ※ 당사의 우선주는 유가증권시장상장규정 제65조에 따라 종류주식 상장주식수 요건 미충족(상장주식수 20만주 미만) 사유로 2023년 7월 17일 상장폐지 되었습니다.
현대비앤지스틸(주),판정 대상,사업보고서 (2025.12),https://dart.fss.or.kr/dsaf001/main.do?rcpNo=20260316001374,5. 정관에 관한 사항,유로,0,격요건을 결하게 되는 때에는 그 직을 상실한다. 개정 상법 반영 제 23조 2 (이사의 보선) ③사외이사가 사임ㆍ사망 등의 사유로 인하여 정관이 규정하는 인원수를 결한 경우에는 그 사유가 발생한 후 최초로 소집되는 주주총회에서 그 요건에 충족되도록 하여야 한다. 제 23조 2 (이사의 보선) ③ 독립 이사가 사임ㆍ사망 등의 
현대비앤지스틸(주),판정 대상,사업보고서 (2025.12),https://dart.fss.or.kr/dsaf001/main.do?rcpNo=20260316001374,5. 정관에 관한 사항,유로,0,로 소집되는 주주총회에서 그 요건에 충족되도록 하여야 한다. 제 23조 2 (이사의 보선) ③ 독립 이사가 사임ㆍ사망 등의 사유로 인하여 정관이 규정하는 인원수를 결한 경우에는 그 사유가 발생한 후 최초로 소집되는 주주총회에서 그 요건에 충족되도록 하여야 한다. 개정 상법 반영 제 24조 2 (이사회내 위원회) ①이사회내 위
현대비앤지스틸(주),판정 대상,사업보고서 (2025.12),https://dart.fss.or.kr/dsaf001/main.do?rcpNo=20260316001374,5. 위험관리 및 파생거래,EUR,0,"위해 사용가능한 차입금 한도 177,000백만원, USD 90,000천(전기말: 147,000백만원, USD 90,000천, EUR 26,000천)을 확보하고 있습니다. 경영진은 예상현금흐름에 기초하여 추정되는 현금 및 현금성자산과 차입금 한도 약정을 모니터링하고 있습니다. 이러한 추정은 연결회사가 설정한 관행과 한도에 따라 "
현대비앤지스틸(주),판정 대상,사업보고서 (2025.12),https://dart.fss.or.kr/dsaf001/main.do?rcpNo=20260316001374,7. 기타 참고사항,유럽,-2,"동차 업체의 생산량은 미국 등 해외 생산 증가로 전년 대비 0.6% 감소한 약 410만대(한국자동차산업협회) 입니다. 또한, 유럽 등 자동차 규제 강화로 친환경차 생산 비중은 더욱 확대될 전망입니다. 마. 경기변동의 특성 및 계절성 □ 스테인리스 산업 스테인리스 냉연강판 실수요 시장은 가전, 운송장비, 건설, 전기기기 등의 "
현대비앤지스틸(주),판정 대상,사업보고서 (2025.12),https://dart.fss.or.kr/dsaf001/main.do?rcpNo=20260316001374,4. 재무위험관리 (연결),EUR,0,"7,000,000,000원, USD 90,000,000(전기말: 147,000,000,000원, USD 90,000,000, EUR 26,000,000)을 확보하고 있습니다. 경영진은 예상현금흐름에 기초하여 추정되는 현금 및 현금성자산과 차입금 한도 약정을 모니터링하고 있습니다. 이러한 추정은 연결회사가 설정한 관행과 한도에 "
현대비앤지스틸(주),판정 대상,사업보고서 (2025.12),https://dart.fss.or.kr/dsaf001/main.do?rcpNo=20260316001374,4. 재무위험관리,유로,3," 수출을 통한 외화유입보다 수입을 통한 외화지출이 많으며, 주요 거래통화는 미국달러화(USD)이고, 수출거래로 일부 유입되는 유로화(EUR) 및 일본엔화(JPY)는대부분 미국달러화(USD)로 환전하여 수입대금의 결제용으로 사용하고 있으므로 환율변동위험에 노출된 주요통화는 미국달러화(USD)입니다. 보고기간말 현재 총차입금(사"
현대비앤지스틸(주),판정 대상,사업보고서 (2025.12),https://dart.fss.or.kr/dsaf001/main.do?rcpNo=20260316001374,2. 개요,유럽,-1,"026년은 자동차·가전 등 국내 주요 수요 산업의 회복 지연과 함께, 중동 지역의 지정학적 긴장과 각국의 보호무역주의 강화, 유럽의 환경 규제 등 대외적 불확실성이 지속되는 한 해가 될 것으로 예상됩니다. 이러한 경영 환경 속에서도 당사는 자동차·가전 분야에서 신규 수요를 적극 발굴하고, 유럽 탄소국경조정제도(CBAM)와 일"
현대비앤지스틸(주),판정 대상,사업보고서 (2025.12),https://dart.fss.or.kr/dsaf001/main.do?rcpNo=20260316001374,2. 개요,유럽,-2,"지속되는 한 해가 될 것으로 예상됩니다. 이러한 경영 환경 속에서도 당사는 자동차·가전 분야에서 신규 수요를 적극 발굴하고, 유럽 탄소국경조정제도(CBAM)와 일본의 반덤핑 조치 등 글로벌 환경 변화에 선제적으로 대응해 나가겠습니다. 또한 초극박 및 고부가 제품 개발을 가속화하고, 원가 구조 혁신을 통해 경쟁력을 한층 강화하"
현대비앤지스틸(주),판정 대상,사업보고서 (2025.12),https://dart.fss.or.kr/dsaf001/main.do?rcpNo=20260316001374,IX. 계열회사 등에 관한 사항,EU,0,"KSE) 100.0 Kia Sales Slovakia s.r.o. (KSK) 100.0 Kia Europe GmbH (Kia EU) 100.0 Kia New Zealand Limited (KNZ) 100.0 Kia Georgia, Inc. (KaGA) 100.0 Kia Russia & CIS, LLC (Kia RUS&CIS)"
두산에너빌리티(주),판정 대상,사업보고서 (2025.12),https://dart.fss.or.kr/dsaf001/main.do?rcpNo=20260320001246,주석,유로,0,발행자나 차입자의 유의적인 재무적 어려움- 채무불이행과 같은 계약 위반- 차입자의 재무적 어려움에 관련된 경제적이나 계약상 이유로 당초 차입 조건의 불가피한 완화- 차입자의 파산가능성이 높아지거나 그 밖의 재무구조조정 가능성이 높아짐- 재무적 어려움으로 인해 해당 금융자산에 대한 활성시장 소멸 3) 재무상태표 상 신용손실충당
두산에너빌리티(주),판정 대상,사업보고서 (2025.12),https://dart.fss.or.kr/dsaf001/main.do?rcpNo=20260320001246,주석,EUR,2,"에 노출된 원화로 환산한 화폐성 외화자산 및 부채의 장부금액은 다음과 같습니다. (단위: 백만원) 구분 당기말 전기말 USD EUR JPY GBP 기타(주1) 합계 USD EUR JPY GBP 기타(주1) 합계 외화 금융자산 1,019,002 158,973 510 62,087 226,929 1,467,501 992,901 15"
두산에너빌리티(주),판정 대상,사업보고서 (2025.12),https://dart.fss.or.kr/dsaf001/main.do?rcpNo=20260320001246,주석,EUR,2,",900 276,765 (46,954) (7,717) 114,507 98,067 434,668 (주1) 기타 통화는 USD, EUR, JPY, GBP를 제외한 기타 외화로서 원화로 환산된 금액입니다. 한편, 당기말과 전기말 현재 다른 모든 변수가 일정하고 각 외화에 대한 기능통화의 환율이 10% 변동할 경우, 동 환율변동이 법"
두산에너빌리티(주),판정 대상,사업보고서 (2025.12),https://dart.fss.or.kr/dsaf001/main.do?rcpNo=20260320001246,주석,EUR,2,"다. (2) 당기말과 전기말 현재 당사의 파생금융상품의 평가내역은 다음과 같습니다.1) 당기말 (단위: 백만원, 천USD, 천EUR, 천JPY) 구분 매입 매도 파생상품평가자산(부채) 파생상품평가손익 기타포괄손익누계액(주1) 확정계약자산(부채)(주2) 통화 금액 통화 금액 통화선도 KRW 3,123,000 USD 2,265,1"
두산에너빌리티(주),판정 대상,사업보고서 (2025.12),https://dart.fss.or.kr/dsaf001/main.do?rcpNo=20260320001246,주석,EUR,2,"3,123,000 USD 2,265,150 (89,709) (62,544) 1,761 115,313 KRW 3,055,048 EUR 1,765,390 17,261 31,169 (13,886) (46,639) KRW 194,424 JPY 19,787,290 10,097 2,283 3,787 (7,028) KRW 246,833 기"
두산에너빌리티(주),판정 대상,사업보고서 (2025.12),https://dart.fss.or.kr/dsaf001/main.do?rcpNo=20260320001246,주석,EUR,2,"910) 10,559 USD 1,151,510 KRW 1,648,953 (11,087) 7,747 (12,279) 3,289 EUR 501,890 KRW 824,505 24,204 (459) 47,828 359 JPY 56,710,350 KRW 557,337 (24,443) (6,795) (13,574) 296 기타 통화 KR"
두산에너빌리티(주),판정 대상,사업보고서 (2025.12),https://dart.fss.or.kr/dsaf001/main.do?rcpNo=20260320001246,주석,EUR,2,"달하는 경우, 동 미달액을 당사가 보전하는 조건의 손실보전 계약을 체결하였습니다. 2) 전기말 (단위: 백만원, 천USD, 천EUR, 천JPY) 구분 매입 매도 파생상품평가자산(부채) 파생상품평가손익 기타포괄손익누계액(주1) 확정계약자산(부채)(주2) 통화 금액 통화 금액 통화선도 KRW 1,992,581 USD 1,549,6"
두산에너빌리티(주),판정 대상,사업보고서 (2025.12),https://dart.fss.or.kr/dsaf001/main.do?rcpNo=20260320001246,주석,EUR,2,"992,581 USD 1,549,645 (254,971) (248,997) (8,933) 147,202 KRW 147,083 EUR 100,760 (6,850) (1,277) (5,558) 685 KRW 140,627 JPY 14,297,270 4,082 2,415 (3,696) (3,591) KRW 151,113 기타 통화 "
두산에너빌리티(주),판정 대상,사업보고서 (2025.12),https://dart.fss.or.kr/dsaf001/main.do?rcpNo=20260320001246,주석,EUR,2,") (1,668) 4,698 USD 687,575 KRW 924,907 74,615 69,807 27,238 (28,494) EUR 351,690 KRW 517,337 20,551 673 19,371 (132) JPY 26,329,400 KRW 260,550 (8,723) (6,410) 2,108 169 기타 통화 KRW 93"
두산에너빌리티(주),판정 대상,사업보고서 (2025.12),https://dart.fss.or.kr/dsaf001/main.do?rcpNo=20260320001246,주석,유럽,2,"3,424 미주 260,837 105,477 아시아 890,542 1,420,917 중동 3,071,153 1,728,055 유럽 106,925 45,881 기타 1,361 904 합계 6,997,967 6,344,658 수익인식시기 한시점에 이행 236,359 257,704 기간에 걸쳐 이행 6,761,608 6,086,9"
두산에너빌리티(주),판정 대상,사업보고서 (2025.12),https://dart.fss.or.kr/dsaf001/main.do?rcpNo=20260320001246,주석,체코,5,"의 변동내역은 다음과 같습니다. 1) 당기 (단위: 백만원) 발주처 공사명 기초 증감 매출계상액 기말 한국수력원자력(주) 외 체코Dukovany 5,6호기NSSS 외 15,585,362 13,010,233 6,761,608 21,833,987 2) 전기 (단위: 백만원) 발주처 공사명 기초 증감 매출계상액 기말 한국수력원자력"
두산에너빌리티(주),판정 대상,사업보고서 (2025.12),https://dart.fss.or.kr/dsaf001/main.do?rcpNo=20260320001246,주석,체코,2,"53 (4) Muara Tawar Add-On 2017-03-29 2023-04-27 99.86 18,510 (54) - - 체코 Dukovany 5,6호기 NSSS 2025-12-15 2038-04-18 0.06 - - - - Jafurah Cogen Ph.2 2025-12-24 2029-06-30 20.67 19,801 "
두산에너빌리티(주),판정 대상,사업보고서 (2025.12),https://dart.fss.or.kr/dsaf001/main.do?rcpNo=20260320001246,주석,체코,2,") 27,795 (81) 영광야월해상풍력 발전사업 2025-12-31 2029-07-31 1.18 6,762 (20) - - 체코 Dukovany 5,6호기 TG 2025-12-15 2038-04-18 0.40 2,793 (8) - - 당진기지 2단계 LNG탱크 건설공사 2025-08.20 2029-12-31 3.74 - -"
두산에너빌리티(주),판정 대상,사업보고서 (2025.12),https://dart.fss.or.kr/dsaf001/main.do?rcpNo=20260320001246,주석,EUR,5," USD 142,370 142,370 204,286 204,286 한국수출입은행 Doosan Lentjes GmbH 공사보증 EUR 322,117 322,117 542,999 542,999 건설공제조합 등 차입금보증 EUR 15,000 14,995 25,286 25,277 SC제일은행 Doosan Power Systems Ar"
두산에너빌리티(주),판정 대상,사업보고서 (2025.12),https://dart.fss.or.kr/dsaf001/main.do?rcpNo=20260320001246,주석,EUR,2,"0 2,295 2,295 기계설비건설공제조합 Doosan Power Systems India Private Ltd. 공사보증 EUR 9,417 9,417 15,875 15,875 서울보증보험 등 공사보증 INR 41,101,493 41,101,493 656,802 656,802 건설공제조합 등 차입금보증 INR 4,030,00"
두산에너빌리티(주),판정 대상,사업보고서 (2025.12),https://dart.fss.or.kr/dsaf001/main.do?rcpNo=20260320001246,주석,EUR,5," 49,956 71,682 71,682 건설공제조합 소계 2,203,200 2,189,147 관계기업 두산건설(주) 공사보증 EUR 7,404 7,404 12,481 12,481 한국수출입은행 Tuwaiq Casting & Forging Company 차입금보증 SAR 287,813 239,813 110,106 91,743 S"
두산에너빌리티(주),판정 대상,사업보고서 (2025.12),https://dart.fss.or.kr/dsaf001/main.do?rcpNo=20260320001246,주석,체코,0,"lity Vietnam Co., Ltd.는 매각되었습니다. (주3) Doosan Skoda Power s.r.o.는 당기 중 체코 프라하 증권거래소 상장으로 지분율이 감소하였고, 사명을 Doosan Skoda Power a.s.로 변경하였습니다. (주4) 당기 중 오성파워오엔엠(주)는 청산되었습니다. 3) 당기말 현재 관계기"
두산에너빌리티(주),판정 대상,사업보고서 (2025.12),https://dart.fss.or.kr/dsaf001/main.do?rcpNo=20260320001246,주석,체코,0,"소프트웨어업 및 시스템엔지니어링업 미국 100.00 100.00 "" Doosan Skoda Power a.s.(주5) 제조업 체코 67.00 100.00 "" Skoda Power Private Ltd. 엔지니어링 인도 100.00 100.00 3월 31일 DPS UK Pension Company Ltd. 전문서비스업 영국 1"
두산에너빌리티(주),판정 대상,사업보고서 (2025.12),https://dart.fss.or.kr/dsaf001/main.do?rcpNo=20260320001246,주석,독일,0,"e Co., Ltd. 전문서비스업 영국 100.00 100.00 "" Doosan Lentjes GmbH 엔지니어링 및 서비스 독일 100.00 100.00 "" Doosan Power Systems S.A. 지주회사 룩셈부르크 100.00 100.00 "" Doosan Lentjes Czech s.r.o 전문서비스업 체코 100"
두산에너빌리티(주),판정 대상,사업보고서 (2025.12),https://dart.fss.or.kr/dsaf001/main.do?rcpNo=20260320001246,주석,체코,0,"ems S.A. 지주회사 룩셈부르크 100.00 100.00 "" Doosan Lentjes Czech s.r.o 전문서비스업 체코 100.00 100.00 "" 오성파워오엔엠(주)(주6) 엔지니어링 및 서비스 한국 - 100.00 "" Doosan Ukudu Power, LLC 엔지니어링 및 서비스 미국 100.00 100.00"
두산에너빌리티(주),판정 대상,사업보고서 (2025.12),https://dart.fss.or.kr/dsaf001/main.do?rcpNo=20260320001246,주석,체코,0,"회 의결권 등을 고려하여 지배력이 있는 것으로 판단됩니다. (주5) Doosan Skoda Power s.r.o.는 당기 중 체코 프라하 증권거래소 상장으로 지분율이 감소하였고, 사명을 Doosan Skoda Power a.s.로 변경하였습니다. (주6) 당기 중 청산하였습니다. (주7) 지배기업의 소유지분율이 과반수 미만이"
두산에너빌리티(주),판정 대상,사업보고서 (2025.12),https://dart.fss.or.kr/dsaf001/main.do?rcpNo=20260320001246,주석,유로,0,발행자나 차입자의 유의적인 재무적 어려움- 채무불이행과 같은 계약 위반- 차입자의 재무적 어려움에 관련된 경제적이나 계약상 이유로 당초 차입 조건의 불 가피한 완화- 차입자의 파산가능성이 높아지거나 그 밖의 재무구조조정 가능성이 높아짐- 재무적 어려움으로 인해 해당 금융자산에 대한 활성시장 소멸 3) 연결재무상태표 상 신용손
두산에너빌리티(주),판정 대상,사업보고서 (2025.12),https://dart.fss.or.kr/dsaf001/main.do?rcpNo=20260320001246,주석,EUR,2,"에 노출된 원화로 환산한 화폐성 외화자산 및 부채의 장부금액은 다음과 같습니다. (단위: 백만원) 구분 당기말 전기말 USD EUR JPY GBP 기타(주1) 합계 USD EUR JPY GBP 기타(주1) 합계 금융자산 2,004,525 566,172 2,841 91,812 353,903 3,019,253 2,119,005 2"
두산에너빌리티(주),판정 대상,사업보고서 (2025.12),https://dart.fss.or.kr/dsaf001/main.do?rcpNo=20260320001246,주석,EUR,2,"55) 25,916 (68,725) (17,288) 120,061 172,384 232,348 (주1) 기타 통화는 USD, EUR, JPY, GBP를 제외한 기타 외화로서 원화로 환산된 금액입니다. 한편, 당기말과 전기말 현재 다른 모든 변수가 일정하고 각 외화에 대한 기능통화의 환율이 10% 변동할 경우, 동 환율변동이 법"
두산에너빌리티(주),판정 대상,사업보고서 (2025.12),https://dart.fss.or.kr/dsaf001/main.do?rcpNo=20260320001246,주석,EUR,2,"3,149,159 USD 2,283,150 (89,288) (62,544) 2,181 115,313 KRW 3,055,048 EUR 1,765,390 17,261 31,169 (13,886) (46,639) KRW 194,424 JPY 19,787,290 10,097 2,283 3,787 (7,028) KRW 246,833 기"
두산에너빌리티(주),판정 대상,사업보고서 (2025.12),https://dart.fss.or.kr/dsaf001/main.do?rcpNo=20260320001246,주석,EUR,2,"910) 10,559 USD 1,159,010 KRW 1,659,202 (10,596) 7,747 (11,788) 3,289 EUR 501,890 KRW 824,505 24,204 (459) 47,828 359 JPY 56,710,350 KRW 557,337 (24,443) (6,795) (13,574) 296 기타 통화 KR"
두산에너빌리티(주),판정 대상,사업보고서 (2025.12),https://dart.fss.or.kr/dsaf001/main.do?rcpNo=20260320001246,주석,EUR,2,",443) (6,795) (13,574) 296 기타 통화 KRW 277,153 7,113 210 6,982 19 GBP 등 EUR 등 8,205 48 5,112 - 통화스왑 2,233 - (937) - 이자율스왑 (1,116) 1,011 (138) - 풋옵션(주3) (11,931) (11,931) - - 소계 (78,441)"
두산에너빌리티(주),판정 대상,사업보고서 (2025.12),https://dart.fss.or.kr/dsaf001/main.do?rcpNo=20260320001246,주석,EUR,2,"88,781 USD 1,618,645 (259,679) (248,997) (13,641) 147,202 KRW 147,083 EUR 100,760 (6,850) (1,277) (5,558) 685 KRW 140,627 JPY 14,297,270 4,082 2,415 (3,696) (3,591) KRW 151,113 기타 통화 "
두산에너빌리티(주),판정 대상,사업보고서 (2025.12),https://dart.fss.or.kr/dsaf001/main.do?rcpNo=20260320001246,주석,EUR,2,"3) (6,410) 2,108 169 기타 통화 KRW 93,293 6,388 4,642 4,760 (1,100) GBP 등 EUR 등 (8,768) (82) (590) - 통화스왑 3,206 - (1,719) - 이자율스왑 (1,837) (1,179) (15) - 소계 (188,667) (193,137) 26,590 119,"
두산에너빌리티(주),판정 대상,사업보고서 (2025.12),https://dart.fss.or.kr/dsaf001/main.do?rcpNo=20260320001246,주석,유럽,2," 1,023,982 293,350 168 - 1,317,500 중동 3,116,798 228,107 - - 3,344,905 유럽 531,479 951,266 929 - 1,483,674 기타 1,361 232,587 - - 233,948 합계 7,805,483 8,682,441 418,124 55,914 16,961,962"
두산에너빌리티(주),판정 대상,사업보고서 (2025.12),https://dart.fss.or.kr/dsaf001/main.do?rcpNo=20260320001246,주석,유럽,2,"시아 1,782,098 194,182 - - 1,976,280 중동 1,765,196 166,289 - - 1,931,485 유럽 444,773 960,707 - - 1,405,480 기타 903 234,998 - - 235,901 합계 7,465,285 8,451,283 344,340 40,942 16,301,850 수익인"
두산에너빌리티(주),판정 대상,사업보고서 (2025.12),https://dart.fss.or.kr/dsaf001/main.do?rcpNo=20260320001246,주석,체코,5," 거래가격의 변동내역은다음과 같습니다.1) 당기 (단위: 백만원) 구분 주요 계약명 기초 증감 매출계상액 기말 두산에너빌리티 체코Dukovany 5,6호기 NSSS 외 16,674,726 13,646,259 7,410,387 22,910,598 두산퓨얼셀 위탁 운영서비스 계약 1,879,560 96,947 95,775 1,8"
두산에너빌리티(주),판정 대상,사업보고서 (2025.12),https://dart.fss.or.kr/dsaf001/main.do?rcpNo=20260320001246,주석,체코,2,"Mon 4 Thermal Power Plant 2025-06-06 2028-12-31 14.92 17,524 (51) - - 체코 Dukovany 5,6호기 NSSS 2025-12-15 2038-04-18 0.06 - - - - Jawaharpur 2016-12-22 2025-12-31 99.45 51,853 - 5,783 "
두산에너빌리티(주),판정 대상,사업보고서 (2025.12),https://dart.fss.or.kr/dsaf001/main.do?rcpNo=20260320001246,주석,아일랜드,0,"관할국별 GloBE 유효세율과 최저한세율 15%의 차액에 대하여 추가세액을 납부해야 합니다.사우디아라비아와 이집트, 카타르, 아일랜드를 제외하고, 연결실체 내의 기업 및 고정사업장이 소재한 모든 국가들의 GloBE 유효세율이 15%를 초과하고 있습니다.사우디아라비아와 이집트, 카타르, 아일랜드에서 발생한 추가세액으로 인해 당기에"
두산에너빌리티(주),판정 대상,사업보고서 (2025.12),https://dart.fss.or.kr/dsaf001/main.do?rcpNo=20260320001246,주석,아일랜드,0,"기업 및 고정사업장이 소재한 모든 국가들의 GloBE 유효세율이 15%를 초과하고 있습니다.사우디아라비아와 이집트, 카타르, 아일랜드에서 발생한 추가세액으로 인해 당기에 인식한 필라2 법인세비용은 3,318백만원이며, 관련된 이연법인세의 인식 및 공시에 대해서는 예외규정을 적용하였습니다. 32. 주당이익 (1) 기본주당이익 당기"
두산에너빌리티(주),판정 대상,사업보고서 (2025.12),https://dart.fss.or.kr/dsaf001/main.do?rcpNo=20260320001246,주석,EUR,5,") 구분 피보증기업 보증종류 통화 외화 원화환산액 보증처 보증한도 보증금액 보증한도 보증금액 관계기업 두산건설(주) 공사보증 EUR 7,404 7,404 12,481 12,481 한국수출입은행 Tuwaiq Casting & Forging Company 차입금보증 SAR 287,813 239,813 110,107 91,743 S"
두산에너빌리티(주),판정 대상,사업보고서 (2025.12),https://dart.fss.or.kr/dsaf001/main.do?rcpNo=20260320001246,2. 회사의 연혁,구주,0,가. 회사의 본점소재지 : 경상남도 창원시 성산구 두산볼보로 22 (구주소 : 귀곡동 555번지) 나. 경영진 및 감사의 중요한 변동 변동일자 주총종류 선임 임기만료또는 해임 신규 재선임 2021년 03월 30일 정기주총 사내이사 박상현사외이사 배진한 - 사외이사 김동
두산에너빌리티(주),판정 대상,사업보고서 (2025.12),https://dart.fss.or.kr/dsaf001/main.do?rcpNo=20260320001246,2. 회사의 연혁,유로,0,"준호 2025년 03월 31일 정기주총 사외이사 정진택 사내이사 정연인 - ※ '22.04.29 김대기 사외이사가 일신상의 사유로 사임하였습니다.※ '23.03.29 남익현 사외이사가 임기만료의 사유로 사임하였습니다.※ '23.03.29 박지원 사내이사가 재선임되었으며, 이은형 사외이사, 최태현 사외이사가 신규 선임되었습니다"
두산에너빌리티(주),판정 대상,사업보고서 (2025.12),https://dart.fss.or.kr/dsaf001/main.do?rcpNo=20260320001246,2. 회사의 연혁,유로,0," 재선임되었으며, 이은형 사외이사, 최태현 사외이사가 신규 선임되었습니다.※ '24.03.26 배진한 사외이사가 임기만료의 사유로 사임하였습니다.※ '24.03.26 박상현 사내이사가 재선임되었으며, 이은항 사외이사가 신규 선임되었습니다.※ '25.03.25 이준호 사외이사가 일신상의 사유로 중도 퇴임하였습니다.※ '25.0"
두산에너빌리티(주),판정 대상,사업보고서 (2025.12),https://dart.fss.or.kr/dsaf001/main.do?rcpNo=20260320001246,2. 회사의 연혁,유로,0,"6 박상현 사내이사가 재선임되었으며, 이은항 사외이사가 신규 선임되었습니다.※ '25.03.25 이준호 사외이사가 일신상의 사유로 중도 퇴임하였습니다.※ '25.03.31 정연인 사내이사가 재선임되었으며, 정진택 사외이사가 신규 선임되었습니다. 다. 최대주주의 변동 2002년 3월 26일 ㈜두산으로 최대주주가 변경된 이후 변"
두산에너빌리티(주),판정 대상,사업보고서 (2025.12),https://dart.fss.or.kr/dsaf001/main.do?rcpNo=20260320001246,2. 회사의 연혁,체코,0,(100% 보유) 2025년 01월 Doosan Skoda Power s.r.o. Doosan Skoda Power a.s. 체코 프라하 증권거래소 기업공개(IPO) 마. 회사가 합병 등을 한 경우 그 내용 대상회사 일 자 내 용 두산에너빌리티㈜ 및그 종속기업 2021년 07월2022년 06월2022년 06월2022년 09월
두산에너빌리티(주),판정 대상,사업보고서 (2025.12),https://dart.fss.or.kr/dsaf001/main.do?rcpNo=20260320001246,2. 회사의 연혁,유럽,-2,hair) 계약 체결·제주한림해상풍력의 기자재/ FDA 계약 체결·태안안면클린에너지 태양광발전사업 건설계약 체결·국내 최초로 유럽 국제표준 시험인증기관(TUV SUD)로부터 유럽 안전 원전 국제표준 인증(ISO 19443) 취득·한국수력원자력㈜과 이집트 엘다바 원자력발전소 2차측(Turbine Island) 건설공사 계약 체
두산에너빌리티(주),판정 대상,사업보고서 (2025.12),https://dart.fss.or.kr/dsaf001/main.do?rcpNo=20260320001246,2. 회사의 연혁,체코,2," 4,458억원)·SMR 전용공장 신축 및 기존 공장 최적화, 혁신제조 시설 구축 투자(약 8,068억원)·한국수력원자력㈜과 체코 Dukovany 5&6 NSSS 계약 체결 (약 4조 9,289억원)·한국수력원자력㈜과 체코 Dukovany 5&6 Turbine Generator Supply 계약 체결 (약 7,111억원)·두"
두산에너빌리티(주),판정 대상,사업보고서 (2025.12),https://dart.fss.or.kr/dsaf001/main.do?rcpNo=20260320001246,4. 주식의 총수 등,구주,2,"수청구권 행사로 자사주 81,649주를 취득하였습니다.- 2022년 02월 19일자로 보통주 82,872,900주를 유상증자(구주주배정)하였습니다.- 2021년 07월 01일자로 발행한 신주인수권부사채의 신주인수권증권(2WR) 행사로 2022.06.30일까지 보통주 12,566,852주가 신규 발행되었습니다.- 2022년 0"
두산에너빌리티(주),판정 대상,사업보고서 (2025.12),https://dart.fss.or.kr/dsaf001/main.do?rcpNo=20260320001246,5. 정관에 관한 사항,프랑스,0," 있습니다.2) 시장의 주요 특성,규모 및 성장성 항공엔진 시장은 발전용 가스터빈 시장보다 규모가 크며, 현재 미국, 영국, 프랑스, 러시아 등 일부 국가만 항공엔진 자체 기술을 보유하고 있습니다. 모건스탠리 등에 따르면 글로벌 항공엔진 시장은 2037년 3,000조원 규모로 성장할 것으로 추산됩니다. 3) 신규사업과 관련된 "
두산에너빌리티(주),판정 대상,사업보고서 (2025.12),https://dart.fss.or.kr/dsaf001/main.do?rcpNo=20260320001246,2. 주요 제품 및 서비스,유로,0,"6 대형 165 161 157 (주1) BLR(보일러) 사업은 당사 사업 포트폴리오 전환에 따른 인력전환배치, 공정외주화의 사유로 '24년 1분기부터 실적 미반영(주2) 국내/외 터빈발전기의 공급가격은 각 국가별 발전시장 내 환경에 맞추어 경쟁입찰을 통해 결정됨에 따라 '25년 3분기부터 실적 미반영(주3) 풍력 터빈 가격은"
두산에너빌리티(주),판정 대상,사업보고서 (2025.12),https://dart.fss.or.kr/dsaf001/main.do?rcpNo=20260320001246,3. 원재료 및 생산설비,유로,2,"= 7,000MW 2) 보일러 ※ BLR(보일러) 국내 사업은 당사 사업 포트폴리오 전환에 따른 인력전환배치, 공정외주화의 사유로 제 62기부터 미반영 3) 스팀터빈 ① 기준용량 : 1,000MW/호기(화력표준형) ② 국내 연간생산능력: 화력발전용 1,000MW/호기 x 6호기= 6,000MW (TBN Rotor Slotti"
두산에너빌리티(주),판정 대상,사업보고서 (2025.12),https://dart.fss.or.kr/dsaf001/main.do?rcpNo=20260320001246,3. 원재료 및 생산설비,유로,0,"공장 및 해외공장의 생산실적 합계 - BLR(보일러) 사업 : 당사 사업 포트폴리오 전환에 따른 인력전환배치, 공정외주화의 사유로 제62기부터 실적 미반영 - 주단제품 : 국내 주단조공장 생산중량임(단조프레스+조형 중량 기준) ※ 두산에너빌리티 해외 실적 중 Doosan Enerbility Vietnam Co., Ltd. 관"
두산에너빌리티(주),판정 대상,사업보고서 (2025.12),https://dart.fss.or.kr/dsaf001/main.do?rcpNo=20260320001246,3. 원재료 및 생산설비,유럽,0,"황 등(1) 생산설비의 현황 당사는 국내 창원에 위치한 본사를 포함하여 서울, 성남, 인천, 익산 등에 국내사업장이 있으며, 유럽, 미국, 중국 등 해외 공장과 사업소에서 사업활동을수행하고 있습니다. 사업부문 사업장 소재지 두산에너빌리티 국내 성남, 창원 해외 미국, 인도, 체코 두산밥캣 국내 인천 해외 미국, 체코, 독일,"
두산에너빌리티(주),판정 대상,사업보고서 (2025.12),https://dart.fss.or.kr/dsaf001/main.do?rcpNo=20260320001246,3. 원재료 및 생산설비,체코,0,"외 공장과 사업소에서 사업활동을수행하고 있습니다. 사업부문 사업장 소재지 두산에너빌리티 국내 성남, 창원 해외 미국, 인도, 체코 두산밥캣 국내 인천 해외 미국, 체코, 독일, 프랑스, 인도, 중국 두산퓨얼셀 국내 서울, 익산, 군산 당사의 생산에 중요한 시설 등으로는 토지, 건물, 구축물, 기계장치, 중장비,차량운반구, 공"
두산에너빌리티(주),판정 대상,사업보고서 (2025.12),https://dart.fss.or.kr/dsaf001/main.do?rcpNo=20260320001246,4. 매출 및 수주상황,유럽,0,"객의 요구사항을 충족시키는 것입니다. 이를 위해 가장 중요한 요소는 기술 및 가격 경쟁력으로써 당사는 한국, 중동, 미국 및 유럽의 R&D 센터를 통한 지속적인 기술개발로 품질 및 가격에서 수요자의 만족을 실현하고 국내 외 설비 시장의 빠른 환경변화에 신속 대처하여 기존의 시장점유율 우위를 고수하기 위해 적극적으로 노력하고 "
두산에너빌리티(주),판정 대상,사업보고서 (2025.12),https://dart.fss.or.kr/dsaf001/main.do?rcpNo=20260320001246,4. 매출 및 수주상황,독일,3,"접판매, 두산밥캣㈜ 소유의 판매대리점, 그리고 전문 판매 딜러 등 크게 세 가지 판매채널을 통하여 제품을 판매하고 있습니다. 독일, 프랑스등 유럽의 일부 국가에서는 두산밥캣㈜이 소유하고 있는 판매 대리점을 활용하고, 정부, 군대, 대기업 등의 경우에는 직접 판매 및 관리를 하고 있습니다. 이 외 대부분의 경우에는 두산밥캣㈜이"
두산에너빌리티(주),판정 대상,사업보고서 (2025.12),https://dart.fss.or.kr/dsaf001/main.do?rcpNo=20260320001246,4. 매출 및 수주상황,유럽,4,"업차량) → 소비자 ⓑ 판매대리점 : 생산자(산업차량) → 판매대리점 → 소비자- 수출 : 'NA(북미)' 지역과 'EMEA(유럽, 중동, 아프리카)' 지역은 법인을 통해, 기타 지역은 딜러를 통해 판매하고 있습니다. ⓐ 'NA' & 'EMEA'지역 : 생산자(산업차량) → 법인 → 딜러 → 소비자 ⓑ 기타지역 : 생산자(산"
두산에너빌리티(주),판정 대상,사업보고서 (2025.12),https://dart.fss.or.kr/dsaf001/main.do?rcpNo=20260320001246,4. 매출 및 수주상황,유로,0,"인 관계를 유지하도록 지속적인 투자와 지원을 하고 있습니다. 이로 인하여 북미 시장에서는 실적 부진 또는 목표치 미달 등의 사유로 딜러쉽이 해지되지 않는 한 딜러들의 이탈이 매우 낮아 딜러와의 계약기간이 평균 29년을 상회하고 있으며, 유럽 딜러와는 최초 계약시 계약기간을 5년으로 체결하는 등 딜러 네트워크와 장기적인 협력관"
두산에너빌리티(주),판정 대상,사업보고서 (2025.12),https://dart.fss.or.kr/dsaf001/main.do?rcpNo=20260320001246,4. 매출 및 수주상황,체코,2," 2,898 김포 DGT LTSA 9월 한국서부발전㈜ 2,444 김해 내동 공동주택 신축공사 9월 ㈜한일자동차학원 1,230 체코 두코바니 #5,6 원자로설비 12월 한국수력원자력㈜ 49,290 체코 Dukovany 5,6 터빈발전기 12월 한국수력원자력㈜ 7,111 두산 대형 가스터빈 패키지 공급계약 12월 공개 유보 공개"
두산에너빌리티(주),판정 대상,사업보고서 (2025.12),https://dart.fss.or.kr/dsaf001/main.do?rcpNo=20260320001246,4. 매출 및 수주상황,체코,5,"음. (2) 당기말 현재 주요사업부문별 수주상황 (단위 : 억원) 구분 주요 계약명 기초 증감 매출계상액 기말 두산에너빌리티 체코 Dukovany 5,6호기 NSSS 외 171,223 140,735 78,027 233,931 두산퓨얼셀 위탁 운영서비스 계약 18,796 969 958 18,807 두산밥캣 연장보증 외 7,93"
두산에너빌리티(주),판정 대상,사업보고서 (2025.12),https://dart.fss.or.kr/dsaf001/main.do?rcpNo=20260320001246,6. 주요계약 및 연구개발활동,프랑스,3,"후 제작/판매 License는 반납하고, 2033년 12월 31일까지 서비스 License는 유지함(주2) 2022년 09월 프랑스 Altrad 社에 매각 완료 후 Doosan Babcock Ltd.에서 Altrad Babcock Ltd.으로 사명 변경됨. ※ 당사의 주요 계약 중 기재하지 않은 미공개 계약은 없습니다. 나. "
두산에너빌리티(주),판정 대상,사업보고서 (2025.12),https://dart.fss.or.kr/dsaf001/main.do?rcpNo=20260320001246,6. 주요계약 및 연구개발활동,유로,0,"tegration) GT개발1팀 발전용 가스터빈 개발 (압축기/터빈 공력) GT개발2팀 발전용 가스터빈 개발 (터빈냉각, 이차유로,Clearance) GT개발3팀 발전용 가스터빈 개발 (터빈형상/구조, 소재기술/SOM) GT연소기개발팀 발전용 가스터빈 개발 (연소기 공력성능, 구조수명) GT Test 기술팀 발전용 가스터빈 "
두산에너빌리티(주),판정 대상,사업보고서 (2025.12),https://dart.fss.or.kr/dsaf001/main.do?rcpNo=20260320001246,6. 주요계약 및 연구개발활동,체코,0,"미국 - 신제품개발, 기존제품 품질 개선 작업, 컴퓨터 시뮬레이션 테스트 Europe, Middle East & Africa 체코, 프랑스, 독일 - Asia, Latin America & Oceania 한국, 인도, 중국 - 두산퓨얼셀㈜ CTO CTO PAFC 개발팀 PAFC 신제품/신기술 개발, 시스템 성능/품질/원가 개"
두산에너빌리티(주),판정 대상,사업보고서 (2025.12),https://dart.fss.or.kr/dsaf001/main.do?rcpNo=20260320001246,7. 기타 참고사항,유럽,1,"되어 장기적인 기술투자 및 막대한 자본이 필요한 산업입니다. (2) 산업의 성장성 세계 건설기계 시장의 주요 수요처인 북미와 유럽지역에서 도심지 협소지역 공사 증가로 Compact Equipment 수요가 늘어나는 추세입니다. 주요 소형 건설기계로는 Skid-Steer Loader, Compact Track Loader, M"
두산에너빌리티(주),판정 대상,사업보고서 (2025.12),https://dart.fss.or.kr/dsaf001/main.do?rcpNo=20260320001246,7. 기타 참고사항,독일,0,"만 여개의 부품 조립 생산의 형태로 이루어지기에 주요 원재료를 같은 특성을 지닌 그룹별로 나눠 구분하고 있으며 당사는 미국, 독일, 일본을 포함한 전세계 다양한 국가의 공급처로부터 원재료를 구입하고 있습니다. 두산밥캣㈜이 제품 생산을 위해 사용하고 있는 주요 원재료는 제품의 뼈대를 만드는데 사용되는 철, 알루미늄, 용접부품,"
두산에너빌리티(주),판정 대상,사업보고서 (2025.12),https://dart.fss.or.kr/dsaf001/main.do?rcpNo=20260320001246,7. 기타 참고사항,유럽,-2,수 있는 관계를 유지하기 위해 장기 파트너쉽을 구축하고자 노력하고 있습니다. (6) 관계 법령 또는 정부의 규제 및 지원 등 유럽 및 미국의 환경규제는 국민의 건강 및 경제적 이익 보호를 위해 지속적으로 강화되고 있으며 건설기계 분야의 국제 환경규제는 크게 배기가스 배출 규제가 해당됩니다.건설기계용 디젤엔진에 대해서는 세계 
두산에너빌리티(주),판정 대상,사업보고서 (2025.12),https://dart.fss.or.kr/dsaf001/main.do?rcpNo=20260320001246,7. 기타 참고사항,유럽,-2,"게 배기가스 배출 규제가 해당됩니다.건설기계용 디젤엔진에 대해서는 세계 각국에서 매년 배기가스의 규제가 강화되고 있고, 특히 유럽과 미국에서 건설기계용 디젤엔진 배기가스 규제를 선도하고 있어, 유럽의 Stage V, 미국의 Tier4 Final 등 배기규제를 만족하는 엔진을 적용하고 있습니다. [Material Handlin"
두산에너빌리티(주),판정 대상,사업보고서 (2025.12),https://dart.fss.or.kr/dsaf001/main.do?rcpNo=20260320001246,7. 기타 참고사항,유럽,-2,"PA"")와 주(州)별 규제 기관의 공표에 따라 '13년부터 단계적으로 Tier 4 Final 규제가 확산, 적용되고 있으며, 유럽은 '19년부터 단계적으로 Stage V 규제가 시작되고 있습니다. 한국의 경우 '22년 Stage V 배기규제가 발효되어 적용 중이며, 중국은 '22년 12월부터 Stage IV 규제가 발효되었습"
두산에너빌리티(주),판정 대상,사업보고서 (2025.12),https://dart.fss.or.kr/dsaf001/main.do?rcpNo=20260320001246,7. 기타 참고사항,유럽,1,"설기계 유압부품 산업의 성장은 건설 및 산업기계 산업과 밀접한 관련이 있습니다. 특히 중ㆍ대형 건설기계의 경우 중국, 미국, 유럽이 여전히 최대 시장이지만, 동남아, 인도, 중동, 아프리카 지역의 성장률도 역시 높은 상황입니다. 또한 건설분야 외 광업/물류/농업 등 다양한 전방산업의 발전 추세에 동조하여 유압부품 산업은 성장"
두산에너빌리티(주),판정 대상,사업보고서 (2025.12),https://dart.fss.or.kr/dsaf001/main.do?rcpNo=20260320001246,7. 기타 참고사항,유로,0,"니다. 또한 상대적으로 작동온도가 낮은 저온형 연료전지로 핵심 부품의 장기간(10년) 수명 보증이 가능하고, 재료의 선택이 자유로워 제품의 가격 경쟁력이 높다는 장점이 있습니다.또한 두산퓨얼셀㈜은 2025년 하반기부터 신제품인 SOFC의 양산을 시작하였습니다. 두산퓨얼셀㈜의 SOFC는 경쟁사 제품 대비 운전온도가 낮은 중저온"
두산에너빌리티(주),판정 대상,사업보고서 (2025.12),https://dart.fss.or.kr/dsaf001/main.do?rcpNo=20260320001246,7. 기타 참고사항,유럽,-2," 특성 발전용 연료전지의 원천기술 개발 및 최초 상용화는 미국 기업들에 의해 주도되어 초기에는 관련 원재료 업체들이 북미 및 유럽에 편중되어 있었으나, 부품의 안정적인 조달 및 원가 경쟁력 강화를 위하여 부품의 국산화를 지속적으로 추진하고 있습니다. (7) 관계 법령 또는 정부의 규제 및 지원 등 연료전지는 신재생에너지법상 "
두산에너빌리티(주),판정 대상,사업보고서 (2025.12),https://dart.fss.or.kr/dsaf001/main.do?rcpNo=20260320001246,7. 기타 참고사항,유럽,0,"자를 통한 자산관리업 사업영역 확대를 추진하고 있습니다. 다. 영업개황【두산에너빌리티 부문】 두산에너빌리티는 아시아, 미주, 유럽 중심으로 성장한 발전설비 시장에서 국내 주요 발전소(석탄, 복합, 원자력)의 주기기 공급을 주도해 왔으며, 한전 및 민자 발전사와의 협력으로 국내 시장에서 견고한 입지를 구축했습니다. 원자력발전 "
두산에너빌리티(주),판정 대상,사업보고서 (2025.12),https://dart.fss.or.kr/dsaf001/main.do?rcpNo=20260320001246,7. 기타 참고사항,체코,3,"서 견고한 입지를 구축했습니다. 원자력발전 분야에서는 국내외 원자력 주기기 공급 실적과 우수한 제작역량을 바탕으로 팀코리아의 체코 신규원전 수주 이후 한국수력원자력㈜과의 기자재 공급 계약을 체결하였습니다. 또한 NuScale SMR 소재제작에 이어 기자재 제작 수주를 위한 영업활동을 전개하고 있으며, 복수의 타 SMR 설계사"
두산에너빌리티(주),판정 대상,사업보고서 (2025.12),https://dart.fss.or.kr/dsaf001/main.do?rcpNo=20260320001246,7. 기타 참고사항,체코,0,"과 발전기의 경우 최근 중동 사업 확대에 맞춰 사전예약 계약을 체결하는 등 두산의 입지가 강화되고 있습니다. 두산은 자회사인 체코 Skoda Power의 중/소형 모델을 비롯하여, 다양한 발전소 대상으로 증기터빈/발전기를 공급할 수 있는 역량을 보유하고 있어, 신규 대형원전/복합화력 및 SMR 등 추가 사업기회 창출이 가능합"
두산에너빌리티(주),판정 대상,사업보고서 (2025.12),https://dart.fss.or.kr/dsaf001/main.do?rcpNo=20260320001246,7. 기타 참고사항,유럽,1,"받는 산업입니다.지역별 건설기계 시장은 그 지역의 개발 정도, 건설 규모, 건설의 유형에 따라 그 특성이 다릅니다. 북미 및 유럽 등 선진 건설기계 시장은 주택, 도심지 인프라 개보수 등 소규모 건설 위주의 수요로 인해 소형 장비 비중이 높습니다. 중국은 대규모 인프라 공사 및 원자재 수요에 의한 광산용 중대형 장비 비중이 "
두산에너빌리티(주),판정 대상,사업보고서 (2025.12),https://dart.fss.or.kr/dsaf001/main.do?rcpNo=20260320001246,7. 기타 참고사항,유럽,1,"안 로더와 소형 굴착기 제품군으로 라인업이 한정되어 있어 전 라인업을 갖춘 경쟁사 대비 딜러망 확장이 제한적이었지만, 북미와 유럽, 오세아니아로의 농업, 조경 산업 진출로 라인업 및 딜러망을 확대 중이며, 향후 타 지역으로의 시장 진출을 통한 지속적 성장을 기대하고 있습니다. 북미 콤팩트 트랙터 시장은 연간 약 19만대, 모"
두산에너빌리티(주),판정 대상,사업보고서 (2025.12),https://dart.fss.or.kr/dsaf001/main.do?rcpNo=20260320001246,7. 기타 참고사항,유럽,3,", 유압기기) 제품군] (1) 영업개황 두산모트롤은 지난 50여년간 축적된 기술력과 품질을 널리 인정받아 한국 외에도 미국, 유럽, 중국, 인도 등 다수의 글로벌 굴착기 생산기업들에 유압부품을 납품하고 있습니다. 최근 시장 포트폴리오 다양화를 목표로 한/중 주요 고객과의 전략적 제휴 관계 강화 및 글로벌 시장에서 대형 선진 "
두산에너빌리티(주),판정 대상,사업보고서 (2025.12),https://dart.fss.or.kr/dsaf001/main.do?rcpNo=20260320001246,7. 기타 참고사항,유럽,1,"다. 두산모트롤은 높은 기술력을 바탕으로 고객에게 최적의 부품 솔루션을 제공하고 있으며, 시장 경기변동에 대응 전략으로 북미/유럽, 중국/아시아 등을 고루 공략하여 매출 변동성을 상쇄하고 있으며, 건설 뿐만 아니라 농업, 물류 등 다양한 산업으로 적용범위 확대를 꾀하고 있습니다. (4) 신규사업 등의 내용 전망 두산모트롤은 "
두산에너빌리티(주),판정 대상,사업보고서 (2025.12),https://dart.fss.or.kr/dsaf001/main.do?rcpNo=20260320001246,7. 기타 참고사항,유로,-2,스강 및 이의 제조방법 10-2905773 2025-12-24 풍력발전기의 타워 10-2907740 2025-12-30 냉각 유로를 갖는 가스 터빈용 블레이드 및 그를 포함하는 가스 터빈 두산퓨얼셀 10-2821318 2025-06-11 생활형 바이오가스를 활용한 연료전지 기반의 에너지 시스템 마. 환경 관련 규제에 관한 사
두산에너빌리티(주),판정 대상,사업보고서 (2025.12),https://dart.fss.or.kr/dsaf001/main.do?rcpNo=20260320001246,1. 일반사항 (연결),체코,0, 인도네시아 말레이시아 일본 영국 인도 오만 사우디아라비아 필리핀 미국 미국 미국 미국 미국 미국 미국 미국 미국 미국 미국 체코 인도 영국 영국 독일 룩셈부르크 체코 한국 미국 한국 한국 한국 한국 한국 외 한국 미국 지분율(%) 0.0000 0.8364 1.0000 1.0000 1.0000 1.0000 1.0000 0.5
두산에너빌리티(주),판정 대상,사업보고서 (2025.12),https://dart.fss.or.kr/dsaf001/main.do?rcpNo=20260320001246,1. 일반사항 (연결),체코,0,"됩니다. 소유지분율 변동 이유에 대한 기술 당기 중 매각하였습니다. Doosan Skoda Power s.r.o.는 당기 중 체코 프라하 증권거래소 상장으로 지분율이 감소하였고, 사명을 Doosan Skoda Power a.s.로 변경하였습니다. 당기 중 청산하였습니다. 종속기업에 대한 기타 설명 전기 전체 종속기업 종속기업"
두산에너빌리티(주),판정 대상,사업보고서 (2025.12),https://dart.fss.or.kr/dsaf001/main.do?rcpNo=20260320001246,4. 재무위험관리 (연결),EUR,2,"한 공시 환위험에 대한 공시 당기 (단위 : 백만원) 위험 환위험 기능통화 또는 표시통화 기능통화 또는 표시통화 합계 USD EUR JPY GBP 그밖의 통화 외화금융자산, 원화환산금액 2,004,525 566,172 2,841 91,812 353,903 3,019,253 외화금융부채, 원화환산금액 2,148,022 354,7"
두산에너빌리티(주),판정 대상,사업보고서 (2025.12),https://dart.fss.or.kr/dsaf001/main.do?rcpNo=20260320001246,4. 재무위험관리 (연결),EUR,2,"3,497) 211,409 (106,948) 53,265 (209,484) (195,255) 기타 통화에 대한 설명 USD, EUR, JPY, GBP를 제외한 기타 외화로서 원화로 환산된 금액입니다. 전기 (단위 : 백만원) 위험 환위험 기능통화 또는 표시통화 기능통화 또는 표시통화 합계 USD EUR JPY GBP 그밖의 통"
두산에너빌리티(주),판정 대상,사업보고서 (2025.12),https://dart.fss.or.kr/dsaf001/main.do?rcpNo=20260320001246,4. 재무위험관리 (연결),EUR,2," 원화로 환산된 금액입니다. 전기 (단위 : 백만원) 위험 환위험 기능통화 또는 표시통화 기능통화 또는 표시통화 합계 USD EUR JPY GBP 그밖의 통화 외화금융자산, 원화환산금액 2,119,005 258,225 788 160,314 574,858 3,113,190 외화금융부채, 원화환산금액 2,093,089 326,95"
두산에너빌리티(주),판정 대상,사업보고서 (2025.12),https://dart.fss.or.kr/dsaf001/main.do?rcpNo=20260320001246,4. 재무위험관리 (연결),EUR,2,"금액 25,916 (68,725) (17,288) 120,061 172,384 232,348 기타 통화에 대한 설명 USD, EUR, JPY, GBP를 제외한 기타 외화로서 원화로 환산된 금액입니다. 시장위험에 대한 공시 시장위험의 각 유형별 민감도분석 보고기간 말 현재 노출된 시장위험의 각 유형별 민감도 분석 당기 (단위 :"
두산에너빌리티(주),판정 대상,사업보고서 (2025.12),https://dart.fss.or.kr/dsaf001/main.do?rcpNo=20260320001246,9. 파생금융상품 (연결),EUR,0," 공시 당기 (단위 : 백만원) 금융상품 파생상품 매입통화 KRW, 매도통화 USD인 통화선도계약 매입통화 KRW, 매도통화 EUR인 통화선도계약 매입통화 KRW, 매도통화 JPY인 통화선도계약 매입통화 KRW, 매도통화 기타외화통화인 통화선도계약 매입통화 USD, 매도통화 KRW인 통화선도계약 매입통화 EUR, 매도통화 KR"
두산에너빌리티(주),판정 대상,사업보고서 (2025.12),https://dart.fss.or.kr/dsaf001/main.do?rcpNo=20260320001246,9. 파생금융상품 (연결),EUR,0," 통화선도계약 매입통화 KRW, 매도통화 기타외화통화인 통화선도계약 매입통화 USD, 매도통화 KRW인 통화선도계약 매입통화 EUR, 매도통화 KRW인 통화선도계약 매입통화 JPY, 매도통화 KRW인 통화선도계약 매입통화 기타외화통화, 매도통화 KRW인 통화선도계약 외화공시를 위한 공정가치 측정자산 매입, KRW 3,149,1"
두산에너빌리티(주),판정 대상,사업보고서 (2025.12),https://dart.fss.or.kr/dsaf001/main.do?rcpNo=20260320001246,9. 파생금융상품 (연결),EUR,2," 외화공시를 위한 공정가치 측정자산 매입, USD [USD, 천] 1,159,010 외화공시를 위한 공정가치 측정자산 매입, EUR [EUR, 천] 501,890 외화공시를 위한 공정가치 측정자산 매입, JPY [JPY, 천] 0 56,710,350 외화공시를 위한 공정가치 측정자산 매도, KRW 0 0 1,659,202 82"
두산에너빌리티(주),판정 대상,사업보고서 (2025.12),https://dart.fss.or.kr/dsaf001/main.do?rcpNo=20260320001246,9. 파생금융상품 (연결),EUR,2," 외화공시를 위한 공정가치 측정자산 매도, USD [USD, 천] 2,283,150 외화공시를 위한 공정가치 측정자산 매도, EUR [EUR, 천] 1,765,390 외화공시를 위한 공정가치 측정자산 매도, JPY [JPY, 천] 19,787,290 전기 (단위 : 백만원) 금융상품 파생상품 매입통화 KRW, 매도통화 USD인"
두산에너빌리티(주),판정 대상,사업보고서 (2025.12),https://dart.fss.or.kr/dsaf001/main.do?rcpNo=20260320001246,9. 파생금융상품 (연결),EUR,2,"13 외화공시를 위한 공정가치 측정자산 매입, USD [USD, 천] 687,575 외화공시를 위한 공정가치 측정자산 매입, EUR [EUR, 천] 351,690 외화공시를 위한 공정가치 측정자산 매입, JPY [JPY, 천] 26,329,400 외화공시를 위한 공정가치 측정자산 매도, KRW 924,907 517,337 26"
두산에너빌리티(주),판정 대상,사업보고서 (2025.12),https://dart.fss.or.kr/dsaf001/main.do?rcpNo=20260320001246,9. 파생금융상품 (연결),EUR,2," 외화공시를 위한 공정가치 측정자산 매도, USD [USD, 천] 1,618,645 외화공시를 위한 공정가치 측정자산 매도, EUR [EUR, 천] 100,760 외화공시를 위한 공정가치 측정자산 매도, JPY [JPY, 천] 14,297,270 파생상품 평가에 대한 공시 당기 (단위 : 백만원) 금융상품 금융상품 합계 파생상"
두산에너빌리티(주),판정 대상,사업보고서 (2025.12),https://dart.fss.or.kr/dsaf001/main.do?rcpNo=20260320001246,9. 파생금융상품 (연결),EUR,0,"파생상품 통화스왑계약 이자율스왑 계약 매도 풋옵션 매입통화 KRW, 매도통화 USD인 통화선도계약 매입통화 KRW, 매도통화 EUR인 통화선도계약 매입통화 KRW, 매도통화 JPY인 통화선도계약 매입통화 KRW, 매도통화 기타외화통화인 통화선도계약 매입통화 USD, 매도통화 KRW인 통화선도계약 매입통화 EUR, 매도통화 KR"
두산에너빌리티(주),판정 대상,사업보고서 (2025.12),https://dart.fss.or.kr/dsaf001/main.do?rcpNo=20260320001246,9. 파생금융상품 (연결),EUR,2," JPY, 매도통화 KRW인 통화선도계약 매입통화 기타외화통화, 매도통화 KRW인 통화선도계약 매입통화 GEP 등, 매도통화 EUR 등인 통화선도계약 파생상품평가 자산(부채) (89,288) 17,261 10,097 (10,180) (10,596) 24,204 (24,443) 7,113 8,205 2,233 (1,116) (1"
두산에너빌리티(주),판정 대상,사업보고서 (2025.12),https://dart.fss.or.kr/dsaf001/main.do?rcpNo=20260320001246,9. 파생금융상품 (연결),EUR,2," JPY, 매도통화 KRW인 통화선도계약 매입통화 기타외화통화, 매도통화 KRW인 통화선도계약 매입통화 GEP 등, 매도통화 EUR 등인 통화선도계약 파생상품평가 자산(부채) (259,679) (6,850) 4,082 (11,652) 74,615 20,551 (8,723) 6,388 (8,768) 3,206 (1,837) (1"
두산에너빌리티(주),판정 대상,사업보고서 (2025.12),https://dart.fss.or.kr/dsaf001/main.do?rcpNo=20260320001246,26. 수익 (연결),유럽,4," 16,233,055 고객과의 계약에서 생기는 수익의 구분에 대한 공시 당기 (단위 : 백만원) 지역 국내 미주 아시아 중동 유럽 기타 부문 부문 합계 부문 부문 합계 부문 부문 합계 부문 부문 합계 부문 부문 합계 부문 부문 합계 보고부문 보고부문 보고부문 보고부문 보고부문 보고부문 두산에너빌리티 두산밥캣 두산퓨얼셀 기타부"
두산에너빌리티(주),판정 대상,사업보고서 (2025.12),https://dart.fss.or.kr/dsaf001/main.do?rcpNo=20260320001246,26. 수익 (연결),유럽,3,"9 0 1,483,674 1,361 232,587 0 0 233,948 전기 (단위 : 백만원) 지역 국내 미주 아시아 중동 유럽 기타 부문 부문 합계 부문 부문 합계 부문 부문 합계 부문 부문 합계 부문 부문 합계 부문 부문 합계 보고부문 보고부문 보고부문 보고부문 보고부문 보고부문 두산에너빌리티 두산밥캣 두산퓨얼셀 기타부"
두산에너빌리티(주),판정 대상,사업보고서 (2025.12),https://dart.fss.or.kr/dsaf001/main.do?rcpNo=20260320001246,26. 수익 (연결),체코,2,"(단위 : 백만원) 수행의무 기간에 걸쳐 이행하는 수행의무 부문 부문 합계 보고부문 두산에너빌리티 두산퓨얼셀 두산밥캣 공사명 체코Dukovany 5,6호기 NSSS 외 위탁 운영서비스 계약 연장보증 외 기초 16,674,726 1,879,560 793,050 19,347,336 증감 13,646,259 96,947 (517,"
두산에너빌리티(주),판정 대상,사업보고서 (2025.12),https://dart.fss.or.kr/dsaf001/main.do?rcpNo=20260320001246,26. 수익 (연결),체코,0,"2 Rumah1 Power Plant Nairyah1 Power Plant O Mon 4 Thermal Power Plant 체코 Dukovany 5,6호기 NSSS Jawaharpur Obra C 장부금액 총장부금액 대손충당금 총장부금액 대손충당금 총장부금액 대손충당금 총장부금액 대손충당금 총장부금액 대손충당금 총장부금액 "
두산에너빌리티(주),판정 대상,사업보고서 (2025.12),https://dart.fss.or.kr/dsaf001/main.do?rcpNo=20260320001246,31. 법인세비용 (연결),아일랜드,0,"할국별 GloBE 유효세율과 최저한세율 15%의 차액에 대하여 추가세액을 납부해야 합니다. 사우디아라비아와 이집트, 카타르, 아일랜드를 제외하고, 연결실체 내의 기업 및 고정사업장이 소재한 모든 국가들의 GloBE 유효세율이 15%를 초과하고 있습니다. 사우디아라비아와 이집트, 카타르, 아일랜드에서 발생한 추가세액으로 인해 당기"
두산에너빌리티(주),판정 대상,사업보고서 (2025.12),https://dart.fss.or.kr/dsaf001/main.do?rcpNo=20260320001246,31. 법인세비용 (연결),아일랜드,0,"업 및 고정사업장이 소재한 모든 국가들의 GloBE 유효세율이 15%를 초과하고 있습니다. 사우디아라비아와 이집트, 카타르, 아일랜드에서 발생한 추가세액으로 인해 당기에 인식한 필라2 법인세비용이 발생하였으며, 관련된 이연법인세의 인식 및 공시에 대해서는 예외규정을 적용하였습니다."
두산에너빌리티(주),판정 대상,사업보고서 (2025.12),https://dart.fss.or.kr/dsaf001/main.do?rcpNo=20260320001246,33. 우발채무와 약정사항 (연결),EUR,5," 한국수출입은행 Saudi IndustrialDevelopment Fund 등 특수관계 여부 특수관계자 특수관계자 보증한도, EUR [EUR, 천] 7,404 보증한도, SAR [SAR, 천] 287,813 보증금액, EUR [EUR, 천] 7,404 보증금액, SAR [SAR, 천] 239,813 보증한도 12,481 110"
두산에너빌리티(주),판정 대상,사업보고서 (2025.12),https://dart.fss.or.kr/dsaf001/main.do?rcpNo=20260320001246,4. 재무위험관리,EUR,2,"한 공시 환위험에 대한 공시 당기 (단위 : 백만원) 위험 환위험 기능통화 또는 표시통화 기능통화 또는 표시통화 합계 USD EUR JPY GBP 그밖의 통화 외화금융자산, 원화환산금액 1,019,002 158,973 510 62,087 226,929 1,467,501 외화금융부채, 원화환산금액 598,791 216,728 9"
두산에너빌리티(주),판정 대상,사업보고서 (2025.12),https://dart.fss.or.kr/dsaf001/main.do?rcpNo=20260320001246,4. 재무위험관리,EUR,2,"산금액 420,211 (57,755) (98,990) 47,530 62,904 373,900 기타 통화에 대한 설명 USD, EUR, JPY, GBP를 제외한 기타 외화로서 원화로 환산된 금액입니다. 전기 (단위 : 백만원) 위험 환위험 기능통화 또는 표시통화 기능통화 또는 표시통화 합계 USD EUR JPY GBP 그밖의 통"
두산에너빌리티(주),판정 대상,사업보고서 (2025.12),https://dart.fss.or.kr/dsaf001/main.do?rcpNo=20260320001246,4. 재무위험관리,EUR,2," 원화로 환산된 금액입니다. 전기 (단위 : 백만원) 위험 환위험 기능통화 또는 표시통화 기능통화 또는 표시통화 합계 USD EUR JPY GBP 그밖의 통화 외화금융자산, 원화환산금액 992,901 150,325 414 126,776 152,853 1,423,269 외화금융부채, 원화환산금액 716,136 197,279 8,"
두산에너빌리티(주),판정 대상,사업보고서 (2025.12),https://dart.fss.or.kr/dsaf001/main.do?rcpNo=20260320001246,4. 재무위험관리,EUR,2,"산금액 276,765 (46,954) (7,717) 114,507 98,067 434,668 기타 통화에 대한 설명 USD, EUR, JPY, GBP를 제외한 기타 외화로서 원화로 환산된 금액입니다. 시장위험에 대한 공시 시장위험의 각 유형별 민감도분석 보고기간 말 현재 노출된 시장위험의 각 유형별 민감도 분석 당기 (단위 :"
두산에너빌리티(주),판정 대상,사업보고서 (2025.12),https://dart.fss.or.kr/dsaf001/main.do?rcpNo=20260320001246,9. 파생금융상품,EUR,2," 외화공시를 위한 공정가치 측정자산 매입, USD [USD, 천] 1,151,510 외화공시를 위한 공정가치 측정자산 매입, EUR [EUR, 천] 501,890 외화공시를 위한 공정가치 측정자산 매입, JPY [JPY, 천] 56,710,350 외화공시를 위한 공정가치 측정자산 매도, KRW 1,648,953 824,505 "
두산에너빌리티(주),판정 대상,사업보고서 (2025.12),https://dart.fss.or.kr/dsaf001/main.do?rcpNo=20260320001246,9. 파생금융상품,EUR,2," 외화공시를 위한 공정가치 측정자산 매도, USD [USD, 천] 2,265,150 외화공시를 위한 공정가치 측정자산 매도, EUR [EUR, 천] 1,765,390 외화공시를 위한 공정가치 측정자산 매도, JPY [JPY, 천] 19,787,290 전기 (단위 : 백만원) 금융상품 파생상품 매입통화 KRW, 매도통화 USD인"
두산에너빌리티(주),판정 대상,사업보고서 (2025.12),https://dart.fss.or.kr/dsaf001/main.do?rcpNo=20260320001246,9. 파생금융상품,EUR,2," 외화공시를 위한 공정가치 측정자산 매도, USD [USD, 천] 1,549,645 외화공시를 위한 공정가치 측정자산 매도, EUR [EUR, 천] 100,760 외화공시를 위한 공정가치 측정자산 매도, JPY [JPY, 천] 14,297,270 파생상품 평가에 대한 공시 당기 (단위 : 백만원) 금융상품 금융상품 합계 파생상"
두산에너빌리티(주),판정 대상,사업보고서 (2025.12),https://dart.fss.or.kr/dsaf001/main.do?rcpNo=20260320001246,9. 파생금융상품,EUR,0,"품 금융상품 합계 파생상품 이자율스왑 계약 풋옵션 매입통화 KRW, 매도통화 USD인 통화선도계약 매입통화 KRW, 매도통화 EUR인 통화선도계약 매입통화 KRW, 매도통화 JPY인 통화선도계약 매입통화 KRW, 매도통화 기타외화통화인 통화선도계약 매입통화 USD, 매도통화 KRW인 통화선도계약 매입통화 EUR, 매도통화 KR"
두산에너빌리티(주),판정 대상,사업보고서 (2025.12),https://dart.fss.or.kr/dsaf001/main.do?rcpNo=20260320001246,24. 수익,유럽,6,") 합계 6,320,304 고객과의 계약에서 생기는 수익의 구분에 대한 공시 당기 (단위 : 백만원) 국내 미주 아시아 중동 유럽 기타 지역 합계 고객과의 계약에서 생기는 수익 2,667,149 260,837 890,542 3,071,153 106,925 1,361 6,997,967 전기 (단위 : 백만원) 국내 미주 아시아"
두산에너빌리티(주),판정 대상,사업보고서 (2025.12),https://dart.fss.or.kr/dsaf001/main.do?rcpNo=20260320001246,24. 수익,유럽,6," 890,542 3,071,153 106,925 1,361 6,997,967 전기 (단위 : 백만원) 국내 미주 아시아 중동 유럽 기타 지역 합계 고객과의 계약에서 생기는 수익 3,043,424 105,477 1,420,917 1,728,055 45,881 904 6,344,658 고객과의 계약에서 생기는 수익의 이행시기별 "
두산에너빌리티(주),판정 대상,사업보고서 (2025.12),https://dart.fss.or.kr/dsaf001/main.do?rcpNo=20260320001246,24. 수익,체코,5,"행의무에 대한 공시 당기 (단위 : 백만원) 수행의무 기간에 걸쳐 이행하는 수행의무 거래상대방 한국수력원자력(주) 외 공사명 체코Dukovany 5,6호기NSSS 외 기초 15,585,362 증감 13,010,233 매출계상액 6,761,608 기말 21,833,987 나머지 수행의무에 배분된 거래가격을 수익으로 인식할 것으"
두산에너빌리티(주),판정 대상,사업보고서 (2025.12),https://dart.fss.or.kr/dsaf001/main.do?rcpNo=20260320001246,24. 수익,체코,0," T/G 신한울 1,2호기 T/G Doha RO Stage-I Guam Ukudu CCPP Muara Tawar Add-On 체코 Dukovany 5,6호기 NSSS Jafurah Cogen Ph.2 영광야월해상풍력 발전사업 체코 Dukovany 5,6호기 TG 당진기지 2단계 LNG탱크 건설공사 고성 천연가스발전소 건설공사"
두산에너빌리티(주),판정 대상,사업보고서 (2025.12),https://dart.fss.or.kr/dsaf001/main.do?rcpNo=20260320001246,31. 우발채무와 약정사항,EUR,0,ia Company Limited (공사 지급보증) Doosan Power Systems India Private Ltd. (EUR 공사 지급보증) Doosan Power Systems India Private Ltd. (INR 공사 지급보증) Doosan Power Systems India Private Ltd. (INR 차
두산에너빌리티(주),판정 대상,사업보고서 (2025.12),https://dart.fss.or.kr/dsaf001/main.do?rcpNo=20260320001246,31. 우발채무와 약정사항,EUR,2,"] 0 220,000 0 217,650 보증한도, INR [INR, 천] 0 41,101,493 4,030,000 보증한도, EUR [EUR, 천] 322,117 15,000 0 9,417 0 7,404 보증한도, SAR [SAR, 천] 0 40,000 6,000 0 287,813 보증금액, GBP [GBP, 천] 6,900 "
두산에너빌리티(주),판정 대상,사업보고서 (2025.12),https://dart.fss.or.kr/dsaf001/main.do?rcpNo=20260320001246,31. 우발채무와 약정사항,EUR,2,"] 0 220,000 0 217,650 보증금액, INR [INR, 천] 0 41,101,493 4,030,000 보증금액, EUR [EUR, 천] 322,117 14,995 0 9,417 0 7,404 보증금액, SAR [SAR, 천] 0 7,039 6,000 0 239,813 특수관계자에게 제공한 지급보증 종합요약표 (단위"
두산에너빌리티(주),판정 대상,사업보고서 (2025.12),https://dart.fss.or.kr/dsaf001/main.do?rcpNo=20260320001246,33. 특수관계자,체코,0,"nerbility Vietnam Co., Ltd.는 매각되었습니다. Doosan Skoda Power s.r.o.는 당기 중 체코 프라하 증권거래소 상장으로 지분율이 감소하였고, 사명을 Doosan Skoda Power a.s.로 변경하였습니다. 당기 중 오성파워오엔엠(주)는 청산되었습니다. 당기말 현재 당사의 지배기업은 ("
두산에너빌리티(주),판정 대상,사업보고서 (2025.12),https://dart.fss.or.kr/dsaf001/main.do?rcpNo=20260320001246,8. 기타 재무에 관한 사항,체코,2,"m 2025-06-06 2028-12-31 908,268 135,491 772,777 14.92 17,524 (51) - - 체코 Dukovany 5,6호기 NSSS 한국수력원자력㈜ 2025-12-15 2038-04-18 4,805,196 2,670 4,802,526 0.06 - - - - Jawaharpur UPRVUNL "
두산에너빌리티(주),판정 대상,사업보고서 (2025.12),https://dart.fss.or.kr/dsaf001/main.do?rcpNo=20260320001246,8. 기타 재무에 관한 사항,체코,5,"약일 공사기한(주1) 수주총액 기납품액 수주잔고 진행률 미청구공사 공사미수금 금액 금액 금액 총액 대손충당금 총액 대손충당금 체코 Dukovany 5,6호기 NSSS 한국수력원자력㈜ 2025-12-15 2038-04-18 4,805,196 2,670 4,802,526 0.06 - - - - 신한울 3,4호기 원자로설비 한국수"
두산에너빌리티(주),판정 대상,사업보고서 (2025.12),https://dart.fss.or.kr/dsaf001/main.do?rcpNo=20260320001246,8. 기타 재무에 관한 사항,체코,2,"전력공사 2011-09-27 2024-12-31 731,753 729,376 2,377 99.68 8,904 (26) - - 체코 Dukovany 5,6호기 TG 한국수력원자력㈜ 2025-12-15 2038-04-18 693,825 2,793 691,032 0.40 2,793 (8) - - 순천 왕지2지구 도시개발사업 주식회"
두산에너빌리티(주),판정 대상,사업보고서 (2025.12),https://dart.fss.or.kr/dsaf001/main.do?rcpNo=20260320001246,2. 개요,체코,3,"실적을 달성했습니다. 가스터빈 부문은 해외 첫 수출 및 추가 계약 체결을 통해 글로벌 진출 기반을 마련했으며, 원자력 부문은 체코 두코바니 원전 주기기 공급 계약을 체결하고 미국 시장 진출 기회도 가시화되었습니다. SMR 사업은 X-energy와의 예약 계약을 통해 본격적인 제작 단계에 진입했고, 해상풍력은 자체 개발한 10"
두산에너빌리티(주),판정 대상,사업보고서 (2025.12),https://dart.fss.or.kr/dsaf001/main.do?rcpNo=20260320001246,2. 개요,체코,3,"확충과 공급망 안정화에 주력할 것이며, 서비스 사업과의 연계를 통해 안정적인 수익 기반 구축을 추진하겠습니다. 원자력 사업은 체코 원전 프로젝트의 안정적 수행 중심으로 새로운 대형 원전 수출 기회 확보에 역량을 집중할 예정이며, SMR 사업은 본격적인 제작 단계에 진입함에 따라 혁신 제조기술을 적용한 양산 체제 구축을 추진하"
두산에너빌리티(주),판정 대상,사업보고서 (2025.12),https://dart.fss.or.kr/dsaf001/main.do?rcpNo=20260320001246,3. 재무상태 및 영업실적,유로,5,"성자산 1,827억원 증가, 매출채권 3,265억원 증가, 신규 기술개발 투자로 인한 유·무형자산 4,000억원 증가 등의 사유로 전기말 대비 1조 1,984억원 증가하였습니다.- 부채는 전기 대비 8,501억원(5.80%) 증가한 15조 5,039억원입니다. 매입채무 9,622억원 증가등의 사유로 전기말 대비 8,501억원"
두산에너빌리티(주),판정 대상,사업보고서 (2025.12),https://dart.fss.or.kr/dsaf001/main.do?rcpNo=20260320001246,3. 재무상태 및 영업실적,유로,2,"습니다.- 부채는 전기 대비 8,501억원(5.80%) 증가한 15조 5,039억원입니다. 매입채무 9,622억원 증가등의 사유로 전기말 대비 8,501억원 증가하였습니다.- 자본은 전기 대비 3,483억원(2.99%) 증가한 12조 94억원입니다. - 부채비율은 전기대비 3.43%p 증가한 129.10%를 기록하였습니다. "
두산에너빌리티(주),판정 대상,사업보고서 (2025.12),https://dart.fss.or.kr/dsaf001/main.do?rcpNo=20260320001246,1. 이사회에 관한 사항,유로,0,사외이사 수 사외이사 변동현황 선임 해임 중도퇴임 7 4 1 - 1 ※ 이준호 사외이사는 2025년 03월 25일 일신상의 사유로 중도퇴임하였습니다. ※ 제62기(2024년도) 정기 주주총회에서 정진택 사외이사는 신규 선임되었습니다. (3) 이사회 의장에 관한 사항 이사회 의장 대표이사겸직여부 이사회 의장 선임사유 박지원 O
두산에너빌리티(주),판정 대상,사업보고서 (2025.12),https://dart.fss.or.kr/dsaf001/main.do?rcpNo=20260320001246,1. 이사회에 관한 사항,유로,0,"㈜두산과의 내부거래 승인 원안가결 찬성 찬성 찬성 찬성 찬성 찬성 찬성 ※ 이준호 이사는 2025년 03월 25일 일신상의 사유로 중도퇴임하였습니다.※ 제62기(2024년도) 정기 주주총회에서 정진택 사외이사는 신규 선임되었습니다. 다. 이사회내 위원회(1) 위원회별 명칭, 설치목적과 권한 위원회명 구성 소속 이사명 설치목적"
두산에너빌리티(주),판정 대상,사업보고서 (2025.12),https://dart.fss.or.kr/dsaf001/main.do?rcpNo=20260320001246,1. 이사회에 관한 사항,유로,0,은형이은항정진택 집행임원의 보수 및 성과 관련 사항을 승인 위원장--- ※ 이준호 이사는 2025년 03월 25일 일신상의 사유로 중도퇴임하였습니다.※ 제62기(2024년도) 정기 주주총회에서 정진택 사외이사는 신규 선임되었습니다.※ 사외이사후보추천자문단 설치 (최초 도입 2006년 03월 17일) ㅇ 기업지배구조에 대한 이
두산에너빌리티(주),판정 대상,사업보고서 (2025.12),https://dart.fss.or.kr/dsaf001/main.do?rcpNo=20260320001246,1. 이사회에 관한 사항,유로,-2,예상내부거래 및 2025년 ㈜두산과의 내부거래 승인 보고 - - - - ※ 이준호 위원은 2025년 03월 25일 일신상의 사유로 중도퇴임하였습니다.※ 정진택 위원은 2025년 03월 31일 신규 선임되었습니다. (나) 사외이사후보추천위원회 위원회명 개최일자 의안내용 가결여부 위원의 성명 이준호(출석률:100%) 이은형(출석
두산에너빌리티(주),판정 대상,사업보고서 (2025.12),https://dart.fss.or.kr/dsaf001/main.do?rcpNo=20260320001246,1. 이사회에 관한 사항,유로,0,사후보추천위원회위원장 선임 원안가결 해당사항 없음 찬성 찬성 찬성 찬성 ※ 이준호 위원은 2025년 03월 25일 일신상의 사유로 중도퇴임하였습니다.※ 정진택 위원은 2025년 03월 31일 신규 선임되었습니다. (다) 보상위원회 위원회명 개최일자 의안내용 가결여부 위원의 성명 이은형(출석률:100%) 최태현(출석률:100%
두산에너빌리티(주),판정 대상,사업보고서 (2025.12),https://dart.fss.or.kr/dsaf001/main.do?rcpNo=20260320001246,2. 감사제도에 관한 사항,유로,0, 기계공학 교수현)DGIST 이사장전)고려대 총장(제20대) - - - ※ 이준호 위원은 2025년 03월 25일 일신상의 사유로 중도퇴임하였습니다. ※ 정진택 위원은 2025년 03월 31일 신규 선임되었습니다. 나. 감사위원회 위원의 독립성 선출기준의 주요내용 선출기준의 충족여부 관련 법령 등 - 3명 이상의 이사로 구성
두산에너빌리티(주),판정 대상,사업보고서 (2025.12),https://dart.fss.or.kr/dsaf001/main.do?rcpNo=20260320001246,2. 감사제도에 관한 사항,유로,0,일 비감사업무 사전 승인(ESG 용역 계약) 승인 찬성 찬성 찬성 찬성 ※ 이준호 위원은 2025년 03월 25일 일신상의 사유로 중도퇴임하였습니다.※ 정진택 위원은 2025년 03월 31일 신규 선임되었습니다. (1) 감사위원회 교육실시 현황 교육일자 교육실시주체 참석 감사위원 불참시 사유 주요 교육내용 2023년 04월 
두산에너빌리티(주),판정 대상,사업보고서 (2025.12),https://dart.fss.or.kr/dsaf001/main.do?rcpNo=20260320001246,X. 대주주 등과의 거래내용,EUR,2,"지급보증을 제공하고 있으며 세부 내용은 아래와 같습니다 (기준일 : 2025년 12월 31일) (단위: 백만원, 천USD, 천EUR, 천INR, 천GBP, 천JPY, 천SAR) 피보증기업 통화 기초 증감 기말 원화환산액 지급보증처 Doosan GridTech Inc. USD - 6,000 6,000 8,609 JPM Chase"
두산에너빌리티(주),판정 대상,사업보고서 (2025.12),https://dart.fss.or.kr/dsaf001/main.do?rcpNo=20260320001246,X. 대주주 등과의 거래내용,EUR,2,"ty Japan Corp. JPY 220,000 - 220,000 2,019 한국산업은행 Doosan Lentjes GmbH EUR 14,995 - 14,995 25,277 SC제일은행 원화환산액 합계 165,740 (57,003) 108,737 108,737 ※ 원화환산액은 각 통화별 기말 최초 매매기준율 적용※ 차입금에 대"
두산에너빌리티(주),판정 대상,사업보고서 (2025.12),https://dart.fss.or.kr/dsaf001/main.do?rcpNo=20260320001246,1. 공시내용 진행 및 변경사항,유로,2,"2-31 2029-07-01 575,000 6,762 6,762 - - (주1) 계약금액 및 계약상대방은 경영상의 비밀유지 사유로 공시 유보 중 [대금 미수령 사유] [단위: 백만원] No. 신고일자 계약내역 계약금액 총액 대금 미수령 사유 13 2025-08-25 당진기지 2단계 #5~7 저장탱크 및 부대설비 건설공사 44"
두산에너빌리티(주),판정 대상,사업보고서 (2025.12),https://dart.fss.or.kr/dsaf001/main.do?rcpNo=20260320001246,2. 우발부채 등에 관한 사항,EUR,5," 천) 구분 피보증기업 보증종류 통화 외화 원화환산액 보증처 보증한도 보증금액 보증한도 보증금액 관계기업 두산건설㈜ 공사보증 EUR 7,404 7,404 12,481 12,481 한국수출입은행 Tuwaiq Casting & Forging Company 차입금보증 SAR 287,813 239,813 110,107 91,743 S"
두산에너빌리티(주),판정 대상,사업보고서 (2025.12),https://dart.fss.or.kr/dsaf001/main.do?rcpNo=20260320001246,3. 제재 등과 관련된 사항,독일,2,"urity Filing) 위반 미국 관세법 과태료 납부 완료 관리감독 강화, 공급업체 교육 실시 - 2024년 06월 01일 독일 관세청 Doosan Bobcat EMEA s.r.o 미지급 관세 및 이자 부과 65,937.66 EUR (약 9,832만원) HTS code 분류 오류 (관세 63,104.66 EUR, 이자 2,"
두산에너빌리티(주),판정 대상,사업보고서 (2025.12),https://dart.fss.or.kr/dsaf001/main.do?rcpNo=20260320001246,3. 제재 등과 관련된 사항,EUR,2,"미지급 관세 및 이자 부과 65,937.66 EUR (약 9,832만원) HTS code 분류 오류 (관세 63,104.66 EUR, 이자 2,833 EUR) EU 관세 규정 관세 및 이자 납부 완료 BTI(Binding Tariff Information) 프로세스 도입 및 관리감독 강화 - 2024년 12월 19일 부산세관 "
두산에너빌리티(주),판정 대상,사업보고서 (2025.12),https://dart.fss.or.kr/dsaf001/main.do?rcpNo=20260320001246,3. 제재 등과 관련된 사항,프랑스,2,"표2의 개별기준 제13호 가목 행정소송을 통해 취소소송 중임(창원지방법원 2023구합14037) - 2024년 01월 01일 프랑스 재정경제부 Doosan Bobcat France S.A.S. 과태료 부과 115,000 EUR (약 1억 6,406만원) - - 과태료 납부 완료 지급 절차 재정비 및 비정기 감사실시 2024년 "
두산에너빌리티(주),판정 대상,사업보고서 (2025.12),https://dart.fss.or.kr/dsaf001/main.do?rcpNo=20260320001246,3. 제재 등과 관련된 사항,체코,0,"송 제1심과 제2심 모두 승소 후 2025. 11. 22. 제2심 판결이 확정되어 제재처분취소됨 - 2024년 06월 01일 체코 노동감사국 Doosan Bobcat EMEA s.r.o 과태료 부과 40,000 CZK (약 242만원) - - 과태료 납부 완료 시정조치 및 관리 감독 강화 2025년 06월 27일 국토교통부 "
두산에너빌리티(주),판정 대상,사업보고서 (2025.12),https://dart.fss.or.kr/dsaf001/main.do?rcpNo=20260320001246,4. 주요 연구개발과제 및 실적(상세),유럽,3,ent 성능 개선 개량/개선 고객 니즈 반영한 제품 개선 및 성능 향상 Compact Equipment 기능 향상 개량/개선 유럽 생산 SSL 신규 엔진 도입 Compact Equipment 유럽에서 제품 생산 개시 신기술/신제품 중국 등 신흥시장향 SSL 개발 Compact Equipment SSL 신규시장 창출 신기술/신
두산에너빌리티(주),판정 대상,사업보고서 (2025.12),https://dart.fss.or.kr/dsaf001/main.do?rcpNo=20260320001246,4. 주요 연구개발과제 및 실적(상세),EU,-2, 신규 기술 개발 신기술/신제품 소형 Cabin 차량 소음 개선 Material Handling 제품 경쟁력 강화 개량/개선 EU Functional Safety 규제 대응 Material Handling EU 규제 충족 신기술/신제품 Mast 기능 개선 Material Handling 제품 기능 개선 신기술/신제품 엔진 방
(주)세아제강,판정 대상,사업보고서 (2025.12),https://dart.fss.or.kr/dsaf001/main.do?rcpNo=20260312000989,주석,EUR,2,"위: 백만원) 구 분 당기말 전기말 자 산 부 채 자 산 부 채 USD 159,870 11,059 305,576 12,193 EUR 23,771 1,597 17,722 707 JPY 10,789 - 60,046 47,073 합 계 194,430 12,656 383,344 59,973 아래 표는 각 외화에 대한 원화 환율의 10"
(주)세아제강,판정 대상,사업보고서 (2025.12),https://dart.fss.or.kr/dsaf001/main.do?rcpNo=20260312000989,주석,EUR,2,"말 10% 상승시 10% 하락시 10% 상승시 10% 하락시 USD 14,881 (14,881) 29,338 (29,338) EUR 2,217 (2,217) 1,701 (1,701) JPY 1,079 (1,079) 1,297 (1,297) 합 계 18,177 (18,177) 32,336 (32,336) 2) 이자율위험당사는 고"
(주)세아제강,판정 대상,사업보고서 (2025.12),https://dart.fss.or.kr/dsaf001/main.do?rcpNo=20260312000989,주석,EUR,2,"습니다. (전기말) (외화단위 : 천, 원화단위 : 백만원) 매도통화 매도금액 매입통화 매입금액 만기 약정환율(원) 장부가액 EUR 5,601 KRW 8,245 2025-03-31 1,472.12원 39 USD 23,670 KRW 32,806 2025-03-31~ 2025-06-30 1,304.40 ~ 1,458.00원 (1,"
(주)세아제강,판정 대상,사업보고서 (2025.12),https://dart.fss.or.kr/dsaf001/main.do?rcpNo=20260312000989,주석,EUR,2,"23,670 KRW 32,806 2025-03-31~ 2025-06-30 1,304.40 ~ 1,458.00원 (1,766) EUR 24,000 KRW 35,687 2025-04-30~ 2025-08-29 1,480.20~ 1,496.00원 (1,022) 12. 재고자산 보고기간종료일 현재 재고자산의 내역은 다음과 같습니다. "
(주)세아제강,판정 대상,사업보고서 (2025.12),https://dart.fss.or.kr/dsaf001/main.do?rcpNo=20260312000989,5. 위험관리 및 파생거래,EUR,2,"위: 백만원) 구 분 당기말 전기말 자 산 부 채 자 산 부 채 USD 161,245 11,059 308,610 12,193 EUR 23,771 1,597 17,722 707 JPY 10,789 - 60,330 47,073 합 계 195,805 12,656 386,662 59,973 아래 표는 각 외화에 대한 원화 환율의 10"
(주)세아제강,판정 대상,사업보고서 (2025.12),https://dart.fss.or.kr/dsaf001/main.do?rcpNo=20260312000989,5. 위험관리 및 파생거래,EUR,2,"말 10% 상승시 10% 하락시 10% 상승시 10% 하락시 USD 15,019 (15,019) 29,642 (29,642) EUR 2,217 (2,217) 1,702 (1,702) JPY 1,079 (1,079) 1,326 (1,326) 합 계 18,315 (18,315) 32,670 (32,670) 2) 이자율위험 연결기업"
(주)세아제강,판정 대상,사업보고서 (2025.12),https://dart.fss.or.kr/dsaf001/main.do?rcpNo=20260312000989,4. 재무위험관리 (연결),EUR,2,"화금융자산의 통화별 내역 외화금융자산의 통화별 내역 당기 (단위 : 원) 위험 시장위험 환위험 기능통화 또는 표시통화 USD EUR JPY 외화금융자산, 원화환산금액 161,245,523,951 23,771,112,260 10,788,799,550 전기 (단위 : 원) 위험 시장위험 환위험 기능통화 또는 표시통화 USD EUR"
(주)세아제강,판정 대상,사업보고서 (2025.12),https://dart.fss.or.kr/dsaf001/main.do?rcpNo=20260312000989,4. 재무위험관리 (연결),EUR,2,"3,771,112,260 10,788,799,550 전기 (단위 : 원) 위험 시장위험 환위험 기능통화 또는 표시통화 USD EUR JPY 외화금융자산, 원화환산금액 308,610,182,804 17,721,697,946 60,330,071,069 외화금융부채의 통화별 내역 외화금융부채의 통화별 내역 당기 (단위 : 원) 위험"
(주)세아제강,판정 대상,사업보고서 (2025.12),https://dart.fss.or.kr/dsaf001/main.do?rcpNo=20260312000989,4. 재무위험관리 (연결),EUR,2,"화금융부채의 통화별 내역 외화금융부채의 통화별 내역 당기 (단위 : 원) 위험 시장위험 환위험 기능통화 또는 표시통화 USD EUR JPY 외화금융부채, 원화환산금액 11,058,716,794 1,596,976,013 0 전기 (단위 : 원) 위험 시장위험 환위험 기능통화 또는 표시통화 USD EUR JPY 외화금융부채, 원화"
(주)세아제강,판정 대상,사업보고서 (2025.12),https://dart.fss.or.kr/dsaf001/main.do?rcpNo=20260312000989,4. 재무위험관리 (연결),EUR,2,",058,716,794 1,596,976,013 0 전기 (단위 : 원) 위험 시장위험 환위험 기능통화 또는 표시통화 USD EUR JPY 외화금융부채, 원화환산금액 12,192,974,950 706,816,632 47,072,913,856 환율변동이 세전손익에 미치는 영향에 대한 공시 환율변동이 세전손익에 미치는 영향에 대한"
(주)세아제강,판정 대상,사업보고서 (2025.12),https://dart.fss.or.kr/dsaf001/main.do?rcpNo=20260312000989,4. 재무위험관리 (연결),EUR,2,"공시 환율변동이 세전손익에 미치는 영향에 대한 공시 당기 (단위 : 원) 위험 시장위험 환위험 기능통화 또는 표시통화 USD EUR JPY 시장위험의 각 유형별 민감도분석 기술 환율 10% 변동 환율 10% 변동 환율 10% 변동 시장변수 상승 시 당기손익 증가 15,018,680,716 2,217,413,625 1,078,8"
(주)세아제강,판정 대상,사업보고서 (2025.12),https://dart.fss.or.kr/dsaf001/main.do?rcpNo=20260312000989,4. 재무위험관리 (연결),EUR,2,"217,413,625) (1,078,879,955) 전기 (단위 : 원) 위험 시장위험 환위험 기능통화 또는 표시통화 USD EUR JPY 시장위험의 각 유형별 민감도분석 기술 환율 10% 변동 환율 10% 변동 환율 10% 변동 시장변수 상승 시 당기손익 증가 29,641,720,785 1,701,488,131 1,325,7"
(주)세아제강,판정 대상,사업보고서 (2025.12),https://dart.fss.or.kr/dsaf001/main.do?rcpNo=20260312000989,35. 영업부문 (연결),유럽,6,",938,952 기업전체 수익에 대한 비율 0.3654 지역에 대한 공시 지역에 대한 공시 당기 (단위 : 원) 국내 아시아 유럽 아메리카 기타 수익(매출액) 680,447,588,617 174,908,526,107 3,241,460,431 466,176,962,991 160,022,197,864 전기 (단위 : 원) 국내 "
(주)세아제강,판정 대상,사업보고서 (2025.12),https://dart.fss.or.kr/dsaf001/main.do?rcpNo=20260312000989,35. 영업부문 (연결),유럽,5,",107 3,241,460,431 466,176,962,991 160,022,197,864 전기 (단위 : 원) 국내 아시아 유럽 아메리카 기타 수익(매출액) 752,831,433,730 272,021,737,872 59,887,050,634 664,714,489,429 59,978,251,911"
(주)세아제강,판정 대상,사업보고서 (2025.12),https://dart.fss.or.kr/dsaf001/main.do?rcpNo=20260312000989,4. 재무위험관리,EUR,2,"화금융자산의 통화별 내역 외화금융자산의 통화별 내역 당기 (단위 : 원) 위험 시장위험 환위험 기능통화 또는 표시통화 USD EUR JPY 외화금융자산, 원화환산금액 159,869,850,022 23,771,112,260 10,788,799,550 전기 (단위 : 원) 위험 시장위험 환위험 기능통화 또는 표시통화 USD EUR"
(주)세아제강,판정 대상,사업보고서 (2025.12),https://dart.fss.or.kr/dsaf001/main.do?rcpNo=20260312000989,4. 재무위험관리,EUR,2,"3,771,112,260 10,788,799,550 전기 (단위 : 원) 위험 시장위험 환위험 기능통화 또는 표시통화 USD EUR JPY 외화금융자산, 원화환산금액 305,575,910,454 17,721,697,946 60,046,450,010 외화금융부채의 통화별 내역 외화금융부채의 통화별 내역 당기 (단위 : 원) 위험"
(주)세아제강,판정 대상,사업보고서 (2025.12),https://dart.fss.or.kr/dsaf001/main.do?rcpNo=20260312000989,4. 재무위험관리,EUR,2,"11,058,716,794 1,596,976,013 전기 (단위 : 원) 위험 시장위험 환위험 기능통화 또는 표시통화 USD EUR JPY 외화금융부채, 원화환산금액 12,192,974,950 706,816,632 47,072,913,856 환율변동이 세전손익에 미치는 영향에 대한 공시 환율변동이 세전손익에 미치는 영향에 대한"
(주)세아제강,판정 대상,사업보고서 (2025.12),https://dart.fss.or.kr/dsaf001/main.do?rcpNo=20260312000989,4. 재무위험관리,EUR,2,"공시 환율변동이 세전손익에 미치는 영향에 대한 공시 당기 (단위 : 원) 위험 시장위험 환위험 기능통화 또는 표시통화 USD EUR JPY 시장위험의 각 유형별 민감도분석 기술 환율 10%변동 환율 10%변동 환율 10%변동 시장변수 상승 시 당기손익 증가 14,881,113,323 2,217,413,625 1,078,879,"
(주)세아제강,판정 대상,사업보고서 (2025.12),https://dart.fss.or.kr/dsaf001/main.do?rcpNo=20260312000989,주석,EUR,2,"과 같습니다. (전기말) (외화단위 : 천, 원화단위 : 백만원) 매도통화 매도금액 매입통화 매입금액 만기 약정환율 장부가액 EUR 5,601 KRW 8,245 2025-03-31 1,472.12원 39 USD 23,670 KRW 32,806 2025-03-31~ 2025-06-30 1,304.40 ~1,458.00원 (1,7"
(주)세아제강,판정 대상,사업보고서 (2025.12),https://dart.fss.or.kr/dsaf001/main.do?rcpNo=20260312000989,주석,EUR,2," 23,670 KRW 32,806 2025-03-31~ 2025-06-30 1,304.40 ~1,458.00원 (1,766) EUR 24,000 KRW 35,687 2025-04-30~ 2025-08-29 1,480.20 ~1,496.00원 (1,022) 12. 재고자산 보고기간종료일 현재 재고자산의 내역은 다음과 같습니다. "
(주)세아제강,판정 대상,사업보고서 (2025.12),https://dart.fss.or.kr/dsaf001/main.do?rcpNo=20260312000989,주석,유럽,2," 다음과 같습니다. (단위: 백만원) 지 역 당기 전기 국내 680,448 753,238 아시아 174,909 271,615 유럽 3,241 59,887 아메리카 466,177 664,714 기타 160,022 59,978 합 계 1,484,797 1,809,433 37. 온실가스 배출권과 배출부채 (1) 3차 계획기간(20"
(주)남선알미늄,판정 대상,사업보고서 (2025.12),https://dart.fss.or.kr/dsaf001/main.do?rcpNo=20260323001569,1. 회사의 개요,유로,-2,"도 매우 낮은 수준 D 상거래 불능 및 이에 준하는 상태에 있는 수준 NG 등급부재:신용평가불응,자료불충분,폐(휴)업 등의 사유로 판단보류 한국기업데이터(주) AAA 채무상환능력이 최고 우량한 수준임 AA 채무상환능력이 매우 우량하나, AAA보다는 다소 열위한 요소가 있음 A 채무상환능력이 우량하나, 상위등급에 비해 경기침체"
(주)남선알미늄,판정 대상,사업보고서 (2025.12),https://dart.fss.or.kr/dsaf001/main.do?rcpNo=20260323001569,1. 회사의 개요,유로,0," 채무불이행 가능성이 높음 C 채무불이행 가능성이 매우 높음 D 현재 채무불이행 상태에 있음 NR 조사거부, 등급취소 등의 이유로 신용등급을 표시하지 않는 무등급 8. 회사의 주권상장(또는 등록ㆍ지정) 및 특례상장에 관한 사항 주권상장(또는 등록ㆍ지정)현황 주권상장(또는 등록ㆍ지정)일자 특례상장 유형 유가증권시장 상장 197"
(주)남선알미늄,판정 대상,사업보고서 (2025.12),https://dart.fss.or.kr/dsaf001/main.do?rcpNo=20260323001569,2. 회사의 연혁,구주,3,(산은삼차유동화전문유한회사) - 2007.01.31 최대주주변경(㈜삼라외2) - 2010.04.20 최대주주변경(㈜삼라외1) 구주권매출 2010.12.28 최대주주변경(㈜삼라외2) 계열사간 주식거래 2017.06.05 최대주주변경(우방산업㈜외7) - 2018.04.16 최대주주변경(하이플러스카드㈜외7) 특별관계자인 하이플러스
(주)남선알미늄,판정 대상,사업보고서 (2025.12),https://dart.fss.or.kr/dsaf001/main.do?rcpNo=20260323001569,3. 자본금 변동사항,구주,2,"월 29일(주식수의 변동내용) - 2009년 08월 28일 임시주주총회로 하여 액면분할이 확정됨과, 2009년 09월 29일 구주권 제출기간이 종료됨에 따라, 1주당 액면가액이 5,000원에서 500원으로, 발 행주식총수 보통주 9,318,109주 에서 93,181,090주로 증가, 우선주 30,789주에서 307,890주로"
(주)남선알미늄,판정 대상,사업보고서 (2025.12),https://dart.fss.or.kr/dsaf001/main.do?rcpNo=20260323001569,5. 정관에 관한 사항,유로,0,"7조에서 정하는 원수를 결하지 아니하고, 업무수행 상 지장이 없는 경우에는 그러하지 아니하다.② 사외이사가 사임·사망 등의 사유로 인하여 정관 제27조에서 정하는 원수를 결한 경우에는 그 사유가 발생한 후 최초로 소집되는 주주총회에서 그 요건에 충족되도록 하여야 한다. 제32조(이사의 보선) ① (좌동) ② 독립이사가 사임·"
(주)남선알미늄,판정 대상,사업보고서 (2025.12),https://dart.fss.or.kr/dsaf001/main.do?rcpNo=20260323001569,5. 정관에 관한 사항,유로,0,소집되는 주주총회에서 그 요건에 충족되도록 하여야 한다. 제32조(이사의 보선) ① (좌동) ② 독립이사가 사임·사망 등의 사유로 인하여 정관 제27조에서 정하는 원수를 결한 경우에는 그 사유가 발생한 후 최초로 소집되는 주주총회에서 그 요건에 충족되도록 하여야 한다. 상법 개정에 따른 사외이사 명칭 변경 제39조의 2(감사
(주)남선알미늄,판정 대상,사업보고서 (2025.12),https://dart.fss.or.kr/dsaf001/main.do?rcpNo=20260323001569,1. 사업의 개요,유럽,-2,"기차나 하이브리드차의 경제성, 편의성 향상으로 수요가 증가하여 세계 친환경차 시장의 경쟁은 치열할 것으로 예상되며 주요시장인 유럽과 중국시장이 우세할 것으로 예상됩니다.건설산업은 다른 산업과 다르게 발주자로부터 최하부 생산조직까지 도급이라는 특수한 생산구조를 갖추고 있습니다. 또한 기계화, 자동화 등 공업화에 의한 생산활동보"
(주)남선알미늄,판정 대상,사업보고서 (2025.12),https://dart.fss.or.kr/dsaf001/main.do?rcpNo=20260323001569,1. 사업의 개요,유로,2,"으로 전망됩니다. 당사는 축적된 노하우 및 영업망을 바탕으로 한 적극적인 수주영업에 힘쓰고 있으며, 또한 주요 지역 위탁장 보유로 물류 관리의 효율성을 높일 수 있는 이점이 있습니다.현재 우리나라는 자동차의 부품 공급 체제가 완비된 상태이며 이러한 부품체제가 완성차의 경쟁력을 뒷받침하고 있습니다. 일반적으로 자동차부품의 경쟁"
(주)남선알미늄,판정 대상,사업보고서 (2025.12),https://dart.fss.or.kr/dsaf001/main.do?rcpNo=20260323001569,7-1. 증권의 발행을 통한 자금조달 실적,구주,2,"09월 29일 (주식수의 변동내용)2009년 08월 28일 임시주주총회로 하여 액면분할이 확정됨과, 2009년 09월 29일 구주권 제출기간이 종료됨에 따라, 1주당 액면가액이 5,000원에서 500원으로, 발행주식총수 보통주 9,318,109주 에서 93,181,090주으로 증가, 우선주 30,789주에서 307,890주로"
에스케이오션플랜트(주),판정 대상,사업보고서 (2025.12),https://dart.fss.or.kr/dsaf001/main.do?rcpNo=20260323000486,주석,유로,0,시 사용 일수에 적용되는 범위가 넓습니다. 변동리스료를 지급하는 계약조건은 장비 사용료의 고정원가 최소화를 포함하여 다양한 이유로 사용됩니다. 사용일수에 연동하는 변동리스료는 변동리스료를 유발하는 조건이 생기는 기간에 당기손익으로 인식합니다. (2) 연장선택권 및 종료선택권 연결회사는 연장선택권 및 종료선택권을 포함하는 계약
에스케이오션플랜트(주),판정 대상,사업보고서 (2025.12),https://dart.fss.or.kr/dsaf001/main.do?rcpNo=20260323000486,주석,유로,3,"합의한 계약금액을 기준으로 측정하지만, 계약을 수행하는 과정에서 공사변경, 보상금, 장려금에 따라 증가하거나 연결회사의 귀책사유로 완공시기가지연됨에 따라 위약금을 부담할 때 감소될 수 있으므로 계약수익의 측정은 미래사건의 결과와 관련된 다양한 불확실성에 영향을 받습니다. 연결회사는 고객이 공사변경 등으로 인한 수익금액의 변동"
에스케이오션플랜트(주),판정 대상,사업보고서 (2025.12),https://dart.fss.or.kr/dsaf001/main.do?rcpNo=20260323000486,주석,EUR,2,",000 3,000,000 서울보증보험 계약이행보증등 BLK 제작공사 외 267,321,508 267,321,508 신한은행 EUR 1,824,287 EUR 1,824,287 전문건설공제조합 원화지급보증 GS건설 외 108,304,822 415,749 자본재공제조합 원화지급보증 해양경찰청 70,773,088 - 방위사업청 43"
에스케이오션플랜트(주),판정 대상,사업보고서 (2025.12),https://dart.fss.or.kr/dsaf001/main.do?rcpNo=20260323000486,주석,EUR,2,"684 계약이행보증 BLADT Phase #2 USD 6,420,724 USD 6,420,724 신한은행 외화지급보증 JDN EUR 1,658,443 EUR 1,658,443 KEPPEL USD 1,870,999 USD 1,870,999 부산은행 외화지급보증 MCDERMOTT USD 850,541 USD 850,541 기업은행"
에스케이오션플랜트(주),판정 대상,사업보고서 (2025.12),https://dart.fss.or.kr/dsaf001/main.do?rcpNo=20260323000486,주석,EUR,2,"500,000 합 계 1,081,788,606 858,420,174 USD 186,062,310 USD 184,663,897 EUR 3,482,730 EUR 3,482,730 38. 영업부문 : 가. 연결회사의 보고부문은 다음과 같이 구분되며, 최고의사결정자인 대표이사는 각 사업부 측면에서 영업정보를 검토하고 있습니다. 영업부"
에스케이오션플랜트(주),판정 대상,사업보고서 (2025.12),https://dart.fss.or.kr/dsaf001/main.do?rcpNo=20260323000486,주석,EUR,2,"%상승 10%하락 10%상승 10%하락 USD 7,284,865 (7,284,865) 1,154,200 (1,154,200) EUR (1,263) 1,263 - - THB (3,112) 3,112 - - 합 계 7,280,490 (7,280,490) 1,154,200 (1,154,200) 또한 연결회사는 영업거래 상 외환위험에"
에스케이오션플랜트(주),판정 대상,사업보고서 (2025.12),https://dart.fss.or.kr/dsaf001/main.do?rcpNo=20260323000486,주석,유로,3,"에 합의한 계약금액을 기준으로 측정하지만, 계약을 수행하는 과정에서 공사변경, 보상금, 장려금에 따라 증가하거나 당사의 귀책사유로 완공시기가 지연됨에 따라 위약금을 부담할 때 감소될 수 있으므로 계약수익의 측정은 미래사건의 결과와 관련된 다양한 불확실성에 영향을 받습니다. 당사는 고객이 공사변경 등으로 인한 수익금액의 변동을"
에스케이오션플랜트(주),판정 대상,사업보고서 (2025.12),https://dart.fss.or.kr/dsaf001/main.do?rcpNo=20260323000486,주석,EUR,2,"500,000 합 계 1,075,919,706 852,551,274 USD 186,062,310 USD 184,663,897 EUR 1,658,443 EUR 1,658,443 39. 위험관리 :가. 금융위험관리당사는 경영활동과 관련하여 신용위험, 유동성위험 및 시장위험 등 다양한 금융위험에 노출되어 있습니다. 당사는 금융위험이"
에스케이오션플랜트(주),판정 대상,사업보고서 (2025.12),https://dart.fss.or.kr/dsaf001/main.do?rcpNo=20260323000486,주석,EUR,2,"말 10%상승 10%하락 10%상승 10%하락 USD 6,613,486 (6,613,486) 604,529 (604,529) EUR (1,263) 1,263 - - THB (3,112) 3,112 - - 합 계 6,609,111 (6,609,111) 604,529 (604,529) 또한 당사는 영업거래 상 외환위험에 대한 회피"
에스케이오션플랜트(주),판정 대상,사업보고서 (2025.12),https://dart.fss.or.kr/dsaf001/main.do?rcpNo=20260323000486,5. 정관에 관한 사항,유로,0,"사의 인터넷 홈페이지(http://www.skoceanplant.com)에 게재한다. 다만, 전산장애 또는 그밖의 부득이한 사유로 회사의 인터넷 홈페이지에 공고를 할수 없는 때에는 서울특별시에서 발행되는 한국경제신문에 한다. - 홈페이지 주소 변경 2023년 01월 31일 임시주주총회 부칙 제16조(적용시점) 본 정관은 20"
에스케이오션플랜트(주),판정 대상,사업보고서 (2025.12),https://dart.fss.or.kr/dsaf001/main.do?rcpNo=20260323000486,1. 사업의 개요,EU,0,"생에너지기구)발표에 따르면 신재생에너지 중에서도 태양광 37%와 풍력 36%에 가장 큰 비중을 기대하고 있습니다. 이를 위해 EU의 Repower EU 및 Fit for 55, 일본의 제6차 에너지기본계획 및 한국의 제11차 전력수급기본계획등이 발표되며 전 세계적인 신재생에너지 비중 확대에 박차를 가하고 있습니다.두번째로 에"
에스케이오션플랜트(주),판정 대상,사업보고서 (2025.12),https://dart.fss.or.kr/dsaf001/main.do?rcpNo=20260323000486,1. 사업의 개요,유럽,-2," 에너지 공급망 문제를 겪은 주요국들은 에너지 자립 기조 정책을 빠르게 전환하고 있으며, 러시아에 대한 에너지 의존도가 높은 유럽의 경우 대외 에너지 의존도를 낮추고 공급망을 다양화하기 위해 신재생에너지 보급 확대 등의 목표를 담은 여러 계획들을 발표하고 있습니다. 세번째로 산업 생태계 변화는 AI발전에 따른 데이터센터 증가"
에스케이오션플랜트(주),판정 대상,사업보고서 (2025.12),https://dart.fss.or.kr/dsaf001/main.do?rcpNo=20260323000486,1. 사업의 개요,EU,0,"센터의 텍사스주 이전 등 화석연료에 따른 에너지원으로부터 신재생에너지원으로의 이전이 이미 시작되었고, 2026년부터 도입되는 EU의 탄소국경세 조건을 맞추기 위해 국내외 여러 기업들의 신재생에너지원의 수요도 꾸준히 증가하고 있습니다.(2) 해양플랜트 부문해양플랜트는 심해저에 부존하는 석유나 천연가스의 시추, 생산 및 정제, "
에스케이오션플랜트(주),판정 대상,사업보고서 (2025.12),https://dart.fss.or.kr/dsaf001/main.do?rcpNo=20260323000486,6. 주요계약 및 연구개발활동,유로,3," 07 - 국내 첫 적용에 따른 시장 선점- 단일길이로 최대길이의 생산이가능함으로써 제작비용 절감- 국내 최대길이의PRESS보유로 인한 다양한 제품 수출선 확보 -제품생산에 적용중임 -수주물량의 확대로 추가 생산라인확보의 필요성 해상용 풍력발전기의 지지장치 해상의 심해에 3개의 다리가 정삼각형을 이루도록 설치되어, 하중을 견"
에스케이오션플랜트(주),판정 대상,사업보고서 (2025.12),https://dart.fss.or.kr/dsaf001/main.do?rcpNo=20260323000486,7. 기타 참고사항,유럽,0,으로도 해상풍력 핵심 Supply Chain로서의 지위를 확보해 가고 있습니다. 이를 바탕으로 대만과 한국뿐 아니라 일본 및 유럽 시장 등으로 영역을 확대해 나가기 위해 최선의 영업활동을 하고 있습니다. 대만은 정부 주도의 개발 계획 하에 매년 1.5GW 확보 가능한 구체적인 Roadmap에 따라 Round3(개발 단계)가 
에스케이오션플랜트(주),판정 대상,사업보고서 (2025.12),https://dart.fss.or.kr/dsaf001/main.do?rcpNo=20260323000486,7. 기타 참고사항,덴마크,3,"mical Tanker 2척을 수주하며 상선 시장 재진입하였습니다.(1) 해상풍력 부문 해상풍력 발전 설비의 경우 2019년 덴마크 최대 전력회사이자 세계 1위 해상풍력 Developer인 Orsted社와 해상풍력발전기 하부 구조물인 Jacket을 한화 약 1,100억원 규모로 계약 체결한 것을 필두로 덴마크 BLADT社, 벨"
에스케이오션플랜트(주),판정 대상,사업보고서 (2025.12),https://dart.fss.or.kr/dsaf001/main.do?rcpNo=20260323000486,7. 기타 참고사항,덴마크,2,"oper인 Orsted社와 해상풍력발전기 하부 구조물인 Jacket을 한화 약 1,100억원 규모로 계약 체결한 것을 필두로 덴마크 BLADT社, 벨기에 Jan De Nul社 등과 한화 약 1,700억원 규모의 계약을 체결하였습니다. 2020년 들어와서는 Orsted社, Jan De Nul社, Keppel社 등과 한화 총 2,"
에스케이오션플랜트(주),판정 대상,사업보고서 (2025.12),https://dart.fss.or.kr/dsaf001/main.do?rcpNo=20260323000486,7. 기타 참고사항,프랑스,3,"cket을 안정적으로 생산할 수 있는 기반을 마련하였습니다. (2) 해양플랜트 부문 2011년 세계적 해양 엔지니어링 기업인 프랑스 Technip社로부터 해양구조물 첫 수주를 따내는 성과를 시작으로 Carigari社 의 6,144톤급 초대형 자켓 제작, INPEX社의 드리븐 파일 공사를 국내 최초로 수행했습니다. 또한, 국내 "
에스케이오션플랜트(주),판정 대상,사업보고서 (2025.12),https://dart.fss.or.kr/dsaf001/main.do?rcpNo=20260323000486,7. 기타 참고사항,유럽,3,"4) 후육강관 사업부문 당사의 주요 내수 판매처로는 삼성중공업, 대우조선해양, 현대중공업 등 주요 조선사이며, 해외는 미주, 유럽, 중동, 동남아 등지에서 실수요자 위주의 다양한 매출처를 확보하고 있습니다. 특히, 후육강관은 전세계 강관시장에서 5% 정도를 차지하는 틈새시장으로 다품종 소량생산 방식의 다양하고 까다로운 수요자"
에스케이오션플랜트(주),판정 대상,사업보고서 (2025.12),https://dart.fss.or.kr/dsaf001/main.do?rcpNo=20260323000486,37. 우발상황과 약정사항 (연결),EUR,2,"7,114 3,761,669 6,582,105 20,500,000 184,663,897 기업의(으로의) 보증한도 (비 PF) EUR [EUR, 일] 1,824,287 1,658,443 3,482,730 기업의(으로의) 보증금액 (비 PF) EUR [EUR, 일] 1,824,287 1,658,443 3,482,730"
에스케이오션플랜트(주),판정 대상,사업보고서 (2025.12),https://dart.fss.or.kr/dsaf001/main.do?rcpNo=20260323000486,39. 위험관리 (연결),EUR,2,"98 외화위험관리에 대한 공시 당기 (단위 : 천원) 위험 환위험 기능통화 또는 표시통화 기능통화 또는 표시통화 합계 USD EUR THB 시장위험의 각 유형별 민감도분석 기술 통화별 환율 10% 변동시 통화별 환율 10% 변동시 통화별 환율 10% 변동시 시장변수 상승 시 당기손익 증가 7,284,865 7,280,490 시"
에스케이오션플랜트(주),판정 대상,사업보고서 (2025.12),https://dart.fss.or.kr/dsaf001/main.do?rcpNo=20260323000486,38. 우발상황과 약정사항,EUR,2,"7,114 3,761,669 6,582,105 20,500,000 184,663,897 기업의(으로의) 보증한도 (비 PF) EUR [EUR, 일] 1,658,443 1,658,443 기업의(으로의) 보증금액 (비 PF) EUR [EUR, 일] 1,658,443 1,658,443"
에스케이오션플랜트(주),판정 대상,사업보고서 (2025.12),https://dart.fss.or.kr/dsaf001/main.do?rcpNo=20260323000486,2. 개요,유럽,0,적으로도 해상풍력 핵심 Supply Chain로서의 지위를 확보해 가고 있습니다.이를 바탕으로 대만과 한국뿐 아니라 일본 및 유럽 시장 등으로 영역을 확대해 나가기 위해 최선의 영업활동을 하고 있습니다. 대만은 정부 주도의 개발 계획 하에 매년 1.5GW 확보 가능한 구체적인 Roadmap에 따라 Round3(개발 단계)가 
에스케이오션플랜트(주),판정 대상,사업보고서 (2025.12),https://dart.fss.or.kr/dsaf001/main.do?rcpNo=20260323000486,3. 주주총회 등에 관한 사항,유로,0,"사의 인터넷홈페이지(http://www.skoceanplant.com)에 게재한다. 다만, 전산장애 또는 그 밖의 부득이한 사유로 회사의 인터넷 홈페이지에 공고를 할수 없는 때에는 서울특별시에서 발행되는 한국경제신문에 한다. 바. 주주총회 의사록 요약 주주총회일자 안건 결의내용 2021.03.26 (제25기 정기주주총회) 제"
에스케이오션플랜트(주),판정 대상,사업보고서 (2025.12),https://dart.fss.or.kr/dsaf001/main.do?rcpNo=20260323000486,최대주주 변동내역,구주,0,"분율 변동원인 비 고 2022년 08월 31일 SK에코플랜트(주) 22,256,969 35.62 - 제3자배정 신주 인수 및 구주 양수도계약- 제9회 무기명식 이권부 무보증 사모전환사채 전환청구행사 - ※ 제3자배정 유상증자 및 주식양수도계약에 따라 2022년 8월 31일 당사의 최대주주는 에스케이에코플랜트 주식회사로 변경되"
에스케이오션플랜트(주),판정 대상,사업보고서 (2025.12),https://dart.fss.or.kr/dsaf001/main.do?rcpNo=20260323000486,2. 우발부채 등에 관한 사항,EUR,2,"500,000 합 계 1,074,646,041 851,277,609 USD 186,062,310 USD 184,663,897 EUR 1,658,443 EUR 1,658,443 라. 채무인수 약정 현황 - 해당사항 없음"
현대제철(주),판정 대상,[첨부정정]사업보고서 (2025.12) → 원문은 20260319000771,https://dart.fss.or.kr/dsaf001/main.do?rcpNo=20260319000771,주석,유로,0,높아짐 - 재무적 어려움으로 인해 해당 금융자산에 대한 활성시장 소멸 - 차입자의 재무적 어려움에 관련된 경제적이나 계약상 이유로 당초 차입조건의 불 가피한 완화 ④ 재무상태표 상 신용손실충당금의 표시 상각후원가로 측정하는 금융자산에 대한 손실충당금은 해당 자산의 장부금액에서 차감합니다. 기타포괄손익-공정가치로 측정하는 채무
현대제철(주),판정 대상,[첨부정정]사업보고서 (2025.12) → 원문은 20260319000771,https://dart.fss.or.kr/dsaf001/main.do?rcpNo=20260319000771,주석,유로,3,기업의 소득이전을 통한 조세회피와 세원잠식에 대응하기 위한 것입니다. BEPS 필라2의 글로벌 최저한세는 연결매출 750백만 유로를 초과하는 다국적기업에 적용됩니다. 필라 2 모범규칙은 2023년 말에 국내에서 제정되었으며 2024년 1월 1일부터 시행되었습니다. 이 규칙에 따르면 당사는 필라 2 모범규칙이 적용되는 다국적기
현대제철(주),판정 대상,[첨부정정]사업보고서 (2025.12) → 원문은 20260319000771,https://dart.fss.or.kr/dsaf001/main.do?rcpNo=20260319000771,주석,슬로바키아,2,"서비스센터 99.99 16,239,971 99.99 16,239,971 Hyundai Steel Slovakia s.r.o. 슬로바키아 해외스틸서비스센터 100.00 53,397,000 100.00 53,397,000 Hyundai Steel Czech s.r.o. 체코 해외스틸서비스센터 100.00 58,784,000 100.0"
현대제철(주),판정 대상,[첨부정정]사업보고서 (2025.12) → 원문은 20260319000771,https://dart.fss.or.kr/dsaf001/main.do?rcpNo=20260319000771,주석,EUR,0,"생상품 당기말과 전기말 현재 당사가 보유하고 있는 파생상품의 내역은 다음과 같습니다. (1) 당기말 (외화단위: 천USD, 천EUR, 천JPY, 원화단위: 천원) 구 분 회피대상위험 계약금액 계약일 만기일 통화선도 환율변동 USD 559,779 2025.03.31 ~ 2025.12.30 2026.01.02 ~ 2030.09.3"
현대제철(주),판정 대상,[첨부정정]사업보고서 (2025.12) → 원문은 20260319000771,https://dart.fss.or.kr/dsaf001/main.do?rcpNo=20260319000771,주석,EUR,2,"통화선도 환율변동 USD 559,779 2025.03.31 ~ 2025.12.30 2026.01.02 ~ 2030.09.30 EUR 27,000 2024.09.30 2028.09.30 ~ 2029.09.30 통화금리스왑 환율변동및이자율변동 JPY 9,700,000 2023.03.29 2026.03.29 ~ 2028.03.29 "
현대제철(주),판정 대상,[첨부정정]사업보고서 (2025.12) → 원문은 20260319000771,https://dart.fss.or.kr/dsaf001/main.do?rcpNo=20260319000771,주석,EUR,0,"2019.08.29 ~ 2020.09.24 2026.10.24 ~ 2026.11.26 (2) 전기말 (외화단위: 천USD, 천EUR, 천JPY, 원화단위: 천원) 구 분 회피대상위험 계약금액 계약일 만기일 통화선도 환율변동 USD 380,000 2023.01.31 ~ 2024.09.30 2026.03.30 ~ 2029.09.3"
현대제철(주),판정 대상,[첨부정정]사업보고서 (2025.12) → 원문은 20260319000771,https://dart.fss.or.kr/dsaf001/main.do?rcpNo=20260319000771,주석,EUR,2,"통화선도 환율변동 USD 380,000 2023.01.31 ~ 2024.09.30 2026.03.30 ~ 2029.09.30 EUR 92,000 2023.03.29 ~ 2024.09.30 2026.03.30 ~ 2029.09.30 통화금리스왑 환율변동및이자율변동 USD 210,000 2021.03.31 ~ 2021.09.30 "
현대제철(주),판정 대상,[첨부정정]사업보고서 (2025.12) → 원문은 20260319000771,https://dart.fss.or.kr/dsaf001/main.do?rcpNo=20260319000771,주석,EUR,0,"파생상품 거래를통해 환위험을 헷지하고 있으며 투기적 거래는 엄격히 제한하고 있습니다. 당기말과 전기말 현재 원화대비 USD, EUR, JPY 등의 환율이 변동하였다면, 당사의자본과 손익은 증가(감소)하였을 것입니다. USD, EUR, JPY 등의 환율이 10% 상승 또는 하락 시 당기말과 전기말 현재의 외화표시 금융자산 및 금"
현대제철(주),판정 대상,[첨부정정]사업보고서 (2025.12) → 원문은 20260319000771,https://dart.fss.or.kr/dsaf001/main.do?rcpNo=20260319000771,주석,EUR,2," 하락 10% 상승 10% 하락 USD (63,144,640) 63,144,640 13,924,517 (13,924,517) EUR (6,443,513) 6,443,513 1,874,623 (1,874,623) JPY (1,295,964) 1,295,964 (1,119,722) 1,119,722 ② 이자율위험 당기말과 전기말 "
현대제철(주),판정 대상,[첨부정정]사업보고서 (2025.12) → 원문은 20260319000771,https://dart.fss.or.kr/dsaf001/main.do?rcpNo=20260319000771,주석,슬로바키아,0,"Pipe India Private, Ltd.(*3) 인도 Hyundai Steel Anantapur Private, Ltd. 슬로바키아 Hyundai Steel Slovakia s.r.o. 튀르키예 Hyundai Steel TR Automotive Steel Parts Co., Ltd.(*6) 체코 Hyundai Steel Cze"
현대제철(주),판정 대상,[첨부정정]사업보고서 (2025.12) → 원문은 20260319000771,https://dart.fss.or.kr/dsaf001/main.do?rcpNo=20260319000771,주석,체코,0,"kia s.r.o. 튀르키예 Hyundai Steel TR Automotive Steel Parts Co., Ltd.(*6) 체코 Hyundai Steel Czech s.r.o. 러시아 Hyundai Steel Rus LLC 멕시코 Hyundai Steel Mexico S de R.L. de C.V 브라질 Hyundai St"
현대제철(주),판정 대상,[첨부정정]사업보고서 (2025.12) → 원문은 20260319000771,https://dart.fss.or.kr/dsaf001/main.do?rcpNo=20260319000771,주석,EUR,0,"은 다음과 같으며, 특수관계자로부터 제공받고 있는 담보 및 지급보증은 없습니다. ① 제공한 지급보증 (외화단위: 천USD, 천EUR, 천CNY, 천BRL) 특수관계구분 회사명 보증처 지급보증금액 보증기간 종속기업 Hyundai Steel Tianjin Process Co., Ltd. (주)하나은행 CNY 216,000 2023"
현대제철(주),판정 대상,[첨부정정]사업보고서 (2025.12) → 원문은 20260319000771,https://dart.fss.or.kr/dsaf001/main.do?rcpNo=20260319000771,주석,EUR,2," (주)하나은행 CNY 216,000 2023.05 ~ 2026.05 Hyundai Steel Czech s.r.o. CTP EUR 10,924 2019.07 ~ 2035.12 Hyundai Steel TR Automotive Steel Parts Co., Ltd. SMBC EUR 2,000 2025.03 ~ 2026.03 H"
현대제철(주),판정 대상,[첨부정정]사업보고서 (2025.12) → 원문은 20260319000771,https://dart.fss.or.kr/dsaf001/main.do?rcpNo=20260319000771,주석,EUR,2,"9.07 ~ 2035.12 Hyundai Steel TR Automotive Steel Parts Co., Ltd. SMBC EUR 2,000 2025.03 ~ 2026.03 Hyundai Steelpipe America, Inc. Mizuho은행 USD 25,000 2025.05 ~ 2026.05 Hyundai Steel M"
현대제철(주),판정 대상,[첨부정정]사업보고서 (2025.12) → 원문은 20260319000771,https://dart.fss.or.kr/dsaf001/main.do?rcpNo=20260319000771,주석,유로,0,사로부터 해당 발전설비에 관한 관리운영업무를 위탁 받아 수행하는 계약을 체결하고 있습니다. 당사는 임대차 목적물의 사용 및 점유로 인하여 현대그린파워(주)에게 행정조치 등이 부과되는 경우 또는 제3자가 손해배상청구를 하는 경우에는 당사의 책임과 비용으로 면책하여야 합니다. ④ 당사는 특수관계자인 현대캐피탈(주)로부터 차량을 
현대제철(주),판정 대상,[첨부정정]사업보고서 (2025.12) → 원문은 20260319000771,https://dart.fss.or.kr/dsaf001/main.do?rcpNo=20260319000771,주석,슬로바키아,0,"rivate, Ltd. 인도 해외스틸서비스센터 100.00 100.00 Hyundai Steel Slovakia s.r.o. 슬로바키아 해외스틸서비스센터 100.00 100.00 Hyundai Steel TR Automotive Steel Parts Co., Ltd.(*14) 튀르키예 해외스틸서비스센터 100.00 100.00 H"
현대제철(주),판정 대상,[첨부정정]사업보고서 (2025.12) → 원문은 20260319000771,https://dart.fss.or.kr/dsaf001/main.do?rcpNo=20260319000771,주석,체코,0,"o., Ltd.(*14) 튀르키예 해외스틸서비스센터 100.00 100.00 Hyundai Steel Czech s.r.o. 체코 해외스틸서비스센터 100.00 100.00 Hyundai Steel Rus LLC 러시아 해외스틸서비스센터 100.00 100.00 Hyundai Steel Mexico S de R.L. de C"
현대제철(주),판정 대상,[첨부정정]사업보고서 (2025.12) → 원문은 20260319000771,https://dart.fss.or.kr/dsaf001/main.do?rcpNo=20260319000771,주석,유로,0,높아짐 - 재무적 어려움으로 인해 해당 금융자산에 대한 활성시장 소멸 - 차입자의 재무적 어려움에 관련된 경제적이나 계약상 이유로 당초 차입조건의 불 가피한 완화 ④ 연결재무상태표 상 신용손실충당금의 표시 상각후원가로 측정하는 금융자산에 대한 손실충당금은 해당 자산의 장부금액에서 차감합니다. 기타포괄손익-공정가치로 측정하는 
현대제철(주),판정 대상,[첨부정정]사업보고서 (2025.12) → 원문은 20260319000771,https://dart.fss.or.kr/dsaf001/main.do?rcpNo=20260319000771,주석,EUR,2,"통화선도 환율변동 USD 559,779 2025-03-31 ~ 2025-12-30 2026-01-02 ~ 2030-09-30 EUR 27,000 2024-09-30 2028-09-30 ~ 2029-09-30 통화금리스왑 환율변동및이자율변동 JPY 9,700,000 2023-03-29 2026-03-29 ~ 2028-03-29 "
현대제철(주),판정 대상,[첨부정정]사업보고서 (2025.12) → 원문은 20260319000771,https://dart.fss.or.kr/dsaf001/main.do?rcpNo=20260319000771,주석,EUR,0,"2024-09-13 ~ 2024-12-23 2026-01-02 ~ 2028-06-09 (2) 전기말 (외화단위: 천USD, 천EUR, 천JPY, 원화단위: 천원) 구 분 회피대상위험 계약금액 계약일 만기일 통화선도 환율변동 USD 380,000 2023-01-31 ~ 2024-09-30 2026-03-30 ~ 2029-09-3"
현대제철(주),판정 대상,[첨부정정]사업보고서 (2025.12) → 원문은 20260319000771,https://dart.fss.or.kr/dsaf001/main.do?rcpNo=20260319000771,주석,EUR,2,"통화선도 환율변동 USD 380,000 2023-01-31 ~ 2024-09-30 2026-03-30 ~ 2029-09-30 EUR 92,000 2023-03-29 ~ 2024-09-30 2026-03-30 ~ 2029-09-30 통화금리스왑 환율변동및이자율변동 USD 210,000 2021-03-31 ~ 2021-09-30 "
현대제철(주),판정 대상,[첨부정정]사업보고서 (2025.12) → 원문은 20260319000771,https://dart.fss.or.kr/dsaf001/main.do?rcpNo=20260319000771,주석,EUR,2," 통화금리스왑 - USD 154,000 2022-05-24 ~ 2024-12-23 2025-01-02 ~ 2028-06-09 EUR 26,000 2022-02-14 2025-02-14 한편, 연결실체는 관계기업인 현대그린파워(주)와 주주간 협약에 포함된 옵션에 대하여 공정가치로 평가하고 있으며, 당기말 현재 107,730백만원"
현대제철(주),판정 대상,[첨부정정]사업보고서 (2025.12) → 원문은 20260319000771,https://dart.fss.or.kr/dsaf001/main.do?rcpNo=20260319000771,주석,EUR,0,"상품 거래를 통해 환위험을 헷지하고 있으며 투기적 거래는 엄격하게 관리하고 있습니다. 당기말과 전기말 현재 원화대비 USD, EUR, JPY 등의 환율이 변동하였다면, 연결실체의 자본과 손익은 증가(감소)하였을 것입니다. USD, EUR, JPY 등의 환율이 10% 상승 또는 하락 시 당기말과 전기말의 연결실체의 내부거래 제거"
현대제철(주),판정 대상,[첨부정정]사업보고서 (2025.12) → 원문은 20260319000771,https://dart.fss.or.kr/dsaf001/main.do?rcpNo=20260319000771,주석,EUR,2,"0% 하락 10% 상승 10% 하락 USD (67,566,062) 67,566,062 (1,223,499) 1,223,499 EUR (6,242,430) 6,242,430 (1,731,832) 1,731,832 JPY (1,129,830) 1,129,830 (958,069) 958,069 ② 이자율위험연결실체는 고정이자율과 변"
현대제철(주),판정 대상,[첨부정정]사업보고서 (2025.12) → 원문은 20260319000771,https://dart.fss.or.kr/dsaf001/main.do?rcpNo=20260319000771,주석,유로,0,부터 해당 발전설비에 관한 관리운영업무를 위탁 받아 수행하는 계약을 체결하고 있습니다. 연결실체는 임대차 목적물의 사용 및 점유로 인하여 현대그린파워(주)에게 행정조치 등이 부과되는 경우 또는 제3자가 손해배상청구를 하는 경우에는 연결실체의 책임과 비용으로 면책하여야 합니다. ④ 연결실체는 특수관계자인 현대캐피탈(주)로부터 
현대제철(주),판정 대상,[첨부정정]사업보고서 (2025.12) → 원문은 20260319000771,https://dart.fss.or.kr/dsaf001/main.do?rcpNo=20260319000771,주석,유럽,6,"당기와 전기의 연결실체가 위치한 지역에 따른 영업현황은 다음과 같습니다. ① 당기 (단위: 천원) 구 분 국 내 아시아 미주 유럽 연결조정 연결실체 내 수 수 출 1. 매출액 14,849,894,283 6,220,428,888 1,846,590,987 2,222,062,194 1,082,531,909 (3,488,271,00"
현대제철(주),판정 대상,[첨부정정]사업보고서 (2025.12) → 원문은 20260319000771,https://dart.fss.or.kr/dsaf001/main.do?rcpNo=20260319000771,주석,유럽,5,"2 (*) 비유동자산은 투자부동산, 유형자산 및 무형자산의 합계액입니다. ② 전기 (단위: 천원) 구 분 국 내 아시아 미주 유럽 연결조정 연결실체 내 수 수 출 1. 매출액 16,259,723,502 5,864,913,124 1,678,265,428 1,939,621,485 1,001,885,667 (3,518,268,11"
현대스틸파이프,판정 대상,감사보고서 (2025.12),https://dart.fss.or.kr/dsaf001/main.do?rcpNo=20260327000221,주석,유로,0,이 높아짐- 재무적 어려움으로 인해 해당 금융자산에 대한 활성시장 소멸- 차입자의 재무적 어려움에 관련된 경제적이나 계약상 이유로 당초 차입조건의 불 가피한 완화 ④ 재무상태표 상 신용손실충당금의 표시상각후원가로 측정하는 금융자산에 대한 손실충당금은 해당 자산의 장부금액에서 차감합니다. 기타포괄손익-공정가치로 측정하는 채무상
현대스틸파이프,판정 대상,감사보고서 (2025.12),https://dart.fss.or.kr/dsaf001/main.do?rcpNo=20260327000221,주석,EUR,0,"91,000 (*) 급여성 미지급금 등을 제외한 금액입니다. (3) 시장위험① 환위험 당기말과 전기말 현재 원화대비 USD, EUR 등의 환율이 변동하였다면, 당사의 자본과 손익은 증가(감소)하였을 것입니다. USD, EUR 등의 환율이 10% 상승 또는 하락 시 당기말과 전기말 현재의 외화표시 금융자산 및 금융부채에 대한 외"
현대스틸파이프,판정 대상,감사보고서 (2025.12),https://dart.fss.or.kr/dsaf001/main.do?rcpNo=20260327000221,주석,EUR,2,"% 상승 10% 하락 10% 상승 10% 하락 USD 498,480 (498,480) 7,130,175 (7,130,175) EUR 8,562 (8,562) 47,507 (47,507) JPY 11,896 (11,896) - - ② 이자율위험 당기말과 전기말 현재 다른 모든 변수가 일정하고 이자율이 100bp 변동 시 이자율 "
세아창원특수강,판정 대상,[기재정정]사업보고서 (2025.12),https://dart.fss.or.kr/dsaf001/main.do?rcpNo=20260317000578,2. 회사의 연혁,유로,0,박건훈 - - 2025.06.26 임시주총 - 기타비상무이사김수호 - 주1) 2024.10.16 대표이사 이정훈은 일신상의 사유로 사임.주2) 2024.12.31 사내이사 성지경은 일신상의 사유로 사임. 주3) 2025.12.31 대표이사 이상은은 일신상의 사유로 사임.주4) 2026.1.1 부 사내이사 박건훈은 대표이사 신
세아창원특수강,판정 대상,[기재정정]사업보고서 (2025.12),https://dart.fss.or.kr/dsaf001/main.do?rcpNo=20260317000578,4. 매출 및 수주상황,유럽,4,"Sales mix를 수립하고 있습니다.2) 글로벌시장 진출안정적인 매출을 위하여 국내뿐만 아니라 일본을 중심으로 한 아시아, 유럽, 미국 등 세계 전 지역에 있는 고객사에 영업활동을 진행하고 있습니다.3) 핵심고객관리 강화회사와 거래실적이 지속적으로 발생하고 있는 고객사에 대해서는 유대관계 강화를 통한 동반성장을 목표로 고객"
세아창원특수강,판정 대상,[기재정정]사업보고서 (2025.12),https://dart.fss.or.kr/dsaf001/main.do?rcpNo=20260317000578,7. 기타 참고사항,유럽,-2,"되었고, 국제 철강 가격의 하향 평준화로 인해 업계 전반의 수익성이 악화되는 결과를 초래하였습니다. 미국의 관세 정책 강화와 유럽연합(EU)의 탄소국경조정제도(CBAM) 본격화 등 주요국 중심의 블록화 경제 체제가 공고해지며, 단순 가격 경쟁력을 넘어선 전략적 대응과 무역 규제 대응력이 어느 때보다 중요해졌습니다.2) 국내경"
세아창원특수강,판정 대상,[기재정정]사업보고서 (2025.12),https://dart.fss.or.kr/dsaf001/main.do?rcpNo=20260317000578,3. 연결재무제표 주석,EUR,2,"85 16,655,939 48,300 USD 59,700,494 91,633,864 68,323,529 109,959,478 EUR 237,639 237,110 298 43,619 CNY 8,182,744 4,854,348 2,753,841 250,047 ② 민감도분석 연결회사는 내부적으로 원화 환율 변동에 대한 환위험을 정기"
세아창원특수강,판정 대상,[기재정정]사업보고서 (2025.12),https://dart.fss.or.kr/dsaf001/main.do?rcpNo=20260317000578,3. 연결재무제표 주석,EUR,2,",567,626) (1,660,764) USD (3,193,337) (4,163,595) 3,193,337 4,163,595 EUR 53 (4,332) (53) 4,332 CNY 332,840 250,379 (332,840) (250,379) 4) 이자율위험 연결회사의 이자율 위험은 주로 변동금리부 조건의 장기 차입금에서 발생"
세아창원특수강,판정 대상,[기재정정]사업보고서 (2025.12),https://dart.fss.or.kr/dsaf001/main.do?rcpNo=20260317000578,5. 재무제표 주석,EUR,2,"85 16,655,939 48,300 USD 54,991,358 90,770,088 64,896,216 108,810,385 EUR 234,865 237,110 - 43,619 CNY 8,182,744 4,854,348 2,753,841 221,165 ② 민감도분석 회사는 내부적으로 원화 환율 변동에 대한 환위험을 정기적으로 "
세아창원특수강,판정 대상,[기재정정]사업보고서 (2025.12),https://dart.fss.or.kr/dsaf001/main.do?rcpNo=20260317000578,5. 재무제표 주석,EUR,2,",567,626) (1,660,764) USD (3,577,873) (4,391,417) 3,577,873 4,391,417 EUR (225) (4,362) 225 4,362 CNY 332,840 253,268 (332,840) (253,268) 4) 이자율위험 회사의 이자율 위험은 주로 변동금리부 조건의 장기 차입금에서 발생"
세아창원특수강,판정 대상,[기재정정]사업보고서 (2025.12),https://dart.fss.or.kr/dsaf001/main.do?rcpNo=20260317000578,8. 기타 재무에 관한 사항,유로,0,분배액이 확정된 경우 분배액을 초과하는채권액 전액 잔여재산분배액이 확정되지 않은 경우 100% 강제집행 100% 소송 외의 사유로 법적청구권이 소멸한 채권 100% 채권회수에 대한 분쟁이 3년이상 지속된 경우 100% 회수에 따른 비용이 채권 금액을 초과하는 경우 100% 채무자가 사망한 경우 50% 3) 대손설정_집합적 검
현대종합특수강,판정 대상,[기재정정]사업보고서 (2025.12),https://dart.fss.or.kr/dsaf001/main.do?rcpNo=20260331001935,5. 재무제표 주석,유로,0,이 높아짐- 재무적 어려움으로 인해 해당 금융자산에 대한 활성시장 소멸- 차입자의 재무적 어려움에 관련된 경제적이나 계약상 이유로 당초 차입조건의 불 가피한 완화④ 재무상태표 상 신용손실충당금의 표시상각후원가로 측정하는 금융자산에 대한 손실충당금은 해당 자산의 장부금액에서 차감합니다. 기타포괄손익-공정가치로 측정하는 채무상품
현대종합특수강,판정 대상,[기재정정]사업보고서 (2025.12),https://dart.fss.or.kr/dsaf001/main.do?rcpNo=20260331001935,5. 재무제표 주석,EUR,5,"장위험① 환위험당기말과 전기말 현재 당사의 환위험에 대한 노출정도는 다음과 같습니다. (원화단위: 천원, 외화단위: USD, EUR) 구 분 당기말 전기말 외화 원화 외화 원화 외화자산: 현금및현금성자산 USD 2,192,232 3,145,634 2,429,684 3,571,636 매출채권및기타채권 USD 3,759,451 5"
현대종합특수강,판정 대상,[기재정정]사업보고서 (2025.12),https://dart.fss.or.kr/dsaf001/main.do?rcpNo=20260331001935,5. 재무제표 주석,EUR,5,"9,684 3,571,636 매출채권및기타채권 USD 3,759,451 5,394,436 4,561,535 6,705,456 EUR - - 263,840 403,340 장기금융상품 USD 20,000 28,698 20,000 29,400 외화자산 합계 8,568,768 10,709,832 외화부채: 매입채무및기타채무 USD 1"
현대종합특수강,판정 대상,[기재정정]사업보고서 (2025.12),https://dart.fss.or.kr/dsaf001/main.do?rcpNo=20260331001935,5. 재무제표 주석,EUR,2,"0,709,832 외화부채: 매입채무및기타채무 USD 1,140,680 1,636,762 1,029,986 1,514,079 EUR - - 1,382 2,113 단기차입금(*) USD 53,884.88 77,319 621,108 913,029 장기차입금(*) USD 62,000,000 88,963,800 62,000,000 9"
현대종합특수강,판정 대상,[기재정정]사업보고서 (2025.12),https://dart.fss.or.kr/dsaf001/main.do?rcpNo=20260331001935,IX. 계열회사 등에 관한 사항,EU,0,"KSE) - 100 Kia Sales Slovakia s.r.o. (KSK) - 100 Kia Europe GmbH (Kia EU) - 100 Kia New Zealand Limited (KNZ) - 100 Kia Georgia, Inc. (KaGA) - 100 Kia Russia & CIS, LLC (Kia RUS&CIS)"
고려강선(주),판정 대상,감사보고서 (2025.12),https://dart.fss.or.kr/dsaf001/main.do?rcpNo=20260402003209,주석,벨기에,3," 1. 일반 사항 고려강선 주식회사(이하 ""당사"")는 스틸코드와 호스보강용 강선을 제조, 판매하기 위하여 고려제강 주식회사와 벨기에의 Trefil ARBED Participations S.A.간의 50 대 50의 합작투자계약에 따라 1978년 3월 4일자로 외자도입법에 의한 외국인 투자인가를 획득하여 설립되었습니다. 이후 룩셈"
고려강선(주),판정 대상,감사보고서 (2025.12),https://dart.fss.or.kr/dsaf001/main.do?rcpNo=20260402003209,주석,유럽,-2,"시장위험 1) 외환위험 당사는 국제적으로 영업활동을 영위하고 있기 때문에 외환 위험, 특히 주로 미국 달러화 및 일본 엔화, 유럽 유로화와 관련된 환율 변동 위험에 노출돼 있습니다. 외환 위험은 미래예상거래, 인식된 자산과 부채와 관련하여 발생하고 있습니다. 당사의 외환위험 관리의 목표는 환율 변동으로 인한 불확실성과 손익 "
고려강선(주),판정 대상,감사보고서 (2025.12),https://dart.fss.or.kr/dsaf001/main.do?rcpNo=20260402003209,주석,유럽,2," 달러/원 상승시 1,271 2,086 1,271 2,086 하락시 (1,271) (2,086) (1,271) (2,086) 유럽 유로/원 상승시 1,092 1,107 1,092 1,107 하락시 (1,092) (1,107) (1,092) (1,107) 일본 엔화/ 원 상승시 362 257 362 257 하락시 (362) ("
고려강선(주),판정 대상,감사보고서 (2025.12),https://dart.fss.or.kr/dsaf001/main.do?rcpNo=20260402003209,주석,EUR,2,"민은행 15,000 - 무역금융 신한은행 USD 14,000 - 매입외환 2,000 - 무역금융 부산은행 USD 31,000 EUR 1,159 매입외환 10,000 - 무역금융 (외화: 천, 원화: 백만원) 금융기관 한도 사용 내용 신한은행 USD 14,000 - 매입외환 2,000 - 무역금융 한국씨티은행(*1) 10,000"
고려강선(주),판정 대상,감사보고서 (2025.12),https://dart.fss.or.kr/dsaf001/main.do?rcpNo=20260402003209,주석,EUR,2," - 무역금융 한국씨티은행(*1) 10,000 7,300 일반대출 외 USD 2,000 - 파생 부산은행 USD 31,000 EUR 5,073 매입외환 10,000 1,400 무역금융 (*1) 전기 한국씨티은행 10,000백만원을 한도로 일반대출, 무역금융, 무역어음 등(각 항목별로 한도 존재)을 종합적으로 제공받을 수 있는 "
고려강선(주),판정 대상,감사보고서 (2025.12),https://dart.fss.or.kr/dsaf001/main.do?rcpNo=20260402003209,주석,독일,0,"NGKONG LTD. 홍콩 KISWIRE HONGKONG HOLDING LTD.의 종속기업 KV R&D Center Gmbh 독일 KISWIRE HONGKONG HOLDING LTD.의 종속기업 KISWIRE PINE BLUFF, INC. 미국 KISWIRE ATLANTA, INC.의 종속기업 KISWIRE AMERICA, "
고려강선(주),판정 대상,감사보고서 (2025.12),https://dart.fss.or.kr/dsaf001/main.do?rcpNo=20260402003209,주석,헝가리,0,"KISWIRE JAPAN CO. 일본 고려제강(주)의 연결범위내 종속기업 등 KISWIRE SZENTGOTTHARD LLC. 헝가리 고려제강(주)의 연결범위내 종속기업 등 KISWIRE TRADING, INC. 미국 고려제강(주)의 연결범위내 종속기업 등 KISWIRE, INC. 미국 고려제강(주)의 연결범위내 종속기업 등 K"
고려강선(주),판정 대상,감사보고서 (2025.12),https://dart.fss.or.kr/dsaf001/main.do?rcpNo=20260402003209,주석,체코,0,"속기업 등 VEROPE A.G. 스위스 고려제강(주)의 연결범위내 종속기업 등 KISWIRE CORD CZECH S.R.O. 체코 고려제강(주)의 연결범위내 종속기업 등 HYROPE (THAILAND) CO., LTD. 태국 고려제강(주)의 연결범위내 종속기업 등 케이랩(주) 대한민국 고려제강(주)의 연결범위내 종속기업 등 "
고려강선(주),판정 대상,감사보고서 (2025.12),https://dart.fss.or.kr/dsaf001/main.do?rcpNo=20260402003209,주석,독일,0," ROPE CORPORATION 미국 고려제강(주)의 연결범위내 종속기업 등 VEROPE SERVICE CENTER GMBH 독일 고려제강(주)의 연결범위내 종속기업 등 ALPS, LLC. 미국 고려제강(주)의 연결범위내 종속기업 등 VEROPE USA, INC. 미국 고려제강(주)의 연결범위내 종속기업 등 Verope Fr"
고려강선(주),판정 대상,감사보고서 (2025.12),https://dart.fss.or.kr/dsaf001/main.do?rcpNo=20260402003209,주석,프랑스,0,"기업 등 VEROPE USA, INC. 미국 고려제강(주)의 연결범위내 종속기업 등 Verope France S.A.R.L. 프랑스 고려제강(주)의 연결범위내 종속기업 등 Verope U.K. LTD. 영국 고려제강(주)의 연결범위내 종속기업 등 LTI STEEL WIRE ROPE (SHANGHAI) CO., LTD. 중국 고"
고려강선(주),판정 대상,감사보고서 (2025.12),https://dart.fss.or.kr/dsaf001/main.do?rcpNo=20260402003209,주석,EUR,2,"액 당기말 전기말 종속기업 KISWIRE CORD YANGTZE CO., LTD. 외화대출(운전자금) 신한은행 26,702 (EUR 15,840) 24,215 (EUR 15,840) 외화대출(운전자금) 신한은행 11,012 (JPY 1,200,000) 11,238 (JPY 1,200,000) KISWIRE PINE BLUFF,"
고려강선(주),판정 대상,감사보고서 (2025.12),https://dart.fss.or.kr/dsaf001/main.do?rcpNo=20260402003209,주석,EUR,2,"신한은행 21,524 (USD 15,000) 22,050 (USD 15,000) 합 계 59,238 (USD 15,000) (EUR 15,840) (JPY 1,200,000) 57,503 (USD 15,000) (EUR 15,840) (JPY 1,200,000) 31.6 자금거래보고기간 중 당사와 특수관계자의 자금거래는 다음과"
세아씨엠,판정 대상,감사보고서 (2025.12),https://dart.fss.or.kr/dsaf001/main.do?rcpNo=20260326000276,(첨부)재 무 제 표,유로,0,"부된 재무제표는 당사가 작성한 것입니다."" 주식회사 세아씨엠 대표이사 조진호 본점 소재지 : (도로명주소) 전라북도 군산시 자유로 241 (전 화) 063-469-8500 재 무 상 태 표 제 9 기말 2025년 12월 31일 현재 제 8 기말 2024년 12월 31일 현재 주식회사 세아씨엠 (단위: 원) 과 목 주석 제 9"
세아씨엠,판정 대상,감사보고서 (2025.12),https://dart.fss.or.kr/dsaf001/main.do?rcpNo=20260326000276,주석,유로,-2,"의 발행주식전부를 소유하고 있습니다. 당사는 아연도금강판, 컬러강판 등 판재사업을 주사업으로 하고 있으며, 전라북도 군산시 자유로에 본사 및 공장을 두고 있습니다. 2. 재무제표 작성기준 및 중요한 회계정책 (1) 재무제표 작성기준당사는 한국채택국제회계기준을 적용하여 재무제표를 작성하고 있습니다. 재무제표 작성에 적용된 중요"
세아씨엠,판정 대상,감사보고서 (2025.12),https://dart.fss.or.kr/dsaf001/main.do?rcpNo=20260326000276,주석,EUR,5,"습니다. ① 환위험에 대한 노출 당기말 현재 당사의 환위험에 대한 노출정도는 다음과 같습니다. (외화단위: USD, JPY, EUR) 구 분 당기말 전기말 USD JPY EUR USD JPY EUR 현금및현금성자산 2,209,027 10,318,710 717,395 5,430,454 - 196,039 매출채권및기타채권 19,3"
세아씨엠,판정 대상,감사보고서 (2025.12),https://dart.fss.or.kr/dsaf001/main.do?rcpNo=20260326000276,주석,EUR,2,"584,045 (584,045) (301,217) 301,217 JPY 4,734 (4,734) 30,330 (30,330) EUR 58,057 (58,057) 13,993 (13,993) 합 계 646,836 (646,836) (256,894) 256,894 (2) 신용위험 당사는 신용위험을 관리하기 위하여 신용도가 일정 수"
포스코,판정 대상,[기재정정]사업보고서 (2025.12),https://dart.fss.or.kr/dsaf001/main.do?rcpNo=20260312001382,2. 회사의 연혁,독일,0,"멤버 선정- Park1538 IF디자인 어워드 수상(3개부문:조경,통합사인,키네틱아트) 2022.5월 - 포스코-Becker(독일 최대 가공센터) 상호 비즈니스 협력 MOU 체결- 포스코-한국철강협회-한국가스공사 주배관용 고강도 대구경 수소 배관 개발을 위한 MOU 체결 2022.6월 - 포스코, 2021년 중소기업 컨소시엄"
포스코,판정 대상,[기재정정]사업보고서 (2025.12),https://dart.fss.or.kr/dsaf001/main.do?rcpNo=20260312001382,1. 사업의 개요,유럽,3,"025년 말 누계 기준 한국을 비롯한 50개의 국가에 제품을 판매하였으며, 주요 해외시장은 동남아(21%), 일본(16%), 유럽(14%) 등 입니다. 회사는 고객 맞춤 서비스 제공을 통한 장기 고객 확보를 위해 세계 주요 거점 시장에서 다수의 해외 생산법인과 해외가공센터를 운영하고 있습니다. [ESG 경영] 포스코는 지속가"
포스코,판정 대상,[기재정정]사업보고서 (2025.12),https://dart.fss.or.kr/dsaf001/main.do?rcpNo=20260312001382,4. 매출 및 수주상황,유럽,4,"판매확대 . 내수시장 점유율 우위 유지 . 수익성 및 고객가치를 우선한 지역별 판매 전략- 주력시장 마케팅 강화 . 주력시장(유럽, 중국, 동/서남아 등) 판매 안정화 . 주요고객사 동반성장 기반 유지 . 고객사 관리강화를 위한 해외현지 판매능력 보강- 경쟁력 있는 소재 확보 . 고품질의 포스코 원소재의 안정적 확보로 품질경"
포스코,판정 대상,[기재정정]사업보고서 (2025.12),https://dart.fss.or.kr/dsaf001/main.do?rcpNo=20260312001382,5. 위험관리 및 파생거래,EUR,-2," 위험요인의 영향을 받고 있습니다. 회사의 영업활동에 따라 환율변동 위험에 노출되는 주요 통화로는 USD, JPY, CNY, EUR 등이 있습니다. 나. 위험관리 방식 회사 및 계열사의 위험관리는 해외 영업활동에서 파생되는 다양한 시장 위험을 최소화 하는데 중점을 두고 있습니다. 외화수지 관점에서 회사의 환위험 관리의 주요정책"
포스코,판정 대상,[기재정정]사업보고서 (2025.12),https://dart.fss.or.kr/dsaf001/main.do?rcpNo=20260312001382,7. 기타 참고사항,구주,0," 하는 장치 산업입니다. 철강 업체들은 규모의 경제를 통한 생산원가 절감 및 가격 경쟁력 확보에 집중하고 있습니다. 한편, 미구주를 중심으로 자국 철강 산업을 보호하기 위한 보호무역주의가 심화되고 있고, 세계적으로 저탄소에 대한 요구가 가속화되고 있습니다. 포스코는 수입재를 방어하고 국내 시장 점유율 확대에 주력하는 한편 탄"
포스코,판정 대상,[기재정정]사업보고서 (2025.12),https://dart.fss.or.kr/dsaf001/main.do?rcpNo=20260312001382,7. 기타 참고사항,유럽,4,"로 사용되고 있습니다. 회사의 판매 구조는 내수와 수출의 비중이 약 52 : 48 수준이며, 수출 지역별로는 동남아, 일본, 유럽 등의 비중이 높은 편입니다. 회사는 주문생산/판매 체제를 유지하고 있으며, 안정적인 판매 확보를 위해 내수 판매 중 실수요 직거래 판매 비중을 약 61% 수준으로 유지하고 있습니다. 4) 회사의 "
포스코,판정 대상,[기재정정]사업보고서 (2025.12),https://dart.fss.or.kr/dsaf001/main.do?rcpNo=20260312001382,7. 기타 참고사항,EU,0,"출 사고 등 연이은 화학 사고를 계기로, 정부는 화학물질 관리 체계의 근본적인 혁신을 추진해 왔습니다. 그 결과 2015년, EU의 REACH 제도를 모델로 한「화학물질의 등록 및 평가 등에 관한 법률」을 제정하여 유해성 정보가 확인되지 않은 화학물질의 사용을 엄격히 제한하고 있으며,「화학물질관리법」을 통해 취급 관리와 사고"
포스코,판정 대상,[기재정정]사업보고서 (2025.12),https://dart.fss.or.kr/dsaf001/main.do?rcpNo=20260312001382,7. 기타 참고사항,EU,-2,"이해관계자에게 투명하게 공개하고 있습니다. 또한 제품별 전과정 평가(LCA)를 통해 환경성적표지(EPD)인증을 완료하였으며, EU탄소국경조정 제도(CBAM) 도입에도 적극적으로 대응하고 있습니다. (환경관리) 사업장 굴뚝으로 배출되는 미세먼지(먼지, 황산화물, 질소산화물)의 배출 총량을 제한하는 「권역별 대기환경개선에 관한 "
포스코,판정 대상,[기재정정]사업보고서 (2025.12),https://dart.fss.or.kr/dsaf001/main.do?rcpNo=20260312001382,3. 연결재무제표 주석,폴란드,3,Processing Center Sp. z o. o. 철강재 가공 및 판매 60.00 - 60.00 60.00 - 60.00 폴란드 POSCO Thainox Public Company Limited STS 냉연 제조 및 판매 74.56 - 74.56 74.56 - 74.56 태국 POSCO(Chongqing) Automotiv
포스코,판정 대상,[기재정정]사업보고서 (2025.12),https://dart.fss.or.kr/dsaf001/main.do?rcpNo=20260312001382,3. 연결재무제표 주석,슬로바키아,3,"2 중국 POSCO-SAMSUNG-SLOVAKIA PROCESSING CENTER 철강재 가공 및 판매 30.00 30.00 슬로바키아 ZHANGJIAGANG XIAO-SHA COIL SERVICE CENTER CO.,LTD(주6) 철강재 가공 및 판매 17.50 17.50 중국 POSCO Vietnam Processing Cen"
포스코,판정 대상,[기재정정]사업보고서 (2025.12),https://dart.fss.or.kr/dsaf001/main.do?rcpNo=20260312001382,3. 연결재무제표 주석,유로,0,적 어려움- 이자지급이나 원금상환의 불이행이나 지연과 같은 계약 위반- 차입자의 재무적 어려움에 관련된 경제적 또는 법률적 이유로 인한 당초 차입조건 의 불가피한 완화- 차입자의 파산가능성이 높아지거나 그 밖의 재무구조조정 가능성이 높아짐- 재무적 어려움으로 인해 해당 금융자산에 대한 활성시장 소멸 4) 금융자산의 제각연결실
포스코,판정 대상,[기재정정]사업보고서 (2025.12),https://dart.fss.or.kr/dsaf001/main.do?rcpNo=20260312001382,3. 연결재무제표 주석,EUR,2,"5,633 9,588 CNY 201,746 11,104 281,254 10,692 INR 344,796 - 559,290 - EUR 28,286 25,276 15,544 22,470 기 타 319,310 63,428 669,351 79,463 합 계 2,445,347 5,625,671 3,390,360 7,588,746 2) "
포스코,판정 대상,[기재정정]사업보고서 (2025.12),https://dart.fss.or.kr/dsaf001/main.do?rcpNo=20260312001382,3. 연결재무제표 주석,EUR,2,"Y 19,064 (19,064) 27,056 (27,056) INR 34,480 (34,480) 55,929 (55,929) EUR 301 (301) (693) 693 (5) 이자율위험 1) 당기말과 전기말 현재 연결실체가 보유하고 있는 이자부 금융상품의 장부금액은 다음과 같습니다. (단위: 백만원) 구 분 제 4(당) 기 제"
포스코,판정 대상,[기재정정]사업보고서 (2025.12),https://dart.fss.or.kr/dsaf001/main.do?rcpNo=20260312001382,3. 연결재무제표 주석,유럽,3,"248,812 114,112 인도네시아 2,935,596 3,158,193 아시아(기타) 5,596,766 2,892,543 유럽 941,977 316,695 기타지역 826,148 1,055,233 합 계 43,559,136 44,644,092 2) 당기말 및 전기말 현재 연결실체의 지역별 비유동자산은 다음과 같습니다. ("
포스코,판정 대상,[기재정정]사업보고서 (2025.12),https://dart.fss.or.kr/dsaf001/main.do?rcpNo=20260312001382,3. 연결재무제표 주석,유럽,3,"국 11,942 24,282 인도네시아 2,428,877 2,783,720 아시아(기타) 1,145,474 1,249,152 유럽 184,216 205,142 기타지역 249,254 298,103 합 계 25,312,256 25,717,370 지역에 대한 정보는 당사 및 종속기업이 소재한 지역을 기준으로 산정되었으며, 지역별"
포스코,판정 대상,[기재정정]사업보고서 (2025.12),https://dart.fss.or.kr/dsaf001/main.do?rcpNo=20260312001382,5. 재무제표 주석,유로,0,적 어려움- 이자지급이나 원금상환의 불이행이나 지연과 같은 계약 위반- 차입자의 재무적 어려움에 관련된 경제적 또는 법률적 이유로 인한 당초 차입 조건의 불가피한 완화- 차입자의 파산가능성이 높아지거나 그 밖의 재무구조조정 가능성이 높아짐- 재무적 어려움으로 인해 해당 금융자산에 대한 활성시장 소멸4) 금융자산의 제각 당사는
포스코,판정 대상,[기재정정]사업보고서 (2025.12),https://dart.fss.or.kr/dsaf001/main.do?rcpNo=20260312001382,5. 재무제표 주석,폴란드,5,",972 36,972 36,972 POSCO-Poland Wroclaw Processing Center Sp. z o. o. 폴란드 철강재 가공 및 판매 60,000 60.00 35,148 22,929 22,929 22,929 POSCO-Mexico Villagran Wire-rod Processing Center 멕시코 철강"
포스코,판정 대상,[기재정정]사업보고서 (2025.12),https://dart.fss.or.kr/dsaf001/main.do?rcpNo=20260312001382,5. 재무제표 주석,슬로바키아,5,"138,603 12,101 12,101 12,101 POSCO-SAMSUNG-SLOVAKIA PROCESSING CENTER 슬로바키아 철강재 가공 및 판매 30 30.00 14,555 6,205 6,205 6,205 M RES NSW HCC II Pty Ltd(주6,7) 호주 광산 투자 48,000,000 61.54 109,13"
포스코,판정 대상,[기재정정]사업보고서 (2025.12),https://dart.fss.or.kr/dsaf001/main.do?rcpNo=20260312001382,5. 재무제표 주석,EUR,2,"5,421 9,588 CNY 201,731 11,104 281,239 10,692 INR 344,796 - 559,290 - EUR 32,956 2,364 13,674 2,953 기 타 204,370 - 654,507 832 합 계 2,290,206 5,527,096 3,321,681 7,420,960 2) 당기말과 전기말 현"
포스코,판정 대상,[기재정정]사업보고서 (2025.12),https://dart.fss.or.kr/dsaf001/main.do?rcpNo=20260312001382,5. 재무제표 주석,EUR,2,"Y 19,063 (19,063) 27,055 (27,055) INR 34,480 (34,480) 55,929 (55,929) EUR 3,059 (3,059) 1,072 (1,072) (5) 이자율위험 당기말과 전기말 현재 당사가 보유하고 있는 이자부 금융상품의 장부금액은 다음과 같습니다. (단위: 백만원) 구 분 제 4(당) "
포스코,판정 대상,[기재정정]사업보고서 (2025.12),https://dart.fss.or.kr/dsaf001/main.do?rcpNo=20260312001382,8. 기타 재무에 관한 사항,유럽,5,"074) 영업손익 208,587 (1,064,461) 35,943 자산 4,003,527 4,143,264 1,974,624 유럽 외부매출액 941,977 316,695 263,368 총매출액 943,173 317,257 263,368 내부매출액 (1,196) (562) - 영업손익 4,264 (394,262) 13,225 "
포스코,판정 대상,[기재정정]사업보고서 (2025.12),https://dart.fss.or.kr/dsaf001/main.do?rcpNo=20260312001382,8. 기타 재무에 관한 사항,유로,0,분배액이 확정된 경우 분배액을 초과하는 채권액 전액 잔여재산분배액이 확정되지 않은 경우 100% 강제집행 50% 소송 외의 사유로 법적청구권이 소멸한 채권 100% 채권회수에 대한 분쟁이 3년이상 지속된 경우 100% 회수에 따른 비용이 채권 금액을 초과하는 경우 100% 채무자가 사망한 경우 50% 3) 대손설정_집합적 검
포스코,판정 대상,[기재정정]사업보고서 (2025.12),https://dart.fss.or.kr/dsaf001/main.do?rcpNo=20260312001382,2. 개요,유럽,1,"반의 컬러강판 비관세 규제를 마련하는 등 내수 고객사와의 상생 협력을 강화하며 국내 철강 생태계의 강건화에 앞장섰습니다.미국·유럽 등 기존 주요 수출시장에서 무역 규제가 확산됨에 따라, 중남미와 같은 새로운 시장으로 판매량을 확대하는 등 탄력적인 수출 포트폴리오 조정을 통해 급변하는 글로벌 통상 환경의 영향을 최소화했습니다."
포스코,판정 대상,[기재정정]사업보고서 (2025.12),https://dart.fss.or.kr/dsaf001/main.do?rcpNo=20260312001382,2. 개요,유럽,1,"시장으로 판매량을 확대하는 등 탄력적인 수출 포트폴리오 조정을 통해 급변하는 글로벌 통상 환경의 영향을 최소화했습니다. 또한 유럽 시장에서는 국가 쿼터 최대 확보를 위한 아웃리치(Outreach) 활동을 전개하고, 미국 시장에서는 에너지 분야를 타깃으로 API(American Petroleum Institute) 인증 고급강"
포스코,판정 대상,[기재정정]사업보고서 (2025.12),https://dart.fss.or.kr/dsaf001/main.do?rcpNo=20260312001382,4. 유동성 및 자금조달과 지출,유로,0,"보하고 있으며, 종속회사 역시 당사 및 종속회사의 지급보증 등을 통하여 차입한도를 확보하고 있습니다. 또한 회사는 유동자금 보유로 불확실성에 대비하고 지속적인 투자에 대응하려 노력하고 있으며 대규모 시설투자의 경우에는 내부 유보자금 활용이나 장기차입을 통해 유동성 위험을 최소화 하고 있습니다. [유동성 현황] 연결회사는 당기"
포스코,판정 대상,[기재정정]사업보고서 (2025.12),https://dart.fss.or.kr/dsaf001/main.do?rcpNo=20260312001382,1. 연결대상 종속회사 현황(상세),폴란드,3,"1110호) ○ POSCO-Poland Wroclaw Processing Center Sp. z o. o. 2007년 10월 폴란드 브로츠와프 철강재 가공 및 판매 91,424 기업 의결권의 과반수소유(회계기준서1110호) ○ POSCO Thainox Public Company Limited 1990년 7월 태국 방콕 STS "
세아베스틸,판정 대상,사업보고서 (2025.12),https://dart.fss.or.kr/dsaf001/main.do?rcpNo=20260313000646,5. 정관에 관한 사항,유럽,1,"기 위한 세아의 신념에 부응하는 기업의 사회적 역할 강화 3. 시장의 주요 특성/규모 및 성장성 탁구시장은 주요하게 아시아와 유럽과 같은 지역에서 높은 인지도를 가지고 있습니다. 올림픽, 세계 선수권 대회 등 주요 국제 대회에 탁구가 포함되면서 타 국가에서도 인기를 증가하는 추세를 보입니다. 또한, 북미, 유럽, 아시아 태평"
세아베스틸,판정 대상,사업보고서 (2025.12),https://dart.fss.or.kr/dsaf001/main.do?rcpNo=20260313000646,5. 정관에 관한 사항,유럽,1,"픽, 세계 선수권 대회 등 주요 국제 대회에 탁구가 포함되면서 타 국가에서도 인기를 증가하는 추세를 보입니다. 또한, 북미, 유럽, 아시아 태평양, 중동 등으로 구분되는 특징이 있습니다. 북미에는 미국과 캐나다가 포함되며, 이 지역의 시장은 스포츠 애호가와 레크리에이션 선수에 의해 주도됩니다. 유럽은 특히 독일과 프랑스와 같"
세아베스틸,판정 대상,사업보고서 (2025.12),https://dart.fss.or.kr/dsaf001/main.do?rcpNo=20260313000646,5. 정관에 관한 사항,유럽,1,"특징이 있습니다. 북미에는 미국과 캐나다가 포함되며, 이 지역의 시장은 스포츠 애호가와 레크리에이션 선수에 의해 주도됩니다. 유럽은 특히 독일과 프랑스와 같은 국가에서 탁구의 강력한 전통성을 가지며, 아시아 태평양은 저비용 레크리에이션으로 중국 및 일본 등 가장 큰 시장을 보유하고 있습니다. 중동 역시 관심이 높아지고 점진적"
세아베스틸,판정 대상,사업보고서 (2025.12),https://dart.fss.or.kr/dsaf001/main.do?rcpNo=20260313000646,5. 위험관리 및 파생거래,유로,0," 적용되도록 하고 있습니다. [외환위험]당사는 국제적으로 영업활동을 영위하고 있어 외환위험, 특히, 주로 달러화, 일본엔화, 유로화 및 위안화와 관련된 환율변동위험에 노출되어 있습니다. 또한 당사의 환위험은 외화로 표시된 화폐성자산과 화폐성부채의 환율변동과 관련하여 발생하고 있습니다. 당사는 내부적으로 원화 환율 변동에 대한"
세아베스틸,판정 대상,사업보고서 (2025.12),https://dart.fss.or.kr/dsaf001/main.do?rcpNo=20260313000646,5. 재무제표 주석,유로,-2,어려움 ② 채무불이행이나 연체 같은 계약위반 (상기 3-2) 참고) ③ 차입자의 재무적 어려움에 관련된 경제적 또는 계약상 이유로 인한 차입조건의 불가피한 완화 ④ 차입자의 파산 가능성이 높아지거나 그 밖의 재무구조조정 가능성이 높아짐 ⑤ 재무적 어려움으로 해당 금융자산에 대한 활성시장의 소멸 3-4) 제각정책 차입자가 청산
세아베스틸,판정 대상,사업보고서 (2025.12),https://dart.fss.or.kr/dsaf001/main.do?rcpNo=20260313000646,5. 재무제표 주석,유럽,2,"99 67,602,375 아시아 165,362,584 173,255,335 오세아니아 23,124,900 21,534,808 유럽 87,117,077 96,642,924 기타 4,011,990 1,988,810 합 계 2,000,799,316 2,024,922,507 재화나 용역의 이전 시기 한 시점에 인식하는 수익 1,96"
세아베스틸,판정 대상,사업보고서 (2025.12),https://dart.fss.or.kr/dsaf001/main.do?rcpNo=20260313000646,5. 재무제표 주석,EUR,2," 75,535,421 150,324,741 JPY 11,934,810 2,996,456 12,315,524 4,801,254 EUR 7,813,739 34,069 6,318,458 21,322 CNY 1,803,919 - 1,420,760 - 합 계 95,116,489 80,805,612 95,590,163 155,147,31"
세아베스틸,판정 대상,사업보고서 (2025.12),https://dart.fss.or.kr/dsaf001/main.do?rcpNo=20260313000646,5. 재무제표 주석,EUR,2,"(7,478,932) 421,107 7,478,932 JPY 893,835 751,427 (893,835) (751,427) EUR 777,967 629,714 (777,967) (629,714) CNY 180,392 142,076 (180,392) (142,076) 상기 민감도 분석은 당기말 현재 기능통화 이외의 외화로 표시"
세아베스틸,판정 대상,사업보고서 (2025.12),https://dart.fss.or.kr/dsaf001/main.do?rcpNo=20260313000646,8. 기타 재무에 관한 사항,유로,0,배액이 확정된 경우 분배액을 초과하는 채권액 전액 잔여재산분배액이 확정되지 않은 경우 100% 강제집행 100% 소송 외의 사유로 법적청구권이 소멸한 채권 100% 채권회수에 대한 분쟁이 3년이상 지속된 경우 100% 회수에 따른 비용이 채권 금액을 초과하는 경우 100% 채무자가 사망한 경우 50% 3) 집합적 검토 채권의
세아베스틸,판정 대상,사업보고서 (2025.12),https://dart.fss.or.kr/dsaf001/main.do?rcpNo=20260313000646,2. 개요,유럽,1,"영업이익은 321억원을 기록했습니다.2026년은 보호무역주의 기조 강화에 따른 주요 수출국의 통상 규제 및 수입 쿼터 제한, 유럽 탄소국경조정제도(CBAM)의 본격 시행 등 글로벌 통상 환경의 변동성이 더욱 확대될 것으로 전망됩니다. 또한 원가 측면에서는 에너지 단가 인상 요인에 따른 가공비 상승 압박과 국내외 전기로 증설 "
울산알루미늄 주식회사,판정 대상,감사보고서 (2026.03),https://dart.fss.or.kr/dsaf001/main.do?rcpNo=20260703000011,주석,EUR,2,"외화금액 원화환산액 매입채무 US$ 112 169 US$ 211 309 JP￥ 28,000 265 JP￥ 24,920 245 EUR - - EUR 5 8 CAD 23 24 CAD 1 1 미지급금 US$ 113 170 US$ 1,336 1,958 JP￥ 69,825 661 JP￥ 1,500 15 EUR 78 136 EUR 749"
울산알루미늄 주식회사,판정 대상,감사보고서 (2026.03),https://dart.fss.or.kr/dsaf001/main.do?rcpNo=20260703000011,주석,EUR,2," CAD 1 1 미지급금 US$ 113 170 US$ 1,336 1,958 JP￥ 69,825 661 JP￥ 1,500 15 EUR 78 136 EUR 749 1,189 CAD - - CAD 161 166 11. 우발채무와 약정사항 (1) 당좌차월 거래 약정회사는 2026년 3월 31일 현재 신한은행과 30억원(전기말: 30억"
포스코모빌리티솔루션,판정 대상,감사보고서 (2025.12),https://dart.fss.or.kr/dsaf001/main.do?rcpNo=20260326000118,주석,폴란드,2,"3,521,677 20,704,335 15,510,880 POSCO INTERNATIONAL POLAND E-MOBILITY 폴란드 301,282 20.00% 10,397,597 46,105,242 9,221,049 8,956,264 합 계 32,635,499 149,626,919 29,925,384 35,565,628 (*1"
포스코모빌리티솔루션,판정 대상,감사보고서 (2025.12),https://dart.fss.or.kr/dsaf001/main.do?rcpNo=20260326000118,주석,EUR,2,"JPY 739,889 89,194 509,725 137,735 CNY 366,443 259,750 632,126 51,589 EUR 4,697,870 390,738 3,134,657 699,081 합 계 29,725,617 1,267,538 27,210,789 1,484,211 2) 당기말 및 전기말 현재 각 외화 자산 및 부"
포스코모빌리티솔루션,판정 대상,감사보고서 (2025.12),https://dart.fss.or.kr/dsaf001/main.do?rcpNo=20260326000118,주석,EUR,2,"Y 65,070 (65,070) 37,199 (37,199) CNY 10,669 (10,669) 58,054 (58,054) EUR 430,713 (430,713) 243,558 (243,558) (7) 이자율위험 당사의 이자율 위험은 차입금에서 비롯됩니다. 변동이자율로 발행된 차입금으로 인하여 당사는 이자율 위험에 노출되어 "
에스엔엔씨,판정 대상,감사보고서 (2025.12),https://dart.fss.or.kr/dsaf001/main.do?rcpNo=20260330000517,주석,유로,2,"630 635,775 3,124,630 하락시 (635,775) (3,124,630) (635,775) (3,124,630) 유로/원 상승시 (56,169) (50,408) (56,169) (50,408) 하락시 56,169 50,408 56,169 50,408 (2) 이자율 위험 이자율위험은 미래의 시장이자율 변동에 따라 "
에스엔엔씨,판정 대상,감사보고서 (2025.12),https://dart.fss.or.kr/dsaf001/main.do?rcpNo=20260330000517,주석,EUR,5,"식하고 있습니다. (3) 제공한 지급보증 당기말 현재 회사가 제공한 채무지급보증의 내용은 다음과 같습니다(단위: 천USD, 천EUR). 제공받는자 지급보증처 보증기간 금 액 실 차입금 실행액 지급보증한도 NMC 한국수출입은행 2025.07.31 ~ 2026.07.31 USD 35,000 USD 35,000 NMC POSCO A"
에스엔엔씨,판정 대상,감사보고서 (2025.12),https://dart.fss.or.kr/dsaf001/main.do?rcpNo=20260330000517,주석,EUR,2,"SD 35,000 USD 35,000 NMC POSCO Asia Co., Ltd. 2025.03.29 ~ 2026.03.27 EUR 31,508 EUR 37,809 (4) 회사의 자산에 대한 담보 및 질권설정 내역은 다음과 같습니다(단위: 천원). 담보- 제공자산 장부금액 설정금액 관련계정과목 차입금액 담보권자 토지 44,24"
에스엔엔씨,판정 대상,감사보고서 (2025.12),https://dart.fss.or.kr/dsaf001/main.do?rcpNo=20260330000517,주석,EUR,5,"위하여 제공하고 있는 지급보증의 내역은 다음과 같으며, 특수관계자로부터 제공받고 있는 담보 및 지급보증은 없습니다.(단위: 천EUR, 천USD). 제공받는자 지급보증처 보증기간 금 액 실 차입금 실행액 지급보증한도 NMC 한국수출입은행 2025.07.31 ~ 2026.07.31 USD 35,000 USD 35,000 NMC P"
에스엔엔씨,판정 대상,감사보고서 (2025.12),https://dart.fss.or.kr/dsaf001/main.do?rcpNo=20260330000517,주석,EUR,5,"SD 35,000 USD 35,000 NMC POSCO Asia Co., Ltd. 2025.03.29 ~ 2026.03.27 EUR 31,507 EUR 37,809 당기말 현재 회사가 NMC 지급보증을 위해 한국수출입은행에 질권설정한 한국산업은행의 정기예금은 7,500,000천원입니다(주석 9 참조). 33. 고객과의 계약과 "
포스코홀딩스(주),모회사 참고,사업보고서 (2025.12),https://dart.fss.or.kr/dsaf001/main.do?rcpNo=20260311004517,주석,폴란드,3,"Processing Center Sp. z o. o. 철강재 가공 및 판매 - 60.00 60.00 - 60.00 60.00 폴란드 POS-NP PTY LTD 석탄 판매 - 100.00 100.00 - 100.00 100.00 호주 DAEWOO INTERNATIONAL SHANGHAI WAIGAOQIAO CO., LTD 중개무"
포스코홀딩스(주),모회사 참고,사업보고서 (2025.12),https://dart.fss.or.kr/dsaf001/main.do?rcpNo=20260311004517,주석,이탈리아,3,"cessing Center 스테인레스 강판 제조 및 판매 88.89 11.11 100.00 88.89 11.11 100.00 이탈리아 Myanmar POSCO C&C Company,Limited. 철강재 가공 및 판매 - 70.00 70.00 - 70.00 70.00 미얀마 POSCO DX VIETNAM IT서비스 및 전기제어 "
포스코홀딩스(주),모회사 참고,사업보고서 (2025.12),https://dart.fss.or.kr/dsaf001/main.do?rcpNo=20260311004517,주석,슬로베니아,3,"urope Steel Distribution Center 물류 및 철강판매 - 90.00 90.00 - 90.00 90.00 슬로베니아 POSCO ENGINEERING (THAILAND) CO., LTD. 건설 및 용역 - 100.00 100.00 - 100.00 100.00 태국 POSCO VST CO., LTD. 스테인레스 강"
포스코홀딩스(주),모회사 참고,사업보고서 (2025.12),https://dart.fss.or.kr/dsaf001/main.do?rcpNo=20260311004517,주석,독일,0,SCO INTERNATIONAL Deutschland GMBH 무역 - 100.00 100.00 - 100.00 100.00 독일 POSCO INTERNATIONAL JAPAN CORP. 무역 - 100.00 100.00 - 100.00 100.00 일본 POSCO INTERNATIONAL SINGAPORE PTE. LTD.
포스코홀딩스(주),모회사 참고,사업보고서 (2025.12),https://dart.fss.or.kr/dsaf001/main.do?rcpNo=20260311004517,주석,이탈리아,0," POSCO INTERNATIONAL ITALIA S.R.L. 무역 - 100.00 100.00 - 100.00 100.00 이탈리아 POSCO INTERNATIONAL (CHINA) CO., LTD 무역 - 100.00 100.00 - 100.00 100.00 중국 POSCO INTERNATIONAL TEXTILE LLC. 방"
포스코홀딩스(주),모회사 참고,사업보고서 (2025.12),https://dart.fss.or.kr/dsaf001/main.do?rcpNo=20260311004517,주석,폴란드,0, Sourcing Center Sp. z o.o 기타 비철금속 제련 100.00 - 100.00 100.00 - 100.00 폴란드 POSCO INTERNATIONAL E&P MALAYSIA SDN. BHD. 원유 및 천연가스 채굴 - 100.00 100.00 - 100.00 100.00 말레이시아 AGPA PTE. LTD. 
포스코홀딩스(주),모회사 참고,사업보고서 (2025.12),https://dart.fss.or.kr/dsaf001/main.do?rcpNo=20260311004517,주석,폴란드,0,"UTION POLAND Sp. z o.o., 제조, 자동차 모터부품 - 100.00 100.00 - 100.00 100.00 폴란드 PT POSCO INTERNATIONAL ENP INDONESIA 원유 및 천연가스 채굴 - 100.00 100.00 - 100.00 100.00 인도네시아 POSCO INTERNATIONAL E"
포스코홀딩스(주),모회사 참고,사업보고서 (2025.12),https://dart.fss.or.kr/dsaf001/main.do?rcpNo=20260311004517,주석,네덜란드,0,"제 제조 40.00 40.00 중국 MONG DUONG FINANCE HOLDINGS B.V.(주4) 금융지주 - 30.00 네덜란드 FQM Australia Holdings Pty Ltd 비철금속광업 24.32 24.32 호주 Qingdao ZhongShou New Energy Technology Co.,Ltd(주1) 인조흑연"
포스코홀딩스(주),모회사 참고,사업보고서 (2025.12),https://dart.fss.or.kr/dsaf001/main.do?rcpNo=20260311004517,주석,슬로바키아,3,0 중국 POSCO-SAMSUNG-SLOVAKIA PROCESSING CENTER 철강재 가공 및 판매 30.00 30.00 슬로바키아 YULCHON MEXICO S.A. DE C.V. 자동차용 튜브 제조 11.85 11.85 멕시코 HYUNSON ENGINEERING & CONSTRUCTION HYENCO 건설 4.89 4.89
포스코홀딩스(주),모회사 참고,사업보고서 (2025.12),https://dart.fss.or.kr/dsaf001/main.do?rcpNo=20260311004517,주석,유로,0,적 어려움- 이자지급이나 원금상환의 불이행이나 지연과 같은 계약 위반- 차입자의 재무적 어려움에 관련된 경제적 또는 법률적 이유로 인한 당초 차입조건 의 불가피한 완화- 차입자의 파산가능성이 높아지거나 그 밖의 재무구조조정 가능성이 높아짐- 재무적 어려움으로 인해 해당 금융자산에 대한 활성시장 소멸 4) 금융자산의 제각연결실
포스코홀딩스(주),모회사 참고,사업보고서 (2025.12),https://dart.fss.or.kr/dsaf001/main.do?rcpNo=20260311004517,주석,EUR,0,"발행한 교환사채 발행 조건은 다음과 같습니다. 구 분 내 역 1. 사채의 종류 외화 해외교환사채 2. 사채의 권면총액(주1) EUR 27,100,000 3. 사채의 이율 표면이자율 - 만기이자율 (0.78%) 4. 만기일 2026년 09월 01일 5. 원금상환방법 1) 만기상환 : 만기까지 조기상환되거나 교환권을 행사하지 않은"
포스코홀딩스(주),모회사 참고,사업보고서 (2025.12),https://dart.fss.or.kr/dsaf001/main.do?rcpNo=20260311004517,주석,EUR,2,"ean-Up Call)- 관련 법령의 개정 등으로 인한 추가 조세부담사유가 발생하는 경우 (주1) 전기 중 교환사채 권면총액 EUR 1,065,900,000 중 EUR 1,038,800,000이 투자자의 조기상환권 청구로 상환되었습니다 (주2) 당기 중 현금배당으로 인해 교환가액이 변경되었습니다. 당사는 싱가포르 증권거래소에 "
포스코홀딩스(주),모회사 참고,사업보고서 (2025.12),https://dart.fss.or.kr/dsaf001/main.do?rcpNo=20260311004517,주석,EUR,2,"57(전) 기 자 산 부 채 자 산 부 채 USD 5,285,433 11,385,039 5,441,771 10,927,022 EUR 859,737 691,208 670,436 530,728 JPY 183,579 50,754 303,556 213,071 기 타 1,388,889 296,563 2,280,424 367,264 2)"
포스코홀딩스(주),모회사 참고,사업보고서 (2025.12),https://dart.fss.or.kr/dsaf001/main.do?rcpNo=20260311004517,주석,EUR,2,"기 10% 상승 10% 하락 10% 상승 10% 하락 USD (609,961) 609,961 (548,525) 548,525 EUR 16,853 (16,853) 13,971 (13,971) JPY 13,283 (13,283) 9,049 (9,049) (5) 이자율위험 1) 당기말과 전기말 현재 연결실체가 보유하고 있는 이자부 "
포스코홀딩스(주),모회사 참고,사업보고서 (2025.12),https://dart.fss.or.kr/dsaf001/main.do?rcpNo=20260311004517,주석,유로,0," 합의된 계약금액을 기준으로 측정하지만 계약을 수행하는 과정에서 계약변경, 보상금, 장려금에 따라 증가하거나 연결실체의 귀책사유로 완성시기가 지연됨에 따라 위약금을 부담할 때 감소될 수 있으므로 계약수익의 측정은 미래사건의 결과와 관련된 다양한 불확실성에 영향을 받습니다. 2) 총계약원가계약수익금액은 누적발생계약원가를 기준으"
포스코홀딩스(주),모회사 참고,사업보고서 (2025.12),https://dart.fss.or.kr/dsaf001/main.do?rcpNo=20260311004517,주석,EUR,2,"O INTERNATIONAL POLAND E-MOBIL ITY SP. Z O.O. BNP Paribas Polska S.A. EUR 23,678,000 39,914 23,678,000 39,914 PT POSCO INTERNATIONAL ENP INDONESIA PT Bank Negara Indonesia USD 750,000"
포스코홀딩스(주),모회사 참고,사업보고서 (2025.12),https://dart.fss.or.kr/dsaf001/main.do?rcpNo=20260311004517,주석,EUR,2,",000 143,490 [관계기업 및 공동기업] 포스코홀딩스㈜ Nickel Mining Company SAS ING Bank EUR 46,000,000 77,543 46,000,000 77,543 PT.Nicole Metal Industry OCBC Bank 등 USD 40,180,000 57,654 17,090,526 24,"
포스코홀딩스(주),모회사 참고,사업보고서 (2025.12),https://dart.fss.or.kr/dsaf001/main.do?rcpNo=20260311004517,주석,아일랜드,2," 기타사업 알파도시에이치앤지 본 PF 채무인수 60,000 60,000 60,000 - - - - 60,000 - 기타사업 ㈜아일랜드원 본 PF 채무인수 50,000 50,000 50,000 - - - - 50,000 - 기타사업 ㈜한국자산개발 본 PF 채무인수 48,000 40,000 40,000 - - - 40,000 - -"
포스코홀딩스(주),모회사 참고,사업보고서 (2025.12),https://dart.fss.or.kr/dsaf001/main.do?rcpNo=20260311004517,주석,유럽,3,",873,999 3,156,962 아시아(기타) 7,751,121 7,382,157 북미 2,780,769 2,504,563 유럽 3,065,738 2,743,528 기타지역 2,355,867 2,388,476 합 계 69,094,886 72,688,143 2) 당기말과 전기말 현재 연결실체의 지역별 비유동자산은 다음과 같습"
포스코홀딩스(주),모회사 참고,사업보고서 (2025.12),https://dart.fss.or.kr/dsaf001/main.do?rcpNo=20260311004517,주석,유럽,3,",416,737 3,036,954 아시아(기타) 1,950,162 1,698,956 북미 2,400,911 1,857,787 유럽 324,813 302,775 기타지역 5,589,497 4,897,042 합 계 49,477,974 46,577,548 지역별 비유동자산은 투자부동산, 유형자산, 영업권 및 기타무형자산의 합계액입"
포스코홀딩스(주),모회사 참고,사업보고서 (2025.12),https://dart.fss.or.kr/dsaf001/main.do?rcpNo=20260311004517,2. 회사의 연혁,덴마크,0,"05.26 포스코, 수산화리튬공장 착공(광양 율촌산업단지_연산 4만 3000톤 규모) - 2021.05.26 포스코-오스테드(덴마크) 해상풍력 및 그린수소 사업 MOU 체결- 2021.06.05 포스코, 2020 기업시민보고서 발간 (업계 최초 ESG Factbook 신설) - 2021.06.25 포스코-하북강철 자동차강판 합"
포스코홀딩스(주),모회사 참고,사업보고서 (2025.12),https://dart.fss.or.kr/dsaf001/main.do?rcpNo=20260311004517,2. 회사의 연혁,유로,-2,"태계 조성위한 '체인지업 그라운드 포항' 개관- 2021.08.13 포스코, 국내 최초 그린본드 교환사채 해외 발행 (11억 유로 규모)- 2021.09.08 2021 수소모빌리티+쇼, 수소환원제철소 첫 공개 (경기 일산 킨텍스)- 2021.10.13 최정우 회장, 세계철강협회(worldsteel) 회장단 선임 (임기 3년)"
포스코홀딩스(주),모회사 참고,사업보고서 (2025.12),https://dart.fss.or.kr/dsaf001/main.do?rcpNo=20260311004517,2. 회사의 연혁,유럽,0,"자 확대해 이차전지 및 산업 용 흑연 추가 확보 (호주 블랙록마이닝과 4천만불 규모 투자계약)- 2024.09.10 포스코, 유럽 하이퍼루프 센터 시험노선에 전용 강재 공급 (352톤)- 2024.11.05 포스코중타이에어솔루션, 고순도 희귀가스 공장 착공 (13만 노멀입방미터)- 2024.11.07 포스코그룹, 이차전지용 "
포스코홀딩스(주),모회사 참고,사업보고서 (2025.12),https://dart.fss.or.kr/dsaf001/main.do?rcpNo=20260311004517,2. 회사의 연혁,폴란드,0,"4GW급 인천 해상풍력 사업 공동개발을 위한 MOU 체결- 2025.10.02 포스코인터내셔널, 연간 전기차 120만대 규모 폴란드 구동모터코아 공장 준공- 2025.10.10 포스코인터내셔널, 탄자니아 마헨게 흑연광산 개발 착공- 2025.10.22 포스코그룹 개방형 혁신(Open Innovation) 종합 플랫폼 브랜드 '"
포스코홀딩스(주),모회사 참고,사업보고서 (2025.12),https://dart.fss.or.kr/dsaf001/main.do?rcpNo=20260311004517,2. 회사의 연혁,폴란드,0,"사우디 건설JV 설립 본계약 체결 -'15.09 : 사우디 PIF 유상증자 주금납입 완료(3,965억원), -'16.06 : 폴란드 Krakow 폐기물발전사업 무재해 준공(회사 최초 동유럽 PJT) -'17.02 : ㈜포스코엔지니어링 흡수합병 -'19.10 : 포스코에이앤씨건축사사무소 자회사 편입 -'20.07 : 여의도 파크"
포스코홀딩스(주),모회사 참고,사업보고서 (2025.12),https://dart.fss.or.kr/dsaf001/main.do?rcpNo=20260311004517,2. 회사의 연혁,폴란드,2,"ON POLAND Sp. z o.o.) 설립 -'24.03 : 유상증자 (20,301천pln) -'24.05 : 신공장 착공(폴란드 브제크) -'24.09 : 사명변경 (POSCO INTERNATIONAL POLAND E-MOBILITY Sp.z.o.o.) -'24.09 : 유상증자 (106,483.7천pln) -'25.03 "
포스코홀딩스(주),모회사 참고,사업보고서 (2025.12),https://dart.fss.or.kr/dsaf001/main.do?rcpNo=20260311004517,5. 정관에 관한 사항,유로,0,문지식이나 경험이 풍부하고 관련법규에서 정한자격을 갖춘 자로 한다. 제35조 (이사의 보선) ② 사외이사의 사임ㆍ사망 등의 사유로 인하여 사외이사의 수가 이사 총수의 과반수에 미달하게 된 때에는 그 사유가 발생한 후 최초로 소집되는 주주총회에서 과반수가 되도록 하여야 한다. 제35조 (이사의 보선) ② 독립이사 의 사임ㆍ사망
포스코홀딩스(주),모회사 참고,사업보고서 (2025.12),https://dart.fss.or.kr/dsaf001/main.do?rcpNo=20260311004517,5. 정관에 관한 사항,유로,0,한 후 최초로 소집되는 주주총회에서 과반수가 되도록 하여야 한다. 제35조 (이사의 보선) ② 독립이사 의 사임ㆍ사망 등의 사유로 인하여 독립이사 의 수가 이사 총수의 과반수에 미달하게 된 때에는 그 사유가 발생한 후 최초로 소집되는 주주총회에서 과반수가 되도록 하여야 한다. 제36조 (이사의 보수) ③ 사외이사에게는 업무수
포스코홀딩스(주),모회사 참고,사업보고서 (2025.12),https://dart.fss.or.kr/dsaf001/main.do?rcpNo=20260311004517,4. 매출 및 수주상황,유럽,4,"확대 - 내수시장 점유율 우위 유지 - 수익성 및 고객가치를 우선한 지역별 판매 전략 2) 주력시장 마케팅 강화 - 주력시장(유럽, 중국, 동/서남아 등) 판매 안정화 - 주요고객사 동반성장 기반 유지 - 고객사 관리강화를 위한 해외현지 판매능력 보강 3) 경쟁력 있는 소재 확보 - 고품질의 포스코 원소재의 안정적 확보로 품"
포스코홀딩스(주),모회사 참고,사업보고서 (2025.12),https://dart.fss.or.kr/dsaf001/main.do?rcpNo=20260311004517,4. 매출 및 수주상황,폴란드,3,"산체제 구축- 구동모터코아 핵심 소재인 포스코산 전기강판 연계 패키지 마케팅을 통한 신규 고객사 수요 창출- 멕시코 2공장, 폴란드 공장 준공을 통한 글로벌 생산체제 목표 달성 기반 구축④ 팜오일 사업 밸류체인 확장을 통한 사업의 지속가능성과 경쟁력 확보- 인도네시아 팜 농장 및 종자 사업을 영위하는 PT.Prime Agri "
포스코홀딩스(주),모회사 참고,사업보고서 (2025.12),https://dart.fss.or.kr/dsaf001/main.do?rcpNo=20260311004517,4. 매출 및 수주상황,유럽,1,"화를 통해 전략적인 데이터센터와 자체/개발사업 참여 등 다변화를 추진 중에 있습니다. ③ 해외도급공사 : 동남아, 중남미, 동유럽 등 수행경험 보유한 지역을 기반으로 인프라 및 화공 플랜트 시장에 적극 진출하고 있으며, 시장 다변화 및 상품 다각화를 위해신규 사업 발굴에 주력하고 있습니다. 포스코이앤씨가 보유한 전문 엔지니어"
포스코홀딩스(주),모회사 참고,사업보고서 (2025.12),https://dart.fss.or.kr/dsaf001/main.do?rcpNo=20260311004517,4. 매출 및 수주상황,독일,5," 등은 회사 기밀에 속하는 관계로 총 수주금액 및 컨소시엄 구성원 등에 대해 간략하게 기재하였습니다. - 2023.07.26 독일 BENZ에 2,690억원 규모의 영구자석 공급 계약을 체결하였습니다 [기간 : (10년간) 2025.11.01 ~ 2034.10.31] - 2024.02.20 미국 STELLANTIS 9,000억"
포스코홀딩스(주),모회사 참고,사업보고서 (2025.12),https://dart.fss.or.kr/dsaf001/main.do?rcpNo=20260311004517,4. 매출 및 수주상황,독일,0, 감속기 부품 공급계약을 체결하였습니다. [기간 : (8년간) 2024.04.01~2032.12.31]- 2024.07.09 독일 SCHAEFFLER에 600억원 규모의 영구자석 공급계약을 체결하였습니다. [기간 : (7년간) 2027.07.01 ~ 2033.06.30] [인프라(건설부문)] ■ 포스코이앤씨 당기말 현재 포스
포스코홀딩스(주),모회사 참고,사업보고서 (2025.12),https://dart.fss.or.kr/dsaf001/main.do?rcpNo=20260311004517,5. 위험관리 및 파생거래,EUR,-2,"동 위험요인의 영향을 받고 있습니다. 회사의 영업활동에 따라 환율변동위험에 노출되는 주요 통화로는 USD, JPY, CNY, EUR 등이 있습니다. 나. 위험관리방식 회사 및 계열사의 위험관리는 해외 영업활동에서 파생되는 다양한 시장위험을 최소화 하는데 중점을 두고 있습니다. 외화수지 관점에서 회사의 환위험 관리의 주요정책은 "
포스코홀딩스(주),모회사 참고,사업보고서 (2025.12),https://dart.fss.or.kr/dsaf001/main.do?rcpNo=20260311004517,5. 위험관리 및 파생거래,EUR,0," 많은 수입업체와 달리 환율이 회사 이익에 미치는 영향이 상대적으로 크지않다 할 수 있습니다. 최근 수년간 물대 결제 통화가 EUR, JPY 등 USD 이외의 이종통화로 다변화 되고 있으며 이러한 상황을 고려하여 환위험 관리를 적극적으로 수행하고 있습니다. 나. 위험관리방식 회사는 환위험 관리규정 제정, 사내선물환제도 도입 및"
포스코홀딩스(주),모회사 참고,사업보고서 (2025.12),https://dart.fss.or.kr/dsaf001/main.do?rcpNo=20260311004517,5. 위험관리 및 파생거래,EUR,2," 구 분 내 용 미결제약정금액 총누적평가 매 수 매 도 이익(손실) 통화선도 USD 669,477 5,237 (11,803) EUR 89,901 1,188,168 (4,952) JPY 5,367,281 21,314,524 1,721 CNY 29,506 18,058 (11) THB 5,252 24,956 (550) GBP 27,"
포스코홀딩스(주),모회사 참고,사업보고서 (2025.12),https://dart.fss.or.kr/dsaf001/main.do?rcpNo=20260311004517,5. 위험관리 및 파생거래,EUR,2,"039) SOYBEAN 72,997 1,880 799 합 계 (10,052) 나. 미결제 통화스왑 계약 (단위 : 백만원, 천EUR, 천SGD, 천USD, 백만JPY) 구분 지급금액 수취금액 만기일 이자율 총누적평가이익(손실) Credit Agricole CIB KRW 19,340 EUR 14,041 2026.10.22 Eur"
포스코홀딩스(주),모회사 참고,사업보고서 (2025.12),https://dart.fss.or.kr/dsaf001/main.do?rcpNo=20260311004517,5. 위험관리 및 파생거래,EUR,2,"만JPY) 구분 지급금액 수취금액 만기일 이자율 총누적평가이익(손실) Credit Agricole CIB KRW 19,340 EUR 14,041 2026.10.22 Euribor(6M) + 0.86% 변동수취 4,568 Credit Agricole CIB KRW 65,498 USD 45,000 2027.06.25 USD TER"
포스코홀딩스(주),모회사 참고,사업보고서 (2025.12),https://dart.fss.or.kr/dsaf001/main.do?rcpNo=20260311004517,5. 위험관리 및 파생거래,EUR,2,"황 (단위 : 외화-천) 구분 금융기관 계약일 만기일 통화 계약금액 통화선도 신한은행 2025-09-05 2026-03-19 EUR 1,826 통화선도 신한은행 2025-09-05 2026-04-09 USD 11,223 나. 파생상품 평가손익 및 거래손익 현황 (단위 : 백만원) 구분 평가이익(손실) 거래이익(손실) 통화스왑 "
포스코홀딩스(주),모회사 참고,사업보고서 (2025.12),https://dart.fss.or.kr/dsaf001/main.do?rcpNo=20260311004517,6. 주요계약 및 연구개발활동,유럽,-2,"e/He, Xe/Kr 공정 및 분석기 설계 기술 지원 용역 (~'26.6 완료예정) 인프라 ㈜포스코모빌리티솔루션 2023년 ㆍ유럽向 고강도 301 Extra Hard 0.6㎜ 품질 인증('23.1분기)ㆍ자동차 연료분사 인젝션 430J1L 1.85㎜ 품질 인증('23.1분기)ㆍ3차년도('22년) ""경량화 대체 소재 기반 고성능"
포스코홀딩스(주),모회사 참고,사업보고서 (2025.12),https://dart.fss.or.kr/dsaf001/main.do?rcpNo=20260311004517,7. 기타 참고사항,구주,0," 하는 장치 산업입니다. 철강 업체들은 규모의 경제를 통한 생산원가 절감 및 가격 경쟁력 확보에 집중하고 있습니다. 한편, 미구주를 중심으로 자국 철강 산업을 보호하기 위한 보호무역주의가 심화되고 있고, 세계적으로 저탄소에 대한 요구가 가속화되고 있습니다. 포스코는 수입재를 방어하고 국내 시장 점유율 확대에 주력하는 한편 탄"
포스코홀딩스(주),모회사 참고,사업보고서 (2025.12),https://dart.fss.or.kr/dsaf001/main.do?rcpNo=20260311004517,7. 기타 참고사항,유럽,4,"로 사용되고 있습니다. 회사의 판매 구조는 내수와 수출의 비중이 약 52 : 48 수준이며, 수출 지역별로는 동남아, 일본, 유럽 등의 비중이 높은 편입니다. 회사는 주문생산/판매 체제를 유지하고 있으며, 안정적인 판매 확보를 위해 내수 판매 중 실수요 직거래 판매 비중을 약 61% 수준으로 유지하고 있습니다. 4) 회사의 "
포스코홀딩스(주),모회사 참고,사업보고서 (2025.12),https://dart.fss.or.kr/dsaf001/main.do?rcpNo=20260311004517,7. 기타 참고사항,유럽,4," 지역별 비중은 중국 12.0%를 비롯, 아시아 지역이 전체 수출실적의 62.9%를 차지하고 있으며, 북미 지역 12.8%, 유럽 지역 13.4%, 기타 지역 10.9%의 비중을 차지하고 있습니다. 주요 품목별 매출 비중은 철강 70.2%, 에너지 12.3%, 식량/소재 17.4%를 각각 차지하고 있습니다. (회사의 경쟁우위"
포스코홀딩스(주),모회사 참고,사업보고서 (2025.12),https://dart.fss.or.kr/dsaf001/main.do?rcpNo=20260311004517,7. 기타 참고사항,폴란드,-2,"션을 통해 향후 지속적인 성장이 전망되는 전기차 및하이브리드차용 구동모터코아 사업에 진출하였으며, 2025년 멕시코 2공장과 폴란드공장을 준공하고 2030년까지 750만 대 이상 규모로 구동모터코아 생산 확대를 추진하고 있습니다.특히 동 사업은 포스코産 고품질 무방향성전기강판을 소재로 활용하여, 포스코모빌리티솔루션의 독자적인 "
포스코홀딩스(주),모회사 참고,사업보고서 (2025.12),https://dart.fss.or.kr/dsaf001/main.do?rcpNo=20260311004517,7. 기타 참고사항,유럽,0,"EPS㈜, SK이노베이션㈜, 에스파워㈜, GS파워㈜ 등)가 있습니다. (해외시장여건) 2025년 국제 천연가스/LNG 시장은 유럽 한파와 러시아-우크라이나 경유 가스관(PNG) 공급 차질로 1분기 재고가 감소하며 가격이 강세를 보였고, 유럽의 LNG 수요가급증하는 가운데 JKM 3월물 평균 가격은 15.0달러/MMBtu 수준"
포스코홀딩스(주),모회사 참고,사업보고서 (2025.12),https://dart.fss.or.kr/dsaf001/main.do?rcpNo=20260311004517,7. 기타 참고사항,EU,-2,"대가 더해지며, 10~12월 JKM 가격은 11달러/MMBtu대에서 횡보했습니다.당사는 중동 리스크, 미ㆍ러ㆍ우 협상 동향, EU의 러시아산 LNG 제재 및 통상정책 변화 등 주요 변수를 상시 모니터링하고, 가격 변동성에 선제적으로 대응함으로써 안정적인 조달과 수익성 제고를 지속적으로 추진할 계획입니다. (회사의 경쟁우위 요"
포스코홀딩스(주),모회사 참고,사업보고서 (2025.12),https://dart.fss.or.kr/dsaf001/main.do?rcpNo=20260311004517,7. 기타 참고사항,유럽,-2," 시장에서는 중동, 아프리카, 중남미 등 신흥국의 도시화 및 산업화 진전에 따른 교통 인프라 투자가 확대되고 있으며, 북미와 유럽 등 선진국에서도 노후 인프라 시설의 개보수 및 고도화 수요가 증가함에 따라 안정적인 성장이 기대됩니다. 3) 경기변동의 특성 본 사업부문은 국제 유가, 원자재 가격, 환율, 금리 등 글로벌 거시경"
포스코홀딩스(주),모회사 참고,사업보고서 (2025.12),https://dart.fss.or.kr/dsaf001/main.do?rcpNo=20260311004517,7. 기타 참고사항,유럽,-2,"나, 본격적인 시장 활성화까지는 일정 시간이 소요될 것으로 전망됩니다. 해외 인프라 시장에서는 아시아 신흥국을 비롯해 미주와 유럽 등지에서 민관협력 투자개발형 사업(PPP) 등 다양한 방식의 인프라 건설 수요가 증가하고 있습니다. 5) 회사의 경쟁우위 요소 포스코이앤씨는 철강, 이차전지, 발전ㆍ에너지, 석유화학 및 인프라 전"
포스코홀딩스(주),모회사 참고,사업보고서 (2025.12),https://dart.fss.or.kr/dsaf001/main.do?rcpNo=20260311004517,7. 기타 참고사항,EU,0,"출 사고 등 연이은 화학 사고를 계기로, 정부는 화학물질 관리 체계의 근본적인 혁신을 추진해 왔습니다. 그 결과 2015년, EU의 REACH 제도를 모델로 한「화학물질의 등록 및 평가 등에 관한 법률」을 제정하여 유해성 정보가 확인되지 않은 화학물질의 사용을 엄격히 제한하고 있으며,「화학물질관리법」을 통해 취급 관리와 사고"
포스코홀딩스(주),모회사 참고,사업보고서 (2025.12),https://dart.fss.or.kr/dsaf001/main.do?rcpNo=20260311004517,7. 기타 참고사항,EU,-2,"이해관계자에게 투명하게 공개하고 있습니다. 또한 제품별 전과정 평가(LCA)를 통해 환경성적표지(EPD)인증을 완료하였으며, EU탄소국경조정 제도(CBAM) 도입에도 적극적으로 대응하고 있습니다. (환경관리) ○ 사업장 굴뚝으로 배출되는 미세먼지(먼지, 황산화물, 질소산화물)의 배출 총량을 제한하는 「권역별 대기환경개선에 관"
포스코홀딩스(주),모회사 참고,사업보고서 (2025.12),https://dart.fss.or.kr/dsaf001/main.do?rcpNo=20260311004517,17. 차입금 (연결),EUR,0,",747 교환사채 발행 조건에 대한 공시 차입금명칭 외화 해외교환사채 범위 범위 합계 하위범위 상위범위 권면총액, 교환사채 (EUR) [EUR, 일] 27,100,000 표면이자율 0.0000 만기이자율 (0.0078) 만기일 2026년 09월 01일 원금상환방법 1) 만기상환 : 만기까지 조기상환되거나 교환권을 행사하지 않은"
포스코홀딩스(주),모회사 참고,사업보고서 (2025.12),https://dart.fss.or.kr/dsaf001/main.do?rcpNo=20260311004517,17. 차입금 (연결),EUR,2,"- 관련 법령의 개정 등으로 인한 추가 조세부담사유가 발생하는 경우 교환사채 권면총액에 대한 기술 전기 중 교환사채 권면총액 EUR 1,065,900,000 중 EUR 1,038,800,000이 투자자의 조기상환권 청구로 상환되었습니다 교환사채의 상환 전 권면총액(EUR) [EUR, 일] 1,065,900,000 투자자의 조기"
포스코홀딩스(주),모회사 참고,사업보고서 (2025.12),https://dart.fss.or.kr/dsaf001/main.do?rcpNo=20260311004517,17. 차입금 (연결),EUR,2,"000 중 EUR 1,038,800,000이 투자자의 조기상환권 청구로 상환되었습니다 교환사채의 상환 전 권면총액(EUR) [EUR, 일] 1,065,900,000 투자자의 조기상환권 청구로 상환된 금액(EUR) [EUR, 일] 1,038,800,000 교환사채 교환가액에 대한 기술 당기 중 현금배당으로 인해 교환가액이 변경되"
포스코홀딩스(주),모회사 참고,사업보고서 (2025.12),https://dart.fss.or.kr/dsaf001/main.do?rcpNo=20260311004517,23. 금융상품 (연결),EUR,2," 16,461 0 16,461 외화금융자산의 통화별 내역 당기 (단위 : 백만원) 위험 환위험 기능통화 또는 표시통화 USD EUR JPY 기타 외화금융자산, 원화환산금액 5,285,433 859,737 183,579 1,388,889 전기 (단위 : 백만원) 위험 환위험 기능통화 또는 표시통화 USD EUR JPY 기타 외화"
포스코홀딩스(주),모회사 참고,사업보고서 (2025.12),https://dart.fss.or.kr/dsaf001/main.do?rcpNo=20260311004517,23. 금융상품 (연결),EUR,2,"5,433 859,737 183,579 1,388,889 전기 (단위 : 백만원) 위험 환위험 기능통화 또는 표시통화 USD EUR JPY 기타 외화금융자산, 원화환산금액 5,441,771 670,436 303,556 2,280,424 외화금융부채의 통화별 내역 당기 (단위 : 백만원) 위험 환위험 기능통화 또는 표시통화 US"
포스코홀딩스(주),모회사 참고,사업보고서 (2025.12),https://dart.fss.or.kr/dsaf001/main.do?rcpNo=20260311004517,23. 금융상품 (연결),EUR,2,"03,556 2,280,424 외화금융부채의 통화별 내역 당기 (단위 : 백만원) 위험 환위험 기능통화 또는 표시통화 USD EUR JPY 기타 외화금융부채, 원화환산금액 11,385,039 691,208 50,754 296,563 전기 (단위 : 백만원) 위험 환위험 기능통화 또는 표시통화 USD EUR JPY 기타 외화금융"
포스코홀딩스(주),모회사 참고,사업보고서 (2025.12),https://dart.fss.or.kr/dsaf001/main.do?rcpNo=20260311004517,23. 금융상품 (연결),EUR,2,",385,039 691,208 50,754 296,563 전기 (단위 : 백만원) 위험 환위험 기능통화 또는 표시통화 USD EUR JPY 기타 외화금융부채, 원화환산금액 10,927,022 530,728 213,071 367,264 보고기간 말 현재 노출된 시장위험의 각 유형별 민감도 분석 당기 (단위 : 백만원) 위험 환위"
포스코홀딩스(주),모회사 참고,사업보고서 (2025.12),https://dart.fss.or.kr/dsaf001/main.do?rcpNo=20260311004517,23. 금융상품 (연결),EUR,0,"7,264 보고기간 말 현재 노출된 시장위험의 각 유형별 민감도 분석 당기 (단위 : 백만원) 위험 환위험 이자율위험 USD EUR JPY 시장위험의 각 유형별 민감도분석 기술 각 외화에 대한 기능통화의 환율이 10% 상승 또는 하락하는 경우 환율변동이 세전손익에 미치는 영향 각 외화에 대한 기능통화의 환율이 10% 상승 또는"
포스코홀딩스(주),모회사 참고,사업보고서 (2025.12),https://dart.fss.or.kr/dsaf001/main.do?rcpNo=20260311004517,23. 금융상품 (연결),EUR,2,"30 시장변수 하락 시 당기손익 감소 (16,853) (13,283) 전기 (단위 : 백만원) 위험 환위험 이자율위험 USD EUR JPY 시장위험의 각 유형별 민감도분석 기술 각 외화에 대한 기능통화의 환율이 10% 상승 또는 하락하는 경우 환율변동이 세전손익에 미치는 영향 각 외화에 대한 기능통화의 환율이 10% 상승 또는"
포스코홀딩스(주),모회사 참고,사업보고서 (2025.12),https://dart.fss.or.kr/dsaf001/main.do?rcpNo=20260311004517,38. 우발부채와 약정사항 (연결),EUR,2," 1,049,571,593 0 보증한도금액, 외화(THB) [THB, 일] 0 0 54,614,000 0 보증한도금액, 외화(EUR) [EUR, 일] 23,678,000 0 46,000,000 0 0 보증한도금액, 외화(AUD) [AUD, 일] 0 18,744,862 0 보증한도금액, 외화(CAD) [CAD, 백만] 0 299"
포스코홀딩스(주),모회사 참고,사업보고서 (2025.12),https://dart.fss.or.kr/dsaf001/main.do?rcpNo=20260311004517,38. 우발부채와 약정사항 (연결),EUR,2,"631,200,000,000 0 보증금액, 특수관계자거래, 외화(THB) [THB, 일] 0 보증금액, 특수관계자거래, 외화(EUR) [EUR, 일] 23,678,000 0 46,000,000 0 0 보증금액, 특수관계자거래, 외화(CAD) [CAD, 일] 0 232,265,400 0 0 보증금액, 특수관계자거래, 외화(CNY"
포스코홀딩스(주),모회사 참고,사업보고서 (2025.12),https://dart.fss.or.kr/dsaf001/main.do?rcpNo=20260311004517,38. 우발부채와 약정사항 (연결),아일랜드,0,CLARK HILLS CORP 송도국제도시 개발(유) 시빅센터 PFV 랜드마크세운 ㈜다온아이앤피 에코시티 알파도시에이치앤지 ㈜아일랜드원 ㈜한국자산개발 대구엠비씨부지 복합개발PFV㈜ 전농배움터 지킴이 등(주2) 특수관계 여부 [기타회사] [연결실체] [관계기업 및 공동기업] [기타회사] [기타회사] [기타회사] [기타회사] [기타
포스코홀딩스(주),모회사 참고,사업보고서 (2025.12),https://dart.fss.or.kr/dsaf001/main.do?rcpNo=20260311004517,40. 영업부문 (연결),유럽,6," 지역에 대한 공시 당기 (단위 : 백만원) 지역 지역 합계 본사 소재지 국가 외국 일본 중국 인도네시아 아시아(기타) 미국 유럽 기타 국가 수익(매출액) 42,516,707 2,590,102 5,160,583 2,873,999 7,751,121 2,780,769 3,065,738 2,355,867 69,094,886 금융상"
포스코홀딩스(주),모회사 참고,사업보고서 (2025.12),https://dart.fss.or.kr/dsaf001/main.do?rcpNo=20260311004517,40. 영업부문 (연결),유럽,6,"49,477,974 전기 (단위 : 백만원) 지역 지역 합계 본사 소재지 국가 외국 일본 중국 인도네시아 아시아(기타) 미국 유럽 기타 국가 수익(매출액) 45,960,140 2,814,631 5,737,686 3,156,962 7,382,157 2,504,563 2,743,528 2,388,476 72,688,143 금융상"
포스코홀딩스(주),모회사 참고,사업보고서 (2025.12),https://dart.fss.or.kr/dsaf001/main.do?rcpNo=20260311004517,15. 차입금,EUR,0," 발행 조건에 대한 공시 (단위 : 원) 차입금명칭 외화 해외교환사채 범위 범위 합계 하위범위 상위범위 권면총액, 교환사채 (EUR) [EUR, 일] 27,100,000 표면이자율 0.0000 만기이자율 (0.0078) 만기일 2026년 09월 01일 원금상환방법 1) 만기상환 : 만기까지 조기상환되거나 교환권을 행사하지 않은"
포스코홀딩스(주),모회사 참고,사업보고서 (2025.12),https://dart.fss.or.kr/dsaf001/main.do?rcpNo=20260311004517,15. 차입금,EUR,2,"00 중 EUR 1,038,800,000이 투자자의 조기상환권 청구로 상환되었습니다. 교환사채의 상환 전 권면총액(EUR) [EUR, 일] 1,065,900,000 투자자의 조기상환권 청구로 상환된 금액(EUR) [EUR, 일] 1,038,800,000 교환사채 교환가액에 대한 기술 당기 중 현금배당으로 인해 교환가액이 변경되"
포스코홀딩스(주),모회사 참고,사업보고서 (2025.12),https://dart.fss.or.kr/dsaf001/main.do?rcpNo=20260311004517,21. 금융상품,EUR,2,",000 50,900,000 167,100,000 24,500,000 15,680,000 1,320,080,000 보증한도 (EUR) [EUR, 일] 46,000,000 46,000,000 보증금액, 특수관계자거래, 원화환산금액 0 45,917 0 259,545 147,659 259,545 244,770 259,545 67,3"
포스코홀딩스(주),모회사 참고,사업보고서 (2025.12),https://dart.fss.or.kr/dsaf001/main.do?rcpNo=20260311004517,21. 금융상품,EUR,2," 46,905,183 154,431,866 17,090,526 0 1,066,557,598 보증금액, 특수관계자거래, 외화 (EUR) [EUR, 일] 46,000,000 46,000,000 금융상품의 범주별 손익의 공시 당기 (단위 : 백만원) 자산과 부채 자산과 부채 합계 금융자산, 범주 금융부채, 범주 당기손익-공정가치측정"
포스코홀딩스(주),모회사 참고,사업보고서 (2025.12),https://dart.fss.or.kr/dsaf001/main.do?rcpNo=20260311004517,21. 금융상품,EUR,2,"융자산의 통화별 내역 당기 (단위 : 백만원) 위험 환위험 기능통화 또는 표시통화 기능통화 또는 표시통화 합계 USD CNY EUR AUD 기타 외화금융자산, 원화환산금액 126,520 0 6,161 1 0 132,682 전기 (단위 : 백만원) 위험 환위험 기능통화 또는 표시통화 기능통화 또는 표시통화 합계 USD CNY E"
포스코홀딩스(주),모회사 참고,사업보고서 (2025.12),https://dart.fss.or.kr/dsaf001/main.do?rcpNo=20260311004517,21. 금융상품,EUR,2,"1 0 132,682 전기 (단위 : 백만원) 위험 환위험 기능통화 또는 표시통화 기능통화 또는 표시통화 합계 USD CNY EUR AUD 기타 외화금융자산, 원화환산금액 122,839 10,446 122 25,583 805 159,795 외화금융부채의 통화별 내역 당기 (단위 : 백만원) 위험 환위험 기능통화 또는 표시통화 "
포스코홀딩스(주),모회사 참고,사업보고서 (2025.12),https://dart.fss.or.kr/dsaf001/main.do?rcpNo=20260311004517,21. 금융상품,EUR,2,"융부채의 통화별 내역 당기 (단위 : 백만원) 위험 환위험 기능통화 또는 표시통화 기능통화 또는 표시통화 합계 USD CNY EUR AUD 기타 외화금융부채, 원화환산금액 1,016,494 0 45,105 0 50 1,061,649 전기 (단위 : 백만원) 위험 환위험 기능통화 또는 표시통화 기능통화 또는 표시통화 합계 USD"
포스코홀딩스(주),모회사 참고,사업보고서 (2025.12),https://dart.fss.or.kr/dsaf001/main.do?rcpNo=20260311004517,21. 금융상품,EUR,2,"0 1,061,649 전기 (단위 : 백만원) 위험 환위험 기능통화 또는 표시통화 기능통화 또는 표시통화 합계 USD CNY EUR AUD 기타 외화금융부채, 원화환산금액 20,731 0 39,171 0 0 59,902 보고기간 말 현재 노출된 시장위험의 각 유형별 민감도 분석 당기 (단위 : 백만원) 위험 환위험 이자율위험 "
포스코홀딩스(주),모회사 참고,사업보고서 (2025.12),https://dart.fss.or.kr/dsaf001/main.do?rcpNo=20260311004517,21. 금융상품,EUR,0,2 보고기간 말 현재 노출된 시장위험의 각 유형별 민감도 분석 당기 (단위 : 백만원) 위험 환위험 이자율위험 USD CNY EUR AUD 변동금리부 차입금 시장위험의 각 유형별 민감도분석 기술 각 외화에 대한 기능통화의 환율이 10% 변동 시 환율변동이 세전손익에 미치는 영향 각 외화에 대한 기능통화의 환율이 10% 변동 시
포스코홀딩스(주),모회사 참고,사업보고서 (2025.12),https://dart.fss.or.kr/dsaf001/main.do?rcpNo=20260311004517,21. 금융상품,EUR,0,"997 3,894 15 시장변수 하락 시 당기손익 감소 0 0 전기 (단위 : 백만원) 위험 환위험 이자율위험 USD CNY EUR AUD 변동금리부 차입금 시장위험의 각 유형별 민감도분석 기술 각 외화에 대한 기능통화의 환율이 10% 변동 시 환율변동이 세전손익에 미치는 영향 각 외화에 대한 기능통화의 환율이 10% 변동 시"
포스코홀딩스(주),모회사 참고,사업보고서 (2025.12),https://dart.fss.or.kr/dsaf001/main.do?rcpNo=20260311004517,8. 기타 재무에 관한 사항,유로,0,분배액이 확정된 경우 분배액을 초과하는 채권액 전액 잔여재산분배액이 확정되지 않은 경우 100% 강제집행 50% 소송 외의 사유로 법적청구권이 소멸한 채권 100% 채권회수에 대한 분쟁이 3년이상 지속된 경우 100% 회수에 따른 비용이 채권 금액을 초과하는 경우 100% 채무자가 사망한 경우 50% 3) 대손설정_집합적 검
포스코홀딩스(주),모회사 참고,사업보고서 (2025.12),https://dart.fss.or.kr/dsaf001/main.do?rcpNo=20260311004517,2. 개요,유럽,1,"해 컬러강판 비관세 규제를 마련하는 등 내수 고객사와의 상생 협력을 강화하며 국내 철강 생태계의 강건화에 앞장섰습니다. 미국,유럽 등 기존 주요 수출시장에서 무역 규제가 확산됨에 따라, 중남미와 같은 새로운 시장으로 판매량을 확대하는 등 탄력적인 수출 포트폴리오 조정을 통해 급변하는 글로벌 통상 환경의 영향을 최소화했습니다."
포스코홀딩스(주),모회사 참고,사업보고서 (2025.12),https://dart.fss.or.kr/dsaf001/main.do?rcpNo=20260311004517,2. 개요,유럽,1,"시장으로 판매량을 확대하는 등 탄력적인 수출 포트폴리오 조정을 통해 급변하는 글로벌 통상 환경의 영향을 최소화했습니다. 또한 유럽 시장에서는 국가 쿼터 최대 확보를 위한 아웃리치(Outreach) 활동을 전개하고, 미국 시장에서는 에너지 분야를 타깃으로 API(American Petroleum Institute) 인증 고급강"
포스코홀딩스(주),모회사 참고,사업보고서 (2025.12),https://dart.fss.or.kr/dsaf001/main.do?rcpNo=20260311004517,2. 개요,유럽,-2,"관세 및 규제 강화에 따른 공급망 분절, 지정학적 리스크 확대, 저성장의 구조화가 동시에 나타난 한 해였습니다. 특히 미국과 유럽의 성장 둔화, 중국의 경기 회복 지연에 더해 국제 분쟁의 장기화로,에너지ㆍ원자재ㆍ환율 시장의 변동성이 지속되었으며, 미국의 관세 부과를 계기로 한 보호무역 기조와 공급망 재편 흐름이 확산되면서 글"
포스코홀딩스(주),모회사 참고,사업보고서 (2025.12),https://dart.fss.or.kr/dsaf001/main.do?rcpNo=20260311004517,2. 개요,폴란드,0," 경영환경의 불확실성 역시 한층 증대되었습니다. 이러한 경영환경 속에서도, 포스코인터내셔널은 인도네시아 신규 팜 농장 인수, 폴란드 모터코아 공장 준공 및 LNG 전용선 인수 등 핵심 사업을 중심으로 투자를 지속하며 기존 사업의 밸류체인을 확장하였습니다. 아울러 미국 알래스카 LNG 프로젝트 참여, 탄자니아 흑연광산 착공 등 "
포스코홀딩스(주),모회사 참고,사업보고서 (2025.12),https://dart.fss.or.kr/dsaf001/main.do?rcpNo=20260311004517,2. 개요,EU,-2," 상권 최적화를 통해 글로벌 시장에서의 역할을 재정립하였으며, CBAM 및 관세 등 강화되는 통상 규제 환경 속에서도 미국과 EU 등 핵심 시장을 중심으로 마케팅을 강화하여 그룹 철강 경쟁력 제고에 기여하였습니다. 또한 풍력ㆍ태양광 등 재생에너지 산업과 미래 성장 산업을 대상으로 철강재 패키지공급을 확대함으로써 신규 수요 창"
포스코홀딩스(주),모회사 참고,사업보고서 (2025.12),https://dart.fss.or.kr/dsaf001/main.do?rcpNo=20260311004517,2. 개요,폴란드,3,"티 부문에서는 구동모터코아와 연계한 전기강판 패키지 마케팅을 통해 신규 고객사 수주를 확대하였으며, 멕시코 제 2공장 완공과 폴란드 공장 준공 등 글로벌 생산 거점을 확충하여 2030년까지 글로벌 750만대 이상의 생산체제 구축을 단계적으로 추진하고 있습니다. 또한 이차전지 소재 분야에서는 IRA 및 CRMA 등 글로벌 공급망"
포스코홀딩스(주),모회사 참고,사업보고서 (2025.12),https://dart.fss.or.kr/dsaf001/main.do?rcpNo=20260311004517,2. 개요,폴란드,0," 달성하였습니다. 마지막으로, 현장 중심의 안전보건 관리 강화와 ESG 전반의 내실화를 추진하였습니다. 광양 LNG 터미널과 폴란드 모터코아 공장 등 신규 건설 현장과 운영 중에 있는 고위험 작업 현장을 중심으로 밀착 안전 점검을 실시하고, 안전 조직을 확대하는 등 국내외 전 사업장의 무재해 달성을 위해 노력하였습니다. 또한 "
포스코홀딩스(주),모회사 참고,사업보고서 (2025.12),https://dart.fss.or.kr/dsaf001/main.do?rcpNo=20260311004517,3. 재무상태 및 영업실적,EU,-2," 보조금 축소 등의 영향으로 성장세가 둔화되며 수요 재조정 국면에 진입하였습니다. 또한 에너지 전환 및 탄소중립 정책 강화와 EU 탄소국경조정제도 등 각종 환경·통상 규제로 산업 전반에 구조적 변화가 나타나고 있으며, 글로벌 경제 성장률 역시 팬데믹 이전 수준을 완전히 회복하지 못한 채 저성장 기조가 장기화될 것으로 예상되고"
포스코홀딩스(주),모회사 참고,사업보고서 (2025.12),https://dart.fss.or.kr/dsaf001/main.do?rcpNo=20260311004517,3. 재무상태 및 영업실적,EUR,0,"많은 수입업체와 달리 환율이 회사 이익에 미치는 영향은 상대적으로 크지 않다고 할 수 있습니다.최근 수년간 물대 결제 통화가 EUR, JPY 등 USD 이외의 이종 통화로 다변화 되고 있으며, 이러한 상황을 고려하여 환위험 관리를 적극적으로 수행하고 있습니다. 1) 위험관리방식 회사는 환위험 관리규정 제정, 사내선물환제도 도입"
포스코홀딩스(주),모회사 참고,사업보고서 (2025.12),https://dart.fss.or.kr/dsaf001/main.do?rcpNo=20260311004517,3. 재무상태 및 영업실적,EUR,2,") 구 분 내 용 미결제약정금액 총누적평가이익(손실) 매 수 매 도 통화선도 USD 669,477 5,237 (11,803) EUR 89,901 1,188,168 (4,952) JPY 5,367,281 21,314,524 1,721 CNY 29,506 18,058 (11) THB 5,252 24,956 (550) CAD 27,"
포스코홀딩스(주),모회사 참고,사업보고서 (2025.12),https://dart.fss.or.kr/dsaf001/main.do?rcpNo=20260311004517,3. 재무상태 및 영업실적,EUR,2,"2) ② 당기말 현재 미결제된 통화스왑 및 이자율스왑 계약 내역 - 통화스왑 계약 (단위 : 백만원, 천USD, 천SGD, 천EUR, 천JPY) 구분 지급금액 수취금액 만기일 이자율 총누적평가이익(손실) Credit Agricole CIB KRW 19,340 EUR 14,041 2026.10.22 Euribor(6M) + 0."
포스코홀딩스(주),모회사 참고,사업보고서 (2025.12),https://dart.fss.or.kr/dsaf001/main.do?rcpNo=20260311004517,3. 재무상태 및 영업실적,EUR,2,",409 4,416,714 2,959,687 3,191,973 JPY 121,448 32,255 227,864 194,634 EUR 805,145 458,644 643,293 311,956 CNY 130,496 172,592 114,993 180,853 당기말 현재 각 외화에 대한 기능통화의 환율 10% 변동시 환율변동이 세전"
포스코홀딩스(주),모회사 참고,사업보고서 (2025.12),https://dart.fss.or.kr/dsaf001/main.do?rcpNo=20260311004517,3. 재무상태 및 영업실적,EUR,2,"(단위: 백만원) 구 분 10% 상승시 10% 하락시 USD (152,831) 152,831 JPY 8,919 (8,919) EUR 34,650 (34,650) CNY (4,210) 4,210 ■ 이자율 위험연결회사의 이자율 위험은 차입금 및 사채에서 비롯됩니다. 변동 이자율로 발행된 차입금으로 인하여 연결기업은 현금흐름 이자"
포스코홀딩스(주),모회사 참고,사업보고서 (2025.12),https://dart.fss.or.kr/dsaf001/main.do?rcpNo=20260311004517,3. 재무상태 및 영업실적,폴란드,5,"1,879억원 감소한 2조 4,130억원을 기록하였습니다. 또한 신안산선 5-2공구 사고 손실 및 공사중단에 따른 손실반영, 폴란드 바르샤바 소각로 EPC, 말레이시아 Pulauh Indah 발전 등의 LD로 영업이익은 3,856억원 감소한 5,470억원의 적자를 기록하였습니다. 수주 측면에서는 플랜트 사업부문은 전년비 2조 "
포스코홀딩스(주),모회사 참고,사업보고서 (2025.12),https://dart.fss.or.kr/dsaf001/main.do?rcpNo=20260311004517,3. 재무상태 및 영업실적,EUR,2,"동 변동률 USD 1,434.90 1,470.00 (35.1) (2.4%) CNY 204.76 201.27 3.49 1.7% EUR 1,685.72 1,528.73 156.99 10.3% JPY 9.18 9.28 (0.1) (1.1%) CAD 1,047.72 1,023.96 23.76 2.3% 보고기간말 현재 보유하고 있는 외"
포스코홀딩스(주),모회사 참고,사업보고서 (2025.12),https://dart.fss.or.kr/dsaf001/main.do?rcpNo=20260311004517,3. 재무상태 및 영업실적,EUR,2,"90,748 1,050,134,052 CNY 70,437,816 25,953,209 317,192,931 42,655,526 EUR - 1,720,464 1,080,848 2,344,951 JPY 248,930 870,586 - 819,134 CAD 1,244,186 - - - 당기말과 전기말 현재 각 외화에 대한 기능통화의 "
포스코홀딩스(주),모회사 참고,사업보고서 (2025.12),https://dart.fss.or.kr/dsaf001/main.do?rcpNo=20260311004517,3. 재무상태 및 영업실적,EUR,2,"5,670 (113,255,670) CNY 4,448,461 (4,448,461) 27,453,741 (27,453,741) EUR (172,046) 172,046 (126,410) 126,410 JPY (62,166) 62,166 (81,913) 81,913 CAD 124,419 (124,419) - - 당사는 영업활동에서 "
포스코홀딩스(주),모회사 참고,사업보고서 (2025.12),https://dart.fss.or.kr/dsaf001/main.do?rcpNo=20260311004517,3. 재무상태 및 영업실적,독일,0,"자를 등록받아 2024년말 기준 36개 기관이 다양한 개소에 5G 특화망 서비스 실증 및도입을 추진하고 있으며, 해외의 경우 독일, 일본, 미국, 영국 등지에서 최초로 시작되어 현재는 대만, 핀란드, 스웨덴, 홍콩 등 다양한 국가에서 운영하고 있습니다. 시장조사기관에 따르면, 5G특화망 관련 글로벌 시장규모는 오는 2028년"
포스코홀딩스(주),모회사 참고,사업보고서 (2025.12),https://dart.fss.or.kr/dsaf001/main.do?rcpNo=20260311004517,3. 재무상태 및 영업실적,EUR,2,"8 9,511,243 1,077,050 1,962,375 JPY 71,173 19,316 1,582,410 2,294,900 EUR 31,713 409 181,670 463,817 CNY 1,092,756 7,637,436 - - INR 239,147 280,886 - - BRL 18,727 16,896 4,161,082 3,"
포스코홀딩스(주),모회사 참고,사업보고서 (2025.12),https://dart.fss.or.kr/dsaf001/main.do?rcpNo=20260311004517,3. 재무상태 및 영업실적,EUR,2,"(1,751,723) 754,887 (754,887) JPY (151,125) 151,125 (227,559) 227,559 EUR (14,996) 14,996 (46,341) 46,341 CNY 109,276 (109,276) 763,744 (763,744) INR 23,915 (23,915) 28,089 (28,089) B"
포스코홀딩스(주),모회사 참고,사업보고서 (2025.12),https://dart.fss.or.kr/dsaf001/main.do?rcpNo=20260311004517,4. 유동성 및 자금조달과 지출,유로,0, 유지하고 있습니다. 종속회사 역시 유동성 위험에 대비하고자 은행 차입한도를 상시 확보하고 있습니다. 또한 당사는 유동자금 보유로 불확실성에 대비하고 지속적인 투자에 대응하려 노력하고 있으며 대규모 시설투자의 경우에는 내부 유보자금 활용이나 장기차입을 통해 유동성 위험을 최소화 하고 있습니다. [유동성현황] 2025년말 현재
포스코홀딩스(주),모회사 참고,사업보고서 (2025.12),https://dart.fss.or.kr/dsaf001/main.do?rcpNo=20260311004517,4. 유동성 및 자금조달과 지출,유로,0,"보하고 있으며, 종속회사 역시 당사 및 종속회사의 지급보증 등을 통하여 차입한도를 확보하고 있습니다. 또한 회사는 유동자금 보유로 불확실성에 대비하고 지속적인 투자에 대응하려 노력하고 있으며 대규모 시설투자의 경우에는 내부 유보자금 활용이나 장기차입을 통해 유동성 위험을 최소화 하고 있습니다. [유동성 현황] 연결회사는 당기"
포스코홀딩스(주),모회사 참고,사업보고서 (2025.12),https://dart.fss.or.kr/dsaf001/main.do?rcpNo=20260311004517,1. 외부감사에 관한 사항,폴란드,0,t Thornton CHINA Wuhan Grant Thornton CHINA Wuhan KPMG 계약만료 포스코모빌리티솔루션폴란드 KPMG PWC - 계약만료 포스코중타이에어솔루션 삼일회계법인 대주회계법인 - 계약만료 알앤알물류 한영회계법인 성현회계법인 - 모자일치
포스코홀딩스(주),모회사 참고,사업보고서 (2025.12),https://dart.fss.or.kr/dsaf001/main.do?rcpNo=20260311004517,1. 임원 및 직원 등의 현황,유럽,-2,승민 남 1973.05 임원 미등기임원 상근 POSCO-Europe철강사업실장 worldsteel 파견POSCO-Europe 유럽 대표법인 전략사업실장 (한양대 박사) 10 - 해당사항없음 23개월 박도은 남 1975.08 임원 미등기임원 상근 정책지원실장 포스코홀딩스 정책지원실 부장포스코 정책지원실 대외협력담당 부장(성균관
포스코홀딩스(주),모회사 참고,사업보고서 (2025.12),https://dart.fss.or.kr/dsaf001/main.do?rcpNo=20260311004517,1. 임원 및 직원 등의 현황,유럽,0,소재전략그룹장 (서울대) 335 - 해당사항없음 35개월 이재완 남 1967.09 임원 미등기임원 상근 POSCO-Europe유럽 대표법인장 포스코홀딩스 국제협력담당 포스코 국제협력그룹장 (캔버라대학교 석사) 132 - 해당사항없음 47개월 임상혁 남 1968.06 임원 미등기임원 상근 홍보실장 포스코 커뮤니케이션실장포스코홀
포스코홀딩스(주),모회사 참고,사업보고서 (2025.12),https://dart.fss.or.kr/dsaf001/main.do?rcpNo=20260311004517,2. 우발부채 등에 관한 사항,아일랜드,2,",800,000 23-09~26-09 LOAN 주상복합 본PF 채무인수 50,000,000 100% 50,000,000 (주)아일랜드원 부 증권회사 등 50,000,000 - 25-06~28-06 2028.06.27 ABS 외 105,000,000 주상복합 본PF 채무인수 48,000,000 100% 40,000,000 ㈜한국자"
포스코홀딩스(주),모회사 참고,사업보고서 (2025.12),https://dart.fss.or.kr/dsaf001/main.do?rcpNo=20260311004517,4. 작성기준일 이후 발생한 주요사항 등 기타사항,구주,3,"483,186,434,375 주요사업 철강 생산 및 판매 등 재상장신청 여부 아니오 8. 감자에 관한 사항 감자비율(%) - 구주권제출기간 시작일 - 종료일 - 매매거래정지 예정기간 시작일 - 종료일 - 신주배정조건 - - 주주 주식수 비례여부 및 사유 - 신주배정기준일 - 신주권교부예정일 - 신주의 상장예정일 - 9. 주주"
포스코홀딩스(주),모회사 참고,사업보고서 (2025.12),https://dart.fss.or.kr/dsaf001/main.do?rcpNo=20260311004517,4. 작성기준일 이후 발생한 주요사항 등 기타사항,구주,0,주총회예정일자 2022년 11월 04일 주식매수청구권행사기간 시작일 2022년 11월 04일 종료일 2022년 11월 24일 구주권제출기간 시작일 - 종료일 - 매매거래 정지예정기간 시작일 - 종료일 - 채권자이의 제출기간 시작일 2022년 11월 07일 종료일 2022년 12월 09일 합병기일 2023년 01월 01일 종료
포스코홀딩스(주),모회사 참고,사업보고서 (2025.12),https://dart.fss.or.kr/dsaf001/main.do?rcpNo=20260311004517,4. 작성기준일 이후 발생한 주요사항 등 기타사항,구주,0, 행사기간 시작일 2022년 11월 04일 2022년 11월 04일 종료일 2022년 11월 24일 2022년 11월 24일 구주권 제출기간 시작일 - 2022년 11월 04일 종료일 - 2022년 12월 09일 채권자 이의제출기간 시작일 2022년 11월 07일 2022년 11월 07일 종료일 2022년 12월 09일 20
포스코홀딩스(주),모회사 참고,사업보고서 (2025.12),https://dart.fss.or.kr/dsaf001/main.do?rcpNo=20260311004517,4. 작성기준일 이후 발생한 주요사항 등 기타사항,구주,2,"의를 위한 회사의 제시가격) 20,590원 32,324원 나. 주식매수 청구내역 (1) (주)포스코인터내셔널 청구자 청구일 청구주식수 141명 2022.11.04 ~ 2022.11.24 20,270주 주) 가격조정을 신청한 주주 총 5명(주식수 총 236주) 포함 (2) 포스코에너지(주) 청구자 청구일 청구주식수 - 2022"
포스코홀딩스(주),모회사 참고,사업보고서 (2025.12),https://dart.fss.or.kr/dsaf001/main.do?rcpNo=20260311004517,4. 작성기준일 이후 발생한 주요사항 등 기타사항,구주,2,"24 20,270주 주) 가격조정을 신청한 주주 총 5명(주식수 총 236주) 포함 (2) 포스코에너지(주) 청구자 청구일 청구주식수 - 2022.11.04 ~ 2022.11.24 - 다. 주식매수 일자 (주)포스코인터내셔널을 주식매수청구권 행사 주식 총 20,270주 중 20,034주에 대한 매수대금 지급을 2022년 12"
포스코홀딩스(주),모회사 참고,사업보고서 (2025.12),https://dart.fss.or.kr/dsaf001/main.do?rcpNo=20260311004517,4. 작성기준일 이후 발생한 주요사항 등 기타사항,구주,0,작일 2025년 02월 18일 종료일 2025년 03월 05일 주주총회예정일자 - 주식매수청구권행사기간 시작일 - 종료일 - 구주권제출기간 시작일 - 종료일 - 매매거래 정지예정기간 시작일 - 종료일 - 채권자이의 제출기간 시작일 2025년 03월 25일 종료일 2025년 04월 26일 합병기일 2025년 04월 28일 종료
포스코홀딩스(주),모회사 참고,사업보고서 (2025.12),https://dart.fss.or.kr/dsaf001/main.do?rcpNo=20260311004517,1. 연결대상 종속회사 현황(상세),독일,3,"결권의 과반수소유(회계기준서1110호) ○ POSCO INTERNATIONAL DEUTSCHLAND GMBH 2002년 4월 독일 프랑크푸르트 무역 535,776 실질지배력(회계기준서1110호) ○ POSCO ASSAN TST STEEL INDUSTRY Inc. 2011년 3월 튀르키예 코자엘리 철강재 가공 및 판매 528,"
포스코홀딩스(주),모회사 참고,사업보고서 (2025.12),https://dart.fss.or.kr/dsaf001/main.do?rcpNo=20260311004517,1. 연결대상 종속회사 현황(상세),이탈리아,2," 의결권의 과반수소유(회계기준서1110호) ○ POSCO INTERNATIONAL ITALIA S.R.L. 1990년 10월 이탈리아 밀라노 무역 353,864 실질지배력(회계기준서1110호) ○ ZHEJIANG POSCO-HUAYOU ESM CO., LTD 2018년 5월 중국 절강성 양극재 생산 324,721 기업 의결권의 "
포스코홀딩스(주),모회사 참고,사업보고서 (2025.12),https://dart.fss.or.kr/dsaf001/main.do?rcpNo=20260311004517,1. 연결대상 종속회사 현황(상세),이탈리아,5,"년 1월 전남 신안군 발전업 131,764 실질지배력(회계기준서1110호) ○ POSCO-ITPC S.P.A 2013년 7월 이탈리아 밀라노 스테인레스 강판 제조 및 판매 130,195 기업 의결권의 과반수소유(회계기준서1110호) ○ HUME COAL PTY LTD 2010년 12월 호주 시드니 원료생산 129,307 실질지배"
포스코홀딩스(주),모회사 참고,사업보고서 (2025.12),https://dart.fss.or.kr/dsaf001/main.do?rcpNo=20260311004517,1. 연결대상 종속회사 현황(상세),폴란드,0,"기준서1110호) ○ POSCO INTERNATIONAL POLAND E-MOBILITY Sp. z o.o. 2023년 6월 폴란드 브로츠와프 제조, 자동차 모터부품 109,537 실질지배력(회계기준서1110호) ○ Qingdao Pohang Stainless Steel Co., Ltd. 2002년 3월 중국 청도 스테인레스 "
포스코홀딩스(주),모회사 참고,사업보고서 (2025.12),https://dart.fss.or.kr/dsaf001/main.do?rcpNo=20260311004517,1. 연결대상 종속회사 현황(상세),폴란드,3,"1110호) ○ POSCO-Poland Wroclaw Processing Center Sp. z o. o. 2007년 10월 폴란드 코비에르지체 철강재 가공 및 판매 91,424 기업 의결권의 과반수소유(회계기준서1110호) ○ POSCO(Liaoning) Automotive Processing Center Co., Ltd. "
포스코홀딩스(주),모회사 참고,사업보고서 (2025.12),https://dart.fss.or.kr/dsaf001/main.do?rcpNo=20260311004517,1. 연결대상 종속회사 현황(상세),폴란드,0,"과반수소유(회계기준서1110호) - Poland Legnica Sourcing Center Sp. z o.o 2021년 2월 폴란드 레그니차 기타 비철금속 제련 29,230 기업 의결권의 과반수소유(회계기준서1110호) - POSCO INTERNATIONAL AUSTRALIA HOLDINGS PTY LTD 2009년 8월 호주"
포스코홀딩스(주),모회사 참고,사업보고서 (2025.12),https://dart.fss.or.kr/dsaf001/main.do?rcpNo=20260311004517,1. 연결대상 종속회사 현황(상세),슬로베니아,5," 20,076 기업 의결권의 과반수소유(회계기준서1110호) - POSCO FLOW EUROPE d.o.o. 2007년 4월 슬로베니아 코퍼 물류 및 철강판매 18,655 기업 의결권의 과반수소유(회계기준서1110호) - 송도개발피엠씨 유한회사 2018년 10월 인천 연수구 주택사업대행 18,652 기업 의결권의 과반수소유(회계기"
포스코홀딩스(주),모회사 참고,사업보고서 (2025.12),https://dart.fss.or.kr/dsaf001/main.do?rcpNo=20260311004517,4. 포스코이앤씨 수주현황(상세),구주,2,"랜드 데이터센터 SL3x 신축공사 2024년 12월 2027년 11월 297,794 19,836 277,959 국내 상남산호지구주택재개발및도시환경정비사업조합 창원상남산호지구주택재개발정비사업 2021년 04월 2031년 12월 277,212 - 277,212 국내 한솔마을5단지리모델링주택조합 한솔마을5단지 리모델링사업 2017"
포스코홀딩스(주),모회사 참고,사업보고서 (2025.12),https://dart.fss.or.kr/dsaf001/main.do?rcpNo=20260311004517,주석,EUR,2,",000 239,772 154,431,866 221,594 [관계기업] Nickel Mining Company SAS ING EUR 46,000,000 77,543 46,000,000 77,543 PT.Nicole Metal Industry STANDARD CHARTERED USD 24,500,000 35,155 17,090,"
포스코홀딩스(주),모회사 참고,사업보고서 (2025.12),https://dart.fss.or.kr/dsaf001/main.do?rcpNo=20260311004517,주석,EUR,2,"00 22,499 - - 합 계 USD 1,320,080,000 1,894,182 1,066,557,598 1,530,402 EUR 46,000,000 77,543 46,000,000 77,543 5) 당기와 전기 중 당사의 금융상품 범주별 금융손익은 다음과 같습니다. ① 제 58(당) 기 (단위: 백만원) 구 분 금융손익 기"
포스코홀딩스(주),모회사 참고,사업보고서 (2025.12),https://dart.fss.or.kr/dsaf001/main.do?rcpNo=20260311004517,주석,EUR,2,"자 산 부 채 자 산 부 채 USD 126,520 1,016,494 122,839 20,731 CNY - - 10,446 - EUR 6,161 45,105 122 39,171 AUD 1 - 25,583 - 기 타 - 50 805 - 합 계 132,682 1,061,649 159,795 59,902 2) 당기말과 전기말 현재 각"
포스코홀딩스(주),모회사 참고,사업보고서 (2025.12),https://dart.fss.or.kr/dsaf001/main.do?rcpNo=20260311004517,주석,EUR,2,"% 상승 10% 하락 USD (88,997) 88,997 10,211 (10,211) CNY - - 1,045 (1,045) EUR (3,894) 3,894 (3,905) 3,905 AUD - - 2,558 (2,558) (5) 이자율위험 1) 당기말과 전기말 현재 당사가 보유하고 있는 이자부 금융상품의 장부금액은 다음과 같습"
(주)세아베스틸지주,모회사 참고,사업보고서 (2025.12),https://dart.fss.or.kr/dsaf001/main.do?rcpNo=20260316001503,5. 위험관리 및 파생거래,EUR,2,"190,189,346 268,570,168 JPY 28,050,964 4,860,439 28,971,464 4,849,554 EUR 6,556,097 258,432 6,318,756 64,941 CNY 9,603,504 4,854,348 4,174,601 250,047 IDR 29,970,354 11,607,823 120 13"
(주)세아베스틸지주,모회사 참고,사업보고서 (2025.12),https://dart.fss.or.kr/dsaf001/main.do?rcpNo=20260316001503,5. 위험관리 및 파생거래,EUR,2,") 5,934,557 7,838,082 JPY 2,319,053 2,412,191 (2,319,053) (2,412,191) EUR 629,767 625,382 (629,767) (625,382) CNY 474,916 392,455 (474,916) (392,455) IDR 1,836,253 11 (1,836,253) (11)"
(주)세아베스틸지주,모회사 참고,사업보고서 (2025.12),https://dart.fss.or.kr/dsaf001/main.do?rcpNo=20260316001503,7. 기타 참고사항,유로,0," 적용되도록 하고 있습니다. [외환위험]당사는 국제적으로 영업활동을 영위하고 있어 외환위험, 특히, 주로 달러화, 일본엔화, 유로화 및 위안화와 관련된 환율변동위험에 노출되어 있습니다. 또한 당사의 환위험은 외화로 표시된 화폐성자산과 화폐성부채의 환율변동과 관련하여 발생하고 있습니다. 당사는 내부적으로 원화 환율 변동에 대한"
(주)세아베스틸지주,모회사 참고,사업보고서 (2025.12),https://dart.fss.or.kr/dsaf001/main.do?rcpNo=20260316001503,7. 기타 참고사항,유럽,4,"Sales mix를 수립하고 있습니다.2) 글로벌시장 진출안정적인 매출을 위하여 국내뿐만 아니라 일본을 중심으로 한 아시아, 유럽, 미국 등 세계 전 지역에 있는 고객사에 영업활동을 진행하고 있습니다.3) 핵심고객관리 강화회사와 거래실적이 지속적으로 발생하고 있는 고객사에 대해서는 유대관계 강화를 통한 동반성장을 목표로 고객"
(주)세아베스틸지주,모회사 참고,사업보고서 (2025.12),https://dart.fss.or.kr/dsaf001/main.do?rcpNo=20260316001503,7. 기타 참고사항,유럽,-2,"되었고, 국제 철강 가격의 하향 평준화로 인해 업계 전반의 수익성이 악화되는 결과를 초래하였습니다. 미국의 관세 정책 강화와 유럽연합(EU)의 탄소국경조정제도(CBAM) 본격화 등 주요국 중심의 블록화 경제 체제가 공고해지며, 단순 가격 경쟁력을 넘어선 전략적 대응과 무역 규제 대응력이 어느 때보다 중요해졌습니다.2) 국내경"
(주)세아베스틸지주,모회사 참고,사업보고서 (2025.12),https://dart.fss.or.kr/dsaf001/main.do?rcpNo=20260316001503,2. 재무제표 작성기준 및 유의적 회계정책 (연결),유로,0,"는 당사자들이 그 약정의 순자산에 대한 권리를 보유하는 공동약정을 말하며, 공동지배력은 약정의 지배력에 대한 계약상 합의된 공유로서, 관련활동에 대한 결정에 지배력을 공유하는 당사자들 전체의 동의가 요구될 때에만 존재합니다. 관계기업이나 공동기업에 대한 투자가 기업회계기준서 제1105호 '매각예정비유동자산과 중단영업'에 의하"
(주)세아베스틸지주,모회사 참고,사업보고서 (2025.12),https://dart.fss.or.kr/dsaf001/main.do?rcpNo=20260316001503,2. 재무제표 작성기준 및 유의적 회계정책 (연결),유로,0," 그 약정의 자산에 대한 권리와 부채에 대한 의무를 보유하는 공동약정으로, 공동지배력은 약정의 지배력에 대한 계약상 합의된 공유로서, 관련활동에 대한 결정에 지배력을 공유하는 당사자들 전체의 동의가 요구될 때에만 존재합니다. 연결실체가 공동영업 하에서 활동을 수행하는 경우, 연결실체는 공동영업자로서 공동영업에 대한 자신의 지"
(주)세아베스틸지주,모회사 참고,사업보고서 (2025.12),https://dart.fss.or.kr/dsaf001/main.do?rcpNo=20260316001503,2. 재무제표 작성기준 및 유의적 회계정책 (연결),유로,-2,어려움 ② 채무불이행이나 연체 같은 계약위반 (상기 3-2) 참고) ③ 차입자의 재무적 어려움에 관련된 경제적 또는 계약상 이유로 인한 차입조건의 불가피한 완화 ④ 차입자의 파산 가능성이 높아지거나 그 밖의 재무구조조정 가능성이 높아짐 ⑤ 재무적 어려움으로 해당 금융자산에 대한 활성시장의 소멸 3-4) 제각정책 차입자가 청산
(주)세아베스틸지주,모회사 참고,사업보고서 (2025.12),https://dart.fss.or.kr/dsaf001/main.do?rcpNo=20260316001503,4. 영업부문 (연결),유럽,2,"05,001,132 오세아니아 부문 특수강부문 28,346,468 알루미늄압출부문 37,576 부문 합계 28,384,044 유럽 부문 특수강부문 135,546,661 알루미늄압출부문 6,930,296 부문 합계 142,476,957 기타 부문 특수강부문 16,162,887 알루미늄압출부문 0 부문 합계 16,162,887 "
(주)세아베스틸지주,모회사 참고,사업보고서 (2025.12),https://dart.fss.or.kr/dsaf001/main.do?rcpNo=20260316001503,4. 영업부문 (연결),유럽,2,"31,653,537 오세아니아 부문 특수강부문 26,250,450 알루미늄압출부문 61,694 부문 합계 26,312,144 유럽 부문 특수강부문 160,852,947 알루미늄압출부문 6,514,615 부문 합계 167,367,562 기타 부문 특수강부문 14,588,561 알루미늄압출부문 0 부문 합계 14,588,561 "
(주)세아베스틸지주,모회사 참고,사업보고서 (2025.12),https://dart.fss.or.kr/dsaf001/main.do?rcpNo=20260316001503,31. 금융상품/위험회피회계 및 위험관리 (연결),EUR,2,"0.8837 시장위험에 대한 공시 외화금융자산의 통화별 내역 외화금융자산의 통화별 내역 당기 (단위 : 천원) USD JPY EUR CNY IDR 그밖의 통화 기능통화 또는 표시통화 합계 외화금융자산, 원화환산금액 182,364,515 28,050,964 6,556,097 9,603,504 29,970,354 361 256,5"
(주)세아베스틸지주,모회사 참고,사업보고서 (2025.12),https://dart.fss.or.kr/dsaf001/main.do?rcpNo=20260316001503,31. 금융상품/위험회피회계 및 위험관리 (연결),EUR,2,"4 6,556,097 9,603,504 29,970,354 361 256,545,795 전기 (단위 : 천원) USD JPY EUR CNY IDR 그밖의 통화 기능통화 또는 표시통화 합계 외화금융자산, 원화환산금액 190,189,346 28,971,464 6,318,756 4,174,601 120 7,527 229,661,81"
(주)세아베스틸지주,모회사 참고,사업보고서 (2025.12),https://dart.fss.or.kr/dsaf001/main.do?rcpNo=20260316001503,31. 금융상품/위험회피회계 및 위험관리 (연결),EUR,2," 7,527 229,661,814 외화금융부채의 통화별 내역 외화금융부채의 통화별 내역 당기 (단위 : 천원) USD JPY EUR CNY IDR 그밖의 통화 기능통화 또는 표시통화 합계 외화금융부채, 원화환산금액 241,710,083 4,860,439 258,432 4,854,348 11,607,823 84 263,291,2"
(주)세아베스틸지주,모회사 참고,사업보고서 (2025.12),https://dart.fss.or.kr/dsaf001/main.do?rcpNo=20260316001503,31. 금융상품/위험회피회계 및 위험관리 (연결),EUR,2,",439 258,432 4,854,348 11,607,823 84 263,291,209 전기 (단위 : 천원) USD JPY EUR CNY IDR 그밖의 통화 기능통화 또는 표시통화 합계 외화금융부채, 원화환산금액 268,570,168 4,849,554 64,941 250,047 13 55,760 273,790,483 시장위험"
(주)세아베스틸지주,모회사 참고,사업보고서 (2025.12),https://dart.fss.or.kr/dsaf001/main.do?rcpNo=20260316001503,31. 금융상품/위험회피회계 및 위험관리 (연결),EUR,0,의 각 유형별 민감도 분석 당기 (단위 : 천원) 위험 환위험 이자율위험 기타 가격위험 기능통화 또는 표시통화 USD JPY EUR CNY IDR 그밖의 통화 시장위험의 각 유형별 민감도분석 기술 현재 각 외화에 대한 기능통화의 환율이 10%변동시 환율변동이 법인세비용차감전순손익에 미치는 영향은 다음과 같습니다. 현재 각 외화
(주)세아베스틸지주,모회사 참고,사업보고서 (2025.12),https://dart.fss.or.kr/dsaf001/main.do?rcpNo=20260316001503,8. 기타 재무에 관한 사항,유로,0,배액이 확정된 경우 분배액을 초과하는 채권액 전액 잔여재산분배액이 확정되지 않은 경우 100% 강제집행 100% 소송 외의 사유로 법적청구권이 소멸한 채권 100% 채권회수에 대한 분쟁이 3년이상 지속된 경우 100% 회수에 따른 비용이 채권 금액을 초과하는 경우 100% 채무자가 사망한 경우 50% 3) 집합적 검토 채권의
(주)세아베스틸지주,모회사 참고,사업보고서 (2025.12),https://dart.fss.or.kr/dsaf001/main.do?rcpNo=20260316001503,6. 그 밖에 투자의사결정에 필요한 사항,유럽,1,"영업이익은 321억원을 기록했습니다.2026년은 보호무역주의 기조 강화에 따른 주요 수출국의 통상 규제 및 수입 쿼터 제한, 유럽 탄소국경조정제도(CBAM)의 본격 시행 등 글로벌 통상 환경의 변동성이 더욱 확대될 것으로 전망됩니다. 또한 원가 측면에서는 에너지 단가 인상 요인에 따른 가공비 상승 압박과 국내외 전기로 증설 "
(주)세아베스틸지주,모회사 참고,사업보고서 (2025.12),https://dart.fss.or.kr/dsaf001/main.do?rcpNo=20260316001503,1. 이사회에 관한 사항,유로,0,"재선임 되었으며, 오원석 사외이사 임기만료에 따라 박상찬 사외이사가 신규 선임되었습니다. 주2) 오원석 사외이사는 일신상의 사유로 이사회에 참석하지 못하였습니다. 다. 이사회에서의 사외이사 활동내역 회 차 개최일자 사외이사 참석인원 비 고 2025-01 2025.02.11 참석 (4명 중 3명) - 2025-02 2025.0"
(주)세아베스틸지주,모회사 참고,사업보고서 (2025.12),https://dart.fss.or.kr/dsaf001/main.do?rcpNo=20260316001503,1. 이사회에 관한 사항,유로,0,"홍, 윤여선, 이화용, 박상찬 - - 탄소중립의 중요성과 제4차 배출권거래제 주요 이슈사항 주) 오원석 사외이사는 일신상의 사유로 교육(2025.02.11)에 참석하지 못하였습니다."
(주)세아베스틸지주,모회사 참고,사업보고서 (2025.12),https://dart.fss.or.kr/dsaf001/main.do?rcpNo=20260316001503,2. 감사제도에 관한 사항,유로,0,회는 그 결의로 위원회를 대표할 자를 선정하여야 한다. 이 경우 위원장은 사외이사이어야 한다.⑨ 사외이사의 사임·사망 등의 사유로 인하여 사외이사의수가 본조에서 정한 감사위원회의 구성요건에 미달하게 되면 그 사유가 발생한 후 처음으로 소집되는 주주총회에서 그 요건에 합치되도록 하여야 한다. 나. 준법지원인에 관한 사항 (1)
(주)세아베스틸지주,모회사 참고,사업보고서 (2025.12),https://dart.fss.or.kr/dsaf001/main.do?rcpNo=20260316001503,1. 임원 및 직원 등의 현황,유럽,0," 현) SeAH Superalloy Technologies 이사전) 한화 큐셀 USA Commercial VP전) 한화에너지 유럽사업팀장고려대 기계공학 학사 - - 계열회사임원 5개월 - 주1) 당기 중 노정환 이사가 신규선임되었습니다. 주2) 당기 중 전남철 이사가 사임하였으며, 여운상 이사, 고일섭 이사, 김수진 이사는 "
(주)세아베스틸지주,모회사 참고,사업보고서 (2025.12),https://dart.fss.or.kr/dsaf001/main.do?rcpNo=20260316001503,주석,유럽,6,"당기 및 전기 중 지역별 매출액에 대한 정보는 다음과 같습니다. (단위: 천원) 구 분 국내 남미주 북미주 아시아 오세아니아 유럽 기타 합 계 특수강 2,667,703,178 37,361,397 159,270,157 479,104,923 28,346,468 135,546,661 16,162,887 3,523,495,671 알"
세아제강지주 (상장 003030),모회사 참고,[기재정정]사업보고서 (2025.12),https://dart.fss.or.kr/dsaf001/main.do?rcpNo=20260316000062,1. 회사의 개요,유럽,0,서 UAE를 거점으로하여 중동시장과 아프리카 시장 공략을 위한 전초기지 역할 수행 SeAH Steel Europe S.r.l 유럽시장으로의 글로벌화와 고부가가치 강관시장 진입을 위하여 2014년 설립된 투자법인으로써 이탈리아의 특수관업체 Inox Tech 투자 Inox Tech S.p.A. 이탈리아에 위치한 Inox Tech
세아제강지주 (상장 003030),모회사 참고,[기재정정]사업보고서 (2025.12),https://dart.fss.or.kr/dsaf001/main.do?rcpNo=20260316000062,1. 회사의 개요,이탈리아,3,"장 진입을 위하여 2014년 설립된 투자법인으로써 이탈리아의 특수관업체 Inox Tech 투자 Inox Tech S.p.A. 이탈리아에 위치한 Inox Tech 는 STS 강관업체로 고부가가치 강종의 제품을 제조 판매하고 있으며 한국과 유럽 시장에 교두보를 확보해 글로벌 역량강화기여 NorAm Properties, LLC. 20"
세아제강지주 (상장 003030),모회사 참고,[기재정정]사업보고서 (2025.12),https://dart.fss.or.kr/dsaf001/main.do?rcpNo=20260316000062,1. 회사의 개요,유럽,3,제조업체의 자산을 인수하여 OCTG 강관 현지생산 체제 구축 SeAH Wind Ltd. 신재생에너지 관련 매출 비중 확대 및 유럽 해상풍력 기초구조물 사업 본격 진출을 준비하기 위해 2021년 영국 현지 법인 설립하고 현재 공장 건설 진행 중 사. 신용평가에 관한 사항 당사는 기업어음 발행의 목적 등을 위하여 신용평가 전문기
세아제강지주 (상장 003030),모회사 참고,[기재정정]사업보고서 (2025.12),https://dart.fss.or.kr/dsaf001/main.do?rcpNo=20260316000062,2. 회사의 연혁,유럽,0,양수 2024.07 씨엘에너지스틸(주) 자산 양수 2024.10 (주)에스에스아이케이 지분 인수 (주)세아씨엠 2023.04 유럽사무소 설립 (주)에스에스아이케이 2022.04 유상증자 2023.03 유상증자 2024.10 최대 주주 변경((주)세아제강지주 → (주)세아제강) (주)세아스틸인터내셔날 2018.04 법인 설립 
세아제강지주 (상장 003030),모회사 참고,[기재정정]사업보고서 (2025.12),https://dart.fss.or.kr/dsaf001/main.do?rcpNo=20260316000062,1. 사업의 개요,유럽,3,"고 있습니다. 주요 매출처로는 건설사, 철강 유통사, EPC업체, 해외판매법인 등이 있습니다. 국내 외에도 아시아에서 미국, 유럽에 이르는 글로벌 생산 및 판매거점을 확보하고 있습니다. 해당 해외계열회사를 포함한 국내계열회사에 대한 세부사항은 I. 회사의 개요 사항 내 1. 회사의 개요 - 바. 주요 사업의 내용 및 향후 신"
세아제강지주 (상장 003030),모회사 참고,[기재정정]사업보고서 (2025.12),https://dart.fss.or.kr/dsaf001/main.do?rcpNo=20260316000062,3. 원재료 및 생산설비,이탈리아,0," SeAH Steel Vina에서 중소구경 강관 제품을, SeAH Steel UAE에서 SAW 후육강관을 생산하고 있습니다. 이탈리아에 위치한 Inox Tech는 STS 대구경 후육강관을 생산하고 있으며, SeAH Steel USA는 OCTG 생산 및 후처리 생산설비를 보유하고 있습니다. [판재부문] (주)세아씨엠은 공장은 군산"
세아제강지주 (상장 003030),모회사 참고,[기재정정]사업보고서 (2025.12),https://dart.fss.or.kr/dsaf001/main.do?rcpNo=20260316000062,5. 위험관리 및 파생거래,EUR,2,"6 (전기말) (단위: 백만원, 외화단위: 천) 매입통화 매입금액 매도통화 매도금액 약정환율(원) 장부금액 KRW 8,245 EUR 5,601 1,472.12 39 KRW 32,806 USD 23,670 1,304.40 ~ 1,458.00 (1,766) KRW 35,687 EUR 24,000 1,480.20 ~ 1,496.00"
세아제강지주 (상장 003030),모회사 참고,[기재정정]사업보고서 (2025.12),https://dart.fss.or.kr/dsaf001/main.do?rcpNo=20260316000062,5. 위험관리 및 파생거래,EUR,0,"현재 미결제 이자율스왑의 내역은 없으며, 전기말 미결제 이자율스왑의 평가내역은 다음과 같습니다.(전기말) (단위: 백만원, 천EUR) 계약처 지급이자율 수취이자율 계약금액 계약만기일 장부금액 UNICREDIT 0.50% EURIBOR 3M+1.75% EUR 83 2025.03.31 1"
세아제강지주 (상장 003030),모회사 참고,[기재정정]사업보고서 (2025.12),https://dart.fss.or.kr/dsaf001/main.do?rcpNo=20260316000062,7. 기타 참고사항,유럽,4,"강관부문] (주)세아제강은 해상풍력 재킷 기초구조물을 위한 핀파일 제조 등을 통해 2017년부터 해상풍력 산업 수요를 개척, 유럽 및 아시아 지역 프로젝트 매출을 확대했습니다. 2021년 2월 세아제강지주는 영국에 자회사인 SeAH Wind Ltd.를 설립하여 영국 해상풍력 기초구조물 제조산업에 진출하였고, 2022년 7월 "
세아제강지주 (상장 003030),모회사 참고,[기재정정]사업보고서 (2025.12),https://dart.fss.or.kr/dsaf001/main.do?rcpNo=20260316000062,1. 일반사항 (연결),이탈리아,3,100.00% 100.00% 아랍에미리트 SeAH Steel Europe S.r.l 12월 투자 100.00% 100.00% 이탈리아 Inox Tech S.p.A. 12월 강관 제조 및 판매 100.00% 100.00% 이탈리아 SeAH Wind Ltd. 12월 해상풍력 하부구조물제조 및 판매 100.00% 100.00% 영국 
세아제강지주 (상장 003030),모회사 참고,[기재정정]사업보고서 (2025.12),https://dart.fss.or.kr/dsaf001/main.do?rcpNo=20260316000062,13. 차입부채 (연결),EUR,2,",252,254,955 58,000,000 유동 금융기관 차입금 및 비유동 금융기관 차입금(사채 제외)의 유동성 대체 부분, EUR [EUR, 일] 69,055,564 2,097,912 유동 금융기관 차입금 및 비유동 금융기관 차입금(사채 제외)의 유동성 대체 부분, VND [VND, 일] 171,374,012,567 유동 금"
세아제강지주 (상장 003030),모회사 참고,[기재정정]사업보고서 (2025.12),https://dart.fss.or.kr/dsaf001/main.do?rcpNo=20260316000062,13. 차입부채 (연결),EUR,2,"00,000,000 장기차입금, USD [USD, 일] 장기차입금, JPY [JPY, 일] 211,000,000 장기차입금, EUR [EUR, 일] 5,431,245 장기차입금, GBP [GBP, 일] 8,000,000 665,084,435 전기 (단위 : 원) 차입금명칭 단기차입금 장기 차입금 유동성 장기부채 당좌차월-신한은"
세아제강지주 (상장 003030),모회사 참고,[기재정정]사업보고서 (2025.12),https://dart.fss.or.kr/dsaf001/main.do?rcpNo=20260316000062,13. 차입부채 (연결),EUR,2,",161,183,754 91,200,000 유동 금융기관 차입금 및 비유동 금융기관 차입금(사채 제외)의 유동성 대체 부분, EUR [EUR, 일] 73,582,478 2,395,506 유동 금융기관 차입금 및 비유동 금융기관 차입금(사채 제외)의 유동성 대체 부분, VND [VND, 일] 155,481,853,802 유동 금"
세아제강지주 (상장 003030),모회사 참고,[기재정정]사업보고서 (2025.12),https://dart.fss.or.kr/dsaf001/main.do?rcpNo=20260316000062,13. 차입부채 (연결),EUR,2,"00 장기차입금, USD [USD, 일] 165,649 장기차입금, JPY [JPY, 일] 302,200,000 장기차입금, EUR [EUR, 일] 2,827,097 장기차입금, GBP [GBP, 일] 10,000,000 559,903,455"
세아제강지주 (상장 003030),모회사 참고,[기재정정]사업보고서 (2025.12),https://dart.fss.or.kr/dsaf001/main.do?rcpNo=20260316000062,28. 법인세비용과 이연법인세자산(부채) (연결),유로,3,",839 글로벌 최저한세 도입에 대한 영향 기술 글로벌 최저한세는 직전 4개연도 중 2개이상 연결재무제표상 매출액이 7.5억 유로 이상인 다국적 기업이 소재한 국가에서 실효세율이 15%에 미치지 못하는 경우, 그 상당액을 특정 요건을 충족하는 지배기업이 속해있는 국가의 과세관청에 납부하는 제도입니다.연결기업이 소재하고 있는 "
세아제강지주 (상장 003030),모회사 참고,[기재정정]사업보고서 (2025.12),https://dart.fss.or.kr/dsaf001/main.do?rcpNo=20260316000062,"32. 금융상품 및 위험, 파생상품 (연결)",EUR,2,"금융자산의 통화별 내역 당기 (단위 : 원) 위험 시장위험 환위험 기능통화 또는 표시통화 기능통화 또는 표시통화 합계 USD EUR JPY VND 그밖의 통화 외화금융자산, 원화환산금액 502,527,370,804 26,296,314,901 10,883,487,129 7,501,827,580 26,798,249,517 574,"
세아제강지주 (상장 003030),모회사 참고,[기재정정]사업보고서 (2025.12),https://dart.fss.or.kr/dsaf001/main.do?rcpNo=20260316000062,"32. 금융상품 및 위험, 파생상품 (연결)",EUR,2,",007,249,931 전기 (단위 : 원) 위험 시장위험 환위험 기능통화 또는 표시통화 기능통화 또는 표시통화 합계 USD EUR JPY VND 그밖의 통화 외화금융자산, 원화환산금액 381,388,544,636 18,891,297,852 60,936,671,307 6,940,971,677 14,910,523,532 483,"
세아제강지주 (상장 003030),모회사 참고,[기재정정]사업보고서 (2025.12),https://dart.fss.or.kr/dsaf001/main.do?rcpNo=20260316000062,"32. 금융상품 및 위험, 파생상품 (연결)",EUR,2,"내역 외화금융부채의 통화별 내역 당기 (단위 : 원) 위험 환위험 기능통화 또는 표시통화 기능통화 또는 표시통화 합계 USD EUR JPY VND 그밖의 통화 외화금융부채, 원화환산금액 (34,024,285,137) (1,596,976,013) 0 (9,734,073,013) (24,058,815,737) (69,414,149"
세아제강지주 (상장 003030),모회사 참고,[기재정정]사업보고서 (2025.12),https://dart.fss.or.kr/dsaf001/main.do?rcpNo=20260316000062,"32. 금융상품 및 위험, 파생상품 (연결)",EUR,2," (69,414,149,900) 전기 (단위 : 원) 위험 환위험 기능통화 또는 표시통화 기능통화 또는 표시통화 합계 USD EUR JPY VND 그밖의 통화 외화금융부채, 원화환산금액 47,394,042,258 1,586,736,941 47,072,913,856 20,031,682,077 23,498,367,382 139,5"
세아제강지주 (상장 003030),모회사 참고,[기재정정]사업보고서 (2025.12),https://dart.fss.or.kr/dsaf001/main.do?rcpNo=20260316000062,"32. 금융상품 및 위험, 파생상품 (연결)",EUR,0,"공시 환율변동이 세전손익에 미치는 영향에 대한 공시 당기 (단위 : 원) 위험 시장위험 환위험 기능통화 또는 표시통화 USD EUR JPY VND 그밖의 통화 시장위험의 각 유형별 민감도분석 기술 환율 10%변동 환율 10%변동 환율 10%변동 환율 10%변동 환율 10%변동 시장변수 상승 시 당기손익 증가 53,655,165"
세아제강지주 (상장 003030),모회사 참고,[기재정정]사업보고서 (2025.12),https://dart.fss.or.kr/dsaf001/main.do?rcpNo=20260316000062,"32. 금융상품 및 위험, 파생상품 (연결)",EUR,2,"723,590,059) (5,085,706,526) 전기 (단위 : 원) 위험 시장위험 환위험 기능통화 또는 표시통화 USD EUR JPY VND 그밖의 통화 시장위험의 각 유형별 민감도분석 기술 환율 10%변동 환율 10%변동 환율 10%변동 환율 10%변동 환율 10%변동 시장변수 상승 시 당기손익 증가 33,399,450"
세아제강지주 (상장 003030),모회사 참고,[기재정정]사업보고서 (2025.12),https://dart.fss.or.kr/dsaf001/main.do?rcpNo=20260316000062,"32. 금융상품 및 위험, 파생상품 (연결)",EUR,2,"통화 관련 국민은행 신한은행 1 신한은행 2 BANCO BPM KEB 하나은행 1 KEB 하나은행 2 약정환율 1472.12 EUR/KRW 1,304.40 ~ 1,458.00 USD/KRW 1,480.20 ~ 1,496.00 EUR/KRW 통화선도 미결제 잔액 39,192,820 (1,765,733,939) (1,022,233"
세아제강지주 (상장 003030),모회사 참고,[기재정정]사업보고서 (2025.12),https://dart.fss.or.kr/dsaf001/main.do?rcpNo=20260316000062,37. 영업부문 (연결),이탈리아,6," (2,897,364,493,988) 지역에 대한 공시 지역에 대한 공시 당기 (단위 : 원) 국내 미국 베트남 UAE 일본 이탈리아 영국 수익(매출액) 2,018,790,742,079 2,195,121,027,519 216,551,806,689 246,925,623,334 150,004,044,414 302,277,769,77"
세아제강지주 (상장 003030),모회사 참고,[기재정정]사업보고서 (2025.12),https://dart.fss.or.kr/dsaf001/main.do?rcpNo=20260316000062,37. 영업부문 (연결),이탈리아,5,"679,781 53,351,124,928 2,203,036,846,968 전기 (단위 : 원) 국내 미국 베트남 UAE 일본 이탈리아 영국 수익(매출액) 2,484,203,262,034 1,934,004,278,984 195,835,917,886 37,076,287,968 168,987,310,435 260,019,742,589"
세아제강지주 (상장 003030),모회사 참고,[기재정정]사업보고서 (2025.12),https://dart.fss.or.kr/dsaf001/main.do?rcpNo=20260316000062,28. 특수관계자와의 거래내역,EUR,2,"20,000,000 7,500,000 103,584,840 84,410,266 232,495,106 지급보증, 미할인현금흐름(EUR) [EUR, 일] 20,000,000 203,824,687 0 223,824,687 지급보증, 미할인현금흐름(JPY) [JPY, 일] 3,000,000,000 3,000,000,000 지급보증, "
세아제강지주 (상장 003030),모회사 참고,[기재정정]사업보고서 (2025.12),https://dart.fss.or.kr/dsaf001/main.do?rcpNo=20260316000062,30. 금융상품 및 위험,EUR,2,"금융자산의 통화별 내역 당기 (단위 : 원) 위험 시장위험 환위험 기능통화 또는 표시통화 기능통화 또는 표시통화 합계 USD EUR JPY GBP 그밖의 통화 외화금융자산, 원화환산금액 23,210,407,691 1,079,657,503 0 14,332,012,813 73,815,439 38,695,893,446 전기 (단위 "
세아제강지주 (상장 003030),모회사 참고,[기재정정]사업보고서 (2025.12),https://dart.fss.or.kr/dsaf001/main.do?rcpNo=20260316000062,30. 금융상품 및 위험,EUR,2,",695,893,446 전기 (단위 : 원) 위험 시장위험 환위험 기능통화 또는 표시통화 기능통화 또는 표시통화 합계 USD EUR JPY GBP 그밖의 통화 외화금융자산, 원화환산금액 19,281,326,794 731,313,535 0 7,294,328,565 51,365,448 27,358,334,342 외화금융부채의 통화"
세아제강지주 (상장 003030),모회사 참고,[기재정정]사업보고서 (2025.12),https://dart.fss.or.kr/dsaf001/main.do?rcpNo=20260316000062,30. 금융상품 및 위험,EUR,2,"금융부채의 통화별 내역 당기 (단위 : 원) 위험 시장위험 환위험 기능통화 또는 표시통화 기능통화 또는 표시통화 합계 USD EUR JPY GBP 그밖의 통화 외화금융부채, 원화환산금액 165,013,500 0 0 15,458,480,000 0 15,623,493,500 전기 (단위 : 원) 위험 시장위험 환위험 기능통화 또는"
세아제강지주 (상장 003030),모회사 참고,[기재정정]사업보고서 (2025.12),https://dart.fss.or.kr/dsaf001/main.do?rcpNo=20260316000062,30. 금융상품 및 위험,EUR,2,",623,493,500 전기 (단위 : 원) 위험 시장위험 환위험 기능통화 또는 표시통화 기능통화 또는 표시통화 합계 USD EUR JPY GBP 그밖의 통화 외화금융부채, 원화환산금액 261,660 0 0 18,453,665,451 0 18,453,927,111 환율변동이 세전손익에 미치는 영향에 대한 공시 환율변동이 세전손"
세아제강지주 (상장 003030),모회사 참고,[기재정정]사업보고서 (2025.12),https://dart.fss.or.kr/dsaf001/main.do?rcpNo=20260316000062,30. 금융상품 및 위험,EUR,0,"공시 환율변동이 세전손익에 미치는 영향에 대한 공시 당기 (단위 : 원) 위험 시장위험 환위험 기능통화 또는 표시통화 USD EUR JPY GBP 그밖의 통화 시장위험의 각 유형별 민감도분석 기술 환율 10%변동 환율 10%변동 환율 10%변동 환율 10%변동 환율 10%변동 시장변수 상승 시 당기손익 증가 2,304,539,"
세아제강지주 (상장 003030),모회사 참고,[기재정정]사업보고서 (2025.12),https://dart.fss.or.kr/dsaf001/main.do?rcpNo=20260316000062,30. 금융상품 및 위험,EUR,2," (107,965,750) 0 (7,381,544) 전기 (단위 : 원) 위험 시장위험 환위험 기능통화 또는 표시통화 USD EUR JPY GBP 그밖의 통화 시장위험의 각 유형별 민감도분석 기술 환율 10%변동 환율 10%변동 환율 10%변동 환율 10%변동 환율 10%변동 시장변수 상승 시 당기손익 증가 1,928,106,"
세아제강지주 (상장 003030),모회사 참고,[기재정정]사업보고서 (2025.12),https://dart.fss.or.kr/dsaf001/main.do?rcpNo=20260316000062,4. 유동성 및 자금조달과 지출,EUR,5,"55 1,161,184 11,491 10,874 국민은행 외 Euribor 3M+0.67% ~ Euribor 3M+1.29% EUR 69,056 73,582 116,409 112,488 신한은행 5.00% VND 171,374,013 155,481,854 9,433 9,041 한국수출입은행 Sonia 3M+1.28% GBP 4"
세아제강지주 (상장 003030),모회사 참고,[기재정정]사업보고서 (2025.12),https://dart.fss.or.kr/dsaf001/main.do?rcpNo=20260316000062,4. 유동성 및 자금조달과 지출,EUR,2,"6 외화단기차입금 계 USD 62,112 82,416 351,007 282,763 JPY 1,252,255 1,161,184 EUR 69,056 73,582 VND 171,374,013 155,481,854 AED 73,000 73,000 GBP 49,700 - 단기차입금 합계 KRW 635,247 492,202 (주1) 당좌"
세아제강지주 (상장 003030),모회사 참고,[기재정정]사업보고서 (2025.12),https://dart.fss.or.kr/dsaf001/main.do?rcpNo=20260316000062,4. 유동성 및 자금조달과 지출,EUR,5," 2,830 BANCA DEL VENETOCENTRALE 외 Euribor 3M+1.10% ~ Euribor 3M+1.90% EUR 5,431 2,827 9,157 4,321 해외투자자금 한국수출입은행 1.64% GBP 8,000 10,000 15,458 18,437 시설자금 SCB 외(주) SONIA 3m+1.20% ~ SO"
세아제강지주 (상장 003030),모회사 참고,[기재정정]사업보고서 (2025.12),https://dart.fss.or.kr/dsaf001/main.do?rcpNo=20260316000062,4. 유동성 및 자금조달과 지출,EUR,2,"5,150 1,032,277 소 계 USD - 166 1,311,700 1,058,109 JPY 211,000 302,200 EUR 5,431 2,827 GBP 673,084 569,903 차감) 유동성대체 USD - (166) (19,527) (18,103) JPY (58,000) (91,200) EUR (2,098) (2,"
세아제강지주 (상장 003030),모회사 참고,[기재정정]사업보고서 (2025.12),https://dart.fss.or.kr/dsaf001/main.do?rcpNo=20260316000062,4. 유동성 및 자금조달과 지출,EUR,2,"569,903 차감) 유동성대체 USD - (166) (19,527) (18,103) JPY (58,000) (91,200) EUR (2,098) (2,395) GBP (8,000) (7,237) 외화장기차입금 계 USD - - 1,292,173 1,040,006 JPY 153,000 211,000 EUR 3,333 432 G"
세아제강지주 (상장 003030),모회사 참고,[기재정정]사업보고서 (2025.12),https://dart.fss.or.kr/dsaf001/main.do?rcpNo=20260316000062,4. 유동성 및 자금조달과 지출,EUR,2,"00) (7,237) 외화장기차입금 계 USD - - 1,292,173 1,040,006 JPY 153,000 211,000 EUR 3,333 432 GBP 665,084 562,666 장기차입금 합계 KRW 1,374,397 1,102,167 (4) 당기말 및 전기말 현재 사채의 내용은 다음과 같습니다. (단위 : 백만원) "
세아제강지주 (상장 003030),모회사 참고,[기재정정]사업보고서 (2025.12),https://dart.fss.or.kr/dsaf001/main.do?rcpNo=20260316000062,X. 대주주 등과의 거래내용,EUR,2,"E, LLC. USD 103,585 148,634 AED 87,600 34,223 SeAH Steel Europe S.r.l EUR 20,000 33,714 Inox Tech S.p.A USD 84,410 121,120 EUR 203,825 343,591 SeAH Wind Ltd.(주) GBP 1,945,945 3,760,16"
세아제강지주 (상장 003030),모회사 참고,[기재정정]사업보고서 (2025.12),https://dart.fss.or.kr/dsaf001/main.do?rcpNo=20260316000062,X. 대주주 등과의 거래내용,EUR,2,"591 SeAH Wind Ltd.(주) GBP 1,945,945 3,760,169 합 계 USD 232,495 333,607 EUR 223,825 377,306 JPY 3,000,000 27,529 AED 87,600 34,223 GBP 1,945,945 3,760,169 계 4,532,834 (주) SeAH Wind Ltd의"
세아제강지주 (상장 003030),모회사 참고,[기재정정]사업보고서 (2025.12),https://dart.fss.or.kr/dsaf001/main.do?rcpNo=20260316000062,1. 연결대상 종속회사 현황(상세),이탈리아,5,".10.24 미국 강관 제조 및 판매 327,382 의결권 과반수 소유 ○ Inox Tech S.p.A. 2014.02.28 이탈리아 강관 제조 및 판매 244,392 의결권 과반수 소유 ○ State Pipe & Supply, Inc. 1990.01.23 미국 강관, 강판 판매 175,347 의결권 과반수 소유 ○ SeAH S"
세아제강지주 (상장 003030),모회사 참고,[기재정정]사업보고서 (2025.12),https://dart.fss.or.kr/dsaf001/main.do?rcpNo=20260316000062,1. 연결대상 종속회사 현황(상세),이탈리아,5,"1 일본 강관, 강판 판매 51,089 의결권 과반수 소유 - SeAH Steel Europe S.r.l 2014.02.20 이탈리아 투자 19,301 의결권 과반수 소유 - Mobile Coating Solutions, Inc. 2022.01.31 미국 강관 후처리 17,143 의결권 과반수 소유 - JP Steel Inter"
